timestamps,OSD.flyTime,OSD.flyTime [s],OSD.latitude,OSD.longitude,OSD.height [ft],OSD.heightMax [ft],OSD.vpsHeight [ft],OSD.altitude [ft],OSD.mileage [ft],OSD.hSpeed [MPH],OSD.hSpeedMax [MPH],OSD.xSpeed [MPH],OSD.xSpeedMax [MPH],OSD.ySpeed [MPH],OSD.ySpeedMax [MPH],OSD.zSpeed [MPH],OSD.zSpeedMax [MPH],OSD.pitch,OSD.roll,OSD.yaw,OSD.yaw [360],OSD.directionOfTravel,OSD.flycState,OSD.flycCommand,OSD.flightAction,OSD.gpsNum,OSD.gpsLevel,OSD.isGPSUsed,OSD.nonGPSCause,OSD.droneType,OSD.isSwaveWork,OSD.waveError,OSD.goHomeStatus,OSD.batteryType,OSD.ctrlDevice,OSD.isOnGround,OSD.isMotorOn,OSD.isMotorBlocked,OSD.motorStartFailedCause,OSD.motorFailReason,OSD.isImuPreheated,OSD.imuInitFailReason,OSD.isAcceletorOverRange,OSD.isBarometerDeadInAir,OSD.isCompassError,OSD.isGoHomeHeightModified,OSD.canIOCWork,OSD.isNotEnoughForce,OSD.isOutOfLimit,OSD.isPropellerCatapult,OSD.isVibrating,OSD.isVisionUsed,OSD.voltageWarning,GIMBAL.mode,GIMBAL.pitch,GIMBAL.roll,GIMBAL.yaw,GIMBAL.yaw [360],GIMBAL.isPitchAtLimit,GIMBAL.isRollAtLimit,GIMBAL.isYawAtLimit,GIMBAL.isStuck,CAMERA.isPhoto,CAMERA.isVideo,CAMERA.filename,CAMERA.sdCardIsInserted,CAMERA.sdCardState,RC.downlinkSignal,RC.uplinkSignal,RC.aileron,RC.elevator,RC.throttle,RC.rudder,RC.mode,RC.goHomeDepressed,RC.recordDepressed,RC.shutterDepressed,RC.playbackDepressed,RC.wheelDepressed,RC.wheelOffset,RC.custom1Depressed,RC.custom2Depressed,RC.custom3Depressed,RC.custom4Depressed,BATTERY.chargeLevel,BATTERY.currentPV [V],BATTERY.currentCapacity [mAh],BATTERY.fullCapacity [mAh],BATTERY.voltage [V],BATTERY.isCellVoltageEstimated,BATTERY.cellVoltage1 [V],BATTERY.cellVoltage2 [V],BATTERY.maxCellVoltageDeviation,BATTERY.isCellVoltageDeviationHigh,BATTERY.isVoltageLow,BATTERY.current [A],BATTERY.temperature [F],BATTERY.minTemperature [F],BATTERY.maxTemperature [F],BATTERY.usefulTime [s],BATTERY.goHomeTime [s],BATTERY.landTime [s],BATTERY.goHomeBattery,BATTERY.landBattery,BATTERY.safeFlyRadius,BATTERY.volumeConsume,BATTERY.status,BATTERY.goHomeStatus,BATTERY.goHomeCountdown,BATTERY.lowWarning,BATTERY.lowWarningGoHome,BATTERY.seriousLowWarning,BATTERY.seriousLowWarningLanding,BATTERY.timesCharged,MC.failSafeAction,MC.isObstacleAvoidanceEnabled,MC.isCollisionAvoidanceEnabled,MC.isRthObstacleAvoidanceEnabled,MC.isBraking,MC.isAvoidingObstacle,MC.isAvoidingActiveObstacle,MC.isAscentLimitedByObstacle,MC.isLandingConfirmationNeeded,MC.atLowAltitudeLimit,MC.atDistanceLimit,MC.atAirportAltitudeLimit,MC.atAirportBoundary,HOME.latitude,HOME.longitude,HOME.distance [ft],HOME.height [ft],HOME.heightLimit [ft],HOME.isHomeRecord,HOME.goHomeMode,HOME.aircraftHeadDirection,HOME.isDynamicHomePointEnabled,HOME.isReachedLimitDistance,HOME.isReachedLimitHeight,HOME.isCompassCalibrating,HOME.compassCalibrationState,HOME.isMultipleFlightModeEnabled,HOME.isBeginnerMode,HOME.isIOCEnabled,HOME.iocMode,HOME.goHomeHeight [ft],HOME.courseLockAngle,HOME.forceLandingHeight [ft],HOME.dataRecorderFileIndex,WEATHER.windDirection,WEATHER.windRelativeDirection,WEATHER.windSpeed [MPH],WEATHER.maxWindSpeed [MPH],WEATHER.windStrength,WEATHER.isFacingWind,WEATHER.isFlyingIntoWind,RECOVER.appType,RECOVER.appVersion,RECOVER.aircraftName,RECOVER.aircraftSerial,RECOVER.cameraSerial,RECOVER.rcSerial,RECOVER.batterySerial,DETAILS.totalTime [s],DETAILS.totalDistance [ft],DETAILS.maxHeight [ft],DETAILS.maxHorizontalSpeed [MPH],DETAILS.maxVerticalSpeed [MPH],DETAILS.photoNum,DETAILS.videoTime [s],DETAILS.aircraftName,DETAILS.aircraftSerial,DETAILS.cameraSerial,DETAILS.rcSerial,DETAILS.batterySerial,DETAILS.appName,DETAILS.appType,DETAILS.appVersion,DETAILS.guid,SERIAL.flightController,SERIAL.camera,SERIAL.gimbal,SERIAL.rc,SERIAL.battery,APPGPS.latitude,APPGPS.longitude,APPGPS.accuracy,APP.tip,APP.warning
1773845820,0m 0.0s,0.0,1.40500000,103.70135000,0.0,0.0,0.0,180.0,0.0,0.000,0.000,0.000,,0.000,,-0.000,,0.20,0.10,45.0,45.0,,Starting Motors,,,18,4,TRUE,,Mini 4 Pro,,,,,,TRUE,TRUE,,,,,,,,,,,,,,,,,,,,,,,,,,,,,,,,,,,,,,,,,,,,,,,,86.0,,,,8.133,,,,,,,1.100,,,,,,,,,,,,,,,,,,,,,,,,,,,,,,,,1.40500000,103.70135000,0.0,,,,,,,,,,,,,,,,,,,,,,,,,,,,Mini 4 Pro,SYNQMCJRHDMGMDXXB,CAMDQZY5LDGD87B2B,RCSHNLVVQDCBD2K6B,BATKQNFU2DNDFQJLB,,,,,,,,Mini 4 Pro,SYNQMCJRHDMGMDXXB,,,,DJI Fly,,1.13.5,496236F2-5496-5F5C-B855-91D5ED28D5EE,,,,,,,,,,
1773845821,0m 1.0s,1.0,1.40500000,103.70135000,0.0,0.0,0.0,180.0,0.0,0.000,0.000,0.000,,0.000,,-0.000,,0.20,0.10,45.0,45.0,,Starting Motors,,,18,4,TRUE,,Mini 4 Pro,,,,,,TRUE,TRUE,,,,,,,,,,,,,,,,,,,,,,,,,,,,,,,,,,,,,,,,,,,,,,,,86.0,,,,8.133,,,,,,,1.100,,,,,,,,,,,,,,,,,,,,,,,,,,,,,,,,1.40500000,103.70135000,0.0,,,,,,,,,,,,,,,,,,,,,,,,,,,,Mini 4 Pro,SYNQMCJRHDMGMDXXB,CAMDQZY5LDGD87B2B,RCSHNLVVQDCBD2K6B,BATKQNFU2DNDFQJLB,,,,,,,,Mini 4 Pro,SYNQMCJRHDMGMDXXB,,,,DJI Fly,,1.13.5,496236F2-5496-5F5C-B855-91D5ED28D5EE,,,,,,,,,,
1773845822,0m 2.0s,2.0,1.40500000,103.70135000,0.0,0.0,0.0,180.0,0.0,0.000,0.000,0.000,,0.000,,-0.000,,0.20,0.10,45.0,45.0,,Starting Motors,,,18,4,TRUE,,Mini 4 Pro,,,,,,TRUE,TRUE,,,,,,,,,,,,,,,,,,,,,,,,,,,,,,,,,,,,,,,,,,,,,,,,85.9,,,,8.132,,,,,,,1.100,,,,,,,,,,,,,,,,,,,,,,,,,,,,,,,,1.40500000,103.70135000,0.0,,,,,,,,,,,,,,,,,,,,,,,,,,,,Mini 4 Pro,SYNQMCJRHDMGMDXXB,CAMDQZY5LDGD87B2B,RCSHNLVVQDCBD2K6B,BATKQNFU2DNDFQJLB,,,,,,,,Mini 4 Pro,SYNQMCJRHDMGMDXXB,,,,DJI Fly,,1.13.5,496236F2-5496-5F5C-B855-91D5ED28D5EE,,,,,,,,,,
1773845823,0m 3.0s,3.0,1.40500000,103.70135000,0.0,0.0,0.0,180.0,0.0,0.000,0.000,0.000,,0.000,,-0.000,,0.20,0.10,45.0,45.0,,Starting Motors,,,18,4,TRUE,,Mini 4 Pro,,,,,,TRUE,TRUE,,,,,,,,,,,,,,,,,,,,,,,,,,,,,,,,,,,,,,,,,,,,,,,,85.9,,,,8.132,,,,,,,1.100,,,,,,,,,,,,,,,,,,,,,,,,,,,,,,,,1.40500000,103.70135000,0.0,,,,,,,,,,,,,,,,,,,,,,,,,,,,Mini 4 Pro,SYNQMCJRHDMGMDXXB,CAMDQZY5LDGD87B2B,RCSHNLVVQDCBD2K6B,BATKQNFU2DNDFQJLB,,,,,,,,Mini 4 Pro,SYNQMCJRHDMGMDXXB,,,,DJI Fly,,1.13.5,496236F2-5496-5F5C-B855-91D5ED28D5EE,,,,,,,,,,
1773845824,0m 4.0s,4.0,1.40500000,103.70135000,0.0,0.0,0.0,180.0,0.0,0.000,0.000,0.000,,0.000,,-0.000,,0.20,0.10,45.0,45.0,,Starting Motors,,,18,4,TRUE,,Mini 4 Pro,,,,,,TRUE,TRUE,,,,,,,,,,,,,,,,,,,,,,,,,,,,,,,,,,,,,,,,,,,,,,,,85.9,,,,8.131,,,,,,,1.100,,,,,,,,,,,,,,,,,,,,,,,,,,,,,,,,1.40500000,103.70135000,0.0,,,,,,,,,,,,,,,,,,,,,,,,,,,,Mini 4 Pro,SYNQMCJRHDMGMDXXB,CAMDQZY5LDGD87B2B,RCSHNLVVQDCBD2K6B,BATKQNFU2DNDFQJLB,,,,,,,,Mini 4 Pro,SYNQMCJRHDMGMDXXB,,,,DJI Fly,,1.13.5,496236F2-5496-5F5C-B855-91D5ED28D5EE,,,,,,,,,,
1773845825,0m 5.0s,5.0,1.40500000,103.70135000,0.0,0.0,0.0,180.0,0.0,0.000,0.000,0.000,,0.000,,-0.000,,0.20,0.10,45.0,45.0,,Starting Motors,,,18,4,TRUE,,Mini 4 Pro,,,,,,TRUE,TRUE,,,,,,,,,,,,,,,,,,,,,,,,,,,,,,,,,,,,,,,,,,,,,,,,85.9,,,,8.131,,,,,,,1.100,,,,,,,,,,,,,,,,,,,,,,,,,,,,,,,,1.40500000,103.70135000,0.0,,,,,,,,,,,,,,,,,,,,,,,,,,,,Mini 4 Pro,SYNQMCJRHDMGMDXXB,CAMDQZY5LDGD87B2B,RCSHNLVVQDCBD2K6B,BATKQNFU2DNDFQJLB,,,,,,,,Mini 4 Pro,SYNQMCJRHDMGMDXXB,,,,DJI Fly,,1.13.5,496236F2-5496-5F5C-B855-91D5ED28D5EE,,,,,,,,,,
1773845826,0m 6.0s,6.0,1.40500000,103.70135000,0.0,0.0,0.0,180.0,0.0,0.000,0.000,0.000,,0.000,,-0.000,,0.20,0.10,45.0,45.0,,Starting Motors,,,18,4,TRUE,,Mini 4 Pro,,,,,,TRUE,TRUE,,,,,,,,,,,,,,,,,,,,,,,,,,,,,,,,,,,,,,,,,,,,,,,,85.8,,,,8.130,,,,,,,1.100,,,,,,,,,,,,,,,,,,,,,,,,,,,,,,,,1.40500000,103.70135000,0.0,,,,,,,,,,,,,,,,,,,,,,,,,,,,Mini 4 Pro,SYNQMCJRHDMGMDXXB,CAMDQZY5LDGD87B2B,RCSHNLVVQDCBD2K6B,BATKQNFU2DNDFQJLB,,,,,,,,Mini 4 Pro,SYNQMCJRHDMGMDXXB,,,,DJI Fly,,1.13.5,496236F2-5496-5F5C-B855-91D5ED28D5EE,,,,,,,,,,
1773845827,0m 7.0s,7.0,1.40500000,103.70135000,0.0,0.0,0.0,180.0,0.0,0.000,0.000,0.000,,0.000,,-0.000,,0.20,0.10,45.0,45.0,,Starting Motors,,,18,4,TRUE,,Mini 4 Pro,,,,,,TRUE,TRUE,,,,,,,,,,,,,,,,,,,,,,,,,,,,,,,,,,,,,,,,,,,,,,,,85.8,,,,8.130,,,,,,,1.100,,,,,,,,,,,,,,,,,,,,,,,,,,,,,,,,1.40500000,103.70135000,0.0,,,,,,,,,,,,,,,,,,,,,,,,,,,,Mini 4 Pro,SYNQMCJRHDMGMDXXB,CAMDQZY5LDGD87B2B,RCSHNLVVQDCBD2K6B,BATKQNFU2DNDFQJLB,,,,,,,,Mini 4 Pro,SYNQMCJRHDMGMDXXB,,,,DJI Fly,,1.13.5,496236F2-5496-5F5C-B855-91D5ED28D5EE,,,,,,,,,,
1773845828,0m 8.0s,8.0,1.40500000,103.70135000,7.9,7.9,7.9,187.9,0.0,0.000,0.000,0.000,,0.000,,-5.369,,9.60,0.00,45.0,45.0,,Auto Takeoff,,,18,4,TRUE,,Mini 4 Pro,,,,,,FALSE,TRUE,,,,,,,,,,,,,,,,,,,,,,,,,,,,,,,,,,,,,,,,,,,,,,,,85.8,,,,8.129,,,,,,,12.264,,,,,,,,,,,,,,,,,,,,,,,,,,,,,,,,1.40500000,103.70135000,0.0,,,,,,,,,,,,,,,,,,,,,,,,,,,,Mini 4 Pro,SYNQMCJRHDMGMDXXB,CAMDQZY5LDGD87B2B,RCSHNLVVQDCBD2K6B,BATKQNFU2DNDFQJLB,,,,,,,,Mini 4 Pro,SYNQMCJRHDMGMDXXB,,,,DJI Fly,,1.13.5,496236F2-5496-5F5C-B855-91D5ED28D5EE,,,,,,,,,,
1773845829,0m 9.0s,9.0,1.40500000,103.70135000,15.7,15.7,15.7,195.7,0.0,0.000,0.000,0.000,,0.000,,-5.369,,9.60,0.00,45.0,45.0,,Auto Takeoff,,,18,4,TRUE,,Mini 4 Pro,,,,,,FALSE,TRUE,,,,,,,,,,,,,,,,,,,,,,,,,,,,,,,,,,,,,,,,,,,,,,,,85.7,,,,8.129,,,,,,,12.264,,,,,,,,,,,,,,,,,,,,,,,,,,,,,,,,1.40500000,103.70135000,0.0,,,,,,,,,,,,,,,,,,,,,,,,,,,,Mini 4 Pro,SYNQMCJRHDMGMDXXB,CAMDQZY5LDGD87B2B,RCSHNLVVQDCBD2K6B,BATKQNFU2DNDFQJLB,,,,,,,,Mini 4 Pro,SYNQMCJRHDMGMDXXB,,,,DJI Fly,,1.13.5,496236F2-5496-5F5C-B855-91D5ED28D5EE,,,,,,,,,,
1773845830,0m 10.0s,10.0,1.40500000,103.70135000,23.6,23.6,23.6,203.6,0.0,0.000,0.000,0.000,,0.000,,-5.369,,9.60,0.00,45.0,45.0,,Auto Takeoff,,,18,4,TRUE,,Mini 4 Pro,,,,,,FALSE,TRUE,,,,,,,,,,,,,,,,,,,,,,,,,,,,,,,,,,,,,,,,,,,,,,,,85.7,,,,8.128,,,,,,,12.264,,,,,,,,,,,,,,,,,,,,,,,,,,,,,,,,1.40500000,103.70135000,0.0,,,,,,,,,,,,,,,,,,,,,,,,,,,,Mini 4 Pro,SYNQMCJRHDMGMDXXB,CAMDQZY5LDGD87B2B,RCSHNLVVQDCBD2K6B,BATKQNFU2DNDFQJLB,,,,,,,,Mini 4 Pro,SYNQMCJRHDMGMDXXB,,,,DJI Fly,,1.13.5,496236F2-5496-5F5C-B855-91D5ED28D5EE,,,,,,,,,,
1773845831,0m 11.0s,11.0,1.40500000,103.70135000,31.5,31.5,30.0,211.5,0.0,0.000,0.000,0.000,,0.000,,-5.369,,9.60,0.00,45.0,45.0,,Auto Takeoff,,,18,4,TRUE,,Mini 4 Pro,,,,,,FALSE,TRUE,,,,,,,,,,,,,,,,,,,,,,,,,,,,,,,,,,,,,,,,,,,,,,,,85.7,,,,8.128,,,,,,,12.264,,,,,,,,,,,,,,,,,,,,,,,,,,,,,,,,1.40500000,103.70135000,0.0,,,,,,,,,,,,,,,,,,,,,,,,,,,,Mini 4 Pro,SYNQMCJRHDMGMDXXB,CAMDQZY5LDGD87B2B,RCSHNLVVQDCBD2K6B,BATKQNFU2DNDFQJLB,,,,,,,,Mini 4 Pro,SYNQMCJRHDMGMDXXB,,,,DJI Fly,,1.13.5,496236F2-5496-5F5C-B855-91D5ED28D5EE,,,,,,,,,,
1773845832,0m 12.0s,12.0,1.40500000,103.70135000,39.4,39.4,30.0,219.4,0.0,0.000,0.000,0.000,,0.000,,-5.369,,9.60,0.00,45.0,45.0,,Auto Takeoff,,,18,4,TRUE,,Mini 4 Pro,,,,,,FALSE,TRUE,,,,,,,,,,,,,,,,,,,,,,,,,,,,,,,,,,,,,,,,,,,,,,,,85.6,,,,8.128,,,,,,,12.264,,,,,,,,,,,,,,,,,,,,,,,,,,,,,,,,1.40500000,103.70135000,0.0,,,,,,,,,,,,,,,,,,,,,,,,,,,,Mini 4 Pro,SYNQMCJRHDMGMDXXB,CAMDQZY5LDGD87B2B,RCSHNLVVQDCBD2K6B,BATKQNFU2DNDFQJLB,,,,,,,,Mini 4 Pro,SYNQMCJRHDMGMDXXB,,,,DJI Fly,,1.13.5,496236F2-5496-5F5C-B855-91D5ED28D5EE,,,,,,,,,,
1773845833,0m 13.0s,13.0,1.40500000,103.70135000,47.2,47.2,30.0,227.2,0.0,0.000,0.000,0.000,,0.000,,-5.369,,9.60,0.00,45.0,45.0,,Auto Takeoff,,,18,4,TRUE,,Mini 4 Pro,,,,,,FALSE,TRUE,,,,,,,,,,,,,,,,,,,,,,,,,,,,,,,,,,,,,,,,,,,,,,,,85.6,,,,8.127,,,,,,,12.264,,,,,,,,,,,,,,,,,,,,,,,,,,,,,,,,1.40500000,103.70135000,0.0,,,,,,,,,,,,,,,,,,,,,,,,,,,,Mini 4 Pro,SYNQMCJRHDMGMDXXB,CAMDQZY5LDGD87B2B,RCSHNLVVQDCBD2K6B,BATKQNFU2DNDFQJLB,,,,,,,,Mini 4 Pro,SYNQMCJRHDMGMDXXB,,,,DJI Fly,,1.13.5,496236F2-5496-5F5C-B855-91D5ED28D5EE,,,,,,,,,,
1773845834,0m 14.0s,14.0,1.40500000,103.70135000,55.1,55.1,30.0,235.1,0.0,0.000,0.000,0.000,,0.000,,-5.369,,9.60,0.00,45.0,45.0,,Auto Takeoff,,,18,4,TRUE,,Mini 4 Pro,,,,,,FALSE,TRUE,,,,,,,,,,,,,,,,,,,,,,,,,,,,,,,,,,,,,,,,,,,,,,,,85.6,,,,8.127,,,,,,,12.264,,,,,,,,,,,,,,,,,,,,,,,,,,,,,,,,1.40500000,103.70135000,0.0,,,,,,,,,,,,,,,,,,,,,,,,,,,,Mini 4 Pro,SYNQMCJRHDMGMDXXB,CAMDQZY5LDGD87B2B,RCSHNLVVQDCBD2K6B,BATKQNFU2DNDFQJLB,,,,,,,,Mini 4 Pro,SYNQMCJRHDMGMDXXB,,,,DJI Fly,,1.13.5,496236F2-5496-5F5C-B855-91D5ED28D5EE,,,,,,,,,,
1773845835,0m 15.0s,15.0,1.40500000,103.70135000,63.0,63.0,30.0,243.0,0.0,0.000,0.000,0.000,,0.000,,-5.369,,9.60,0.00,45.0,45.0,,Auto Takeoff,,,18,4,TRUE,,Mini 4 Pro,,,,,,FALSE,TRUE,,,,,,,,,,,,,,,,,,,,,,,,,,,,,,,,,,,,,,,,,,,,,,,,85.6,,,,8.126,,,,,,,12.264,,,,,,,,,,,,,,,,,,,,,,,,,,,,,,,,1.40500000,103.70135000,0.0,,,,,,,,,,,,,,,,,,,,,,,,,,,,Mini 4 Pro,SYNQMCJRHDMGMDXXB,CAMDQZY5LDGD87B2B,RCSHNLVVQDCBD2K6B,BATKQNFU2DNDFQJLB,,,,,,,,Mini 4 Pro,SYNQMCJRHDMGMDXXB,,,,DJI Fly,,1.13.5,496236F2-5496-5F5C-B855-91D5ED28D5EE,,,,,,,,,,
1773845836,0m 16.0s,16.0,1.40500000,103.70135000,70.9,70.9,30.0,250.9,0.0,0.000,0.000,0.000,,0.000,,-5.369,,9.60,0.00,45.0,45.0,,Auto Takeoff,,,18,4,TRUE,,Mini 4 Pro,,,,,,FALSE,TRUE,,,,,,,,,,,,,,,,,,,,,,,,,,,,,,,,,,,,,,,,,,,,,,,,85.5,,,,8.126,,,,,,,12.264,,,,,,,,,,,,,,,,,,,,,,,,,,,,,,,,1.40500000,103.70135000,0.0,,,,,,,,,,,,,,,,,,,,,,,,,,,,Mini 4 Pro,SYNQMCJRHDMGMDXXB,CAMDQZY5LDGD87B2B,RCSHNLVVQDCBD2K6B,BATKQNFU2DNDFQJLB,,,,,,,,Mini 4 Pro,SYNQMCJRHDMGMDXXB,,,,DJI Fly,,1.13.5,496236F2-5496-5F5C-B855-91D5ED28D5EE,,,,,,,,,,
1773845837,0m 17.0s,17.0,1.40500000,103.70135000,78.7,78.7,30.0,258.7,0.0,0.000,0.000,0.000,,0.000,,-5.369,,9.60,0.00,45.0,45.0,,Auto Takeoff,,,18,4,TRUE,,Mini 4 Pro,,,,,,FALSE,TRUE,,,,,,,,,,,,,,,,,,,,,,,,,,,,,,,,,,,,,,,,,,,,,,,,85.5,,,,8.125,,,,,,,12.264,,,,,,,,,,,,,,,,,,,,,,,,,,,,,,,,1.40500000,103.70135000,0.0,,,,,,,,,,,,,,,,,,,,,,,,,,,,Mini 4 Pro,SYNQMCJRHDMGMDXXB,CAMDQZY5LDGD87B2B,RCSHNLVVQDCBD2K6B,BATKQNFU2DNDFQJLB,,,,,,,,Mini 4 Pro,SYNQMCJRHDMGMDXXB,,,,DJI Fly,,1.13.5,496236F2-5496-5F5C-B855-91D5ED28D5EE,,,,,,,,,,
1773845838,0m 18.0s,18.0,1.40500000,103.70135000,86.6,86.6,30.0,266.6,0.0,0.000,0.000,0.000,,0.000,,-5.369,,9.60,0.00,45.0,45.0,,Auto Takeoff,,,18,4,TRUE,,Mini 4 Pro,,,,,,FALSE,TRUE,,,,,,,,,,,,,,,,,,,,,,,,,,,,,,,,,,,,,,,,,,,,,,,,85.5,,,,8.125,,,,,,,12.264,,,,,,,,,,,,,,,,,,,,,,,,,,,,,,,,1.40500000,103.70135000,0.0,,,,,,,,,,,,,,,,,,,,,,,,,,,,Mini 4 Pro,SYNQMCJRHDMGMDXXB,CAMDQZY5LDGD87B2B,RCSHNLVVQDCBD2K6B,BATKQNFU2DNDFQJLB,,,,,,,,Mini 4 Pro,SYNQMCJRHDMGMDXXB,,,,DJI Fly,,1.13.5,496236F2-5496-5F5C-B855-91D5ED28D5EE,,,,,,,,,,
1773845839,0m 19.0s,19.0,1.40500000,103.70135000,94.5,94.5,30.0,274.5,0.0,0.000,0.000,0.000,,0.000,,-5.369,,9.60,0.00,45.0,45.0,,Auto Takeoff,,,18,4,TRUE,,Mini 4 Pro,,,,,,FALSE,TRUE,,,,,,,,,,,,,,,,,,,,,,,,,,,,,,,,,,,,,,,,,,,,,,,,85.4,,,,8.124,,,,,,,12.264,,,,,,,,,,,,,,,,,,,,,,,,,,,,,,,,1.40500000,103.70135000,0.0,,,,,,,,,,,,,,,,,,,,,,,,,,,,Mini 4 Pro,SYNQMCJRHDMGMDXXB,CAMDQZY5LDGD87B2B,RCSHNLVVQDCBD2K6B,BATKQNFU2DNDFQJLB,,,,,,,,Mini 4 Pro,SYNQMCJRHDMGMDXXB,,,,DJI Fly,,1.13.5,496236F2-5496-5F5C-B855-91D5ED28D5EE,,,,,,,,,,
1773845840,0m 20.0s,20.0,1.40500000,103.70135000,102.4,102.4,30.0,282.4,0.0,0.000,0.000,0.000,,0.000,,-5.369,,9.60,0.00,45.0,45.0,,Auto Takeoff,,,18,4,TRUE,,Mini 4 Pro,,,,,,FALSE,TRUE,,,,,,,,,,,,,,,,,,,,,,,,,,,,,,,,,,,,,,,,,,,,,,,,85.4,,,,8.124,,,,,,,12.264,,,,,,,,,,,,,,,,,,,,,,,,,,,,,,,,1.40500000,103.70135000,0.0,,,,,,,,,,,,,,,,,,,,,,,,,,,,Mini 4 Pro,SYNQMCJRHDMGMDXXB,CAMDQZY5LDGD87B2B,RCSHNLVVQDCBD2K6B,BATKQNFU2DNDFQJLB,,,,,,,,Mini 4 Pro,SYNQMCJRHDMGMDXXB,,,,DJI Fly,,1.13.5,496236F2-5496-5F5C-B855-91D5ED28D5EE,,,,,,,,,,
1773845841,0m 21.0s,21.0,1.40500000,103.70135000,110.2,110.2,30.0,290.2,0.0,0.000,0.000,0.000,,0.000,,-5.369,,9.60,0.00,45.0,45.0,,Auto Takeoff,,,18,4,TRUE,,Mini 4 Pro,,,,,,FALSE,TRUE,,,,,,,,,,,,,,,,,,,,,,,,,,,,,,,,,,,,,,,,,,,,,,,,85.4,,,,8.123,,,,,,,12.264,,,,,,,,,,,,,,,,,,,,,,,,,,,,,,,,1.40500000,103.70135000,0.0,,,,,,,,,,,,,,,,,,,,,,,,,,,,Mini 4 Pro,SYNQMCJRHDMGMDXXB,CAMDQZY5LDGD87B2B,RCSHNLVVQDCBD2K6B,BATKQNFU2DNDFQJLB,,,,,,,,Mini 4 Pro,SYNQMCJRHDMGMDXXB,,,,DJI Fly,,1.13.5,496236F2-5496-5F5C-B855-91D5ED28D5EE,,,,,,,,,,
1773845842,0m 22.0s,22.0,1.40500000,103.70135000,118.1,118.1,30.0,298.1,0.0,0.000,0.000,0.000,,0.000,,-5.369,,9.60,0.00,45.0,45.0,,Auto Takeoff,,,18,4,TRUE,,Mini 4 Pro,,,,,,FALSE,TRUE,,,,,,,,,,,,,,,,,,,,,,,,,,,,,,,,,,,,,,,,,,,,,,,,85.4,,,,8.123,,,,,,,12.264,,,,,,,,,,,,,,,,,,,,,,,,,,,,,,,,1.40500000,103.70135000,0.0,,,,,,,,,,,,,,,,,,,,,,,,,,,,Mini 4 Pro,SYNQMCJRHDMGMDXXB,CAMDQZY5LDGD87B2B,RCSHNLVVQDCBD2K6B,BATKQNFU2DNDFQJLB,,,,,,,,Mini 4 Pro,SYNQMCJRHDMGMDXXB,,,,DJI Fly,,1.13.5,496236F2-5496-5F5C-B855-91D5ED28D5EE,,,,,,,,,,
1773845843,0m 23.0s,23.0,1.40500000,103.70135000,126.0,126.0,30.0,306.0,0.0,0.000,0.000,0.000,,0.000,,-5.369,,9.60,0.00,45.0,45.0,,Auto Takeoff,,,18,4,TRUE,,Mini 4 Pro,,,,,,FALSE,TRUE,,,,,,,,,,,,,,,,,,,,,,,,,,,,,,,,,,,,,,,,,,,,,,,,85.3,,,,8.123,,,,,,,12.264,,,,,,,,,,,,,,,,,,,,,,,,,,,,,,,,1.40500000,103.70135000,0.0,,,,,,,,,,,,,,,,,,,,,,,,,,,,Mini 4 Pro,SYNQMCJRHDMGMDXXB,CAMDQZY5LDGD87B2B,RCSHNLVVQDCBD2K6B,BATKQNFU2DNDFQJLB,,,,,,,,Mini 4 Pro,SYNQMCJRHDMGMDXXB,,,,DJI Fly,,1.13.5,496236F2-5496-5F5C-B855-91D5ED28D5EE,,,,,,,,,,
1773845844,0m 24.0s,24.0,1.40500000,103.70135000,133.9,133.9,30.0,313.9,0.0,0.000,0.000,0.000,,0.000,,-5.369,,9.60,0.00,45.0,45.0,,Auto Takeoff,,,18,4,TRUE,,Mini 4 Pro,,,,,,FALSE,TRUE,,,,,,,,,,,,,,,,,,,,,,,,,,,,,,,,,,,,,,,,,,,,,,,,85.3,,,,8.122,,,,,,,12.264,,,,,,,,,,,,,,,,,,,,,,,,,,,,,,,,1.40500000,103.70135000,0.0,,,,,,,,,,,,,,,,,,,,,,,,,,,,Mini 4 Pro,SYNQMCJRHDMGMDXXB,CAMDQZY5LDGD87B2B,RCSHNLVVQDCBD2K6B,BATKQNFU2DNDFQJLB,,,,,,,,Mini 4 Pro,SYNQMCJRHDMGMDXXB,,,,DJI Fly,,1.13.5,496236F2-5496-5F5C-B855-91D5ED28D5EE,,,,,,,,,,
1773845845,0m 25.0s,25.0,1.40500000,103.70135000,141.7,141.7,30.0,321.7,0.0,0.000,0.000,0.000,,0.000,,-5.369,,9.60,0.00,45.0,45.0,,Auto Takeoff,,,18,4,TRUE,,Mini 4 Pro,,,,,,FALSE,TRUE,,,,,,,,,,,,,,,,,,,,,,,,,,,,,,,,,,,,,,,,,,,,,,,,85.3,,,,8.122,,,,,,,12.264,,,,,,,,,,,,,,,,,,,,,,,,,,,,,,,,1.40500000,103.70135000,0.0,,,,,,,,,,,,,,,,,,,,,,,,,,,,Mini 4 Pro,SYNQMCJRHDMGMDXXB,CAMDQZY5LDGD87B2B,RCSHNLVVQDCBD2K6B,BATKQNFU2DNDFQJLB,,,,,,,,Mini 4 Pro,SYNQMCJRHDMGMDXXB,,,,DJI Fly,,1.13.5,496236F2-5496-5F5C-B855-91D5ED28D5EE,,,,,,,,,,
1773845846,0m 26.0s,26.0,1.40500000,103.70135000,149.6,149.6,30.0,329.6,0.0,0.000,0.000,0.000,,0.000,,-5.369,,9.60,0.00,45.0,45.0,,Auto Takeoff,,,18,4,TRUE,,Mini 4 Pro,,,,,,FALSE,TRUE,,,,,,,,,,,,,,,,,,,,,,,,,,,,,,,,,,,,,,,,,,,,,,,,85.2,,,,8.121,,,,,,,12.264,,,,,,,,,,,,,,,,,,,,,,,,,,,,,,,,1.40500000,103.70135000,0.0,,,,,,,,,,,,,,,,,,,,,,,,,,,,Mini 4 Pro,SYNQMCJRHDMGMDXXB,CAMDQZY5LDGD87B2B,RCSHNLVVQDCBD2K6B,BATKQNFU2DNDFQJLB,,,,,,,,Mini 4 Pro,SYNQMCJRHDMGMDXXB,,,,DJI Fly,,1.13.5,496236F2-5496-5F5C-B855-91D5ED28D5EE,,,,,,,,,,
1773845847,0m 27.0s,27.0,1.40500000,103.70135000,157.5,157.5,30.0,337.5,0.0,0.000,0.000,0.000,,0.000,,-5.369,,9.60,0.00,45.0,45.0,,Auto Takeoff,,,18,4,TRUE,,Mini 4 Pro,,,,,,FALSE,TRUE,,,,,,,,,,,,,,,,,,,,,,,,,,,,,,,,,,,,,,,,,,,,,,,,85.2,,,,8.121,,,,,,,12.264,,,,,,,,,,,,,,,,,,,,,,,,,,,,,,,,1.40500000,103.70135000,0.0,,,,,,,,,,,,,,,,,,,,,,,,,,,,Mini 4 Pro,SYNQMCJRHDMGMDXXB,CAMDQZY5LDGD87B2B,RCSHNLVVQDCBD2K6B,BATKQNFU2DNDFQJLB,,,,,,,,Mini 4 Pro,SYNQMCJRHDMGMDXXB,,,,DJI Fly,,1.13.5,496236F2-5496-5F5C-B855-91D5ED28D5EE,,,,,,,,,,
1773845848,0m 28.0s,28.0,1.40500000,103.70135000,165.4,165.4,30.0,345.4,0.0,0.000,0.000,0.000,,0.000,,-5.369,,9.60,0.00,45.0,45.0,,Auto Takeoff,,,18,4,TRUE,,Mini 4 Pro,,,,,,FALSE,TRUE,,,,,,,,,,,,,,,,,,,,,,,,,,,,,,,,,,,,,,,,,,,,,,,,85.2,,,,8.120,,,,,,,12.264,,,,,,,,,,,,,,,,,,,,,,,,,,,,,,,,1.40500000,103.70135000,0.0,,,,,,,,,,,,,,,,,,,,,,,,,,,,Mini 4 Pro,SYNQMCJRHDMGMDXXB,CAMDQZY5LDGD87B2B,RCSHNLVVQDCBD2K6B,BATKQNFU2DNDFQJLB,,,,,,,,Mini 4 Pro,SYNQMCJRHDMGMDXXB,,,,DJI Fly,,1.13.5,496236F2-5496-5F5C-B855-91D5ED28D5EE,,,,,,,,,,
1773845849,0m 29.0s,29.0,1.40500000,103.70135000,173.2,173.2,30.0,353.2,0.0,0.000,0.000,0.000,,0.000,,-5.369,,9.60,0.00,45.0,45.0,,Auto Takeoff,,,18,4,TRUE,,Mini 4 Pro,,,,,,FALSE,TRUE,,,,,,,,,,,,,,,,,,,,,,,,,,,,,,,,,,,,,,,,,,,,,,,,85.1,,,,8.120,,,,,,,12.264,,,,,,,,,,,,,,,,,,,,,,,,,,,,,,,,1.40500000,103.70135000,0.0,,,,,,,,,,,,,,,,,,,,,,,,,,,,Mini 4 Pro,SYNQMCJRHDMGMDXXB,CAMDQZY5LDGD87B2B,RCSHNLVVQDCBD2K6B,BATKQNFU2DNDFQJLB,,,,,,,,Mini 4 Pro,SYNQMCJRHDMGMDXXB,,,,DJI Fly,,1.13.5,496236F2-5496-5F5C-B855-91D5ED28D5EE,,,,,,,,,,
1773845850,0m 30.0s,30.0,1.40500000,103.70135000,181.1,181.1,30.0,361.1,0.0,0.000,0.000,0.000,,0.000,,-5.369,,9.60,0.00,45.0,45.0,,Auto Takeoff,,,18,4,TRUE,,Mini 4 Pro,,,,,,FALSE,TRUE,,,,,,,,,,,,,,,,,,,,,,,,,,,,,,,,,,,,,,,,,,,,,,,,85.1,,,,8.119,,,,,,,12.264,,,,,,,,,,,,,,,,,,,,,,,,,,,,,,,,1.40500000,103.70135000,0.0,,,,,,,,,,,,,,,,,,,,,,,,,,,,Mini 4 Pro,SYNQMCJRHDMGMDXXB,CAMDQZY5LDGD87B2B,RCSHNLVVQDCBD2K6B,BATKQNFU2DNDFQJLB,,,,,,,,Mini 4 Pro,SYNQMCJRHDMGMDXXB,,,,DJI Fly,,1.13.5,496236F2-5496-5F5C-B855-91D5ED28D5EE,,,,,,,,,,
1773845851,0m 31.0s,31.0,1.40500000,103.70135000,189.0,189.0,30.0,369.0,0.0,0.000,0.000,0.000,,0.000,,-5.369,,9.60,0.00,45.0,45.0,,Auto Takeoff,,,18,4,TRUE,,Mini 4 Pro,,,,,,FALSE,TRUE,,,,,,,,,,,,,,,,,,,,,,,,,,,,,,,,,,,,,,,,,,,,,,,,85.1,,,,8.119,,,,,,,12.264,,,,,,,,,,,,,,,,,,,,,,,,,,,,,,,,1.40500000,103.70135000,0.0,,,,,,,,,,,,,,,,,,,,,,,,,,,,Mini 4 Pro,SYNQMCJRHDMGMDXXB,CAMDQZY5LDGD87B2B,RCSHNLVVQDCBD2K6B,BATKQNFU2DNDFQJLB,,,,,,,,Mini 4 Pro,SYNQMCJRHDMGMDXXB,,,,DJI Fly,,1.13.5,496236F2-5496-5F5C-B855-91D5ED28D5EE,,,,,,,,,,
1773845852,0m 32.0s,32.0,1.40500000,103.70135000,196.9,196.9,30.0,376.9,0.0,0.000,0.000,0.000,,0.000,,-5.369,,9.60,0.00,45.0,45.0,,Auto Takeoff,,,18,4,TRUE,,Mini 4 Pro,,,,,,FALSE,TRUE,,,,,,,,,,,,,,,,,,,,,,,,,,,,,,,,,,,,,,,,,,,,,,,,85.1,,,,8.118,,,,,,,12.264,,,,,,,,,,,,,,,,,,,,,,,,,,,,,,,,1.40500000,103.70135000,0.0,,,,,,,,,,,,,,,,,,,,,,,,,,,,Mini 4 Pro,SYNQMCJRHDMGMDXXB,CAMDQZY5LDGD87B2B,RCSHNLVVQDCBD2K6B,BATKQNFU2DNDFQJLB,,,,,,,,Mini 4 Pro,SYNQMCJRHDMGMDXXB,,,,DJI Fly,,1.13.5,496236F2-5496-5F5C-B855-91D5ED28D5EE,,,,,,,,,,
1773845853,0m 33.0s,33.0,1.40500000,103.70135000,196.9,196.9,30.0,376.9,0.0,0.000,0.000,0.000,,0.000,,-0.000,,0.00,0.00,45.0,45.0,,Auto Takeoff,,,18,4,TRUE,,Mini 4 Pro,,,,,,FALSE,TRUE,,,,,,,,,,,,,,,,,,,,,,,,,,,,,,,,,,,,,,,,,,,,,,,,85.0,,,,8.118,,,,,,,4.584,,,,,,,,,,,,,,,,,,,,,,,,,,,,,,,,1.40500000,103.70135000,0.0,,,,,,,,,,,,,,,,,,,,,,,,,,,,Mini 4 Pro,SYNQMCJRHDMGMDXXB,CAMDQZY5LDGD87B2B,RCSHNLVVQDCBD2K6B,BATKQNFU2DNDFQJLB,,,,,,,,Mini 4 Pro,SYNQMCJRHDMGMDXXB,,,,DJI Fly,,1.13.5,496236F2-5496-5F5C-B855-91D5ED28D5EE,,,,,,,,,,
1773845854,0m 34.0s,34.0,1.40494537,103.70130316,196.9,196.9,30.0,376.9,26.2,17.895,17.895,-13.587,,-11.646,,-0.000,,2.80,25.00,220.6,220.6,,P-GPS,,,18,4,TRUE,,Mini 4 Pro,,,,,,FALSE,TRUE,,,,,,,,,,,,,,,,,,,,,,,,,,,,,,,,,,,,,,,,,,,,,,,,85.0,,,,8.117,,,,,,,8.984,,,,,,,,,,,,,,,,,,,,,,,,,,,,,,,,1.40500000,103.70135000,26.2,,,,,,,,,,,,,,,,,,,,,,,,,,,,Mini 4 Pro,SYNQMCJRHDMGMDXXB,CAMDQZY5LDGD87B2B,RCSHNLVVQDCBD2K6B,BATKQNFU2DNDFQJLB,,,,,,,,Mini 4 Pro,SYNQMCJRHDMGMDXXB,,,,DJI Fly,,1.13.5,496236F2-5496-5F5C-B855-91D5ED28D5EE,,,,,,,,,,
1773845855,0m 35.0s,35.0,1.40489075,103.70125633,196.9,196.9,30.0,376.9,52.5,17.895,17.895,-13.587,,-11.646,,-0.000,,2.80,0.00,220.6,220.6,,P-GPS,,,18,4,TRUE,,Mini 4 Pro,,,,,,FALSE,TRUE,,,,,,,,,,,,,,,,,,,,,,,,,,,,,,,,,,,,,,,,,,,,,,,,85.0,,,,8.117,,,,,,,8.984,,,,,,,,,,,,,,,,,,,,,,,,,,,,,,,,1.40500000,103.70135000,52.5,,,,,,,,,,,,,,,,,,,,,,,,,,,,Mini 4 Pro,SYNQMCJRHDMGMDXXB,CAMDQZY5LDGD87B2B,RCSHNLVVQDCBD2K6B,BATKQNFU2DNDFQJLB,,,,,,,,Mini 4 Pro,SYNQMCJRHDMGMDXXB,,,,DJI Fly,,1.13.5,496236F2-5496-5F5C-B855-91D5ED28D5EE,,,,,,,,,,
1773845856,0m 36.0s,36.0,1.40483612,103.70120949,196.9,196.9,30.0,376.9,78.7,17.895,17.895,-13.587,,-11.646,,-0.000,,2.80,0.00,220.6,220.6,,P-GPS,,,18,4,TRUE,,Mini 4 Pro,,,,,,FALSE,TRUE,,,,,,,,,,,,,,,,,,,,,,,,,,,,,,,,,,,,,,,,,,,,,,,,84.9,,,,8.117,,,,,,,8.984,,,,,,,,,,,,,,,,,,,,,,,,,,,,,,,,1.40500000,103.70135000,78.7,,,,,,,,,,,,,,,,,,,,,,,,,,,,Mini 4 Pro,SYNQMCJRHDMGMDXXB,CAMDQZY5LDGD87B2B,RCSHNLVVQDCBD2K6B,BATKQNFU2DNDFQJLB,,,,,,,,Mini 4 Pro,SYNQMCJRHDMGMDXXB,,,,DJI Fly,,1.13.5,496236F2-5496-5F5C-B855-91D5ED28D5EE,,,,,,,,,,
1773845857,0m 37.0s,37.0,1.40478150,103.70116266,196.9,196.9,30.0,376.9,105.0,17.895,17.895,-13.587,,-11.646,,-0.000,,2.80,0.00,220.6,220.6,,P-GPS,,,18,4,TRUE,,Mini 4 Pro,,,,,,FALSE,TRUE,,,,,,,,,,,,,,,,,,,,,,,,,,,,,,,,,,,,,,,,,,,,,,,,84.9,,,,8.116,,,,,,,8.984,,,,,,,,,,,,,,,,,,,,,,,,,,,,,,,,1.40500000,103.70135000,105.0,,,,,,,,,,,,,,,,,,,,,,,,,,,,Mini 4 Pro,SYNQMCJRHDMGMDXXB,CAMDQZY5LDGD87B2B,RCSHNLVVQDCBD2K6B,BATKQNFU2DNDFQJLB,,,,,,,,Mini 4 Pro,SYNQMCJRHDMGMDXXB,,,,DJI Fly,,1.13.5,496236F2-5496-5F5C-B855-91D5ED28D5EE,,,,,,,,,,
1773845858,0m 38.0s,38.0,1.40472687,103.70111582,196.9,196.9,30.0,376.9,131.2,17.895,17.895,-13.587,,-11.646,,-0.000,,2.80,0.00,220.6,220.6,,P-GPS,,,18,4,TRUE,,Mini 4 Pro,,,,,,FALSE,TRUE,,,,,,,,,,,,,,,,,,,,,,,,,,,,,,,,,,,,,,,,,,,,,,,,84.9,,,,8.116,,,,,,,8.984,,,,,,,,,,,,,,,,,,,,,,,,,,,,,,,,1.40500000,103.70135000,131.2,,,,,,,,,,,,,,,,,,,,,,,,,,,,Mini 4 Pro,SYNQMCJRHDMGMDXXB,CAMDQZY5LDGD87B2B,RCSHNLVVQDCBD2K6B,BATKQNFU2DNDFQJLB,,,,,,,,Mini 4 Pro,SYNQMCJRHDMGMDXXB,,,,DJI Fly,,1.13.5,496236F2-5496-5F5C-B855-91D5ED28D5EE,,,,,,,,,,
1773845859,0m 39.0s,39.0,1.40467225,103.70106899,196.9,196.9,30.0,376.9,157.5,17.895,17.895,-13.587,,-11.646,,-0.000,,2.80,-0.00,220.6,220.6,,P-GPS,,,18,4,TRUE,,Mini 4 Pro,,,,,,FALSE,TRUE,,,,,,,,,,,,,,,,,,,,,,,,,,,,,,,,,,,,,,,,,,,,,,,,84.9,,,,8.115,,,,,,,8.984,,,,,,,,,,,,,,,,,,,,,,,,,,,,,,,,1.40500000,103.70135000,157.5,,,,,,,,,,,,,,,,,,,,,,,,,,,,Mini 4 Pro,SYNQMCJRHDMGMDXXB,CAMDQZY5LDGD87B2B,RCSHNLVVQDCBD2K6B,BATKQNFU2DNDFQJLB,,,,,,,,Mini 4 Pro,SYNQMCJRHDMGMDXXB,,,,DJI Fly,,1.13.5,496236F2-5496-5F5C-B855-91D5ED28D5EE,,,,,,,,,,
1773845860,0m 40.0s,40.0,1.40461762,103.70102215,196.9,196.9,30.0,376.9,183.7,17.895,17.895,-13.587,,-11.646,,-0.000,,2.80,0.00,220.6,220.6,,P-GPS,,,18,4,TRUE,,Mini 4 Pro,,,,,,FALSE,TRUE,,,,,,,,,,,,,,,,,,,,,,,,,,,,,,,,,,,,,,,,,,,,,,,,84.8,,,,8.115,,,,,,,8.984,,,,,,,,,,,,,,,,,,,,,,,,,,,,,,,,1.40500000,103.70135000,183.7,,,,,,,,,,,,,,,,,,,,,,,,,,,,Mini 4 Pro,SYNQMCJRHDMGMDXXB,CAMDQZY5LDGD87B2B,RCSHNLVVQDCBD2K6B,BATKQNFU2DNDFQJLB,,,,,,,,Mini 4 Pro,SYNQMCJRHDMGMDXXB,,,,DJI Fly,,1.13.5,496236F2-5496-5F5C-B855-91D5ED28D5EE,,,,,,,,,,
1773845861,0m 41.0s,41.0,1.40456300,103.70097531,196.9,196.9,30.0,376.9,210.0,17.895,17.895,-13.587,,-11.646,,-0.000,,2.80,0.00,220.6,220.6,,P-GPS,,,18,4,TRUE,,Mini 4 Pro,,,,,,FALSE,TRUE,,,,,,,,,,,,,,,,,,,,,,,,,,,,,,,,,,,,,,,,,,,,,,,,84.8,,,,8.114,,,,,,,8.984,,,,,,,,,,,,,,,,,,,,,,,,,,,,,,,,1.40500000,103.70135000,210.0,,,,,,,,,,,,,,,,,,,,,,,,,,,,Mini 4 Pro,SYNQMCJRHDMGMDXXB,CAMDQZY5LDGD87B2B,RCSHNLVVQDCBD2K6B,BATKQNFU2DNDFQJLB,,,,,,,,Mini 4 Pro,SYNQMCJRHDMGMDXXB,,,,DJI Fly,,1.13.5,496236F2-5496-5F5C-B855-91D5ED28D5EE,,,,,,,,,,
1773845862,0m 42.0s,42.0,1.40450837,103.70092848,196.9,196.9,30.0,376.9,236.2,17.895,17.895,-13.587,,-11.646,,-0.000,,2.80,0.00,220.6,220.6,,P-GPS,,,18,4,TRUE,,Mini 4 Pro,,,,,,FALSE,TRUE,,,,,,,,,,,,,,,,,,,,,,,,,,,,,,,,,,,,,,,,,,,,,,,,84.8,,,,8.114,,,,,,,8.984,,,,,,,,,,,,,,,,,,,,,,,,,,,,,,,,1.40500000,103.70135000,236.2,,,,,,,,,,,,,,,,,,,,,,,,,,,,Mini 4 Pro,SYNQMCJRHDMGMDXXB,CAMDQZY5LDGD87B2B,RCSHNLVVQDCBD2K6B,BATKQNFU2DNDFQJLB,,,,,,,,Mini 4 Pro,SYNQMCJRHDMGMDXXB,,,,DJI Fly,,1.13.5,496236F2-5496-5F5C-B855-91D5ED28D5EE,,,,,,,,,,
1773845863,0m 43.0s,43.0,1.40445375,103.70088164,196.9,196.9,30.0,376.9,262.5,17.895,17.895,-13.587,,-11.646,,-0.000,,2.80,-0.00,220.6,220.6,,P-GPS,,,18,4,TRUE,,Mini 4 Pro,,,,,,FALSE,TRUE,,,,,,,,,,,,,,,,,,,,,,,,,,,,,,,,,,,,,,,,,,,,,,,,84.7,,,,8.113,,,,,,,8.984,,,,,,,,,,,,,,,,,,,,,,,,,,,,,,,,1.40500000,103.70135000,262.5,,,,,,,,,,,,,,,,,,,,,,,,,,,,Mini 4 Pro,SYNQMCJRHDMGMDXXB,CAMDQZY5LDGD87B2B,RCSHNLVVQDCBD2K6B,BATKQNFU2DNDFQJLB,,,,,,,,Mini 4 Pro,SYNQMCJRHDMGMDXXB,,,,DJI Fly,,1.13.5,496236F2-5496-5F5C-B855-91D5ED28D5EE,,,,,,,,,,
1773845864,0m 44.0s,44.0,1.40439912,103.70083481,196.9,196.9,30.0,376.9,288.7,17.895,17.895,-13.587,,-11.646,,-0.000,,2.80,0.00,220.6,220.6,,P-GPS,,,18,4,TRUE,,Mini 4 Pro,,,,,,FALSE,TRUE,,,,,,,,,,,,,,,,,,,,,,,,,,,,,,,,,,,,,,,,,,,,,,,,84.7,,,,8.113,,,,,,,8.984,,,,,,,,,,,,,,,,,,,,,,,,,,,,,,,,1.40500000,103.70135000,288.7,,,,,,,,,,,,,,,,,,,,,,,,,,,,Mini 4 Pro,SYNQMCJRHDMGMDXXB,CAMDQZY5LDGD87B2B,RCSHNLVVQDCBD2K6B,BATKQNFU2DNDFQJLB,,,,,,,,Mini 4 Pro,SYNQMCJRHDMGMDXXB,,,,DJI Fly,,1.13.5,496236F2-5496-5F5C-B855-91D5ED28D5EE,,,,,,,,,,
1773845865,0m 45.0s,45.0,1.40434450,103.70078797,196.9,196.9,30.0,376.9,315.0,17.895,17.895,-13.587,,-11.646,,-0.000,,2.80,0.00,220.6,220.6,,P-GPS,,,18,4,TRUE,,Mini 4 Pro,,,,,,FALSE,TRUE,,,,,,,,,,,,,,,,,,,,,,,,,,,,,,,,,,,,,,,,,,,,,,,,84.7,,,,8.112,,,,,,,8.984,,,,,,,,,,,,,,,,,,,,,,,,,,,,,,,,1.40500000,103.70135000,315.0,,,,,,,,,,,,,,,,,,,,,,,,,,,,Mini 4 Pro,SYNQMCJRHDMGMDXXB,CAMDQZY5LDGD87B2B,RCSHNLVVQDCBD2K6B,BATKQNFU2DNDFQJLB,,,,,,,,Mini 4 Pro,SYNQMCJRHDMGMDXXB,,,,DJI Fly,,1.13.5,496236F2-5496-5F5C-B855-91D5ED28D5EE,,,,,,,,,,
1773845866,0m 46.0s,46.0,1.40428987,103.70074114,196.9,196.9,30.0,376.9,341.2,17.895,17.895,-13.587,,-11.646,,-0.000,,2.80,0.00,220.6,220.6,,P-GPS,,,18,4,TRUE,,Mini 4 Pro,,,,,,FALSE,TRUE,,,,,,,,,,,,,,,,,,,,,,,,,,,,,,,,,,,,,,,,,,,,,,,,84.6,,,,8.112,,,,,,,8.984,,,,,,,,,,,,,,,,,,,,,,,,,,,,,,,,1.40500000,103.70135000,341.2,,,,,,,,,,,,,,,,,,,,,,,,,,,,Mini 4 Pro,SYNQMCJRHDMGMDXXB,CAMDQZY5LDGD87B2B,RCSHNLVVQDCBD2K6B,BATKQNFU2DNDFQJLB,,,,,,,,Mini 4 Pro,SYNQMCJRHDMGMDXXB,,,,DJI Fly,,1.13.5,496236F2-5496-5F5C-B855-91D5ED28D5EE,,,,,,,,,,
1773845867,0m 47.0s,47.0,1.40423525,103.70069430,196.9,196.9,30.0,376.9,367.5,17.895,17.895,-13.587,,-11.646,,-0.000,,2.80,0.00,220.6,220.6,,P-GPS,,,18,4,TRUE,,Mini 4 Pro,,,,,,FALSE,TRUE,,,,,,,,,,,,,,,,,,,,,,,,,,,,,,,,,,,,,,,,,,,,,,,,84.6,,,,8.112,,,,,,,8.984,,,,,,,,,,,,,,,,,,,,,,,,,,,,,,,,1.40500000,103.70135000,367.5,,,,,,,,,,,,,,,,,,,,,,,,,,,,Mini 4 Pro,SYNQMCJRHDMGMDXXB,CAMDQZY5LDGD87B2B,RCSHNLVVQDCBD2K6B,BATKQNFU2DNDFQJLB,,,,,,,,Mini 4 Pro,SYNQMCJRHDMGMDXXB,,,,DJI Fly,,1.13.5,496236F2-5496-5F5C-B855-91D5ED28D5EE,,,,,,,,,,
1773845868,0m 48.0s,48.0,1.40418062,103.70064746,196.9,196.9,30.0,376.9,393.7,17.895,17.895,-13.587,,-11.646,,-0.000,,2.80,0.00,220.6,220.6,,P-GPS,,,18,4,TRUE,,Mini 4 Pro,,,,,,FALSE,TRUE,,,,,,,,,,,,,,,,,,,,,,,,,,,,,,,,,,,,,,,,,,,,,,,,84.6,,,,8.111,,,,,,,8.984,,,,,,,,,,,,,,,,,,,,,,,,,,,,,,,,1.40500000,103.70135000,393.7,,,,,,,,,,,,,,,,,,,,,,,,,,,,Mini 4 Pro,SYNQMCJRHDMGMDXXB,CAMDQZY5LDGD87B2B,RCSHNLVVQDCBD2K6B,BATKQNFU2DNDFQJLB,,,,,,,,Mini 4 Pro,SYNQMCJRHDMGMDXXB,,,,DJI Fly,,1.13.5,496236F2-5496-5F5C-B855-91D5ED28D5EE,,,,,,,,,,
1773845869,0m 49.0s,49.0,1.40412600,103.70060063,196.9,196.9,30.0,376.9,419.9,17.895,17.895,-13.587,,-11.646,,-0.000,,2.80,-0.00,220.6,220.6,,P-GPS,,,18,4,TRUE,,Mini 4 Pro,,,,,,FALSE,TRUE,,,,,,,,,,,,,,,,,,,,,,,,,,,,,,,,,,,,,,,,,,,,,,,,84.6,,,,8.111,,,,,,,8.984,,,,,,,,,,,,,,,,,,,,,,,,,,,,,,,,1.40500000,103.70135000,419.9,,,,,,,,,,,,,,,,,,,,,,,,,,,,Mini 4 Pro,SYNQMCJRHDMGMDXXB,CAMDQZY5LDGD87B2B,RCSHNLVVQDCBD2K6B,BATKQNFU2DNDFQJLB,,,,,,,,Mini 4 Pro,SYNQMCJRHDMGMDXXB,,,,DJI Fly,,1.13.5,496236F2-5496-5F5C-B855-91D5ED28D5EE,,,,,,,,,,
1773845870,0m 50.0s,50.0,1.40407137,103.70055379,196.9,196.9,30.0,376.9,446.2,17.895,17.895,-13.587,,-11.646,,-0.000,,2.80,0.00,220.6,220.6,,P-GPS,,,18,4,TRUE,,Mini 4 Pro,,,,,,FALSE,TRUE,,,,,,,,,,,,,,,,,,,,,,,,,,,,,,,,,,,,,,,,,,,,,,,,84.5,,,,8.110,,,,,,,8.984,,,,,,,,,,,,,,,,,,,,,,,,,,,,,,,,1.40500000,103.70135000,446.2,,,,,,,,,,,,,,,,,,,,,,,,,,,,Mini 4 Pro,SYNQMCJRHDMGMDXXB,CAMDQZY5LDGD87B2B,RCSHNLVVQDCBD2K6B,BATKQNFU2DNDFQJLB,,,,,,,,Mini 4 Pro,SYNQMCJRHDMGMDXXB,,,,DJI Fly,,1.13.5,496236F2-5496-5F5C-B855-91D5ED28D5EE,,,,,,,,,,
1773845871,0m 51.0s,51.0,1.40401675,103.70050696,196.9,196.9,30.0,376.9,472.4,17.895,17.895,-13.587,,-11.646,,-0.000,,2.80,0.00,220.6,220.6,,P-GPS,,,18,4,TRUE,,Mini 4 Pro,,,,,,FALSE,TRUE,,,,,,,,,,,,,,,,,,,,,,,,,,,,,,,,,,,,,,,,,,,,,,,,84.5,,,,8.110,,,,,,,8.984,,,,,,,,,,,,,,,,,,,,,,,,,,,,,,,,1.40500000,103.70135000,472.4,,,,,,,,,,,,,,,,,,,,,,,,,,,,Mini 4 Pro,SYNQMCJRHDMGMDXXB,CAMDQZY5LDGD87B2B,RCSHNLVVQDCBD2K6B,BATKQNFU2DNDFQJLB,,,,,,,,Mini 4 Pro,SYNQMCJRHDMGMDXXB,,,,DJI Fly,,1.13.5,496236F2-5496-5F5C-B855-91D5ED28D5EE,,,,,,,,,,
1773845872,0m 52.0s,52.0,1.40396212,103.70046012,196.9,196.9,30.0,376.9,498.7,17.895,17.895,-13.587,,-11.646,,-0.000,,2.80,0.00,220.6,220.6,,P-GPS,,,18,4,TRUE,,Mini 4 Pro,,,,,,FALSE,TRUE,,,,,,,,,,,,,,,,,,,,,,,,,,,,,,,,,,,,,,,,,,,,,,,,84.5,,,,8.109,,,,,,,8.984,,,,,,,,,,,,,,,,,,,,,,,,,,,,,,,,1.40500000,103.70135000,498.7,,,,,,,,,,,,,,,,,,,,,,,,,,,,Mini 4 Pro,SYNQMCJRHDMGMDXXB,CAMDQZY5LDGD87B2B,RCSHNLVVQDCBD2K6B,BATKQNFU2DNDFQJLB,,,,,,,,Mini 4 Pro,SYNQMCJRHDMGMDXXB,,,,DJI Fly,,1.13.5,496236F2-5496-5F5C-B855-91D5ED28D5EE,,,,,,,,,,
1773845873,0m 53.0s,53.0,1.40390749,103.70041329,196.9,196.9,30.0,376.9,524.9,17.895,17.895,-13.587,,-11.646,,-0.000,,2.80,0.00,220.6,220.6,,P-GPS,,,18,4,TRUE,,Mini 4 Pro,,,,,,FALSE,TRUE,,,,,,,,,,,,,,,,,,,,,,,,,,,,,,,,,,,,,,,,,,,,,,,,84.4,,,,8.109,,,,,,,8.984,,,,,,,,,,,,,,,,,,,,,,,,,,,,,,,,1.40500000,103.70135000,524.9,,,,,,,,,,,,,,,,,,,,,,,,,,,,Mini 4 Pro,SYNQMCJRHDMGMDXXB,CAMDQZY5LDGD87B2B,RCSHNLVVQDCBD2K6B,BATKQNFU2DNDFQJLB,,,,,,,,Mini 4 Pro,SYNQMCJRHDMGMDXXB,,,,DJI Fly,,1.13.5,496236F2-5496-5F5C-B855-91D5ED28D5EE,,,,,,,,,,
1773845874,0m 54.0s,54.0,1.40385287,103.70036645,196.9,196.9,30.0,376.9,551.2,17.895,17.895,-13.587,,-11.646,,-0.000,,2.80,0.00,220.6,220.6,,P-GPS,,,18,4,TRUE,,Mini 4 Pro,,,,,,FALSE,TRUE,,,,,,,,,,,,,,,,,,,,,,,,,,,,,,,,,,,,,,,,,,,,,,,,84.4,,,,8.108,,,,,,,8.984,,,,,,,,,,,,,,,,,,,,,,,,,,,,,,,,1.40500000,103.70135000,551.2,,,,,,,,,,,,,,,,,,,,,,,,,,,,Mini 4 Pro,SYNQMCJRHDMGMDXXB,CAMDQZY5LDGD87B2B,RCSHNLVVQDCBD2K6B,BATKQNFU2DNDFQJLB,,,,,,,,Mini 4 Pro,SYNQMCJRHDMGMDXXB,,,,DJI Fly,,1.13.5,496236F2-5496-5F5C-B855-91D5ED28D5EE,,,,,,,,,,
1773845875,0m 55.0s,55.0,1.40379824,103.70031961,196.9,196.9,30.0,376.9,577.4,17.895,17.895,-13.587,,-11.646,,-0.000,,2.80,0.00,220.6,220.6,,P-GPS,,,18,4,TRUE,,Mini 4 Pro,,,,,,FALSE,TRUE,,,,,,,,,,,,,,,,,,,,,,,,,,,,,,,,,,,,,,,,,,,,,,,,84.4,,,,8.108,,,,,,,8.984,,,,,,,,,,,,,,,,,,,,,,,,,,,,,,,,1.40500000,103.70135000,577.4,,,,,,,,,,,,,,,,,,,,,,,,,,,,Mini 4 Pro,SYNQMCJRHDMGMDXXB,CAMDQZY5LDGD87B2B,RCSHNLVVQDCBD2K6B,BATKQNFU2DNDFQJLB,,,,,,,,Mini 4 Pro,SYNQMCJRHDMGMDXXB,,,,DJI Fly,,1.13.5,496236F2-5496-5F5C-B855-91D5ED28D5EE,,,,,,,,,,
1773845876,0m 56.0s,56.0,1.40374362,103.70027278,196.9,196.9,30.0,376.9,603.7,17.895,17.895,-13.587,,-11.646,,-0.000,,2.80,0.00,220.6,220.6,,P-GPS,,,18,4,TRUE,,Mini 4 Pro,,,,,,FALSE,TRUE,,,,,,,,,,,,,,,,,,,,,,,,,,,,,,,,,,,,,,,,,,,,,,,,84.4,,,,8.107,,,,,,,8.984,,,,,,,,,,,,,,,,,,,,,,,,,,,,,,,,1.40500000,103.70135000,603.7,,,,,,,,,,,,,,,,,,,,,,,,,,,,Mini 4 Pro,SYNQMCJRHDMGMDXXB,CAMDQZY5LDGD87B2B,RCSHNLVVQDCBD2K6B,BATKQNFU2DNDFQJLB,,,,,,,,Mini 4 Pro,SYNQMCJRHDMGMDXXB,,,,DJI Fly,,1.13.5,496236F2-5496-5F5C-B855-91D5ED28D5EE,,,,,,,,,,
1773845877,0m 57.0s,57.0,1.40368899,103.70022594,196.9,196.9,30.0,376.9,629.9,17.895,17.895,-13.587,,-11.646,,-0.000,,2.80,0.00,220.6,220.6,,P-GPS,,,18,4,TRUE,,Mini 4 Pro,,,,,,FALSE,TRUE,,,,,,,,,,,,,,,,,,,,,,,,,,,,,,,,,,,,,,,,,,,,,,,,84.3,,,,8.107,,,,,,,8.984,,,,,,,,,,,,,,,,,,,,,,,,,,,,,,,,1.40500000,103.70135000,629.9,,,,,,,,,,,,,,,,,,,,,,,,,,,,Mini 4 Pro,SYNQMCJRHDMGMDXXB,CAMDQZY5LDGD87B2B,RCSHNLVVQDCBD2K6B,BATKQNFU2DNDFQJLB,,,,,,,,Mini 4 Pro,SYNQMCJRHDMGMDXXB,,,,DJI Fly,,1.13.5,496236F2-5496-5F5C-B855-91D5ED28D5EE,,,,,,,,,,
1773845878,0m 58.0s,58.0,1.40363437,103.70017911,196.9,196.9,30.0,376.9,656.2,17.895,17.895,-13.587,,-11.646,,-0.000,,2.80,0.00,220.6,220.6,,P-GPS,,,18,4,TRUE,,Mini 4 Pro,,,,,,FALSE,TRUE,,,,,,,,,,,,,,,,,,,,,,,,,,,,,,,,,,,,,,,,,,,,,,,,84.3,,,,8.107,,,,,,,8.984,,,,,,,,,,,,,,,,,,,,,,,,,,,,,,,,1.40500000,103.70135000,656.2,,,,,,,,,,,,,,,,,,,,,,,,,,,,Mini 4 Pro,SYNQMCJRHDMGMDXXB,CAMDQZY5LDGD87B2B,RCSHNLVVQDCBD2K6B,BATKQNFU2DNDFQJLB,,,,,,,,Mini 4 Pro,SYNQMCJRHDMGMDXXB,,,,DJI Fly,,1.13.5,496236F2-5496-5F5C-B855-91D5ED28D5EE,,,,,,,,,,
1773845879,0m 59.0s,59.0,1.40357974,103.70013227,196.9,196.9,30.0,376.9,682.4,17.895,17.895,-13.587,,-11.646,,-0.000,,2.80,0.00,220.6,220.6,,P-GPS,,,18,4,TRUE,,Mini 4 Pro,,,,,,FALSE,TRUE,,,,,,,,,,,,,,,,,,,,,,,,,,,,,,,,,,,,,,,,,,,,,,,,84.3,,,,8.106,,,,,,,8.984,,,,,,,,,,,,,,,,,,,,,,,,,,,,,,,,1.40500000,103.70135000,682.4,,,,,,,,,,,,,,,,,,,,,,,,,,,,Mini 4 Pro,SYNQMCJRHDMGMDXXB,CAMDQZY5LDGD87B2B,RCSHNLVVQDCBD2K6B,BATKQNFU2DNDFQJLB,,,,,,,,Mini 4 Pro,SYNQMCJRHDMGMDXXB,,,,DJI Fly,,1.13.5,496236F2-5496-5F5C-B855-91D5ED28D5EE,,,,,,,,,,
1773845880,1m 0.0s,60.0,1.40352512,103.70008544,196.9,196.9,30.0,376.9,708.7,17.895,17.895,-13.587,,-11.646,,-0.000,,2.80,0.00,220.6,220.6,,P-GPS,,,18,4,TRUE,,Mini 4 Pro,,,,,,FALSE,TRUE,,,,,,,,,,,,,,,,,,,,,,,,,,,,,,,,,,,,,,,,,,,,,,,,84.2,,,,8.106,,,,,,,8.984,,,,,,,,,,,,,,,,,,,,,,,,,,,,,,,,1.40500000,103.70135000,708.7,,,,,,,,,,,,,,,,,,,,,,,,,,,,Mini 4 Pro,SYNQMCJRHDMGMDXXB,CAMDQZY5LDGD87B2B,RCSHNLVVQDCBD2K6B,BATKQNFU2DNDFQJLB,,,,,,,,Mini 4 Pro,SYNQMCJRHDMGMDXXB,,,,DJI Fly,,1.13.5,496236F2-5496-5F5C-B855-91D5ED28D5EE,,,,,,,,,,
1773845881,1m 1.0s,61.0,1.40347049,103.70003860,196.9,196.9,30.0,376.9,734.9,17.895,17.895,-13.587,,-11.646,,-0.000,,2.80,0.00,220.6,220.6,,P-GPS,,,18,4,TRUE,,Mini 4 Pro,,,,,,FALSE,TRUE,,,,,,,,,,,,,,,,,,,,,,,,,,,,,,,,,,,,,,,,,,,,,,,,84.2,,,,8.105,,,,,,,8.984,,,,,,,,,,,,,,,,,,,,,,,,,,,,,,,,1.40500000,103.70135000,734.9,,,,,,,,,,,,,,,,,,,,,,,,,,,,Mini 4 Pro,SYNQMCJRHDMGMDXXB,CAMDQZY5LDGD87B2B,RCSHNLVVQDCBD2K6B,BATKQNFU2DNDFQJLB,,,,,,,,Mini 4 Pro,SYNQMCJRHDMGMDXXB,,,,DJI Fly,,1.13.5,496236F2-5496-5F5C-B855-91D5ED28D5EE,,,,,,,,,,
1773845882,1m 2.0s,62.0,1.40342619,103.70000061,196.9,196.9,30.0,376.9,756.2,14.515,17.895,-11.020,,-9.446,,-0.000,,2.27,0.00,220.6,220.6,,P-GPS,,,18,4,TRUE,,Mini 4 Pro,,,,,,FALSE,TRUE,,,,,,,,,,,,,,,,,,,,,,,,,,,,,,,,,,,,,,,,,,,,,,,,84.2,,,,8.105,,,,,,,8.153,,,,,,,,,,,,,,,,,,,,,,,,,,,,,,,,1.40500000,103.70135000,756.2,,,,,,,,,,,,,,,,,,,,,,,,,,,,Mini 4 Pro,SYNQMCJRHDMGMDXXB,CAMDQZY5LDGD87B2B,RCSHNLVVQDCBD2K6B,BATKQNFU2DNDFQJLB,,,,,,,,Mini 4 Pro,SYNQMCJRHDMGMDXXB,,,,DJI Fly,,1.13.5,496236F2-5496-5F5C-B855-91D5ED28D5EE,,,,,,,,,,
1773845883,1m 3.0s,63.0,1.40342619,103.70000061,196.9,196.9,30.0,376.9,756.2,0.000,17.895,0.000,,0.000,,-0.000,,0.00,0.00,220.6,220.6,,P-GPS,,,18,4,TRUE,,Mini 4 Pro,,,,,,FALSE,TRUE,,,,,,,,,,,,,,,,,,,,,,,,,,,,,,,,,,,,,,,,,,,,,,,,84.1,,,,8.104,,,,,,,4.584,,,,,,,,,,,,,,,,,,,,,,,,,,,,,,,,1.40500000,103.70135000,756.2,,,,,,,,,,,,,,,,,,,,,,,,,,,,Mini 4 Pro,SYNQMCJRHDMGMDXXB,CAMDQZY5LDGD87B2B,RCSHNLVVQDCBD2K6B,BATKQNFU2DNDFQJLB,,,,,,,,Mini 4 Pro,SYNQMCJRHDMGMDXXB,,,,DJI Fly,,1.13.5,496236F2-5496-5F5C-B855-91D5ED28D5EE,,,,,,,,,,
1773845884,1m 4.0s,64.0,1.40342619,103.70000061,196.9,196.9,30.0,376.9,756.2,0.000,17.895,0.000,,0.000,,-0.000,,0.00,0.00,220.6,220.6,,P-GPS,,,18,4,TRUE,,Mini 4 Pro,,,,,,FALSE,TRUE,,,,,,,,,,,,,,,,,,,,,,,,,,,,,,,,,,,,,,,,,,,,,,,,84.1,,,,8.104,,,,,,,4.584,,,,,,,,,,,,,,,,,,,,,,,,,,,,,,,,1.40500000,103.70135000,756.2,,,,,,,,,,,,,,,,,,,,,,,,,,,,Mini 4 Pro,SYNQMCJRHDMGMDXXB,CAMDQZY5LDGD87B2B,RCSHNLVVQDCBD2K6B,BATKQNFU2DNDFQJLB,,,,,,,,Mini 4 Pro,SYNQMCJRHDMGMDXXB,,,,DJI Fly,,1.13.5,496236F2-5496-5F5C-B855-91D5ED28D5EE,,,,,,,,,,
1773845885,1m 5.0s,65.0,1.40342619,103.70000061,196.9,196.9,30.0,376.9,756.2,0.000,17.895,0.000,,0.000,,-0.000,,0.00,0.00,220.6,220.6,,P-GPS,,,18,4,TRUE,,Mini 4 Pro,,,,,,FALSE,TRUE,,,,,,,,,,,,,,,,,,,,,,,,,,,,,,,,,,,,,,,,,,,,,,,,84.1,,,,8.103,,,,,,,4.584,,,,,,,,,,,,,,,,,,,,,,,,,,,,,,,,1.40500000,103.70135000,756.2,,,,,,,,,,,,,,,,,,,,,,,,,,,,Mini 4 Pro,SYNQMCJRHDMGMDXXB,CAMDQZY5LDGD87B2B,RCSHNLVVQDCBD2K6B,BATKQNFU2DNDFQJLB,,,,,,,,Mini 4 Pro,SYNQMCJRHDMGMDXXB,,,,DJI Fly,,1.13.5,496236F2-5496-5F5C-B855-91D5ED28D5EE,,,,,,,,,,
1773845886,1m 6.0s,66.0,1.40349813,103.70000061,196.9,196.9,30.0,376.9,782.4,17.895,17.895,17.895,,0.000,,-0.000,,2.80,25.00,0.0,0.0,,P-GPS,,,18,4,TRUE,,Mini 4 Pro,,,,,,FALSE,TRUE,,,,,,,,,,,,,,,,,,,,,,,,,,,,,,,,,,,,,,,,,,,,,,,,84.1,,,,8.103,,,,,,,8.984,,,,,,,,,,,,,,,,,,,,,,,,,,,,,,,,1.40500000,103.70135000,736.5,,,,,,,,,,,,,,,,,,,,,,,,,,,,Mini 4 Pro,SYNQMCJRHDMGMDXXB,CAMDQZY5LDGD87B2B,RCSHNLVVQDCBD2K6B,BATKQNFU2DNDFQJLB,,,,,,,,Mini 4 Pro,SYNQMCJRHDMGMDXXB,,,,DJI Fly,,1.13.5,496236F2-5496-5F5C-B855-91D5ED28D5EE,,,,,,,,,,
1773845887,1m 7.0s,67.0,1.40357008,103.70000061,196.9,196.9,30.0,376.9,808.7,17.895,17.895,17.895,,0.000,,-0.000,,2.80,0.00,0.0,0.0,,P-GPS,,,18,4,TRUE,,Mini 4 Pro,,,,,,FALSE,TRUE,,,,,,,,,,,,,,,,,,,,,,,,,,,,,,,,,,,,,,,,,,,,,,,,84.0,,,,8.102,,,,,,,8.984,,,,,,,,,,,,,,,,,,,,,,,,,,,,,,,,1.40500000,103.70135000,717.2,,,,,,,,,,,,,,,,,,,,,,,,,,,,Mini 4 Pro,SYNQMCJRHDMGMDXXB,CAMDQZY5LDGD87B2B,RCSHNLVVQDCBD2K6B,BATKQNFU2DNDFQJLB,,,,,,,,Mini 4 Pro,SYNQMCJRHDMGMDXXB,,,,DJI Fly,,1.13.5,496236F2-5496-5F5C-B855-91D5ED28D5EE,,,,,,,,,,
1773845888,1m 8.0s,68.0,1.40364202,103.70000061,196.9,196.9,30.0,376.9,834.9,17.895,17.895,17.895,,0.000,,-0.000,,2.80,0.00,0.0,0.0,,P-GPS,,,18,4,TRUE,,Mini 4 Pro,,,,,,FALSE,TRUE,,,,,,,,,,,,,,,,,,,,,,,,,,,,,,,,,,,,,,,,,,,,,,,,84.0,,,,8.102,,,,,,,8.984,,,,,,,,,,,,,,,,,,,,,,,,,,,,,,,,1.40500000,103.70135000,698.3,,,,,,,,,,,,,,,,,,,,,,,,,,,,Mini 4 Pro,SYNQMCJRHDMGMDXXB,CAMDQZY5LDGD87B2B,RCSHNLVVQDCBD2K6B,BATKQNFU2DNDFQJLB,,,,,,,,Mini 4 Pro,SYNQMCJRHDMGMDXXB,,,,DJI Fly,,1.13.5,496236F2-5496-5F5C-B855-91D5ED28D5EE,,,,,,,,,,
1773845889,1m 9.0s,69.0,1.40371397,103.70000061,196.9,196.9,30.0,376.9,861.2,17.895,17.895,17.895,,0.000,,-0.000,,2.80,0.00,0.0,0.0,,P-GPS,,,18,4,TRUE,,Mini 4 Pro,,,,,,FALSE,TRUE,,,,,,,,,,,,,,,,,,,,,,,,,,,,,,,,,,,,,,,,,,,,,,,,84.0,,,,8.102,,,,,,,8.984,,,,,,,,,,,,,,,,,,,,,,,,,,,,,,,,1.40500000,103.70135000,679.9,,,,,,,,,,,,,,,,,,,,,,,,,,,,Mini 4 Pro,SYNQMCJRHDMGMDXXB,CAMDQZY5LDGD87B2B,RCSHNLVVQDCBD2K6B,BATKQNFU2DNDFQJLB,,,,,,,,Mini 4 Pro,SYNQMCJRHDMGMDXXB,,,,DJI Fly,,1.13.5,496236F2-5496-5F5C-B855-91D5ED28D5EE,,,,,,,,,,
1773845890,1m 10.0s,70.0,1.40378592,103.70000061,196.9,196.9,30.0,376.9,887.4,17.895,17.895,17.895,,0.000,,-0.000,,2.80,0.00,0.0,0.0,,P-GPS,,,18,4,TRUE,,Mini 4 Pro,,,,,,FALSE,TRUE,,,,,,,,,,,,,,,,,,,,,,,,,,,,,,,,,,,,,,,,,,,,,,,,83.9,,,,8.101,,,,,,,8.984,,,,,,,,,,,,,,,,,,,,,,,,,,,,,,,,1.40500000,103.70135000,662.1,,,,,,,,,,,,,,,,,,,,,,,,,,,,Mini 4 Pro,SYNQMCJRHDMGMDXXB,CAMDQZY5LDGD87B2B,RCSHNLVVQDCBD2K6B,BATKQNFU2DNDFQJLB,,,,,,,,Mini 4 Pro,SYNQMCJRHDMGMDXXB,,,,DJI Fly,,1.13.5,496236F2-5496-5F5C-B855-91D5ED28D5EE,,,,,,,,,,
1773845891,1m 11.0s,71.0,1.40385786,103.70000061,196.9,196.9,30.0,376.9,913.7,17.895,17.895,17.895,,0.000,,-0.000,,2.80,0.00,0.0,0.0,,P-GPS,,,18,4,TRUE,,Mini 4 Pro,,,,,,FALSE,TRUE,,,,,,,,,,,,,,,,,,,,,,,,,,,,,,,,,,,,,,,,,,,,,,,,83.9,,,,8.101,,,,,,,8.984,,,,,,,,,,,,,,,,,,,,,,,,,,,,,,,,1.40500000,103.70135000,644.8,,,,,,,,,,,,,,,,,,,,,,,,,,,,Mini 4 Pro,SYNQMCJRHDMGMDXXB,CAMDQZY5LDGD87B2B,RCSHNLVVQDCBD2K6B,BATKQNFU2DNDFQJLB,,,,,,,,Mini 4 Pro,SYNQMCJRHDMGMDXXB,,,,DJI Fly,,1.13.5,496236F2-5496-5F5C-B855-91D5ED28D5EE,,,,,,,,,,
1773845892,1m 12.0s,72.0,1.40392981,103.70000061,196.9,196.9,30.0,376.9,939.9,17.895,17.895,17.895,,0.000,,-0.000,,2.80,0.00,0.0,0.0,,P-GPS,,,18,4,TRUE,,Mini 4 Pro,,,,,,FALSE,TRUE,,,,,,,,,,,,,,,,,,,,,,,,,,,,,,,,,,,,,,,,,,,,,,,,83.9,,,,8.100,,,,,,,8.984,,,,,,,,,,,,,,,,,,,,,,,,,,,,,,,,1.40500000,103.70135000,628.2,,,,,,,,,,,,,,,,,,,,,,,,,,,,Mini 4 Pro,SYNQMCJRHDMGMDXXB,CAMDQZY5LDGD87B2B,RCSHNLVVQDCBD2K6B,BATKQNFU2DNDFQJLB,,,,,,,,Mini 4 Pro,SYNQMCJRHDMGMDXXB,,,,DJI Fly,,1.13.5,496236F2-5496-5F5C-B855-91D5ED28D5EE,,,,,,,,,,
1773845893,1m 13.0s,73.0,1.40400175,103.70000061,196.9,196.9,30.0,376.9,966.2,17.895,17.895,17.895,,0.000,,-0.000,,2.80,0.00,0.0,0.0,,P-GPS,,,18,4,TRUE,,Mini 4 Pro,,,,,,FALSE,TRUE,,,,,,,,,,,,,,,,,,,,,,,,,,,,,,,,,,,,,,,,,,,,,,,,83.9,,,,8.100,,,,,,,8.984,,,,,,,,,,,,,,,,,,,,,,,,,,,,,,,,1.40500000,103.70135000,612.2,,,,,,,,,,,,,,,,,,,,,,,,,,,,Mini 4 Pro,SYNQMCJRHDMGMDXXB,CAMDQZY5LDGD87B2B,RCSHNLVVQDCBD2K6B,BATKQNFU2DNDFQJLB,,,,,,,,Mini 4 Pro,SYNQMCJRHDMGMDXXB,,,,DJI Fly,,1.13.5,496236F2-5496-5F5C-B855-91D5ED28D5EE,,,,,,,,,,
1773845894,1m 14.0s,74.0,1.40407370,103.70000061,196.9,196.9,30.0,376.9,992.4,17.895,17.895,17.895,,0.000,,-0.000,,2.80,0.00,0.0,0.0,,P-GPS,,,18,4,TRUE,,Mini 4 Pro,,,,,,FALSE,TRUE,,,,,,,,,,,,,,,,,,,,,,,,,,,,,,,,,,,,,,,,,,,,,,,,83.8,,,,8.099,,,,,,,8.984,,,,,,,,,,,,,,,,,,,,,,,,,,,,,,,,1.40500000,103.70135000,597.0,,,,,,,,,,,,,,,,,,,,,,,,,,,,Mini 4 Pro,SYNQMCJRHDMGMDXXB,CAMDQZY5LDGD87B2B,RCSHNLVVQDCBD2K6B,BATKQNFU2DNDFQJLB,,,,,,,,Mini 4 Pro,SYNQMCJRHDMGMDXXB,,,,DJI Fly,,1.13.5,496236F2-5496-5F5C-B855-91D5ED28D5EE,,,,,,,,,,
1773845895,1m 15.0s,75.0,1.40414564,103.70000061,196.9,196.9,30.0,376.9,1018.7,17.895,17.895,17.895,,0.000,,-0.000,,2.80,0.00,0.0,0.0,,P-GPS,,,18,4,TRUE,,Mini 4 Pro,,,,,,FALSE,TRUE,,,,,,,,,,,,,,,,,,,,,,,,,,,,,,,,,,,,,,,,,,,,,,,,83.8,,,,8.099,,,,,,,8.984,,,,,,,,,,,,,,,,,,,,,,,,,,,,,,,,1.40500000,103.70135000,582.5,,,,,,,,,,,,,,,,,,,,,,,,,,,,Mini 4 Pro,SYNQMCJRHDMGMDXXB,CAMDQZY5LDGD87B2B,RCSHNLVVQDCBD2K6B,BATKQNFU2DNDFQJLB,,,,,,,,Mini 4 Pro,SYNQMCJRHDMGMDXXB,,,,DJI Fly,,1.13.5,496236F2-5496-5F5C-B855-91D5ED28D5EE,,,,,,,,,,
1773845896,1m 16.0s,76.0,1.40421759,103.70000061,196.9,196.9,30.0,376.9,1044.9,17.895,17.895,17.895,,0.000,,-0.000,,2.80,0.00,0.0,0.0,,P-GPS,,,18,4,TRUE,,Mini 4 Pro,,,,,,FALSE,TRUE,,,,,,,,,,,,,,,,,,,,,,,,,,,,,,,,,,,,,,,,,,,,,,,,83.8,,,,8.098,,,,,,,8.984,,,,,,,,,,,,,,,,,,,,,,,,,,,,,,,,1.40500000,103.70135000,568.9,,,,,,,,,,,,,,,,,,,,,,,,,,,,Mini 4 Pro,SYNQMCJRHDMGMDXXB,CAMDQZY5LDGD87B2B,RCSHNLVVQDCBD2K6B,BATKQNFU2DNDFQJLB,,,,,,,,Mini 4 Pro,SYNQMCJRHDMGMDXXB,,,,DJI Fly,,1.13.5,496236F2-5496-5F5C-B855-91D5ED28D5EE,,,,,,,,,,
1773845897,1m 17.0s,77.0,1.40428954,103.70000061,196.9,196.9,30.0,376.9,1071.2,17.895,17.895,17.895,,0.000,,-0.000,,2.80,0.00,0.0,0.0,,P-GPS,,,18,4,TRUE,,Mini 4 Pro,,,,,,FALSE,TRUE,,,,,,,,,,,,,,,,,,,,,,,,,,,,,,,,,,,,,,,,,,,,,,,,83.7,,,,8.098,,,,,,,8.984,,,,,,,,,,,,,,,,,,,,,,,,,,,,,,,,1.40500000,103.70135000,556.2,,,,,,,,,,,,,,,,,,,,,,,,,,,,Mini 4 Pro,SYNQMCJRHDMGMDXXB,CAMDQZY5LDGD87B2B,RCSHNLVVQDCBD2K6B,BATKQNFU2DNDFQJLB,,,,,,,,Mini 4 Pro,SYNQMCJRHDMGMDXXB,,,,DJI Fly,,1.13.5,496236F2-5496-5F5C-B855-91D5ED28D5EE,,,,,,,,,,
1773845898,1m 18.0s,78.0,1.40436148,103.70000061,196.9,196.9,30.0,376.9,1097.4,17.895,17.895,17.895,,0.000,,-0.000,,2.80,0.00,0.0,0.0,,P-GPS,,,18,4,TRUE,,Mini 4 Pro,,,,,,FALSE,TRUE,,,,,,,,,,,,,,,,,,,,,,,,,,,,,,,,,,,,,,,,,,,,,,,,83.7,,,,8.097,,,,,,,8.984,,,,,,,,,,,,,,,,,,,,,,,,,,,,,,,,1.40500000,103.70135000,544.5,,,,,,,,,,,,,,,,,,,,,,,,,,,,Mini 4 Pro,SYNQMCJRHDMGMDXXB,CAMDQZY5LDGD87B2B,RCSHNLVVQDCBD2K6B,BATKQNFU2DNDFQJLB,,,,,,,,Mini 4 Pro,SYNQMCJRHDMGMDXXB,,,,DJI Fly,,1.13.5,496236F2-5496-5F5C-B855-91D5ED28D5EE,,,,,,,,,,
1773845899,1m 19.0s,79.0,1.40443343,103.70000061,196.9,196.9,30.0,376.9,1123.7,17.895,17.895,17.895,,0.000,,-0.000,,2.80,0.00,0.0,0.0,,P-GPS,,,18,4,TRUE,,Mini 4 Pro,,,,,,FALSE,TRUE,,,,,,,,,,,,,,,,,,,,,,,,,,,,,,,,,,,,,,,,,,,,,,,,83.7,,,,8.097,,,,,,,8.984,,,,,,,,,,,,,,,,,,,,,,,,,,,,,,,,1.40500000,103.70135000,533.8,,,,,,,,,,,,,,,,,,,,,,,,,,,,Mini 4 Pro,SYNQMCJRHDMGMDXXB,CAMDQZY5LDGD87B2B,RCSHNLVVQDCBD2K6B,BATKQNFU2DNDFQJLB,,,,,,,,Mini 4 Pro,SYNQMCJRHDMGMDXXB,,,,DJI Fly,,1.13.5,496236F2-5496-5F5C-B855-91D5ED28D5EE,,,,,,,,,,
1773845900,1m 20.0s,80.0,1.40450537,103.70000061,196.9,196.9,30.0,376.9,1149.9,17.895,17.895,17.895,,0.000,,-0.000,,2.80,0.00,0.0,0.0,,P-GPS,,,18,4,TRUE,,Mini 4 Pro,,,,,,FALSE,TRUE,,,,,,,,,,,,,,,,,,,,,,,,,,,,,,,,,,,,,,,,,,,,,,,,83.6,,,,8.097,,,,,,,8.984,,,,,,,,,,,,,,,,,,,,,,,,,,,,,,,,1.40500000,103.70135000,524.2,,,,,,,,,,,,,,,,,,,,,,,,,,,,Mini 4 Pro,SYNQMCJRHDMGMDXXB,CAMDQZY5LDGD87B2B,RCSHNLVVQDCBD2K6B,BATKQNFU2DNDFQJLB,,,,,,,,Mini 4 Pro,SYNQMCJRHDMGMDXXB,,,,DJI Fly,,1.13.5,496236F2-5496-5F5C-B855-91D5ED28D5EE,,,,,,,,,,
1773845901,1m 21.0s,81.0,1.40457732,103.70000061,196.9,196.9,30.0,376.9,1176.1,17.895,17.895,17.895,,0.000,,-0.000,,2.80,0.00,0.0,0.0,,P-GPS,,,18,4,TRUE,,Mini 4 Pro,,,,,,FALSE,TRUE,,,,,,,,,,,,,,,,,,,,,,,,,,,,,,,,,,,,,,,,,,,,,,,,83.6,,,,8.096,,,,,,,8.984,,,,,,,,,,,,,,,,,,,,,,,,,,,,,,,,1.40500000,103.70135000,515.7,,,,,,,,,,,,,,,,,,,,,,,,,,,,Mini 4 Pro,SYNQMCJRHDMGMDXXB,CAMDQZY5LDGD87B2B,RCSHNLVVQDCBD2K6B,BATKQNFU2DNDFQJLB,,,,,,,,Mini 4 Pro,SYNQMCJRHDMGMDXXB,,,,DJI Fly,,1.13.5,496236F2-5496-5F5C-B855-91D5ED28D5EE,,,,,,,,,,
1773845902,1m 22.0s,82.0,1.40464926,103.70000061,196.9,196.9,30.0,376.9,1202.4,17.895,17.895,17.895,,0.000,,-0.000,,2.80,0.00,0.0,0.0,,P-GPS,,,18,4,TRUE,,Mini 4 Pro,,,,,,FALSE,TRUE,,,,,,,,,,,,,,,,,,,,,,,,,,,,,,,,,,,,,,,,,,,,,,,,83.6,,,,8.096,,,,,,,8.984,,,,,,,,,,,,,,,,,,,,,,,,,,,,,,,,1.40500000,103.70135000,508.5,,,,,,,,,,,,,,,,,,,,,,,,,,,,Mini 4 Pro,SYNQMCJRHDMGMDXXB,CAMDQZY5LDGD87B2B,RCSHNLVVQDCBD2K6B,BATKQNFU2DNDFQJLB,,,,,,,,Mini 4 Pro,SYNQMCJRHDMGMDXXB,,,,DJI Fly,,1.13.5,496236F2-5496-5F5C-B855-91D5ED28D5EE,,,,,,,,,,
1773845903,1m 23.0s,83.0,1.40472121,103.70000061,196.9,196.9,30.0,376.9,1228.6,17.895,17.895,17.895,,0.000,,-0.000,,2.80,0.00,0.0,0.0,,P-GPS,,,18,4,TRUE,,Mini 4 Pro,,,,,,FALSE,TRUE,,,,,,,,,,,,,,,,,,,,,,,,,,,,,,,,,,,,,,,,,,,,,,,,83.6,,,,8.095,,,,,,,8.984,,,,,,,,,,,,,,,,,,,,,,,,,,,,,,,,1.40500000,103.70135000,502.5,,,,,,,,,,,,,,,,,,,,,,,,,,,,Mini 4 Pro,SYNQMCJRHDMGMDXXB,CAMDQZY5LDGD87B2B,RCSHNLVVQDCBD2K6B,BATKQNFU2DNDFQJLB,,,,,,,,Mini 4 Pro,SYNQMCJRHDMGMDXXB,,,,DJI Fly,,1.13.5,496236F2-5496-5F5C-B855-91D5ED28D5EE,,,,,,,,,,
1773845904,1m 24.0s,84.0,1.40479316,103.70000061,196.9,196.9,30.0,376.9,1254.9,17.895,17.895,17.895,,0.000,,-0.000,,2.80,0.00,0.0,0.0,,P-GPS,,,18,4,TRUE,,Mini 4 Pro,,,,,,FALSE,TRUE,,,,,,,,,,,,,,,,,,,,,,,,,,,,,,,,,,,,,,,,,,,,,,,,83.5,,,,8.095,,,,,,,8.984,,,,,,,,,,,,,,,,,,,,,,,,,,,,,,,,1.40500000,103.70135000,497.9,,,,,,,,,,,,,,,,,,,,,,,,,,,,Mini 4 Pro,SYNQMCJRHDMGMDXXB,CAMDQZY5LDGD87B2B,RCSHNLVVQDCBD2K6B,BATKQNFU2DNDFQJLB,,,,,,,,Mini 4 Pro,SYNQMCJRHDMGMDXXB,,,,DJI Fly,,1.13.5,496236F2-5496-5F5C-B855-91D5ED28D5EE,,,,,,,,,,
1773845905,1m 25.0s,85.0,1.40486510,103.70000061,196.9,196.9,30.0,376.9,1281.1,17.895,17.895,17.895,,0.000,,-0.000,,2.80,0.00,0.0,0.0,,P-GPS,,,18,4,TRUE,,Mini 4 Pro,,,,,,FALSE,TRUE,,,,,,,,,,,,,,,,,,,,,,,,,,,,,,,,,,,,,,,,,,,,,,,,83.5,,,,8.094,,,,,,,8.984,,,,,,,,,,,,,,,,,,,,,,,,,,,,,,,,1.40500000,103.70135000,494.6,,,,,,,,,,,,,,,,,,,,,,,,,,,,Mini 4 Pro,SYNQMCJRHDMGMDXXB,CAMDQZY5LDGD87B2B,RCSHNLVVQDCBD2K6B,BATKQNFU2DNDFQJLB,,,,,,,,Mini 4 Pro,SYNQMCJRHDMGMDXXB,,,,DJI Fly,,1.13.5,496236F2-5496-5F5C-B855-91D5ED28D5EE,,,,,,,,,,
1773845906,1m 26.0s,86.0,1.40493705,103.70000061,196.9,196.9,30.0,376.9,1307.4,17.895,17.895,17.895,,0.000,,-0.000,,2.80,0.00,0.0,0.0,,P-GPS,,,18,4,TRUE,,Mini 4 Pro,,,,,,FALSE,TRUE,,,,,,,,,,,,,,,,,,,,,,,,,,,,,,,,,,,,,,,,,,,,,,,,83.5,,,,8.094,,,,,,,8.984,,,,,,,,,,,,,,,,,,,,,,,,,,,,,,,,1.40500000,103.70135000,492.7,,,,,,,,,,,,,,,,,,,,,,,,,,,,Mini 4 Pro,SYNQMCJRHDMGMDXXB,CAMDQZY5LDGD87B2B,RCSHNLVVQDCBD2K6B,BATKQNFU2DNDFQJLB,,,,,,,,Mini 4 Pro,SYNQMCJRHDMGMDXXB,,,,DJI Fly,,1.13.5,496236F2-5496-5F5C-B855-91D5ED28D5EE,,,,,,,,,,
1773845907,1m 27.0s,87.0,1.40500899,103.70000061,196.9,196.9,30.0,376.9,1333.6,17.895,17.895,17.895,,0.000,,-0.000,,2.80,0.00,0.0,0.0,,P-GPS,,,18,4,TRUE,,Mini 4 Pro,,,,,,FALSE,TRUE,,,,,,,,,,,,,,,,,,,,,,,,,,,,,,,,,,,,,,,,,,,,,,,,83.4,,,,8.093,,,,,,,8.984,,,,,,,,,,,,,,,,,,,,,,,,,,,,,,,,1.40500000,103.70135000,492.1,,,,,,,,,,,,,,,,,,,,,,,,,,,,Mini 4 Pro,SYNQMCJRHDMGMDXXB,CAMDQZY5LDGD87B2B,RCSHNLVVQDCBD2K6B,BATKQNFU2DNDFQJLB,,,,,,,,Mini 4 Pro,SYNQMCJRHDMGMDXXB,,,,DJI Fly,,1.13.5,496236F2-5496-5F5C-B855-91D5ED28D5EE,,,,,,,,,,
1773845908,1m 28.0s,88.0,1.40508094,103.70000061,196.9,196.9,30.0,376.9,1359.9,17.895,17.895,17.895,,0.000,,-0.000,,2.80,0.00,0.0,0.0,,P-GPS,,,18,4,TRUE,,Mini 4 Pro,,,,,,FALSE,TRUE,,,,,,,,,,,,,,,,,,,,,,,,,,,,,,,,,,,,,,,,,,,,,,,,83.4,,,,8.093,,,,,,,8.984,,,,,,,,,,,,,,,,,,,,,,,,,,,,,,,,1.40500000,103.70135000,493.0,,,,,,,,,,,,,,,,,,,,,,,,,,,,Mini 4 Pro,SYNQMCJRHDMGMDXXB,CAMDQZY5LDGD87B2B,RCSHNLVVQDCBD2K6B,BATKQNFU2DNDFQJLB,,,,,,,,Mini 4 Pro,SYNQMCJRHDMGMDXXB,,,,DJI Fly,,1.13.5,496236F2-5496-5F5C-B855-91D5ED28D5EE,,,,,,,,,,
1773845909,1m 29.0s,89.0,1.40515288,103.70000061,196.9,196.9,30.0,376.9,1386.1,17.895,17.895,17.895,,0.000,,-0.000,,2.80,0.00,0.0,0.0,,P-GPS,,,18,4,TRUE,,Mini 4 Pro,,,,,,FALSE,TRUE,,,,,,,,,,,,,,,,,,,,,,,,,,,,,,,,,,,,,,,,,,,,,,,,83.4,,,,8.092,,,,,,,8.984,,,,,,,,,,,,,,,,,,,,,,,,,,,,,,,,1.40500000,103.70135000,495.3,,,,,,,,,,,,,,,,,,,,,,,,,,,,Mini 4 Pro,SYNQMCJRHDMGMDXXB,CAMDQZY5LDGD87B2B,RCSHNLVVQDCBD2K6B,BATKQNFU2DNDFQJLB,,,,,,,,Mini 4 Pro,SYNQMCJRHDMGMDXXB,,,,DJI Fly,,1.13.5,496236F2-5496-5F5C-B855-91D5ED28D5EE,,,,,,,,,,
1773845910,1m 30.0s,90.0,1.40522483,103.70000061,196.9,196.9,30.0,376.9,1412.4,17.895,17.895,17.895,,0.000,,-0.000,,2.80,0.00,0.0,0.0,,P-GPS,,,18,4,TRUE,,Mini 4 Pro,,,,,,FALSE,TRUE,,,,,,,,,,,,,,,,,,,,,,,,,,,,,,,,,,,,,,,,,,,,,,,,83.4,,,,8.092,,,,,,,8.984,,,,,,,,,,,,,,,,,,,,,,,,,,,,,,,,1.40500000,103.70135000,498.9,,,,,,,,,,,,,,,,,,,,,,,,,,,,Mini 4 Pro,SYNQMCJRHDMGMDXXB,CAMDQZY5LDGD87B2B,RCSHNLVVQDCBD2K6B,BATKQNFU2DNDFQJLB,,,,,,,,Mini 4 Pro,SYNQMCJRHDMGMDXXB,,,,DJI Fly,,1.13.5,496236F2-5496-5F5C-B855-91D5ED28D5EE,,,,,,,,,,
1773845911,1m 31.0s,91.0,1.40529678,103.70000061,196.9,196.9,30.0,376.9,1438.6,17.895,17.895,17.895,,0.000,,-0.000,,2.80,0.00,0.0,0.0,,P-GPS,,,18,4,TRUE,,Mini 4 Pro,,,,,,FALSE,TRUE,,,,,,,,,,,,,,,,,,,,,,,,,,,,,,,,,,,,,,,,,,,,,,,,83.3,,,,8.092,,,,,,,8.984,,,,,,,,,,,,,,,,,,,,,,,,,,,,,,,,1.40500000,103.70135000,503.9,,,,,,,,,,,,,,,,,,,,,,,,,,,,Mini 4 Pro,SYNQMCJRHDMGMDXXB,CAMDQZY5LDGD87B2B,RCSHNLVVQDCBD2K6B,BATKQNFU2DNDFQJLB,,,,,,,,Mini 4 Pro,SYNQMCJRHDMGMDXXB,,,,DJI Fly,,1.13.5,496236F2-5496-5F5C-B855-91D5ED28D5EE,,,,,,,,,,
1773845912,1m 32.0s,92.0,1.40536872,103.70000061,196.9,196.9,30.0,376.9,1464.9,17.895,17.895,17.895,,0.000,,-0.000,,2.80,0.00,0.0,0.0,,P-GPS,,,18,4,TRUE,,Mini 4 Pro,,,,,,FALSE,TRUE,,,,,,,,,,,,,,,,,,,,,,,,,,,,,,,,,,,,,,,,,,,,,,,,83.3,,,,8.091,,,,,,,8.984,,,,,,,,,,,,,,,,,,,,,,,,,,,,,,,,1.40500000,103.70135000,510.2,,,,,,,,,,,,,,,,,,,,,,,,,,,,Mini 4 Pro,SYNQMCJRHDMGMDXXB,CAMDQZY5LDGD87B2B,RCSHNLVVQDCBD2K6B,BATKQNFU2DNDFQJLB,,,,,,,,Mini 4 Pro,SYNQMCJRHDMGMDXXB,,,,DJI Fly,,1.13.5,496236F2-5496-5F5C-B855-91D5ED28D5EE,,,,,,,,,,
1773845913,1m 33.0s,93.0,1.40544067,103.70000061,196.9,196.9,30.0,376.9,1491.1,17.895,17.895,17.895,,0.000,,-0.000,,2.80,0.00,0.0,0.0,,P-GPS,,,18,4,TRUE,,Mini 4 Pro,,,,,,FALSE,TRUE,,,,,,,,,,,,,,,,,,,,,,,,,,,,,,,,,,,,,,,,,,,,,,,,83.3,,,,8.091,,,,,,,8.984,,,,,,,,,,,,,,,,,,,,,,,,,,,,,,,,1.40500000,103.70135000,517.7,,,,,,,,,,,,,,,,,,,,,,,,,,,,Mini 4 Pro,SYNQMCJRHDMGMDXXB,CAMDQZY5LDGD87B2B,RCSHNLVVQDCBD2K6B,BATKQNFU2DNDFQJLB,,,,,,,,Mini 4 Pro,SYNQMCJRHDMGMDXXB,,,,DJI Fly,,1.13.5,496236F2-5496-5F5C-B855-91D5ED28D5EE,,,,,,,,,,
1773845914,1m 34.0s,94.0,1.40551261,103.70000061,196.9,196.9,30.0,376.9,1517.4,17.895,17.895,17.895,,0.000,,-0.000,,2.80,0.00,0.0,0.0,,P-GPS,,,18,4,TRUE,,Mini 4 Pro,,,,,,FALSE,TRUE,,,,,,,,,,,,,,,,,,,,,,,,,,,,,,,,,,,,,,,,,,,,,,,,83.2,,,,8.090,,,,,,,8.984,,,,,,,,,,,,,,,,,,,,,,,,,,,,,,,,1.40500000,103.70135000,526.5,,,,,,,,,,,,,,,,,,,,,,,,,,,,Mini 4 Pro,SYNQMCJRHDMGMDXXB,CAMDQZY5LDGD87B2B,RCSHNLVVQDCBD2K6B,BATKQNFU2DNDFQJLB,,,,,,,,Mini 4 Pro,SYNQMCJRHDMGMDXXB,,,,DJI Fly,,1.13.5,496236F2-5496-5F5C-B855-91D5ED28D5EE,,,,,,,,,,
1773845915,1m 35.0s,95.0,1.40558456,103.70000061,196.9,196.9,30.0,376.9,1543.6,17.895,17.895,17.895,,0.000,,-0.000,,2.80,0.00,0.0,0.0,,P-GPS,,,18,4,TRUE,,Mini 4 Pro,,,,,,FALSE,TRUE,,,,,,,,,,,,,,,,,,,,,,,,,,,,,,,,,,,,,,,,,,,,,,,,83.2,,,,8.090,,,,,,,8.984,,,,,,,,,,,,,,,,,,,,,,,,,,,,,,,,1.40500000,103.70135000,536.3,,,,,,,,,,,,,,,,,,,,,,,,,,,,Mini 4 Pro,SYNQMCJRHDMGMDXXB,CAMDQZY5LDGD87B2B,RCSHNLVVQDCBD2K6B,BATKQNFU2DNDFQJLB,,,,,,,,Mini 4 Pro,SYNQMCJRHDMGMDXXB,,,,DJI Fly,,1.13.5,496236F2-5496-5F5C-B855-91D5ED28D5EE,,,,,,,,,,
1773845916,1m 36.0s,96.0,1.40565650,103.70000061,196.9,196.9,30.0,376.9,1569.8,17.895,17.895,17.895,,0.000,,-0.000,,2.80,0.00,0.0,0.0,,P-GPS,,,18,4,TRUE,,Mini 4 Pro,,,,,,FALSE,TRUE,,,,,,,,,,,,,,,,,,,,,,,,,,,,,,,,,,,,,,,,,,,,,,,,83.2,,,,8.089,,,,,,,8.984,,,,,,,,,,,,,,,,,,,,,,,,,,,,,,,,1.40500000,103.70135000,547.3,,,,,,,,,,,,,,,,,,,,,,,,,,,,Mini 4 Pro,SYNQMCJRHDMGMDXXB,CAMDQZY5LDGD87B2B,RCSHNLVVQDCBD2K6B,BATKQNFU2DNDFQJLB,,,,,,,,Mini 4 Pro,SYNQMCJRHDMGMDXXB,,,,DJI Fly,,1.13.5,496236F2-5496-5F5C-B855-91D5ED28D5EE,,,,,,,,,,
1773845917,1m 37.0s,97.0,1.40572845,103.70000061,196.9,196.9,30.0,376.9,1596.1,17.895,17.895,17.895,,0.000,,-0.000,,2.80,0.00,0.0,0.0,,P-GPS,,,18,4,TRUE,,Mini 4 Pro,,,,,,FALSE,TRUE,,,,,,,,,,,,,,,,,,,,,,,,,,,,,,,,,,,,,,,,,,,,,,,,83.1,,,,8.089,,,,,,,8.984,,,,,,,,,,,,,,,,,,,,,,,,,,,,,,,,1.40500000,103.70135000,559.3,,,,,,,,,,,,,,,,,,,,,,,,,,,,Mini 4 Pro,SYNQMCJRHDMGMDXXB,CAMDQZY5LDGD87B2B,RCSHNLVVQDCBD2K6B,BATKQNFU2DNDFQJLB,,,,,,,,Mini 4 Pro,SYNQMCJRHDMGMDXXB,,,,DJI Fly,,1.13.5,496236F2-5496-5F5C-B855-91D5ED28D5EE,,,,,,,,,,
1773845918,1m 38.0s,98.0,1.40580040,103.70000061,196.9,196.9,30.0,376.9,1622.3,17.895,17.895,17.895,,0.000,,-0.000,,2.80,0.00,0.0,0.0,,P-GPS,,,18,4,TRUE,,Mini 4 Pro,,,,,,FALSE,TRUE,,,,,,,,,,,,,,,,,,,,,,,,,,,,,,,,,,,,,,,,,,,,,,,,83.1,,,,8.088,,,,,,,8.984,,,,,,,,,,,,,,,,,,,,,,,,,,,,,,,,1.40500000,103.70135000,572.2,,,,,,,,,,,,,,,,,,,,,,,,,,,,Mini 4 Pro,SYNQMCJRHDMGMDXXB,CAMDQZY5LDGD87B2B,RCSHNLVVQDCBD2K6B,BATKQNFU2DNDFQJLB,,,,,,,,Mini 4 Pro,SYNQMCJRHDMGMDXXB,,,,DJI Fly,,1.13.5,496236F2-5496-5F5C-B855-91D5ED28D5EE,,,,,,,,,,
1773845919,1m 39.0s,99.0,1.40587234,103.70000061,196.9,196.9,30.0,376.9,1648.6,17.895,17.895,17.895,,0.000,,-0.000,,2.80,0.00,0.0,0.0,,P-GPS,,,18,4,TRUE,,Mini 4 Pro,,,,,,FALSE,TRUE,,,,,,,,,,,,,,,,,,,,,,,,,,,,,,,,,,,,,,,,,,,,,,,,83.1,,,,8.088,,,,,,,8.984,,,,,,,,,,,,,,,,,,,,,,,,,,,,,,,,1.40500000,103.70135000,586.1,,,,,,,,,,,,,,,,,,,,,,,,,,,,Mini 4 Pro,SYNQMCJRHDMGMDXXB,CAMDQZY5LDGD87B2B,RCSHNLVVQDCBD2K6B,BATKQNFU2DNDFQJLB,,,,,,,,Mini 4 Pro,SYNQMCJRHDMGMDXXB,,,,DJI Fly,,1.13.5,496236F2-5496-5F5C-B855-91D5ED28D5EE,,,,,,,,,,
1773845920,1m 40.0s,100.0,1.40594429,103.70000061,196.9,196.9,30.0,376.9,1674.8,17.895,17.895,17.895,,0.000,,-0.000,,2.80,0.00,0.0,0.0,,P-GPS,,,18,4,TRUE,,Mini 4 Pro,,,,,,FALSE,TRUE,,,,,,,,,,,,,,,,,,,,,,,,,,,,,,,,,,,,,,,,,,,,,,,,83.1,,,,8.087,,,,,,,8.984,,,,,,,,,,,,,,,,,,,,,,,,,,,,,,,,1.40500000,103.70135000,600.7,,,,,,,,,,,,,,,,,,,,,,,,,,,,Mini 4 Pro,SYNQMCJRHDMGMDXXB,CAMDQZY5LDGD87B2B,RCSHNLVVQDCBD2K6B,BATKQNFU2DNDFQJLB,,,,,,,,Mini 4 Pro,SYNQMCJRHDMGMDXXB,,,,DJI Fly,,1.13.5,496236F2-5496-5F5C-B855-91D5ED28D5EE,,,,,,,,,,
1773845921,1m 41.0s,101.0,1.40601623,103.70000061,196.9,196.9,30.0,376.9,1701.1,17.895,17.895,17.895,,0.000,,-0.000,,2.80,0.00,0.0,0.0,,P-GPS,,,18,4,TRUE,,Mini 4 Pro,,,,,,FALSE,TRUE,,,,,,,,,,,,,,,,,,,,,,,,,,,,,,,,,,,,,,,,,,,,,,,,83.0,,,,8.087,,,,,,,8.984,,,,,,,,,,,,,,,,,,,,,,,,,,,,,,,,1.40500000,103.70135000,616.1,,,,,,,,,,,,,,,,,,,,,,,,,,,,Mini 4 Pro,SYNQMCJRHDMGMDXXB,CAMDQZY5LDGD87B2B,RCSHNLVVQDCBD2K6B,BATKQNFU2DNDFQJLB,,,,,,,,Mini 4 Pro,SYNQMCJRHDMGMDXXB,,,,DJI Fly,,1.13.5,496236F2-5496-5F5C-B855-91D5ED28D5EE,,,,,,,,,,
1773845922,1m 42.0s,102.0,1.40608818,103.70000061,196.9,196.9,30.0,376.9,1727.3,17.895,17.895,17.895,,0.000,,-0.000,,2.80,0.00,0.0,0.0,,P-GPS,,,18,4,TRUE,,Mini 4 Pro,,,,,,FALSE,TRUE,,,,,,,,,,,,,,,,,,,,,,,,,,,,,,,,,,,,,,,,,,,,,,,,83.0,,,,8.086,,,,,,,8.984,,,,,,,,,,,,,,,,,,,,,,,,,,,,,,,,1.40500000,103.70135000,632.3,,,,,,,,,,,,,,,,,,,,,,,,,,,,Mini 4 Pro,SYNQMCJRHDMGMDXXB,CAMDQZY5LDGD87B2B,RCSHNLVVQDCBD2K6B,BATKQNFU2DNDFQJLB,,,,,,,,Mini 4 Pro,SYNQMCJRHDMGMDXXB,,,,DJI Fly,,1.13.5,496236F2-5496-5F5C-B855-91D5ED28D5EE,,,,,,,,,,
1773845923,1m 43.0s,103.0,1.40616012,103.70000061,196.9,196.9,30.0,376.9,1753.6,17.895,17.895,17.895,,0.000,,-0.000,,2.80,0.00,0.0,0.0,,P-GPS,,,18,4,TRUE,,Mini 4 Pro,,,,,,FALSE,TRUE,,,,,,,,,,,,,,,,,,,,,,,,,,,,,,,,,,,,,,,,,,,,,,,,83.0,,,,8.086,,,,,,,8.984,,,,,,,,,,,,,,,,,,,,,,,,,,,,,,,,1.40500000,103.70135000,649.1,,,,,,,,,,,,,,,,,,,,,,,,,,,,Mini 4 Pro,SYNQMCJRHDMGMDXXB,CAMDQZY5LDGD87B2B,RCSHNLVVQDCBD2K6B,BATKQNFU2DNDFQJLB,,,,,,,,Mini 4 Pro,SYNQMCJRHDMGMDXXB,,,,DJI Fly,,1.13.5,496236F2-5496-5F5C-B855-91D5ED28D5EE,,,,,,,,,,
1773845924,1m 44.0s,104.0,1.40623207,103.70000061,196.9,196.9,30.0,376.9,1779.8,17.895,17.895,17.895,,0.000,,-0.000,,2.80,0.00,0.0,0.0,,P-GPS,,,18,4,TRUE,,Mini 4 Pro,,,,,,FALSE,TRUE,,,,,,,,,,,,,,,,,,,,,,,,,,,,,,,,,,,,,,,,,,,,,,,,82.9,,,,8.086,,,,,,,8.984,,,,,,,,,,,,,,,,,,,,,,,,,,,,,,,,1.40500000,103.70135000,666.5,,,,,,,,,,,,,,,,,,,,,,,,,,,,Mini 4 Pro,SYNQMCJRHDMGMDXXB,CAMDQZY5LDGD87B2B,RCSHNLVVQDCBD2K6B,BATKQNFU2DNDFQJLB,,,,,,,,Mini 4 Pro,SYNQMCJRHDMGMDXXB,,,,DJI Fly,,1.13.5,496236F2-5496-5F5C-B855-91D5ED28D5EE,,,,,,,,,,
1773845925,1m 45.0s,105.0,1.40630402,103.70000061,196.9,196.9,30.0,376.9,1806.1,17.895,17.895,17.895,,0.000,,-0.000,,2.80,0.00,0.0,0.0,,P-GPS,,,18,4,TRUE,,Mini 4 Pro,,,,,,FALSE,TRUE,,,,,,,,,,,,,,,,,,,,,,,,,,,,,,,,,,,,,,,,,,,,,,,,82.9,,,,8.085,,,,,,,8.984,,,,,,,,,,,,,,,,,,,,,,,,,,,,,,,,1.40500000,103.70135000,684.5,,,,,,,,,,,,,,,,,,,,,,,,,,,,Mini 4 Pro,SYNQMCJRHDMGMDXXB,CAMDQZY5LDGD87B2B,RCSHNLVVQDCBD2K6B,BATKQNFU2DNDFQJLB,,,,,,,,Mini 4 Pro,SYNQMCJRHDMGMDXXB,,,,DJI Fly,,1.13.5,496236F2-5496-5F5C-B855-91D5ED28D5EE,,,,,,,,,,
1773845926,1m 46.0s,106.0,1.40637596,103.70000061,196.9,196.9,30.0,376.9,1832.3,17.895,17.895,17.895,,0.000,,-0.000,,2.80,0.00,0.0,0.0,,P-GPS,,,18,4,TRUE,,Mini 4 Pro,,,,,,FALSE,TRUE,,,,,,,,,,,,,,,,,,,,,,,,,,,,,,,,,,,,,,,,,,,,,,,,82.9,,,,8.085,,,,,,,8.984,,,,,,,,,,,,,,,,,,,,,,,,,,,,,,,,1.40500000,103.70135000,703.0,,,,,,,,,,,,,,,,,,,,,,,,,,,,Mini 4 Pro,SYNQMCJRHDMGMDXXB,CAMDQZY5LDGD87B2B,RCSHNLVVQDCBD2K6B,BATKQNFU2DNDFQJLB,,,,,,,,Mini 4 Pro,SYNQMCJRHDMGMDXXB,,,,DJI Fly,,1.13.5,496236F2-5496-5F5C-B855-91D5ED28D5EE,,,,,,,,,,
1773845927,1m 47.0s,107.0,1.40644791,103.70000061,196.9,196.9,30.0,376.9,1858.6,17.895,17.895,17.895,,0.000,,-0.000,,2.80,0.00,0.0,0.0,,P-GPS,,,18,4,TRUE,,Mini 4 Pro,,,,,,FALSE,TRUE,,,,,,,,,,,,,,,,,,,,,,,,,,,,,,,,,,,,,,,,,,,,,,,,82.9,,,,8.084,,,,,,,8.984,,,,,,,,,,,,,,,,,,,,,,,,,,,,,,,,1.40500000,103.70135000,721.9,,,,,,,,,,,,,,,,,,,,,,,,,,,,Mini 4 Pro,SYNQMCJRHDMGMDXXB,CAMDQZY5LDGD87B2B,RCSHNLVVQDCBD2K6B,BATKQNFU2DNDFQJLB,,,,,,,,Mini 4 Pro,SYNQMCJRHDMGMDXXB,,,,DJI Fly,,1.13.5,496236F2-5496-5F5C-B855-91D5ED28D5EE,,,,,,,,,,
1773845928,1m 48.0s,108.0,1.40651985,103.70000061,196.9,196.9,30.0,376.9,1884.8,17.895,17.895,17.895,,0.000,,-0.000,,2.80,0.00,0.0,0.0,,P-GPS,,,18,4,TRUE,,Mini 4 Pro,,,,,,FALSE,TRUE,,,,,,,,,,,,,,,,,,,,,,,,,,,,,,,,,,,,,,,,,,,,,,,,82.8,,,,8.084,,,,,,,8.984,,,,,,,,,,,,,,,,,,,,,,,,,,,,,,,,1.40500000,103.70135000,741.4,,,,,,,,,,,,,,,,,,,,,,,,,,,,Mini 4 Pro,SYNQMCJRHDMGMDXXB,CAMDQZY5LDGD87B2B,RCSHNLVVQDCBD2K6B,BATKQNFU2DNDFQJLB,,,,,,,,Mini 4 Pro,SYNQMCJRHDMGMDXXB,,,,DJI Fly,,1.13.5,496236F2-5496-5F5C-B855-91D5ED28D5EE,,,,,,,,,,
1773845929,1m 49.0s,109.0,1.40657381,103.70000061,196.9,196.9,30.0,376.9,1904.5,13.422,17.895,13.422,,0.000,,-0.000,,2.10,0.00,0.0,0.0,,P-GPS,,,18,4,TRUE,,Mini 4 Pro,,,,,,FALSE,TRUE,,,,,,,,,,,,,,,,,,,,,,,,,,,,,,,,,,,,,,,,,,,,,,,,82.8,,,,8.083,,,,,,,7.884,,,,,,,,,,,,,,,,,,,,,,,,,,,,,,,,1.40500000,103.70135000,756.2,,,,,,,,,,,,,,,,,,,,,,,,,,,,Mini 4 Pro,SYNQMCJRHDMGMDXXB,CAMDQZY5LDGD87B2B,RCSHNLVVQDCBD2K6B,BATKQNFU2DNDFQJLB,,,,,,,,Mini 4 Pro,SYNQMCJRHDMGMDXXB,,,,DJI Fly,,1.13.5,496236F2-5496-5F5C-B855-91D5ED28D5EE,,,,,,,,,,
1773845930,1m 50.0s,110.0,1.40657381,103.70000061,196.9,196.9,30.0,376.9,1904.5,0.000,17.895,0.000,,0.000,,-0.000,,0.00,0.00,0.0,0.0,,P-GPS,,,18,4,TRUE,,Mini 4 Pro,,,,,,FALSE,TRUE,,,,,,,,,,,,,,,,,,,,,,,,,,,,,,,,,,,,,,,,,,,,,,,,82.8,,,,8.083,,,,,,,4.584,,,,,,,,,,,,,,,,,,,,,,,,,,,,,,,,1.40500000,103.70135000,756.2,,,,,,,,,,,,,,,,,,,,,,,,,,,,Mini 4 Pro,SYNQMCJRHDMGMDXXB,CAMDQZY5LDGD87B2B,RCSHNLVVQDCBD2K6B,BATKQNFU2DNDFQJLB,,,,,,,,Mini 4 Pro,SYNQMCJRHDMGMDXXB,,,,DJI Fly,,1.13.5,496236F2-5496-5F5C-B855-91D5ED28D5EE,,,,,,,,,,
1773845931,1m 51.0s,111.0,1.40657381,103.70005459,196.9,196.9,30.0,376.9,1924.2,13.422,17.895,0.000,,13.422,,-0.000,,2.10,25.00,90.0,90.0,,P-GPS,,,18,4,TRUE,,Mini 4 Pro,,,,,,FALSE,TRUE,,,,,,,,,,,,,,,,,,,,,,,,,,,,,,,,,,,,,,,,,,,,,,,,82.7,,,,8.082,,,,,,,7.884,,,,,,,,,,,,,,,,,,,,,,,,,,,,,,,,1.40500000,103.70135000,743.5,,,,,,,,,,,,,,,,,,,,,,,,,,,,Mini 4 Pro,SYNQMCJRHDMGMDXXB,CAMDQZY5LDGD87B2B,RCSHNLVVQDCBD2K6B,BATKQNFU2DNDFQJLB,,,,,,,,Mini 4 Pro,SYNQMCJRHDMGMDXXB,,,,DJI Fly,,1.13.5,496236F2-5496-5F5C-B855-91D5ED28D5EE,,,,,,,,,,
1773845932,1m 52.0s,112.0,1.40657381,103.70010856,196.9,196.9,30.0,376.9,1943.9,13.422,17.895,0.000,,13.422,,-0.000,,2.10,0.00,90.0,90.0,,P-GPS,,,18,4,TRUE,,Mini 4 Pro,,,,,,FALSE,TRUE,,,,,,,,,,,,,,,,,,,,,,,,,,,,,,,,,,,,,,,,,,,,,,,,82.7,,,,8.082,,,,,,,7.884,,,,,,,,,,,,,,,,,,,,,,,,,,,,,,,,1.40500000,103.70135000,731.2,,,,,,,,,,,,,,,,,,,,,,,,,,,,Mini 4 Pro,SYNQMCJRHDMGMDXXB,CAMDQZY5LDGD87B2B,RCSHNLVVQDCBD2K6B,BATKQNFU2DNDFQJLB,,,,,,,,Mini 4 Pro,SYNQMCJRHDMGMDXXB,,,,DJI Fly,,1.13.5,496236F2-5496-5F5C-B855-91D5ED28D5EE,,,,,,,,,,
1773845933,1m 53.0s,113.0,1.40657381,103.70016254,196.9,196.9,30.0,376.9,1963.5,13.422,17.895,0.000,,13.422,,-0.000,,2.10,0.00,90.0,90.0,,P-GPS,,,18,4,TRUE,,Mini 4 Pro,,,,,,FALSE,TRUE,,,,,,,,,,,,,,,,,,,,,,,,,,,,,,,,,,,,,,,,,,,,,,,,82.7,,,,8.081,,,,,,,7.884,,,,,,,,,,,,,,,,,,,,,,,,,,,,,,,,1.40500000,103.70135000,719.2,,,,,,,,,,,,,,,,,,,,,,,,,,,,Mini 4 Pro,SYNQMCJRHDMGMDXXB,CAMDQZY5LDGD87B2B,RCSHNLVVQDCBD2K6B,BATKQNFU2DNDFQJLB,,,,,,,,Mini 4 Pro,SYNQMCJRHDMGMDXXB,,,,DJI Fly,,1.13.5,496236F2-5496-5F5C-B855-91D5ED28D5EE,,,,,,,,,,
1773845934,1m 54.0s,114.0,1.40657381,103.70021651,196.9,196.9,30.0,376.9,1983.2,13.422,17.895,0.000,,13.422,,-0.000,,2.10,0.00,90.0,90.0,,P-GPS,,,18,4,TRUE,,Mini 4 Pro,,,,,,FALSE,TRUE,,,,,,,,,,,,,,,,,,,,,,,,,,,,,,,,,,,,,,,,,,,,,,,,82.6,,,,8.081,,,,,,,7.884,,,,,,,,,,,,,,,,,,,,,,,,,,,,,,,,1.40500000,103.70135000,707.5,,,,,,,,,,,,,,,,,,,,,,,,,,,,Mini 4 Pro,SYNQMCJRHDMGMDXXB,CAMDQZY5LDGD87B2B,RCSHNLVVQDCBD2K6B,BATKQNFU2DNDFQJLB,,,,,,,,Mini 4 Pro,SYNQMCJRHDMGMDXXB,,,,DJI Fly,,1.13.5,496236F2-5496-5F5C-B855-91D5ED28D5EE,,,,,,,,,,
1773845935,1m 55.0s,115.0,1.40657381,103.70027049,196.9,196.9,30.0,376.9,2002.9,13.422,17.895,0.000,,13.422,,-0.000,,2.10,0.00,90.0,90.0,,P-GPS,,,18,4,TRUE,,Mini 4 Pro,,,,,,FALSE,TRUE,,,,,,,,,,,,,,,,,,,,,,,,,,,,,,,,,,,,,,,,,,,,,,,,82.6,,,,8.081,,,,,,,7.884,,,,,,,,,,,,,,,,,,,,,,,,,,,,,,,,1.40500000,103.70135000,696.2,,,,,,,,,,,,,,,,,,,,,,,,,,,,Mini 4 Pro,SYNQMCJRHDMGMDXXB,CAMDQZY5LDGD87B2B,RCSHNLVVQDCBD2K6B,BATKQNFU2DNDFQJLB,,,,,,,,Mini 4 Pro,SYNQMCJRHDMGMDXXB,,,,DJI Fly,,1.13.5,496236F2-5496-5F5C-B855-91D5ED28D5EE,,,,,,,,,,
1773845936,1m 56.0s,116.0,1.40657381,103.70032447,196.9,196.9,30.0,376.9,2022.6,13.422,17.895,0.000,,13.422,,-0.000,,2.10,0.00,90.0,90.0,,P-GPS,,,18,4,TRUE,,Mini 4 Pro,,,,,,FALSE,TRUE,,,,,,,,,,,,,,,,,,,,,,,,,,,,,,,,,,,,,,,,,,,,,,,,82.6,,,,8.080,,,,,,,7.884,,,,,,,,,,,,,,,,,,,,,,,,,,,,,,,,1.40500000,103.70135000,685.2,,,,,,,,,,,,,,,,,,,,,,,,,,,,Mini 4 Pro,SYNQMCJRHDMGMDXXB,CAMDQZY5LDGD87B2B,RCSHNLVVQDCBD2K6B,BATKQNFU2DNDFQJLB,,,,,,,,Mini 4 Pro,SYNQMCJRHDMGMDXXB,,,,DJI Fly,,1.13.5,496236F2-5496-5F5C-B855-91D5ED28D5EE,,,,,,,,,,
1773845937,1m 57.0s,117.0,1.40657381,103.70037844,196.9,196.9,30.0,376.9,2042.3,13.422,17.895,0.000,,13.422,,-0.000,,2.10,0.00,90.0,90.0,,P-GPS,,,18,4,TRUE,,Mini 4 Pro,,,,,,FALSE,TRUE,,,,,,,,,,,,,,,,,,,,,,,,,,,,,,,,,,,,,,,,,,,,,,,,82.6,,,,8.080,,,,,,,7.884,,,,,,,,,,,,,,,,,,,,,,,,,,,,,,,,1.40500000,103.70135000,674.7,,,,,,,,,,,,,,,,,,,,,,,,,,,,Mini 4 Pro,SYNQMCJRHDMGMDXXB,CAMDQZY5LDGD87B2B,RCSHNLVVQDCBD2K6B,BATKQNFU2DNDFQJLB,,,,,,,,Mini 4 Pro,SYNQMCJRHDMGMDXXB,,,,DJI Fly,,1.13.5,496236F2-5496-5F5C-B855-91D5ED28D5EE,,,,,,,,,,
1773845938,1m 58.0s,118.0,1.40657381,103.70043242,196.9,196.9,30.0,376.9,2062.0,13.422,17.895,0.000,,13.422,,-0.000,,2.10,0.00,90.0,90.0,,P-GPS,,,18,4,TRUE,,Mini 4 Pro,,,,,,FALSE,TRUE,,,,,,,,,,,,,,,,,,,,,,,,,,,,,,,,,,,,,,,,,,,,,,,,82.5,,,,8.079,,,,,,,7.884,,,,,,,,,,,,,,,,,,,,,,,,,,,,,,,,1.40500000,103.70135000,664.6,,,,,,,,,,,,,,,,,,,,,,,,,,,,Mini 4 Pro,SYNQMCJRHDMGMDXXB,CAMDQZY5LDGD87B2B,RCSHNLVVQDCBD2K6B,BATKQNFU2DNDFQJLB,,,,,,,,Mini 4 Pro,SYNQMCJRHDMGMDXXB,,,,DJI Fly,,1.13.5,496236F2-5496-5F5C-B855-91D5ED28D5EE,,,,,,,,,,
1773845939,1m 59.0s,119.0,1.40657381,103.70048639,196.9,196.9,30.0,376.9,2081.7,13.422,17.895,0.000,,13.422,,-0.000,,2.10,0.00,90.0,90.0,,P-GPS,,,18,4,TRUE,,Mini 4 Pro,,,,,,FALSE,TRUE,,,,,,,,,,,,,,,,,,,,,,,,,,,,,,,,,,,,,,,,,,,,,,,,82.5,,,,8.079,,,,,,,7.884,,,,,,,,,,,,,,,,,,,,,,,,,,,,,,,,1.40500000,103.70135000,654.9,,,,,,,,,,,,,,,,,,,,,,,,,,,,Mini 4 Pro,SYNQMCJRHDMGMDXXB,CAMDQZY5LDGD87B2B,RCSHNLVVQDCBD2K6B,BATKQNFU2DNDFQJLB,,,,,,,,Mini 4 Pro,SYNQMCJRHDMGMDXXB,,,,DJI Fly,,1.13.5,496236F2-5496-5F5C-B855-91D5ED28D5EE,,,,,,,,,,
1773845940,2m 0.0s,120.0,1.40657381,103.70054037,196.9,196.9,30.0,376.9,2101.3,13.422,17.895,0.000,,13.422,,-0.000,,2.10,0.00,90.0,90.0,,P-GPS,,,18,4,TRUE,,Mini 4 Pro,,,,,,FALSE,TRUE,,,,,,,,,,,,,,,,,,,,,,,,,,,,,,,,,,,,,,,,,,,,,,,,82.5,,,,8.078,,,,,,,7.884,,,,,,,,,,,,,,,,,,,,,,,,,,,,,,,,1.40500000,103.70135000,645.6,,,,,,,,,,,,,,,,,,,,,,,,,,,,Mini 4 Pro,SYNQMCJRHDMGMDXXB,CAMDQZY5LDGD87B2B,RCSHNLVVQDCBD2K6B,BATKQNFU2DNDFQJLB,,,,,,,,Mini 4 Pro,SYNQMCJRHDMGMDXXB,,,,DJI Fly,,1.13.5,496236F2-5496-5F5C-B855-91D5ED28D5EE,,,,,,,,,,
1773845941,2m 1.0s,121.0,1.40650187,103.70054037,196.9,196.9,30.0,376.9,2127.6,17.895,17.895,-17.895,,0.000,,-0.000,,2.80,25.00,180.0,180.0,,P-GPS,,,18,4,TRUE,,Mini 4 Pro,,,,,,FALSE,TRUE,,,,,,,,,,,,,,,,,,,,,,,,,,,,,,,,,,,,,,,,,,,,,,,,82.4,,,,8.078,,,,,,,8.984,,,,,,,,,,,,,,,,,,,,,,,,,,,,,,,,1.40500000,103.70135000,622.4,,,,,,,,,,,,,,,,,,,,,,,,,,,,Mini 4 Pro,SYNQMCJRHDMGMDXXB,CAMDQZY5LDGD87B2B,RCSHNLVVQDCBD2K6B,BATKQNFU2DNDFQJLB,,,,,,,,Mini 4 Pro,SYNQMCJRHDMGMDXXB,,,,DJI Fly,,1.13.5,496236F2-5496-5F5C-B855-91D5ED28D5EE,,,,,,,,,,
1773845942,2m 2.0s,122.0,1.40642992,103.70054037,196.9,196.9,30.0,376.9,2153.8,17.895,17.895,-17.895,,0.000,,-0.000,,2.80,0.00,180.0,180.0,,P-GPS,,,18,4,TRUE,,Mini 4 Pro,,,,,,FALSE,TRUE,,,,,,,,,,,,,,,,,,,,,,,,,,,,,,,,,,,,,,,,,,,,,,,,82.4,,,,8.077,,,,,,,8.984,,,,,,,,,,,,,,,,,,,,,,,,,,,,,,,,1.40500000,103.70135000,599.4,,,,,,,,,,,,,,,,,,,,,,,,,,,,Mini 4 Pro,SYNQMCJRHDMGMDXXB,CAMDQZY5LDGD87B2B,RCSHNLVVQDCBD2K6B,BATKQNFU2DNDFQJLB,,,,,,,,Mini 4 Pro,SYNQMCJRHDMGMDXXB,,,,DJI Fly,,1.13.5,496236F2-5496-5F5C-B855-91D5ED28D5EE,,,,,,,,,,
1773845943,2m 3.0s,123.0,1.40635798,103.70054037,196.9,196.9,30.0,376.9,2180.1,17.895,17.895,-17.895,,0.000,,-0.000,,2.80,0.00,180.0,180.0,,P-GPS,,,18,4,TRUE,,Mini 4 Pro,,,,,,FALSE,TRUE,,,,,,,,,,,,,,,,,,,,,,,,,,,,,,,,,,,,,,,,,,,,,,,,82.4,,,,8.077,,,,,,,8.984,,,,,,,,,,,,,,,,,,,,,,,,,,,,,,,,1.40500000,103.70135000,576.7,,,,,,,,,,,,,,,,,,,,,,,,,,,,Mini 4 Pro,SYNQMCJRHDMGMDXXB,CAMDQZY5LDGD87B2B,RCSHNLVVQDCBD2K6B,BATKQNFU2DNDFQJLB,,,,,,,,Mini 4 Pro,SYNQMCJRHDMGMDXXB,,,,DJI Fly,,1.13.5,496236F2-5496-5F5C-B855-91D5ED28D5EE,,,,,,,,,,
1773845944,2m 4.0s,124.0,1.40628603,103.70054037,196.9,196.9,30.0,376.9,2206.3,17.895,17.895,-17.895,,0.000,,-0.000,,2.80,0.00,180.0,180.0,,P-GPS,,,18,4,TRUE,,Mini 4 Pro,,,,,,FALSE,TRUE,,,,,,,,,,,,,,,,,,,,,,,,,,,,,,,,,,,,,,,,,,,,,,,,82.4,,,,8.076,,,,,,,8.984,,,,,,,,,,,,,,,,,,,,,,,,,,,,,,,,1.40500000,103.70135000,554.3,,,,,,,,,,,,,,,,,,,,,,,,,,,,Mini 4 Pro,SYNQMCJRHDMGMDXXB,CAMDQZY5LDGD87B2B,RCSHNLVVQDCBD2K6B,BATKQNFU2DNDFQJLB,,,,,,,,Mini 4 Pro,SYNQMCJRHDMGMDXXB,,,,DJI Fly,,1.13.5,496236F2-5496-5F5C-B855-91D5ED28D5EE,,,,,,,,,,
1773845945,2m 5.0s,125.0,1.40621408,103.70054037,196.9,196.9,30.0,376.9,2232.6,17.895,17.895,-17.895,,0.000,,-0.000,,2.80,0.00,180.0,180.0,,P-GPS,,,18,4,TRUE,,Mini 4 Pro,,,,,,FALSE,TRUE,,,,,,,,,,,,,,,,,,,,,,,,,,,,,,,,,,,,,,,,,,,,,,,,82.3,,,,8.076,,,,,,,8.984,,,,,,,,,,,,,,,,,,,,,,,,,,,,,,,,1.40500000,103.70135000,532.3,,,,,,,,,,,,,,,,,,,,,,,,,,,,Mini 4 Pro,SYNQMCJRHDMGMDXXB,CAMDQZY5LDGD87B2B,RCSHNLVVQDCBD2K6B,BATKQNFU2DNDFQJLB,,,,,,,,Mini 4 Pro,SYNQMCJRHDMGMDXXB,,,,DJI Fly,,1.13.5,496236F2-5496-5F5C-B855-91D5ED28D5EE,,,,,,,,,,
1773845946,2m 6.0s,126.0,1.40614214,103.70054037,196.9,196.9,30.0,376.9,2258.8,17.895,17.895,-17.895,,0.000,,-0.000,,2.80,0.00,180.0,180.0,,P-GPS,,,18,4,TRUE,,Mini 4 Pro,,,,,,FALSE,TRUE,,,,,,,,,,,,,,,,,,,,,,,,,,,,,,,,,,,,,,,,,,,,,,,,82.3,,,,8.076,,,,,,,8.984,,,,,,,,,,,,,,,,,,,,,,,,,,,,,,,,1.40500000,103.70135000,510.7,,,,,,,,,,,,,,,,,,,,,,,,,,,,Mini 4 Pro,SYNQMCJRHDMGMDXXB,CAMDQZY5LDGD87B2B,RCSHNLVVQDCBD2K6B,BATKQNFU2DNDFQJLB,,,,,,,,Mini 4 Pro,SYNQMCJRHDMGMDXXB,,,,DJI Fly,,1.13.5,496236F2-5496-5F5C-B855-91D5ED28D5EE,,,,,,,,,,
1773845947,2m 7.0s,127.0,1.40607019,103.70054037,196.9,196.9,30.0,376.9,2285.1,17.895,17.895,-17.895,,0.000,,-0.000,,2.80,0.00,180.0,180.0,,P-GPS,,,18,4,TRUE,,Mini 4 Pro,,,,,,FALSE,TRUE,,,,,,,,,,,,,,,,,,,,,,,,,,,,,,,,,,,,,,,,,,,,,,,,82.3,,,,8.075,,,,,,,8.984,,,,,,,,,,,,,,,,,,,,,,,,,,,,,,,,1.40500000,103.70135000,489.5,,,,,,,,,,,,,,,,,,,,,,,,,,,,Mini 4 Pro,SYNQMCJRHDMGMDXXB,CAMDQZY5LDGD87B2B,RCSHNLVVQDCBD2K6B,BATKQNFU2DNDFQJLB,,,,,,,,Mini 4 Pro,SYNQMCJRHDMGMDXXB,,,,DJI Fly,,1.13.5,496236F2-5496-5F5C-B855-91D5ED28D5EE,,,,,,,,,,
1773845948,2m 8.0s,128.0,1.40599825,103.70054037,196.9,196.9,30.0,376.9,2311.3,17.895,17.895,-17.895,,0.000,,-0.000,,2.80,0.00,180.0,180.0,,P-GPS,,,18,4,TRUE,,Mini 4 Pro,,,,,,FALSE,TRUE,,,,,,,,,,,,,,,,,,,,,,,,,,,,,,,,,,,,,,,,,,,,,,,,82.2,,,,8.075,,,,,,,8.984,,,,,,,,,,,,,,,,,,,,,,,,,,,,,,,,1.40500000,103.70135000,468.8,,,,,,,,,,,,,,,,,,,,,,,,,,,,Mini 4 Pro,SYNQMCJRHDMGMDXXB,CAMDQZY5LDGD87B2B,RCSHNLVVQDCBD2K6B,BATKQNFU2DNDFQJLB,,,,,,,,Mini 4 Pro,SYNQMCJRHDMGMDXXB,,,,DJI Fly,,1.13.5,496236F2-5496-5F5C-B855-91D5ED28D5EE,,,,,,,,,,
1773845949,2m 9.0s,129.0,1.40592630,103.70054037,196.9,196.9,30.0,376.9,2337.6,17.895,17.895,-17.895,,0.000,,-0.000,,2.80,0.00,180.0,180.0,,P-GPS,,,18,4,TRUE,,Mini 4 Pro,,,,,,FALSE,TRUE,,,,,,,,,,,,,,,,,,,,,,,,,,,,,,,,,,,,,,,,,,,,,,,,82.2,,,,8.074,,,,,,,8.984,,,,,,,,,,,,,,,,,,,,,,,,,,,,,,,,1.40500000,103.70135000,448.8,,,,,,,,,,,,,,,,,,,,,,,,,,,,Mini 4 Pro,SYNQMCJRHDMGMDXXB,CAMDQZY5LDGD87B2B,RCSHNLVVQDCBD2K6B,BATKQNFU2DNDFQJLB,,,,,,,,Mini 4 Pro,SYNQMCJRHDMGMDXXB,,,,DJI Fly,,1.13.5,496236F2-5496-5F5C-B855-91D5ED28D5EE,,,,,,,,,,
1773845950,2m 10.0s,130.0,1.40585436,103.70054037,196.9,196.9,30.0,376.9,2363.8,17.895,17.895,-17.895,,0.000,,-0.000,,2.80,0.00,180.0,180.0,,P-GPS,,,18,4,TRUE,,Mini 4 Pro,,,,,,FALSE,TRUE,,,,,,,,,,,,,,,,,,,,,,,,,,,,,,,,,,,,,,,,,,,,,,,,82.2,,,,8.074,,,,,,,8.984,,,,,,,,,,,,,,,,,,,,,,,,,,,,,,,,1.40500000,103.70135000,429.3,,,,,,,,,,,,,,,,,,,,,,,,,,,,Mini 4 Pro,SYNQMCJRHDMGMDXXB,CAMDQZY5LDGD87B2B,RCSHNLVVQDCBD2K6B,BATKQNFU2DNDFQJLB,,,,,,,,Mini 4 Pro,SYNQMCJRHDMGMDXXB,,,,DJI Fly,,1.13.5,496236F2-5496-5F5C-B855-91D5ED28D5EE,,,,,,,,,,
1773845951,2m 11.0s,131.0,1.40578241,103.70054037,196.9,196.9,30.0,376.9,2390.1,17.895,17.895,-17.895,,0.000,,-0.000,,2.80,0.00,180.0,180.0,,P-GPS,,,18,4,TRUE,,Mini 4 Pro,,,,,,FALSE,TRUE,,,,,,,,,,,,,,,,,,,,,,,,,,,,,,,,,,,,,,,,,,,,,,,,82.1,,,,8.073,,,,,,,8.984,,,,,,,,,,,,,,,,,,,,,,,,,,,,,,,,1.40500000,103.70135000,410.7,,,,,,,,,,,,,,,,,,,,,,,,,,,,Mini 4 Pro,SYNQMCJRHDMGMDXXB,CAMDQZY5LDGD87B2B,RCSHNLVVQDCBD2K6B,BATKQNFU2DNDFQJLB,,,,,,,,Mini 4 Pro,SYNQMCJRHDMGMDXXB,,,,DJI Fly,,1.13.5,496236F2-5496-5F5C-B855-91D5ED28D5EE,,,,,,,,,,
1773845952,2m 12.0s,132.0,1.40571046,103.70054037,196.9,196.9,30.0,376.9,2416.3,17.895,17.895,-17.895,,0.000,,-0.000,,2.80,0.00,180.0,180.0,,P-GPS,,,18,4,TRUE,,Mini 4 Pro,,,,,,FALSE,TRUE,,,,,,,,,,,,,,,,,,,,,,,,,,,,,,,,,,,,,,,,,,,,,,,,82.1,,,,8.073,,,,,,,8.984,,,,,,,,,,,,,,,,,,,,,,,,,,,,,,,,1.40500000,103.70135000,392.9,,,,,,,,,,,,,,,,,,,,,,,,,,,,Mini 4 Pro,SYNQMCJRHDMGMDXXB,CAMDQZY5LDGD87B2B,RCSHNLVVQDCBD2K6B,BATKQNFU2DNDFQJLB,,,,,,,,Mini 4 Pro,SYNQMCJRHDMGMDXXB,,,,DJI Fly,,1.13.5,496236F2-5496-5F5C-B855-91D5ED28D5EE,,,,,,,,,,
1773845953,2m 13.0s,133.0,1.40563852,103.70054037,196.9,196.9,30.0,376.9,2442.5,17.895,17.895,-17.895,,0.000,,-0.000,,2.80,0.00,180.0,180.0,,P-GPS,,,18,4,TRUE,,Mini 4 Pro,,,,,,FALSE,TRUE,,,,,,,,,,,,,,,,,,,,,,,,,,,,,,,,,,,,,,,,,,,,,,,,82.1,,,,8.072,,,,,,,8.984,,,,,,,,,,,,,,,,,,,,,,,,,,,,,,,,1.40500000,103.70135000,376.1,,,,,,,,,,,,,,,,,,,,,,,,,,,,Mini 4 Pro,SYNQMCJRHDMGMDXXB,CAMDQZY5LDGD87B2B,RCSHNLVVQDCBD2K6B,BATKQNFU2DNDFQJLB,,,,,,,,Mini 4 Pro,SYNQMCJRHDMGMDXXB,,,,DJI Fly,,1.13.5,496236F2-5496-5F5C-B855-91D5ED28D5EE,,,,,,,,,,
1773845954,2m 14.0s,134.0,1.40556657,103.70054037,196.9,196.9,30.0,376.9,2468.8,17.895,17.895,-17.895,,0.000,,-0.000,,2.80,0.00,180.0,180.0,,P-GPS,,,18,4,TRUE,,Mini 4 Pro,,,,,,FALSE,TRUE,,,,,,,,,,,,,,,,,,,,,,,,,,,,,,,,,,,,,,,,,,,,,,,,82.1,,,,8.072,,,,,,,8.984,,,,,,,,,,,,,,,,,,,,,,,,,,,,,,,,1.40500000,103.70135000,360.4,,,,,,,,,,,,,,,,,,,,,,,,,,,,Mini 4 Pro,SYNQMCJRHDMGMDXXB,CAMDQZY5LDGD87B2B,RCSHNLVVQDCBD2K6B,BATKQNFU2DNDFQJLB,,,,,,,,Mini 4 Pro,SYNQMCJRHDMGMDXXB,,,,DJI Fly,,1.13.5,496236F2-5496-5F5C-B855-91D5ED28D5EE,,,,,,,,,,
1773845955,2m 15.0s,135.0,1.40549463,103.70054037,196.9,196.9,30.0,376.9,2495.0,17.895,17.895,-17.895,,0.000,,-0.000,,2.80,0.00,180.0,180.0,,P-GPS,,,18,4,TRUE,,Mini 4 Pro,,,,,,FALSE,TRUE,,,,,,,,,,,,,,,,,,,,,,,,,,,,,,,,,,,,,,,,,,,,,,,,82.0,,,,8.071,,,,,,,8.984,,,,,,,,,,,,,,,,,,,,,,,,,,,,,,,,1.40500000,103.70135000,346.0,,,,,,,,,,,,,,,,,,,,,,,,,,,,Mini 4 Pro,SYNQMCJRHDMGMDXXB,CAMDQZY5LDGD87B2B,RCSHNLVVQDCBD2K6B,BATKQNFU2DNDFQJLB,,,,,,,,Mini 4 Pro,SYNQMCJRHDMGMDXXB,,,,DJI Fly,,1.13.5,496236F2-5496-5F5C-B855-91D5ED28D5EE,,,,,,,,,,
1773845956,2m 16.0s,136.0,1.40542268,103.70054037,196.9,196.9,30.0,376.9,2521.3,17.895,17.895,-17.895,,0.000,,-0.000,,2.80,0.00,180.0,180.0,,P-GPS,,,18,4,TRUE,,Mini 4 Pro,,,,,,FALSE,TRUE,,,,,,,,,,,,,,,,,,,,,,,,,,,,,,,,,,,,,,,,,,,,,,,,82.0,,,,8.071,,,,,,,8.984,,,,,,,,,,,,,,,,,,,,,,,,,,,,,,,,1.40500000,103.70135000,333.1,,,,,,,,,,,,,,,,,,,,,,,,,,,,Mini 4 Pro,SYNQMCJRHDMGMDXXB,CAMDQZY5LDGD87B2B,RCSHNLVVQDCBD2K6B,BATKQNFU2DNDFQJLB,,,,,,,,Mini 4 Pro,SYNQMCJRHDMGMDXXB,,,,DJI Fly,,1.13.5,496236F2-5496-5F5C-B855-91D5ED28D5EE,,,,,,,,,,
1773845957,2m 17.0s,137.0,1.40535074,103.70054037,196.9,196.9,30.0,376.9,2547.5,17.895,17.895,-17.895,,0.000,,-0.000,,2.80,0.00,180.0,180.0,,P-GPS,,,18,4,TRUE,,Mini 4 Pro,,,,,,FALSE,TRUE,,,,,,,,,,,,,,,,,,,,,,,,,,,,,,,,,,,,,,,,,,,,,,,,82.0,,,,8.071,,,,,,,8.984,,,,,,,,,,,,,,,,,,,,,,,,,,,,,,,,1.40500000,103.70135000,321.8,,,,,,,,,,,,,,,,,,,,,,,,,,,,Mini 4 Pro,SYNQMCJRHDMGMDXXB,CAMDQZY5LDGD87B2B,RCSHNLVVQDCBD2K6B,BATKQNFU2DNDFQJLB,,,,,,,,Mini 4 Pro,SYNQMCJRHDMGMDXXB,,,,DJI Fly,,1.13.5,496236F2-5496-5F5C-B855-91D5ED28D5EE,,,,,,,,,,
1773845958,2m 18.0s,138.0,1.40527879,103.70054037,196.9,196.9,30.0,376.9,2573.8,17.895,17.895,-17.895,,0.000,,-0.000,,2.80,0.00,180.0,180.0,,P-GPS,,,18,4,TRUE,,Mini 4 Pro,,,,,,FALSE,TRUE,,,,,,,,,,,,,,,,,,,,,,,,,,,,,,,,,,,,,,,,,,,,,,,,81.9,,,,8.070,,,,,,,8.984,,,,,,,,,,,,,,,,,,,,,,,,,,,,,,,,1.40500000,103.70135000,312.3,,,,,,,,,,,,,,,,,,,,,,,,,,,,Mini 4 Pro,SYNQMCJRHDMGMDXXB,CAMDQZY5LDGD87B2B,RCSHNLVVQDCBD2K6B,BATKQNFU2DNDFQJLB,,,,,,,,Mini 4 Pro,SYNQMCJRHDMGMDXXB,,,,DJI Fly,,1.13.5,496236F2-5496-5F5C-B855-91D5ED28D5EE,,,,,,,,,,
1773845959,2m 19.0s,139.0,1.40520684,103.70054037,196.9,196.9,30.0,376.9,2600.0,17.895,17.895,-17.895,,0.000,,-0.000,,2.80,0.00,180.0,180.0,,P-GPS,,,18,4,TRUE,,Mini 4 Pro,,,,,,FALSE,TRUE,,,,,,,,,,,,,,,,,,,,,,,,,,,,,,,,,,,,,,,,,,,,,,,,81.9,,,,8.070,,,,,,,8.984,,,,,,,,,,,,,,,,,,,,,,,,,,,,,,,,1.40500000,103.70135000,304.8,,,,,,,,,,,,,,,,,,,,,,,,,,,,Mini 4 Pro,SYNQMCJRHDMGMDXXB,CAMDQZY5LDGD87B2B,RCSHNLVVQDCBD2K6B,BATKQNFU2DNDFQJLB,,,,,,,,Mini 4 Pro,SYNQMCJRHDMGMDXXB,,,,DJI Fly,,1.13.5,496236F2-5496-5F5C-B855-91D5ED28D5EE,,,,,,,,,,
1773845960,2m 20.0s,140.0,1.40513490,103.70054037,196.9,196.9,30.0,376.9,2626.3,17.895,17.895,-17.895,,0.000,,-0.000,,2.80,0.00,180.0,180.0,,P-GPS,,,18,4,TRUE,,Mini 4 Pro,,,,,,FALSE,TRUE,,,,,,,,,,,,,,,,,,,,,,,,,,,,,,,,,,,,,,,,,,,,,,,,81.9,,,,8.069,,,,,,,8.984,,,,,,,,,,,,,,,,,,,,,,,,,,,,,,,,1.40500000,103.70135000,299.3,,,,,,,,,,,,,,,,,,,,,,,,,,,,Mini 4 Pro,SYNQMCJRHDMGMDXXB,CAMDQZY5LDGD87B2B,RCSHNLVVQDCBD2K6B,BATKQNFU2DNDFQJLB,,,,,,,,Mini 4 Pro,SYNQMCJRHDMGMDXXB,,,,DJI Fly,,1.13.5,496236F2-5496-5F5C-B855-91D5ED28D5EE,,,,,,,,,,
1773845961,2m 21.0s,141.0,1.40506295,103.70054037,196.9,196.9,30.0,376.9,2652.5,17.895,17.895,-17.895,,0.000,,-0.000,,2.80,0.00,180.0,180.0,,P-GPS,,,18,4,TRUE,,Mini 4 Pro,,,,,,FALSE,TRUE,,,,,,,,,,,,,,,,,,,,,,,,,,,,,,,,,,,,,,,,,,,,,,,,81.9,,,,8.069,,,,,,,8.984,,,,,,,,,,,,,,,,,,,,,,,,,,,,,,,,1.40500000,103.70135000,296.2,,,,,,,,,,,,,,,,,,,,,,,,,,,,Mini 4 Pro,SYNQMCJRHDMGMDXXB,CAMDQZY5LDGD87B2B,RCSHNLVVQDCBD2K6B,BATKQNFU2DNDFQJLB,,,,,,,,Mini 4 Pro,SYNQMCJRHDMGMDXXB,,,,DJI Fly,,1.13.5,496236F2-5496-5F5C-B855-91D5ED28D5EE,,,,,,,,,,
1773845962,2m 22.0s,142.0,1.40499101,103.70054037,196.9,196.9,30.0,376.9,2678.8,17.895,17.895,-17.895,,0.000,,-0.000,,2.80,0.00,180.0,180.0,,P-GPS,,,18,4,TRUE,,Mini 4 Pro,,,,,,FALSE,TRUE,,,,,,,,,,,,,,,,,,,,,,,,,,,,,,,,,,,,,,,,,,,,,,,,81.8,,,,8.068,,,,,,,8.984,,,,,,,,,,,,,,,,,,,,,,,,,,,,,,,,1.40500000,103.70135000,295.3,,,,,,,,,,,,,,,,,,,,,,,,,,,,Mini 4 Pro,SYNQMCJRHDMGMDXXB,CAMDQZY5LDGD87B2B,RCSHNLVVQDCBD2K6B,BATKQNFU2DNDFQJLB,,,,,,,,Mini 4 Pro,SYNQMCJRHDMGMDXXB,,,,DJI Fly,,1.13.5,496236F2-5496-5F5C-B855-91D5ED28D5EE,,,,,,,,,,
1773845963,2m 23.0s,143.0,1.40491906,103.70054037,196.9,196.9,30.0,376.9,2705.0,17.895,17.895,-17.895,,0.000,,-0.000,,2.80,0.00,180.0,180.0,,P-GPS,,,18,4,TRUE,,Mini 4 Pro,,,,,,FALSE,TRUE,,,,,,,,,,,,,,,,,,,,,,,,,,,,,,,,,,,,,,,,,,,,,,,,81.8,,,,8.068,,,,,,,8.984,,,,,,,,,,,,,,,,,,,,,,,,,,,,,,,,1.40500000,103.70135000,296.7,,,,,,,,,,,,,,,,,,,,,,,,,,,,Mini 4 Pro,SYNQMCJRHDMGMDXXB,CAMDQZY5LDGD87B2B,RCSHNLVVQDCBD2K6B,BATKQNFU2DNDFQJLB,,,,,,,,Mini 4 Pro,SYNQMCJRHDMGMDXXB,,,,DJI Fly,,1.13.5,496236F2-5496-5F5C-B855-91D5ED28D5EE,,,,,,,,,,
1773845964,2m 24.0s,144.0,1.40484712,103.70054037,196.9,196.9,30.0,376.9,2731.3,17.895,17.895,-17.895,,0.000,,-0.000,,2.80,0.00,180.0,180.0,,P-GPS,,,18,4,TRUE,,Mini 4 Pro,,,,,,FALSE,TRUE,,,,,,,,,,,,,,,,,,,,,,,,,,,,,,,,,,,,,,,,,,,,,,,,81.8,,,,8.067,,,,,,,8.984,,,,,,,,,,,,,,,,,,,,,,,,,,,,,,,,1.40500000,103.70135000,300.5,,,,,,,,,,,,,,,,,,,,,,,,,,,,Mini 4 Pro,SYNQMCJRHDMGMDXXB,CAMDQZY5LDGD87B2B,RCSHNLVVQDCBD2K6B,BATKQNFU2DNDFQJLB,,,,,,,,Mini 4 Pro,SYNQMCJRHDMGMDXXB,,,,DJI Fly,,1.13.5,496236F2-5496-5F5C-B855-91D5ED28D5EE,,,,,,,,,,
1773845965,2m 25.0s,145.0,1.40477517,103.70054037,196.9,196.9,30.0,376.9,2757.5,17.895,17.895,-17.895,,0.000,,-0.000,,2.80,0.00,180.0,180.0,,P-GPS,,,18,4,TRUE,,Mini 4 Pro,,,,,,FALSE,TRUE,,,,,,,,,,,,,,,,,,,,,,,,,,,,,,,,,,,,,,,,,,,,,,,,81.7,,,,8.067,,,,,,,8.984,,,,,,,,,,,,,,,,,,,,,,,,,,,,,,,,1.40500000,103.70135000,306.5,,,,,,,,,,,,,,,,,,,,,,,,,,,,Mini 4 Pro,SYNQMCJRHDMGMDXXB,CAMDQZY5LDGD87B2B,RCSHNLVVQDCBD2K6B,BATKQNFU2DNDFQJLB,,,,,,,,Mini 4 Pro,SYNQMCJRHDMGMDXXB,,,,DJI Fly,,1.13.5,496236F2-5496-5F5C-B855-91D5ED28D5EE,,,,,,,,,,
1773845966,2m 26.0s,146.0,1.40470322,103.70054037,196.9,196.9,30.0,376.9,2783.8,17.895,17.895,-17.895,,0.000,,-0.000,,2.80,0.00,180.0,180.0,,P-GPS,,,18,4,TRUE,,Mini 4 Pro,,,,,,FALSE,TRUE,,,,,,,,,,,,,,,,,,,,,,,,,,,,,,,,,,,,,,,,,,,,,,,,81.7,,,,8.066,,,,,,,8.984,,,,,,,,,,,,,,,,,,,,,,,,,,,,,,,,1.40500000,103.70135000,314.5,,,,,,,,,,,,,,,,,,,,,,,,,,,,Mini 4 Pro,SYNQMCJRHDMGMDXXB,CAMDQZY5LDGD87B2B,RCSHNLVVQDCBD2K6B,BATKQNFU2DNDFQJLB,,,,,,,,Mini 4 Pro,SYNQMCJRHDMGMDXXB,,,,DJI Fly,,1.13.5,496236F2-5496-5F5C-B855-91D5ED28D5EE,,,,,,,,,,
1773845967,2m 27.0s,147.0,1.40463128,103.70054037,196.9,196.9,30.0,376.9,2810.0,17.895,17.895,-17.895,,0.000,,-0.000,,2.80,0.00,180.0,180.0,,P-GPS,,,18,4,TRUE,,Mini 4 Pro,,,,,,FALSE,TRUE,,,,,,,,,,,,,,,,,,,,,,,,,,,,,,,,,,,,,,,,,,,,,,,,81.7,,,,8.066,,,,,,,8.984,,,,,,,,,,,,,,,,,,,,,,,,,,,,,,,,1.40500000,103.70135000,324.5,,,,,,,,,,,,,,,,,,,,,,,,,,,,Mini 4 Pro,SYNQMCJRHDMGMDXXB,CAMDQZY5LDGD87B2B,RCSHNLVVQDCBD2K6B,BATKQNFU2DNDFQJLB,,,,,,,,Mini 4 Pro,SYNQMCJRHDMGMDXXB,,,,DJI Fly,,1.13.5,496236F2-5496-5F5C-B855-91D5ED28D5EE,,,,,,,,,,
1773845968,2m 28.0s,148.0,1.40455933,103.70054037,196.9,196.9,30.0,376.9,2836.2,17.895,17.895,-17.895,,0.000,,-0.000,,2.80,0.00,180.0,180.0,,P-GPS,,,18,4,TRUE,,Mini 4 Pro,,,,,,FALSE,TRUE,,,,,,,,,,,,,,,,,,,,,,,,,,,,,,,,,,,,,,,,,,,,,,,,81.6,,,,8.066,,,,,,,8.984,,,,,,,,,,,,,,,,,,,,,,,,,,,,,,,,1.40500000,103.70135000,336.2,,,,,,,,,,,,,,,,,,,,,,,,,,,,Mini 4 Pro,SYNQMCJRHDMGMDXXB,CAMDQZY5LDGD87B2B,RCSHNLVVQDCBD2K6B,BATKQNFU2DNDFQJLB,,,,,,,,Mini 4 Pro,SYNQMCJRHDMGMDXXB,,,,DJI Fly,,1.13.5,496236F2-5496-5F5C-B855-91D5ED28D5EE,,,,,,,,,,
1773845969,2m 29.0s,149.0,1.40448739,103.70054037,196.9,196.9,30.0,376.9,2862.5,17.895,17.895,-17.895,,0.000,,-0.000,,2.80,0.00,180.0,180.0,,P-GPS,,,18,4,TRUE,,Mini 4 Pro,,,,,,FALSE,TRUE,,,,,,,,,,,,,,,,,,,,,,,,,,,,,,,,,,,,,,,,,,,,,,,,81.6,,,,8.065,,,,,,,8.984,,,,,,,,,,,,,,,,,,,,,,,,,,,,,,,,1.40500000,103.70135000,349.5,,,,,,,,,,,,,,,,,,,,,,,,,,,,Mini 4 Pro,SYNQMCJRHDMGMDXXB,CAMDQZY5LDGD87B2B,RCSHNLVVQDCBD2K6B,BATKQNFU2DNDFQJLB,,,,,,,,Mini 4 Pro,SYNQMCJRHDMGMDXXB,,,,DJI Fly,,1.13.5,496236F2-5496-5F5C-B855-91D5ED28D5EE,,,,,,,,,,
1773845970,2m 30.0s,150.0,1.40441544,103.70054037,196.9,196.9,30.0,376.9,2888.7,17.895,17.895,-17.895,,0.000,,-0.000,,2.80,0.00,180.0,180.0,,P-GPS,,,18,4,TRUE,,Mini 4 Pro,,,,,,FALSE,TRUE,,,,,,,,,,,,,,,,,,,,,,,,,,,,,,,,,,,,,,,,,,,,,,,,81.6,,,,8.065,,,,,,,8.984,,,,,,,,,,,,,,,,,,,,,,,,,,,,,,,,1.40500000,103.70135000,364.2,,,,,,,,,,,,,,,,,,,,,,,,,,,,Mini 4 Pro,SYNQMCJRHDMGMDXXB,CAMDQZY5LDGD87B2B,RCSHNLVVQDCBD2K6B,BATKQNFU2DNDFQJLB,,,,,,,,Mini 4 Pro,SYNQMCJRHDMGMDXXB,,,,DJI Fly,,1.13.5,496236F2-5496-5F5C-B855-91D5ED28D5EE,,,,,,,,,,
1773845971,2m 31.0s,151.0,1.40434350,103.70054037,196.9,196.9,30.0,376.9,2915.0,17.895,17.895,-17.895,,0.000,,-0.000,,2.80,0.00,180.0,180.0,,P-GPS,,,18,4,TRUE,,Mini 4 Pro,,,,,,FALSE,TRUE,,,,,,,,,,,,,,,,,,,,,,,,,,,,,,,,,,,,,,,,,,,,,,,,81.6,,,,8.064,,,,,,,8.984,,,,,,,,,,,,,,,,,,,,,,,,,,,,,,,,1.40500000,103.70135000,380.2,,,,,,,,,,,,,,,,,,,,,,,,,,,,Mini 4 Pro,SYNQMCJRHDMGMDXXB,CAMDQZY5LDGD87B2B,RCSHNLVVQDCBD2K6B,BATKQNFU2DNDFQJLB,,,,,,,,Mini 4 Pro,SYNQMCJRHDMGMDXXB,,,,DJI Fly,,1.13.5,496236F2-5496-5F5C-B855-91D5ED28D5EE,,,,,,,,,,
1773845972,2m 32.0s,152.0,1.40427155,103.70054037,196.9,196.9,30.0,376.9,2941.2,17.895,17.895,-17.895,,0.000,,-0.000,,2.80,0.00,180.0,180.0,,P-GPS,,,18,4,TRUE,,Mini 4 Pro,,,,,,FALSE,TRUE,,,,,,,,,,,,,,,,,,,,,,,,,,,,,,,,,,,,,,,,,,,,,,,,81.5,,,,8.064,,,,,,,8.984,,,,,,,,,,,,,,,,,,,,,,,,,,,,,,,,1.40500000,103.70135000,397.3,,,,,,,,,,,,,,,,,,,,,,,,,,,,Mini 4 Pro,SYNQMCJRHDMGMDXXB,CAMDQZY5LDGD87B2B,RCSHNLVVQDCBD2K6B,BATKQNFU2DNDFQJLB,,,,,,,,Mini 4 Pro,SYNQMCJRHDMGMDXXB,,,,DJI Fly,,1.13.5,496236F2-5496-5F5C-B855-91D5ED28D5EE,,,,,,,,,,
1773845973,2m 33.0s,153.0,1.40419960,103.70054037,196.9,196.9,30.0,376.9,2967.5,17.895,17.895,-17.895,,0.000,,-0.000,,2.80,0.00,180.0,180.0,,P-GPS,,,18,4,TRUE,,Mini 4 Pro,,,,,,FALSE,TRUE,,,,,,,,,,,,,,,,,,,,,,,,,,,,,,,,,,,,,,,,,,,,,,,,81.5,,,,8.063,,,,,,,8.984,,,,,,,,,,,,,,,,,,,,,,,,,,,,,,,,1.40500000,103.70135000,415.3,,,,,,,,,,,,,,,,,,,,,,,,,,,,Mini 4 Pro,SYNQMCJRHDMGMDXXB,CAMDQZY5LDGD87B2B,RCSHNLVVQDCBD2K6B,BATKQNFU2DNDFQJLB,,,,,,,,Mini 4 Pro,SYNQMCJRHDMGMDXXB,,,,DJI Fly,,1.13.5,496236F2-5496-5F5C-B855-91D5ED28D5EE,,,,,,,,,,
1773845974,2m 34.0s,154.0,1.40412766,103.70054037,196.9,196.9,30.0,376.9,2993.7,17.895,17.895,-17.895,,0.000,,-0.000,,2.80,0.00,180.0,180.0,,P-GPS,,,18,4,TRUE,,Mini 4 Pro,,,,,,FALSE,TRUE,,,,,,,,,,,,,,,,,,,,,,,,,,,,,,,,,,,,,,,,,,,,,,,,81.5,,,,8.063,,,,,,,8.984,,,,,,,,,,,,,,,,,,,,,,,,,,,,,,,,1.40500000,103.70135000,434.1,,,,,,,,,,,,,,,,,,,,,,,,,,,,Mini 4 Pro,SYNQMCJRHDMGMDXXB,CAMDQZY5LDGD87B2B,RCSHNLVVQDCBD2K6B,BATKQNFU2DNDFQJLB,,,,,,,,Mini 4 Pro,SYNQMCJRHDMGMDXXB,,,,DJI Fly,,1.13.5,496236F2-5496-5F5C-B855-91D5ED28D5EE,,,,,,,,,,
1773845975,2m 35.0s,155.0,1.40405571,103.70054037,196.9,196.9,30.0,376.9,3020.0,17.895,17.895,-17.895,,0.000,,-0.000,,2.80,0.00,180.0,180.0,,P-GPS,,,18,4,TRUE,,Mini 4 Pro,,,,,,FALSE,TRUE,,,,,,,,,,,,,,,,,,,,,,,,,,,,,,,,,,,,,,,,,,,,,,,,81.4,,,,8.062,,,,,,,8.984,,,,,,,,,,,,,,,,,,,,,,,,,,,,,,,,1.40500000,103.70135000,453.7,,,,,,,,,,,,,,,,,,,,,,,,,,,,Mini 4 Pro,SYNQMCJRHDMGMDXXB,CAMDQZY5LDGD87B2B,RCSHNLVVQDCBD2K6B,BATKQNFU2DNDFQJLB,,,,,,,,Mini 4 Pro,SYNQMCJRHDMGMDXXB,,,,DJI Fly,,1.13.5,496236F2-5496-5F5C-B855-91D5ED28D5EE,,,,,,,,,,
1773845976,2m 36.0s,156.0,1.40398377,103.70054037,196.9,196.9,30.0,376.9,3046.2,17.895,17.895,-17.895,,0.000,,-0.000,,2.80,0.00,180.0,180.0,,P-GPS,,,18,4,TRUE,,Mini 4 Pro,,,,,,FALSE,TRUE,,,,,,,,,,,,,,,,,,,,,,,,,,,,,,,,,,,,,,,,,,,,,,,,81.4,,,,8.062,,,,,,,8.984,,,,,,,,,,,,,,,,,,,,,,,,,,,,,,,,1.40500000,103.70135000,474.0,,,,,,,,,,,,,,,,,,,,,,,,,,,,Mini 4 Pro,SYNQMCJRHDMGMDXXB,CAMDQZY5LDGD87B2B,RCSHNLVVQDCBD2K6B,BATKQNFU2DNDFQJLB,,,,,,,,Mini 4 Pro,SYNQMCJRHDMGMDXXB,,,,DJI Fly,,1.13.5,496236F2-5496-5F5C-B855-91D5ED28D5EE,,,,,,,,,,
1773845977,2m 37.0s,157.0,1.40391182,103.70054037,196.9,196.9,30.0,376.9,3072.5,17.895,17.895,-17.895,,0.000,,-0.000,,2.80,0.00,180.0,180.0,,P-GPS,,,18,4,TRUE,,Mini 4 Pro,,,,,,FALSE,TRUE,,,,,,,,,,,,,,,,,,,,,,,,,,,,,,,,,,,,,,,,,,,,,,,,81.4,,,,8.061,,,,,,,8.984,,,,,,,,,,,,,,,,,,,,,,,,,,,,,,,,1.40500000,103.70135000,494.8,,,,,,,,,,,,,,,,,,,,,,,,,,,,Mini 4 Pro,SYNQMCJRHDMGMDXXB,CAMDQZY5LDGD87B2B,RCSHNLVVQDCBD2K6B,BATKQNFU2DNDFQJLB,,,,,,,,Mini 4 Pro,SYNQMCJRHDMGMDXXB,,,,DJI Fly,,1.13.5,496236F2-5496-5F5C-B855-91D5ED28D5EE,,,,,,,,,,
1773845978,2m 38.0s,158.0,1.40383988,103.70054037,196.9,196.9,30.0,376.9,3098.7,17.895,17.895,-17.895,,0.000,,-0.000,,2.80,0.00,180.0,180.0,,P-GPS,,,18,4,TRUE,,Mini 4 Pro,,,,,,FALSE,TRUE,,,,,,,,,,,,,,,,,,,,,,,,,,,,,,,,,,,,,,,,,,,,,,,,81.4,,,,8.061,,,,,,,8.984,,,,,,,,,,,,,,,,,,,,,,,,,,,,,,,,1.40500000,103.70135000,516.1,,,,,,,,,,,,,,,,,,,,,,,,,,,,Mini 4 Pro,SYNQMCJRHDMGMDXXB,CAMDQZY5LDGD87B2B,RCSHNLVVQDCBD2K6B,BATKQNFU2DNDFQJLB,,,,,,,,Mini 4 Pro,SYNQMCJRHDMGMDXXB,,,,DJI Fly,,1.13.5,496236F2-5496-5F5C-B855-91D5ED28D5EE,,,,,,,,,,
1773845979,2m 39.0s,159.0,1.40376793,103.70054037,196.9,196.9,30.0,376.9,3125.0,17.895,17.895,-17.895,,0.000,,-0.000,,2.80,0.00,180.0,180.0,,P-GPS,,,18,4,TRUE,,Mini 4 Pro,,,,,,FALSE,TRUE,,,,,,,,,,,,,,,,,,,,,,,,,,,,,,,,,,,,,,,,,,,,,,,,81.3,,,,8.061,,,,,,,8.984,,,,,,,,,,,,,,,,,,,,,,,,,,,,,,,,1.40500000,103.70135000,537.8,,,,,,,,,,,,,,,,,,,,,,,,,,,,Mini 4 Pro,SYNQMCJRHDMGMDXXB,CAMDQZY5LDGD87B2B,RCSHNLVVQDCBD2K6B,BATKQNFU2DNDFQJLB,,,,,,,,Mini 4 Pro,SYNQMCJRHDMGMDXXB,,,,DJI Fly,,1.13.5,496236F2-5496-5F5C-B855-91D5ED28D5EE,,,,,,,,,,
1773845980,2m 40.0s,160.0,1.40369598,103.70054037,196.9,196.9,30.0,376.9,3151.2,17.895,17.895,-17.895,,0.000,,-0.000,,2.80,0.00,180.0,180.0,,P-GPS,,,18,4,TRUE,,Mini 4 Pro,,,,,,FALSE,TRUE,,,,,,,,,,,,,,,,,,,,,,,,,,,,,,,,,,,,,,,,,,,,,,,,81.3,,,,8.060,,,,,,,8.984,,,,,,,,,,,,,,,,,,,,,,,,,,,,,,,,1.40500000,103.70135000,559.9,,,,,,,,,,,,,,,,,,,,,,,,,,,,Mini 4 Pro,SYNQMCJRHDMGMDXXB,CAMDQZY5LDGD87B2B,RCSHNLVVQDCBD2K6B,BATKQNFU2DNDFQJLB,,,,,,,,Mini 4 Pro,SYNQMCJRHDMGMDXXB,,,,DJI Fly,,1.13.5,496236F2-5496-5F5C-B855-91D5ED28D5EE,,,,,,,,,,
1773845981,2m 41.0s,161.0,1.40362404,103.70054037,196.9,196.9,30.0,376.9,3177.5,17.895,17.895,-17.895,,0.000,,-0.000,,2.80,0.00,180.0,180.0,,P-GPS,,,18,4,TRUE,,Mini 4 Pro,,,,,,FALSE,TRUE,,,,,,,,,,,,,,,,,,,,,,,,,,,,,,,,,,,,,,,,,,,,,,,,81.3,,,,8.060,,,,,,,8.984,,,,,,,,,,,,,,,,,,,,,,,,,,,,,,,,1.40500000,103.70135000,582.4,,,,,,,,,,,,,,,,,,,,,,,,,,,,Mini 4 Pro,SYNQMCJRHDMGMDXXB,CAMDQZY5LDGD87B2B,RCSHNLVVQDCBD2K6B,BATKQNFU2DNDFQJLB,,,,,,,,Mini 4 Pro,SYNQMCJRHDMGMDXXB,,,,DJI Fly,,1.13.5,496236F2-5496-5F5C-B855-91D5ED28D5EE,,,,,,,,,,
1773845982,2m 42.0s,162.0,1.40355209,103.70054037,196.9,196.9,30.0,376.9,3203.7,17.895,17.895,-17.895,,0.000,,-0.000,,2.80,0.00,180.0,180.0,,P-GPS,,,18,4,TRUE,,Mini 4 Pro,,,,,,FALSE,TRUE,,,,,,,,,,,,,,,,,,,,,,,,,,,,,,,,,,,,,,,,,,,,,,,,81.2,,,,8.059,,,,,,,8.984,,,,,,,,,,,,,,,,,,,,,,,,,,,,,,,,1.40500000,103.70135000,605.1,,,,,,,,,,,,,,,,,,,,,,,,,,,,Mini 4 Pro,SYNQMCJRHDMGMDXXB,CAMDQZY5LDGD87B2B,RCSHNLVVQDCBD2K6B,BATKQNFU2DNDFQJLB,,,,,,,,Mini 4 Pro,SYNQMCJRHDMGMDXXB,,,,DJI Fly,,1.13.5,496236F2-5496-5F5C-B855-91D5ED28D5EE,,,,,,,,,,
1773845983,2m 43.0s,163.0,1.40348015,103.70054037,196.9,196.9,30.0,376.9,3229.9,17.895,17.895,-17.895,,0.000,,-0.000,,2.80,0.00,180.0,180.0,,P-GPS,,,18,4,TRUE,,Mini 4 Pro,,,,,,FALSE,TRUE,,,,,,,,,,,,,,,,,,,,,,,,,,,,,,,,,,,,,,,,,,,,,,,,81.2,,,,8.059,,,,,,,8.984,,,,,,,,,,,,,,,,,,,,,,,,,,,,,,,,1.40500000,103.70135000,628.2,,,,,,,,,,,,,,,,,,,,,,,,,,,,Mini 4 Pro,SYNQMCJRHDMGMDXXB,CAMDQZY5LDGD87B2B,RCSHNLVVQDCBD2K6B,BATKQNFU2DNDFQJLB,,,,,,,,Mini 4 Pro,SYNQMCJRHDMGMDXXB,,,,DJI Fly,,1.13.5,496236F2-5496-5F5C-B855-91D5ED28D5EE,,,,,,,,,,
1773845984,2m 44.0s,164.0,1.40342619,103.70054037,196.9,196.9,30.0,376.9,3249.6,13.422,17.895,-13.422,,0.000,,-0.000,,2.10,0.00,180.0,180.0,,P-GPS,,,18,4,TRUE,,Mini 4 Pro,,,,,,FALSE,TRUE,,,,,,,,,,,,,,,,,,,,,,,,,,,,,,,,,,,,,,,,,,,,,,,,81.2,,,,8.058,,,,,,,7.884,,,,,,,,,,,,,,,,,,,,,,,,,,,,,,,,1.40500000,103.70135000,645.6,,,,,,,,,,,,,,,,,,,,,,,,,,,,Mini 4 Pro,SYNQMCJRHDMGMDXXB,CAMDQZY5LDGD87B2B,RCSHNLVVQDCBD2K6B,BATKQNFU2DNDFQJLB,,,,,,,,Mini 4 Pro,SYNQMCJRHDMGMDXXB,,,,DJI Fly,,1.13.5,496236F2-5496-5F5C-B855-91D5ED28D5EE,,,,,,,,,,
1773845985,2m 45.0s,165.0,1.40342619,103.70054037,196.9,196.9,30.0,376.9,3249.6,0.000,17.895,0.000,,0.000,,-0.000,,0.00,0.00,180.0,180.0,,P-GPS,,,18,4,TRUE,,Mini 4 Pro,,,,,,FALSE,TRUE,,,,,,,,,,,,,,,,,,,,,,,,,,,,,,,,,,,,,,,,,,,,,,,,81.1,,,,8.058,,,,,,,4.584,,,,,,,,,,,,,,,,,,,,,,,,,,,,,,,,1.40500000,103.70135000,645.6,,,,,,,,,,,,,,,,,,,,,,,,,,,,Mini 4 Pro,SYNQMCJRHDMGMDXXB,CAMDQZY5LDGD87B2B,RCSHNLVVQDCBD2K6B,BATKQNFU2DNDFQJLB,,,,,,,,Mini 4 Pro,SYNQMCJRHDMGMDXXB,,,,DJI Fly,,1.13.5,496236F2-5496-5F5C-B855-91D5ED28D5EE,,,,,,,,,,
1773845986,2m 46.0s,166.0,1.40342619,103.70059434,196.9,196.9,30.0,376.9,3269.3,13.422,17.895,0.000,,13.422,,-0.000,,2.10,-25.00,90.0,90.0,,P-GPS,,,18,4,TRUE,,Mini 4 Pro,,,,,,FALSE,TRUE,,,,,,,,,,,,,,,,,,,,,,,,,,,,,,,,,,,,,,,,,,,,,,,,81.1,,,,8.057,,,,,,,7.884,,,,,,,,,,,,,,,,,,,,,,,,,,,,,,,,1.40500000,103.70135000,636.9,,,,,,,,,,,,,,,,,,,,,,,,,,,,Mini 4 Pro,SYNQMCJRHDMGMDXXB,CAMDQZY5LDGD87B2B,RCSHNLVVQDCBD2K6B,BATKQNFU2DNDFQJLB,,,,,,,,Mini 4 Pro,SYNQMCJRHDMGMDXXB,,,,DJI Fly,,1.13.5,496236F2-5496-5F5C-B855-91D5ED28D5EE,,,,,,,,,,
1773845987,2m 47.0s,167.0,1.40342619,103.70064832,196.9,196.9,30.0,376.9,3289.0,13.422,17.895,0.000,,13.422,,-0.000,,2.10,0.00,90.0,90.0,,P-GPS,,,18,4,TRUE,,Mini 4 Pro,,,,,,FALSE,TRUE,,,,,,,,,,,,,,,,,,,,,,,,,,,,,,,,,,,,,,,,,,,,,,,,81.1,,,,8.057,,,,,,,7.884,,,,,,,,,,,,,,,,,,,,,,,,,,,,,,,,1.40500000,103.70135000,628.6,,,,,,,,,,,,,,,,,,,,,,,,,,,,Mini 4 Pro,SYNQMCJRHDMGMDXXB,CAMDQZY5LDGD87B2B,RCSHNLVVQDCBD2K6B,BATKQNFU2DNDFQJLB,,,,,,,,Mini 4 Pro,SYNQMCJRHDMGMDXXB,,,,DJI Fly,,1.13.5,496236F2-5496-5F5C-B855-91D5ED28D5EE,,,,,,,,,,
1773845988,2m 48.0s,168.0,1.40342619,103.70070229,196.9,196.9,30.0,376.9,3308.7,13.422,17.895,0.000,,13.422,,-0.000,,2.10,0.00,90.0,90.0,,P-GPS,,,18,4,TRUE,,Mini 4 Pro,,,,,,FALSE,TRUE,,,,,,,,,,,,,,,,,,,,,,,,,,,,,,,,,,,,,,,,,,,,,,,,81.1,,,,8.056,,,,,,,7.884,,,,,,,,,,,,,,,,,,,,,,,,,,,,,,,,1.40500000,103.70135000,620.8,,,,,,,,,,,,,,,,,,,,,,,,,,,,Mini 4 Pro,SYNQMCJRHDMGMDXXB,CAMDQZY5LDGD87B2B,RCSHNLVVQDCBD2K6B,BATKQNFU2DNDFQJLB,,,,,,,,Mini 4 Pro,SYNQMCJRHDMGMDXXB,,,,DJI Fly,,1.13.5,496236F2-5496-5F5C-B855-91D5ED28D5EE,,,,,,,,,,
1773845989,2m 49.0s,169.0,1.40342619,103.70075627,196.9,196.9,30.0,376.9,3328.4,13.422,17.895,0.000,,13.422,,-0.000,,2.10,0.00,90.0,90.0,,P-GPS,,,18,4,TRUE,,Mini 4 Pro,,,,,,FALSE,TRUE,,,,,,,,,,,,,,,,,,,,,,,,,,,,,,,,,,,,,,,,,,,,,,,,81.0,,,,8.056,,,,,,,7.884,,,,,,,,,,,,,,,,,,,,,,,,,,,,,,,,1.40500000,103.70135000,613.6,,,,,,,,,,,,,,,,,,,,,,,,,,,,Mini 4 Pro,SYNQMCJRHDMGMDXXB,CAMDQZY5LDGD87B2B,RCSHNLVVQDCBD2K6B,BATKQNFU2DNDFQJLB,,,,,,,,Mini 4 Pro,SYNQMCJRHDMGMDXXB,,,,DJI Fly,,1.13.5,496236F2-5496-5F5C-B855-91D5ED28D5EE,,,,,,,,,,
1773845990,2m 50.0s,170.0,1.40342619,103.70081024,196.9,196.9,30.0,376.9,3348.1,13.422,17.895,0.000,,13.422,,-0.000,,2.10,0.00,90.0,90.0,,P-GPS,,,18,4,TRUE,,Mini 4 Pro,,,,,,FALSE,TRUE,,,,,,,,,,,,,,,,,,,,,,,,,,,,,,,,,,,,,,,,,,,,,,,,81.0,,,,8.056,,,,,,,7.884,,,,,,,,,,,,,,,,,,,,,,,,,,,,,,,,1.40500000,103.70135000,607.0,,,,,,,,,,,,,,,,,,,,,,,,,,,,Mini 4 Pro,SYNQMCJRHDMGMDXXB,CAMDQZY5LDGD87B2B,RCSHNLVVQDCBD2K6B,BATKQNFU2DNDFQJLB,,,,,,,,Mini 4 Pro,SYNQMCJRHDMGMDXXB,,,,DJI Fly,,1.13.5,496236F2-5496-5F5C-B855-91D5ED28D5EE,,,,,,,,,,
1773845991,2m 51.0s,171.0,1.40342619,103.70086422,196.9,196.9,30.0,376.9,3367.7,13.422,17.895,0.000,,13.422,,-0.000,,2.10,0.00,90.0,90.0,,P-GPS,,,18,4,TRUE,,Mini 4 Pro,,,,,,FALSE,TRUE,,,,,,,,,,,,,,,,,,,,,,,,,,,,,,,,,,,,,,,,,,,,,,,,81.0,,,,8.055,,,,,,,7.884,,,,,,,,,,,,,,,,,,,,,,,,,,,,,,,,1.40500000,103.70135000,600.9,,,,,,,,,,,,,,,,,,,,,,,,,,,,Mini 4 Pro,SYNQMCJRHDMGMDXXB,CAMDQZY5LDGD87B2B,RCSHNLVVQDCBD2K6B,BATKQNFU2DNDFQJLB,,,,,,,,Mini 4 Pro,SYNQMCJRHDMGMDXXB,,,,DJI Fly,,1.13.5,496236F2-5496-5F5C-B855-91D5ED28D5EE,,,,,,,,,,
1773845992,2m 52.0s,172.0,1.40342619,103.70091820,196.9,196.9,30.0,376.9,3387.4,13.422,17.895,0.000,,13.422,,-0.000,,2.10,0.00,90.0,90.0,,P-GPS,,,18,4,TRUE,,Mini 4 Pro,,,,,,FALSE,TRUE,,,,,,,,,,,,,,,,,,,,,,,,,,,,,,,,,,,,,,,,,,,,,,,,80.9,,,,8.055,,,,,,,7.884,,,,,,,,,,,,,,,,,,,,,,,,,,,,,,,,1.40500000,103.70135000,595.4,,,,,,,,,,,,,,,,,,,,,,,,,,,,Mini 4 Pro,SYNQMCJRHDMGMDXXB,CAMDQZY5LDGD87B2B,RCSHNLVVQDCBD2K6B,BATKQNFU2DNDFQJLB,,,,,,,,Mini 4 Pro,SYNQMCJRHDMGMDXXB,,,,DJI Fly,,1.13.5,496236F2-5496-5F5C-B855-91D5ED28D5EE,,,,,,,,,,
1773845993,2m 53.0s,173.0,1.40342619,103.70097217,196.9,196.9,30.0,376.9,3407.1,13.422,17.895,0.000,,13.422,,-0.000,,2.10,0.00,90.0,90.0,,P-GPS,,,18,4,TRUE,,Mini 4 Pro,,,,,,FALSE,TRUE,,,,,,,,,,,,,,,,,,,,,,,,,,,,,,,,,,,,,,,,,,,,,,,,80.9,,,,8.054,,,,,,,7.884,,,,,,,,,,,,,,,,,,,,,,,,,,,,,,,,1.40500000,103.70135000,590.5,,,,,,,,,,,,,,,,,,,,,,,,,,,,Mini 4 Pro,SYNQMCJRHDMGMDXXB,CAMDQZY5LDGD87B2B,RCSHNLVVQDCBD2K6B,BATKQNFU2DNDFQJLB,,,,,,,,Mini 4 Pro,SYNQMCJRHDMGMDXXB,,,,DJI Fly,,1.13.5,496236F2-5496-5F5C-B855-91D5ED28D5EE,,,,,,,,,,
1773845994,2m 54.0s,174.0,1.40342619,103.70102615,196.9,196.9,30.0,376.9,3426.8,13.422,17.895,0.000,,13.422,,-0.000,,2.10,0.00,90.0,90.0,,P-GPS,,,18,4,TRUE,,Mini 4 Pro,,,,,,FALSE,TRUE,,,,,,,,,,,,,,,,,,,,,,,,,,,,,,,,,,,,,,,,,,,,,,,,80.9,,,,8.054,,,,,,,7.884,,,,,,,,,,,,,,,,,,,,,,,,,,,,,,,,1.40500000,103.70135000,586.2,,,,,,,,,,,,,,,,,,,,,,,,,,,,Mini 4 Pro,SYNQMCJRHDMGMDXXB,CAMDQZY5LDGD87B2B,RCSHNLVVQDCBD2K6B,BATKQNFU2DNDFQJLB,,,,,,,,Mini 4 Pro,SYNQMCJRHDMGMDXXB,,,,DJI Fly,,1.13.5,496236F2-5496-5F5C-B855-91D5ED28D5EE,,,,,,,,,,
1773845995,2m 55.0s,175.0,1.40342619,103.70108012,196.9,196.9,30.0,376.9,3446.5,13.422,17.895,0.000,,13.422,,-0.000,,2.10,0.00,90.0,90.0,,P-GPS,,,18,4,TRUE,,Mini 4 Pro,,,,,,FALSE,TRUE,,,,,,,,,,,,,,,,,,,,,,,,,,,,,,,,,,,,,,,,,,,,,,,,80.9,,,,8.053,,,,,,,7.884,,,,,,,,,,,,,,,,,,,,,,,,,,,,,,,,1.40500000,103.70135000,582.5,,,,,,,,,,,,,,,,,,,,,,,,,,,,Mini 4 Pro,SYNQMCJRHDMGMDXXB,CAMDQZY5LDGD87B2B,RCSHNLVVQDCBD2K6B,BATKQNFU2DNDFQJLB,,,,,,,,Mini 4 Pro,SYNQMCJRHDMGMDXXB,,,,DJI Fly,,1.13.5,496236F2-5496-5F5C-B855-91D5ED28D5EE,,,,,,,,,,
1773845996,2m 56.0s,176.0,1.40349813,103.70108012,196.9,196.9,30.0,376.9,3472.7,17.895,17.895,17.895,,0.000,,-0.000,,2.80,-25.00,0.0,0.0,,P-GPS,,,18,4,TRUE,,Mini 4 Pro,,,,,,FALSE,TRUE,,,,,,,,,,,,,,,,,,,,,,,,,,,,,,,,,,,,,,,,,,,,,,,,80.8,,,,8.053,,,,,,,8.984,,,,,,,,,,,,,,,,,,,,,,,,,,,,,,,,1.40500000,103.70135000,556.7,,,,,,,,,,,,,,,,,,,,,,,,,,,,Mini 4 Pro,SYNQMCJRHDMGMDXXB,CAMDQZY5LDGD87B2B,RCSHNLVVQDCBD2K6B,BATKQNFU2DNDFQJLB,,,,,,,,Mini 4 Pro,SYNQMCJRHDMGMDXXB,,,,DJI Fly,,1.13.5,496236F2-5496-5F5C-B855-91D5ED28D5EE,,,,,,,,,,
1773845997,2m 57.0s,177.0,1.40357008,103.70108012,196.9,196.9,30.0,376.9,3499.0,17.895,17.895,17.895,,0.000,,-0.000,,2.80,0.00,0.0,0.0,,P-GPS,,,18,4,TRUE,,Mini 4 Pro,,,,,,FALSE,TRUE,,,,,,,,,,,,,,,,,,,,,,,,,,,,,,,,,,,,,,,,,,,,,,,,80.8,,,,8.052,,,,,,,8.984,,,,,,,,,,,,,,,,,,,,,,,,,,,,,,,,1.40500000,103.70135000,530.9,,,,,,,,,,,,,,,,,,,,,,,,,,,,Mini 4 Pro,SYNQMCJRHDMGMDXXB,CAMDQZY5LDGD87B2B,RCSHNLVVQDCBD2K6B,BATKQNFU2DNDFQJLB,,,,,,,,Mini 4 Pro,SYNQMCJRHDMGMDXXB,,,,DJI Fly,,1.13.5,496236F2-5496-5F5C-B855-91D5ED28D5EE,,,,,,,,,,
1773845998,2m 58.0s,178.0,1.40364202,103.70108012,196.9,196.9,30.0,376.9,3525.2,17.895,17.895,17.895,,0.000,,-0.000,,2.80,0.00,0.0,0.0,,P-GPS,,,18,4,TRUE,,Mini 4 Pro,,,,,,FALSE,TRUE,,,,,,,,,,,,,,,,,,,,,,,,,,,,,,,,,,,,,,,,,,,,,,,,80.8,,,,8.052,,,,,,,8.984,,,,,,,,,,,,,,,,,,,,,,,,,,,,,,,,1.40500000,103.70135000,505.1,,,,,,,,,,,,,,,,,,,,,,,,,,,,Mini 4 Pro,SYNQMCJRHDMGMDXXB,CAMDQZY5LDGD87B2B,RCSHNLVVQDCBD2K6B,BATKQNFU2DNDFQJLB,,,,,,,,Mini 4 Pro,SYNQMCJRHDMGMDXXB,,,,DJI Fly,,1.13.5,496236F2-5496-5F5C-B855-91D5ED28D5EE,,,,,,,,,,
1773845999,2m 59.0s,179.0,1.40371397,103.70108012,196.9,196.9,30.0,376.9,3551.5,17.895,17.895,17.895,,0.000,,-0.000,,2.80,0.00,0.0,0.0,,P-GPS,,,18,4,TRUE,,Mini 4 Pro,,,,,,FALSE,TRUE,,,,,,,,,,,,,,,,,,,,,,,,,,,,,,,,,,,,,,,,,,,,,,,,80.7,,,,8.051,,,,,,,8.984,,,,,,,,,,,,,,,,,,,,,,,,,,,,,,,,1.40500000,103.70135000,479.4,,,,,,,,,,,,,,,,,,,,,,,,,,,,Mini 4 Pro,SYNQMCJRHDMGMDXXB,CAMDQZY5LDGD87B2B,RCSHNLVVQDCBD2K6B,BATKQNFU2DNDFQJLB,,,,,,,,Mini 4 Pro,SYNQMCJRHDMGMDXXB,,,,DJI Fly,,1.13.5,496236F2-5496-5F5C-B855-91D5ED28D5EE,,,,,,,,,,
1773846000,3m 0.0s,180.0,1.40378592,103.70108012,196.9,196.9,30.0,376.9,3577.7,17.895,17.895,17.895,,0.000,,-0.000,,2.80,0.00,0.0,0.0,,P-GPS,,,18,4,TRUE,,Mini 4 Pro,,,,,,FALSE,TRUE,,,,,,,,,,,,,,,,,,,,,,,,,,,,,,,,,,,,,,,,,,,,,,,,80.7,,,,8.051,,,,,,,8.984,,,,,,,,,,,,,,,,,,,,,,,,,,,,,,,,1.40500000,103.70135000,453.7,,,,,,,,,,,,,,,,,,,,,,,,,,,,Mini 4 Pro,SYNQMCJRHDMGMDXXB,CAMDQZY5LDGD87B2B,RCSHNLVVQDCBD2K6B,BATKQNFU2DNDFQJLB,,,,,,,,Mini 4 Pro,SYNQMCJRHDMGMDXXB,,,,DJI Fly,,1.13.5,496236F2-5496-5F5C-B855-91D5ED28D5EE,,,,,,,,,,
1773846001,3m 1.0s,181.0,1.40385786,103.70108012,196.9,196.9,30.0,376.9,3604.0,17.895,17.895,17.895,,0.000,,-0.000,,2.80,0.00,0.0,0.0,,P-GPS,,,18,4,TRUE,,Mini 4 Pro,,,,,,FALSE,TRUE,,,,,,,,,,,,,,,,,,,,,,,,,,,,,,,,,,,,,,,,,,,,,,,,80.7,,,,8.050,,,,,,,8.984,,,,,,,,,,,,,,,,,,,,,,,,,,,,,,,,1.40500000,103.70135000,428.1,,,,,,,,,,,,,,,,,,,,,,,,,,,,Mini 4 Pro,SYNQMCJRHDMGMDXXB,CAMDQZY5LDGD87B2B,RCSHNLVVQDCBD2K6B,BATKQNFU2DNDFQJLB,,,,,,,,Mini 4 Pro,SYNQMCJRHDMGMDXXB,,,,DJI Fly,,1.13.5,496236F2-5496-5F5C-B855-91D5ED28D5EE,,,,,,,,,,
1773846002,3m 2.0s,182.0,1.40392981,103.70108012,196.9,196.9,30.0,376.9,3630.2,17.895,17.895,17.895,,0.000,,-0.000,,2.80,0.00,0.0,0.0,,P-GPS,,,18,4,TRUE,,Mini 4 Pro,,,,,,FALSE,TRUE,,,,,,,,,,,,,,,,,,,,,,,,,,,,,,,,,,,,,,,,,,,,,,,,80.6,,,,8.050,,,,,,,8.984,,,,,,,,,,,,,,,,,,,,,,,,,,,,,,,,1.40500000,103.70135000,402.6,,,,,,,,,,,,,,,,,,,,,,,,,,,,Mini 4 Pro,SYNQMCJRHDMGMDXXB,CAMDQZY5LDGD87B2B,RCSHNLVVQDCBD2K6B,BATKQNFU2DNDFQJLB,,,,,,,,Mini 4 Pro,SYNQMCJRHDMGMDXXB,,,,DJI Fly,,1.13.5,496236F2-5496-5F5C-B855-91D5ED28D5EE,,,,,,,,,,
1773846003,3m 3.0s,183.0,1.40400175,103.70108012,196.9,196.9,30.0,376.9,3656.5,17.895,17.895,17.895,,0.000,,-0.000,,2.80,0.00,0.0,0.0,,P-GPS,,,18,4,TRUE,,Mini 4 Pro,,,,,,FALSE,TRUE,,,,,,,,,,,,,,,,,,,,,,,,,,,,,,,,,,,,,,,,,,,,,,,,80.6,,,,8.050,,,,,,,8.984,,,,,,,,,,,,,,,,,,,,,,,,,,,,,,,,1.40500000,103.70135000,377.2,,,,,,,,,,,,,,,,,,,,,,,,,,,,Mini 4 Pro,SYNQMCJRHDMGMDXXB,CAMDQZY5LDGD87B2B,RCSHNLVVQDCBD2K6B,BATKQNFU2DNDFQJLB,,,,,,,,Mini 4 Pro,SYNQMCJRHDMGMDXXB,,,,DJI Fly,,1.13.5,496236F2-5496-5F5C-B855-91D5ED28D5EE,,,,,,,,,,
1773846004,3m 4.0s,184.0,1.40407370,103.70108012,196.9,196.9,30.0,376.9,3682.7,17.895,17.895,17.895,,0.000,,-0.000,,2.80,0.00,0.0,0.0,,P-GPS,,,18,4,TRUE,,Mini 4 Pro,,,,,,FALSE,TRUE,,,,,,,,,,,,,,,,,,,,,,,,,,,,,,,,,,,,,,,,,,,,,,,,80.6,,,,8.049,,,,,,,8.984,,,,,,,,,,,,,,,,,,,,,,,,,,,,,,,,1.40500000,103.70135000,352.0,,,,,,,,,,,,,,,,,,,,,,,,,,,,Mini 4 Pro,SYNQMCJRHDMGMDXXB,CAMDQZY5LDGD87B2B,RCSHNLVVQDCBD2K6B,BATKQNFU2DNDFQJLB,,,,,,,,Mini 4 Pro,SYNQMCJRHDMGMDXXB,,,,DJI Fly,,1.13.5,496236F2-5496-5F5C-B855-91D5ED28D5EE,,,,,,,,,,
1773846005,3m 5.0s,185.0,1.40414564,103.70108012,196.9,196.9,30.0,376.9,3709.0,17.895,17.895,17.895,,0.000,,-0.000,,2.80,0.00,0.0,0.0,,P-GPS,,,18,4,TRUE,,Mini 4 Pro,,,,,,FALSE,TRUE,,,,,,,,,,,,,,,,,,,,,,,,,,,,,,,,,,,,,,,,,,,,,,,,80.6,,,,8.049,,,,,,,8.984,,,,,,,,,,,,,,,,,,,,,,,,,,,,,,,,1.40500000,103.70135000,326.9,,,,,,,,,,,,,,,,,,,,,,,,,,,,Mini 4 Pro,SYNQMCJRHDMGMDXXB,CAMDQZY5LDGD87B2B,RCSHNLVVQDCBD2K6B,BATKQNFU2DNDFQJLB,,,,,,,,Mini 4 Pro,SYNQMCJRHDMGMDXXB,,,,DJI Fly,,1.13.5,496236F2-5496-5F5C-B855-91D5ED28D5EE,,,,,,,,,,
1773846006,3m 6.0s,186.0,1.40421759,103.70108012,196.9,196.9,30.0,376.9,3735.2,17.895,17.895,17.895,,0.000,,-0.000,,2.80,0.00,0.0,0.0,,P-GPS,,,18,4,TRUE,,Mini 4 Pro,,,,,,FALSE,TRUE,,,,,,,,,,,,,,,,,,,,,,,,,,,,,,,,,,,,,,,,,,,,,,,,80.5,,,,8.048,,,,,,,8.984,,,,,,,,,,,,,,,,,,,,,,,,,,,,,,,,1.40500000,103.70135000,301.9,,,,,,,,,,,,,,,,,,,,,,,,,,,,Mini 4 Pro,SYNQMCJRHDMGMDXXB,CAMDQZY5LDGD87B2B,RCSHNLVVQDCBD2K6B,BATKQNFU2DNDFQJLB,,,,,,,,Mini 4 Pro,SYNQMCJRHDMGMDXXB,,,,DJI Fly,,1.13.5,496236F2-5496-5F5C-B855-91D5ED28D5EE,,,,,,,,,,
1773846007,3m 7.0s,187.0,1.40428954,103.70108012,196.9,196.9,30.0,376.9,3761.4,17.895,17.895,17.895,,0.000,,-0.000,,2.80,0.00,0.0,0.0,,P-GPS,,,18,4,TRUE,,Mini 4 Pro,,,,,,FALSE,TRUE,,,,,,,,,,,,,,,,,,,,,,,,,,,,,,,,,,,,,,,,,,,,,,,,80.5,,,,8.048,,,,,,,8.984,,,,,,,,,,,,,,,,,,,,,,,,,,,,,,,,1.40500000,103.70135000,277.2,,,,,,,,,,,,,,,,,,,,,,,,,,,,Mini 4 Pro,SYNQMCJRHDMGMDXXB,CAMDQZY5LDGD87B2B,RCSHNLVVQDCBD2K6B,BATKQNFU2DNDFQJLB,,,,,,,,Mini 4 Pro,SYNQMCJRHDMGMDXXB,,,,DJI Fly,,1.13.5,496236F2-5496-5F5C-B855-91D5ED28D5EE,,,,,,,,,,
1773846008,3m 8.0s,188.0,1.40436148,103.70108012,196.9,196.9,30.0,376.9,3787.7,17.895,17.895,17.895,,0.000,,-0.000,,2.80,0.00,0.0,0.0,,P-GPS,,,18,4,TRUE,,Mini 4 Pro,,,,,,FALSE,TRUE,,,,,,,,,,,,,,,,,,,,,,,,,,,,,,,,,,,,,,,,,,,,,,,,80.5,,,,8.047,,,,,,,8.984,,,,,,,,,,,,,,,,,,,,,,,,,,,,,,,,1.40500000,103.70135000,252.9,,,,,,,,,,,,,,,,,,,,,,,,,,,,Mini 4 Pro,SYNQMCJRHDMGMDXXB,CAMDQZY5LDGD87B2B,RCSHNLVVQDCBD2K6B,BATKQNFU2DNDFQJLB,,,,,,,,Mini 4 Pro,SYNQMCJRHDMGMDXXB,,,,DJI Fly,,1.13.5,496236F2-5496-5F5C-B855-91D5ED28D5EE,,,,,,,,,,
1773846009,3m 9.0s,189.0,1.40443343,103.70108012,196.9,196.9,30.0,376.9,3813.9,17.895,17.895,17.895,,0.000,,-0.000,,2.80,0.00,0.0,0.0,,P-GPS,,,18,4,TRUE,,Mini 4 Pro,,,,,,FALSE,TRUE,,,,,,,,,,,,,,,,,,,,,,,,,,,,,,,,,,,,,,,,,,,,,,,,80.4,,,,8.047,,,,,,,8.984,,,,,,,,,,,,,,,,,,,,,,,,,,,,,,,,1.40500000,103.70135000,228.9,,,,,,,,,,,,,,,,,,,,,,,,,,,,Mini 4 Pro,SYNQMCJRHDMGMDXXB,CAMDQZY5LDGD87B2B,RCSHNLVVQDCBD2K6B,BATKQNFU2DNDFQJLB,,,,,,,,Mini 4 Pro,SYNQMCJRHDMGMDXXB,,,,DJI Fly,,1.13.5,496236F2-5496-5F5C-B855-91D5ED28D5EE,,,,,,,,,,
1773846010,3m 10.0s,190.0,1.40450537,103.70108012,196.9,196.9,30.0,376.9,3840.2,17.895,17.895,17.895,,0.000,,-0.000,,2.80,0.00,0.0,0.0,,P-GPS,,,18,4,TRUE,,Mini 4 Pro,,,,,,FALSE,TRUE,,,,,,,,,,,,,,,,,,,,,,,,,,,,,,,,,,,,,,,,,,,,,,,,80.4,,,,8.046,,,,,,,8.984,,,,,,,,,,,,,,,,,,,,,,,,,,,,,,,,1.40500000,103.70135000,205.5,,,,,,,,,,,,,,,,,,,,,,,,,,,,Mini 4 Pro,SYNQMCJRHDMGMDXXB,CAMDQZY5LDGD87B2B,RCSHNLVVQDCBD2K6B,BATKQNFU2DNDFQJLB,,,,,,,,Mini 4 Pro,SYNQMCJRHDMGMDXXB,,,,DJI Fly,,1.13.5,496236F2-5496-5F5C-B855-91D5ED28D5EE,,,,,,,,,,
1773846011,3m 11.0s,191.0,1.40457732,103.70108012,196.9,196.9,30.0,376.9,3866.4,17.895,17.895,17.895,,0.000,,-0.000,,2.80,0.00,0.0,0.0,,P-GPS,,,18,4,TRUE,,Mini 4 Pro,,,,,,FALSE,TRUE,,,,,,,,,,,,,,,,,,,,,,,,,,,,,,,,,,,,,,,,,,,,,,,,80.4,,,,8.046,,,,,,,8.984,,,,,,,,,,,,,,,,,,,,,,,,,,,,,,,,1.40500000,103.70135000,182.9,,,,,,,,,,,,,,,,,,,,,,,,,,,,Mini 4 Pro,SYNQMCJRHDMGMDXXB,CAMDQZY5LDGD87B2B,RCSHNLVVQDCBD2K6B,BATKQNFU2DNDFQJLB,,,,,,,,Mini 4 Pro,SYNQMCJRHDMGMDXXB,,,,DJI Fly,,1.13.5,496236F2-5496-5F5C-B855-91D5ED28D5EE,,,,,,,,,,
1773846012,3m 12.0s,192.0,1.40464926,103.70108012,196.9,196.9,30.0,376.9,3892.7,17.895,17.895,17.895,,0.000,,-0.000,,2.80,0.00,0.0,0.0,,P-GPS,,,18,4,TRUE,,Mini 4 Pro,,,,,,FALSE,TRUE,,,,,,,,,,,,,,,,,,,,,,,,,,,,,,,,,,,,,,,,,,,,,,,,80.4,,,,8.045,,,,,,,8.984,,,,,,,,,,,,,,,,,,,,,,,,,,,,,,,,1.40500000,103.70135000,161.4,,,,,,,,,,,,,,,,,,,,,,,,,,,,Mini 4 Pro,SYNQMCJRHDMGMDXXB,CAMDQZY5LDGD87B2B,RCSHNLVVQDCBD2K6B,BATKQNFU2DNDFQJLB,,,,,,,,Mini 4 Pro,SYNQMCJRHDMGMDXXB,,,,DJI Fly,,1.13.5,496236F2-5496-5F5C-B855-91D5ED28D5EE,,,,,,,,,,
1773846013,3m 13.0s,193.0,1.40472121,103.70108012,196.9,196.9,30.0,376.9,3918.9,17.895,17.895,17.895,,0.000,,-0.000,,2.80,0.00,0.0,0.0,,P-GPS,,,18,4,TRUE,,Mini 4 Pro,,,,,,FALSE,TRUE,,,,,,,,,,,,,,,,,,,,,,,,,,,,,,,,,,,,,,,,,,,,,,,,80.3,,,,8.045,,,,,,,8.984,,,,,,,,,,,,,,,,,,,,,,,,,,,,,,,,1.40500000,103.70135000,141.5,,,,,,,,,,,,,,,,,,,,,,,,,,,,Mini 4 Pro,SYNQMCJRHDMGMDXXB,CAMDQZY5LDGD87B2B,RCSHNLVVQDCBD2K6B,BATKQNFU2DNDFQJLB,,,,,,,,Mini 4 Pro,SYNQMCJRHDMGMDXXB,,,,DJI Fly,,1.13.5,496236F2-5496-5F5C-B855-91D5ED28D5EE,,,,,,,,,,
1773846014,3m 14.0s,194.0,1.40479316,103.70108012,196.9,196.9,30.0,376.9,3945.2,17.895,17.895,17.895,,0.000,,-0.000,,2.80,0.00,0.0,0.0,,P-GPS,,,18,4,TRUE,,Mini 4 Pro,,,,,,FALSE,TRUE,,,,,,,,,,,,,,,,,,,,,,,,,,,,,,,,,,,,,,,,,,,,,,,,80.3,,,,8.045,,,,,,,8.984,,,,,,,,,,,,,,,,,,,,,,,,,,,,,,,,1.40500000,103.70135000,124.0,,,,,,,,,,,,,,,,,,,,,,,,,,,,Mini 4 Pro,SYNQMCJRHDMGMDXXB,CAMDQZY5LDGD87B2B,RCSHNLVVQDCBD2K6B,BATKQNFU2DNDFQJLB,,,,,,,,Mini 4 Pro,SYNQMCJRHDMGMDXXB,,,,DJI Fly,,1.13.5,496236F2-5496-5F5C-B855-91D5ED28D5EE,,,,,,,,,,
1773846015,3m 15.0s,195.0,1.40486510,103.70108012,196.9,196.9,30.0,376.9,3971.4,17.895,17.895,17.895,,0.000,,-0.000,,2.80,0.00,0.0,0.0,,P-GPS,,,18,4,TRUE,,Mini 4 Pro,,,,,,FALSE,TRUE,,,,,,,,,,,,,,,,,,,,,,,,,,,,,,,,,,,,,,,,,,,,,,,,80.3,,,,8.044,,,,,,,8.984,,,,,,,,,,,,,,,,,,,,,,,,,,,,,,,,1.40500000,103.70135000,110.0,,,,,,,,,,,,,,,,,,,,,,,,,,,,Mini 4 Pro,SYNQMCJRHDMGMDXXB,CAMDQZY5LDGD87B2B,RCSHNLVVQDCBD2K6B,BATKQNFU2DNDFQJLB,,,,,,,,Mini 4 Pro,SYNQMCJRHDMGMDXXB,,,,DJI Fly,,1.13.5,496236F2-5496-5F5C-B855-91D5ED28D5EE,,,,,,,,,,
1773846016,3m 16.0s,196.0,1.40493705,103.70108012,196.9,196.9,30.0,376.9,3997.7,17.895,17.895,17.895,,0.000,,-0.000,,2.80,0.00,0.0,0.0,,P-GPS,,,18,4,TRUE,,Mini 4 Pro,,,,,,FALSE,TRUE,,,,,,,,,,,,,,,,,,,,,,,,,,,,,,,,,,,,,,,,,,,,,,,,80.2,,,,8.044,,,,,,,8.984,,,,,,,,,,,,,,,,,,,,,,,,,,,,,,,,1.40500000,103.70135000,101.1,,,,,,,,,,,,,,,,,,,,,,,,,,,,Mini 4 Pro,SYNQMCJRHDMGMDXXB,CAMDQZY5LDGD87B2B,RCSHNLVVQDCBD2K6B,BATKQNFU2DNDFQJLB,,,,,,,,Mini 4 Pro,SYNQMCJRHDMGMDXXB,,,,DJI Fly,,1.13.5,496236F2-5496-5F5C-B855-91D5ED28D5EE,,,,,,,,,,
1773846017,3m 17.0s,197.0,1.40500899,103.70108012,196.9,196.9,30.0,376.9,4023.9,17.895,17.895,17.895,,0.000,,-0.000,,2.80,0.00,0.0,0.0,,P-GPS,,,18,4,TRUE,,Mini 4 Pro,,,,,,FALSE,TRUE,,,,,,,,,,,,,,,,,,,,,,,,,,,,,,,,,,,,,,,,,,,,,,,,80.2,,,,8.043,,,,,,,8.984,,,,,,,,,,,,,,,,,,,,,,,,,,,,,,,,1.40500000,103.70135000,98.5,,,,,,,,,,,,,,,,,,,,,,,,,,,,Mini 4 Pro,SYNQMCJRHDMGMDXXB,CAMDQZY5LDGD87B2B,RCSHNLVVQDCBD2K6B,BATKQNFU2DNDFQJLB,,,,,,,,Mini 4 Pro,SYNQMCJRHDMGMDXXB,,,,DJI Fly,,1.13.5,496236F2-5496-5F5C-B855-91D5ED28D5EE,,,,,,,,,,
1773846018,3m 18.0s,198.0,1.40508094,103.70108012,196.9,196.9,30.0,376.9,4050.2,17.895,17.895,17.895,,0.000,,-0.000,,2.80,0.00,0.0,0.0,,P-GPS,,,18,4,TRUE,,Mini 4 Pro,,,,,,FALSE,TRUE,,,,,,,,,,,,,,,,,,,,,,,,,,,,,,,,,,,,,,,,,,,,,,,,80.2,,,,8.043,,,,,,,8.984,,,,,,,,,,,,,,,,,,,,,,,,,,,,,,,,1.40500000,103.70135000,102.8,,,,,,,,,,,,,,,,,,,,,,,,,,,,Mini 4 Pro,SYNQMCJRHDMGMDXXB,CAMDQZY5LDGD87B2B,RCSHNLVVQDCBD2K6B,BATKQNFU2DNDFQJLB,,,,,,,,Mini 4 Pro,SYNQMCJRHDMGMDXXB,,,,DJI Fly,,1.13.5,496236F2-5496-5F5C-B855-91D5ED28D5EE,,,,,,,,,,
1773846019,3m 19.0s,199.0,1.40515288,103.70108012,196.9,196.9,30.0,376.9,4076.4,17.895,17.895,17.895,,0.000,,-0.000,,2.80,0.00,0.0,0.0,,P-GPS,,,18,4,TRUE,,Mini 4 Pro,,,,,,FALSE,TRUE,,,,,,,,,,,,,,,,,,,,,,,,,,,,,,,,,,,,,,,,,,,,,,,,80.1,,,,8.042,,,,,,,8.984,,,,,,,,,,,,,,,,,,,,,,,,,,,,,,,,1.40500000,103.70135000,113.1,,,,,,,,,,,,,,,,,,,,,,,,,,,,Mini 4 Pro,SYNQMCJRHDMGMDXXB,CAMDQZY5LDGD87B2B,RCSHNLVVQDCBD2K6B,BATKQNFU2DNDFQJLB,,,,,,,,Mini 4 Pro,SYNQMCJRHDMGMDXXB,,,,DJI Fly,,1.13.5,496236F2-5496-5F5C-B855-91D5ED28D5EE,,,,,,,,,,
1773846020,3m 20.0s,200.0,1.40522483,103.70108012,196.9,196.9,30.0,376.9,4102.7,17.895,17.895,17.895,,0.000,,-0.000,,2.80,0.00,0.0,0.0,,P-GPS,,,18,4,TRUE,,Mini 4 Pro,,,,,,FALSE,TRUE,,,,,,,,,,,,,,,,,,,,,,,,,,,,,,,,,,,,,,,,,,,,,,,,80.1,,,,8.042,,,,,,,8.984,,,,,,,,,,,,,,,,,,,,,,,,,,,,,,,,1.40500000,103.70135000,128.1,,,,,,,,,,,,,,,,,,,,,,,,,,,,Mini 4 Pro,SYNQMCJRHDMGMDXXB,CAMDQZY5LDGD87B2B,RCSHNLVVQDCBD2K6B,BATKQNFU2DNDFQJLB,,,,,,,,Mini 4 Pro,SYNQMCJRHDMGMDXXB,,,,DJI Fly,,1.13.5,496236F2-5496-5F5C-B855-91D5ED28D5EE,,,,,,,,,,
1773846021,3m 21.0s,201.0,1.40529678,103.70108012,196.9,196.9,30.0,376.9,4128.9,17.895,17.895,17.895,,0.000,,-0.000,,2.80,0.00,0.0,0.0,,P-GPS,,,18,4,TRUE,,Mini 4 Pro,,,,,,FALSE,TRUE,,,,,,,,,,,,,,,,,,,,,,,,,,,,,,,,,,,,,,,,,,,,,,,,80.1,,,,8.041,,,,,,,8.984,,,,,,,,,,,,,,,,,,,,,,,,,,,,,,,,1.40500000,103.70135000,146.3,,,,,,,,,,,,,,,,,,,,,,,,,,,,Mini 4 Pro,SYNQMCJRHDMGMDXXB,CAMDQZY5LDGD87B2B,RCSHNLVVQDCBD2K6B,BATKQNFU2DNDFQJLB,,,,,,,,Mini 4 Pro,SYNQMCJRHDMGMDXXB,,,,DJI Fly,,1.13.5,496236F2-5496-5F5C-B855-91D5ED28D5EE,,,,,,,,,,
1773846022,3m 22.0s,202.0,1.40536872,103.70108012,196.9,196.9,30.0,376.9,4155.1,17.895,17.895,17.895,,0.000,,-0.000,,2.80,0.00,0.0,0.0,,P-GPS,,,18,4,TRUE,,Mini 4 Pro,,,,,,FALSE,TRUE,,,,,,,,,,,,,,,,,,,,,,,,,,,,,,,,,,,,,,,,,,,,,,,,80.1,,,,8.041,,,,,,,8.984,,,,,,,,,,,,,,,,,,,,,,,,,,,,,,,,1.40500000,103.70135000,166.7,,,,,,,,,,,,,,,,,,,,,,,,,,,,Mini 4 Pro,SYNQMCJRHDMGMDXXB,CAMDQZY5LDGD87B2B,RCSHNLVVQDCBD2K6B,BATKQNFU2DNDFQJLB,,,,,,,,Mini 4 Pro,SYNQMCJRHDMGMDXXB,,,,DJI Fly,,1.13.5,496236F2-5496-5F5C-B855-91D5ED28D5EE,,,,,,,,,,
1773846023,3m 23.0s,203.0,1.40544067,103.70108012,196.9,196.9,30.0,376.9,4181.4,17.895,17.895,17.895,,0.000,,-0.000,,2.80,0.00,0.0,0.0,,P-GPS,,,18,4,TRUE,,Mini 4 Pro,,,,,,FALSE,TRUE,,,,,,,,,,,,,,,,,,,,,,,,,,,,,,,,,,,,,,,,,,,,,,,,80.0,,,,8.040,,,,,,,8.984,,,,,,,,,,,,,,,,,,,,,,,,,,,,,,,,1.40500000,103.70135000,188.5,,,,,,,,,,,,,,,,,,,,,,,,,,,,Mini 4 Pro,SYNQMCJRHDMGMDXXB,CAMDQZY5LDGD87B2B,RCSHNLVVQDCBD2K6B,BATKQNFU2DNDFQJLB,,,,,,,,Mini 4 Pro,SYNQMCJRHDMGMDXXB,,,,DJI Fly,,1.13.5,496236F2-5496-5F5C-B855-91D5ED28D5EE,,,,,,,,,,
1773846024,3m 24.0s,204.0,1.40551261,103.70108012,196.9,196.9,30.0,376.9,4207.6,17.895,17.895,17.895,,0.000,,-0.000,,2.80,0.00,0.0,0.0,,P-GPS,,,18,4,TRUE,,Mini 4 Pro,,,,,,FALSE,TRUE,,,,,,,,,,,,,,,,,,,,,,,,,,,,,,,,,,,,,,,,,,,,,,,,80.0,,,,8.040,,,,,,,8.984,,,,,,,,,,,,,,,,,,,,,,,,,,,,,,,,1.40500000,103.70135000,211.3,,,,,,,,,,,,,,,,,,,,,,,,,,,,Mini 4 Pro,SYNQMCJRHDMGMDXXB,CAMDQZY5LDGD87B2B,RCSHNLVVQDCBD2K6B,BATKQNFU2DNDFQJLB,,,,,,,,Mini 4 Pro,SYNQMCJRHDMGMDXXB,,,,DJI Fly,,1.13.5,496236F2-5496-5F5C-B855-91D5ED28D5EE,,,,,,,,,,
1773846025,3m 25.0s,205.0,1.40558456,103.70108012,196.9,196.9,30.0,376.9,4233.9,17.895,17.895,17.895,,0.000,,-0.000,,2.80,0.00,0.0,0.0,,P-GPS,,,18,4,TRUE,,Mini 4 Pro,,,,,,FALSE,TRUE,,,,,,,,,,,,,,,,,,,,,,,,,,,,,,,,,,,,,,,,,,,,,,,,80.0,,,,8.040,,,,,,,8.984,,,,,,,,,,,,,,,,,,,,,,,,,,,,,,,,1.40500000,103.70135000,234.9,,,,,,,,,,,,,,,,,,,,,,,,,,,,Mini 4 Pro,SYNQMCJRHDMGMDXXB,CAMDQZY5LDGD87B2B,RCSHNLVVQDCBD2K6B,BATKQNFU2DNDFQJLB,,,,,,,,Mini 4 Pro,SYNQMCJRHDMGMDXXB,,,,DJI Fly,,1.13.5,496236F2-5496-5F5C-B855-91D5ED28D5EE,,,,,,,,,,
1773846026,3m 26.0s,206.0,1.40565650,103.70108012,196.9,196.9,30.0,376.9,4260.1,17.895,17.895,17.895,,0.000,,-0.000,,2.80,0.00,0.0,0.0,,P-GPS,,,18,4,TRUE,,Mini 4 Pro,,,,,,FALSE,TRUE,,,,,,,,,,,,,,,,,,,,,,,,,,,,,,,,,,,,,,,,,,,,,,,,79.9,,,,8.039,,,,,,,8.984,,,,,,,,,,,,,,,,,,,,,,,,,,,,,,,,1.40500000,103.70135000,258.9,,,,,,,,,,,,,,,,,,,,,,,,,,,,Mini 4 Pro,SYNQMCJRHDMGMDXXB,CAMDQZY5LDGD87B2B,RCSHNLVVQDCBD2K6B,BATKQNFU2DNDFQJLB,,,,,,,,Mini 4 Pro,SYNQMCJRHDMGMDXXB,,,,DJI Fly,,1.13.5,496236F2-5496-5F5C-B855-91D5ED28D5EE,,,,,,,,,,
1773846027,3m 27.0s,207.0,1.40572845,103.70108012,196.9,196.9,30.0,376.9,4286.4,17.895,17.895,17.895,,0.000,,-0.000,,2.80,0.00,0.0,0.0,,P-GPS,,,18,4,TRUE,,Mini 4 Pro,,,,,,FALSE,TRUE,,,,,,,,,,,,,,,,,,,,,,,,,,,,,,,,,,,,,,,,,,,,,,,,79.9,,,,8.039,,,,,,,8.984,,,,,,,,,,,,,,,,,,,,,,,,,,,,,,,,1.40500000,103.70135000,283.4,,,,,,,,,,,,,,,,,,,,,,,,,,,,Mini 4 Pro,SYNQMCJRHDMGMDXXB,CAMDQZY5LDGD87B2B,RCSHNLVVQDCBD2K6B,BATKQNFU2DNDFQJLB,,,,,,,,Mini 4 Pro,SYNQMCJRHDMGMDXXB,,,,DJI Fly,,1.13.5,496236F2-5496-5F5C-B855-91D5ED28D5EE,,,,,,,,,,
1773846028,3m 28.0s,208.0,1.40580040,103.70108012,196.9,196.9,30.0,376.9,4312.6,17.895,17.895,17.895,,0.000,,-0.000,,2.80,0.00,0.0,0.0,,P-GPS,,,18,4,TRUE,,Mini 4 Pro,,,,,,FALSE,TRUE,,,,,,,,,,,,,,,,,,,,,,,,,,,,,,,,,,,,,,,,,,,,,,,,79.9,,,,8.038,,,,,,,8.984,,,,,,,,,,,,,,,,,,,,,,,,,,,,,,,,1.40500000,103.70135000,308.1,,,,,,,,,,,,,,,,,,,,,,,,,,,,Mini 4 Pro,SYNQMCJRHDMGMDXXB,CAMDQZY5LDGD87B2B,RCSHNLVVQDCBD2K6B,BATKQNFU2DNDFQJLB,,,,,,,,Mini 4 Pro,SYNQMCJRHDMGMDXXB,,,,DJI Fly,,1.13.5,496236F2-5496-5F5C-B855-91D5ED28D5EE,,,,,,,,,,
1773846029,3m 29.0s,209.0,1.40587234,103.70108012,196.9,196.9,30.0,376.9,4338.9,17.895,17.895,17.895,,0.000,,-0.000,,2.80,0.00,0.0,0.0,,P-GPS,,,18,4,TRUE,,Mini 4 Pro,,,,,,FALSE,TRUE,,,,,,,,,,,,,,,,,,,,,,,,,,,,,,,,,,,,,,,,,,,,,,,,79.9,,,,8.038,,,,,,,8.984,,,,,,,,,,,,,,,,,,,,,,,,,,,,,,,,1.40500000,103.70135000,333.1,,,,,,,,,,,,,,,,,,,,,,,,,,,,Mini 4 Pro,SYNQMCJRHDMGMDXXB,CAMDQZY5LDGD87B2B,RCSHNLVVQDCBD2K6B,BATKQNFU2DNDFQJLB,,,,,,,,Mini 4 Pro,SYNQMCJRHDMGMDXXB,,,,DJI Fly,,1.13.5,496236F2-5496-5F5C-B855-91D5ED28D5EE,,,,,,,,,,
1773846030,3m 30.0s,210.0,1.40594429,103.70108012,196.9,196.9,30.0,376.9,4365.1,17.895,17.895,17.895,,0.000,,-0.000,,2.80,0.00,0.0,0.0,,P-GPS,,,18,4,TRUE,,Mini 4 Pro,,,,,,FALSE,TRUE,,,,,,,,,,,,,,,,,,,,,,,,,,,,,,,,,,,,,,,,,,,,,,,,79.8,,,,8.037,,,,,,,8.984,,,,,,,,,,,,,,,,,,,,,,,,,,,,,,,,1.40500000,103.70135000,358.3,,,,,,,,,,,,,,,,,,,,,,,,,,,,Mini 4 Pro,SYNQMCJRHDMGMDXXB,CAMDQZY5LDGD87B2B,RCSHNLVVQDCBD2K6B,BATKQNFU2DNDFQJLB,,,,,,,,Mini 4 Pro,SYNQMCJRHDMGMDXXB,,,,DJI Fly,,1.13.5,496236F2-5496-5F5C-B855-91D5ED28D5EE,,,,,,,,,,
1773846031,3m 31.0s,211.0,1.40601623,103.70108012,196.9,196.9,30.0,376.9,4391.4,17.895,17.895,17.895,,0.000,,-0.000,,2.80,0.00,0.0,0.0,,P-GPS,,,18,4,TRUE,,Mini 4 Pro,,,,,,FALSE,TRUE,,,,,,,,,,,,,,,,,,,,,,,,,,,,,,,,,,,,,,,,,,,,,,,,79.8,,,,8.037,,,,,,,8.984,,,,,,,,,,,,,,,,,,,,,,,,,,,,,,,,1.40500000,103.70135000,383.6,,,,,,,,,,,,,,,,,,,,,,,,,,,,Mini 4 Pro,SYNQMCJRHDMGMDXXB,CAMDQZY5LDGD87B2B,RCSHNLVVQDCBD2K6B,BATKQNFU2DNDFQJLB,,,,,,,,Mini 4 Pro,SYNQMCJRHDMGMDXXB,,,,DJI Fly,,1.13.5,496236F2-5496-5F5C-B855-91D5ED28D5EE,,,,,,,,,,
1773846032,3m 32.0s,212.0,1.40608818,103.70108012,196.9,196.9,30.0,376.9,4417.6,17.895,17.895,17.895,,0.000,,-0.000,,2.80,0.00,0.0,0.0,,P-GPS,,,18,4,TRUE,,Mini 4 Pro,,,,,,FALSE,TRUE,,,,,,,,,,,,,,,,,,,,,,,,,,,,,,,,,,,,,,,,,,,,,,,,79.8,,,,8.036,,,,,,,8.984,,,,,,,,,,,,,,,,,,,,,,,,,,,,,,,,1.40500000,103.70135000,409.0,,,,,,,,,,,,,,,,,,,,,,,,,,,,Mini 4 Pro,SYNQMCJRHDMGMDXXB,CAMDQZY5LDGD87B2B,RCSHNLVVQDCBD2K6B,BATKQNFU2DNDFQJLB,,,,,,,,Mini 4 Pro,SYNQMCJRHDMGMDXXB,,,,DJI Fly,,1.13.5,496236F2-5496-5F5C-B855-91D5ED28D5EE,,,,,,,,,,
1773846033,3m 33.0s,213.0,1.40616012,103.70108012,196.9,196.9,30.0,376.9,4443.9,17.895,17.895,17.895,,0.000,,-0.000,,2.80,0.00,0.0,0.0,,P-GPS,,,18,4,TRUE,,Mini 4 Pro,,,,,,FALSE,TRUE,,,,,,,,,,,,,,,,,,,,,,,,,,,,,,,,,,,,,,,,,,,,,,,,79.7,,,,8.036,,,,,,,8.984,,,,,,,,,,,,,,,,,,,,,,,,,,,,,,,,1.40500000,103.70135000,434.5,,,,,,,,,,,,,,,,,,,,,,,,,,,,Mini 4 Pro,SYNQMCJRHDMGMDXXB,CAMDQZY5LDGD87B2B,RCSHNLVVQDCBD2K6B,BATKQNFU2DNDFQJLB,,,,,,,,Mini 4 Pro,SYNQMCJRHDMGMDXXB,,,,DJI Fly,,1.13.5,496236F2-5496-5F5C-B855-91D5ED28D5EE,,,,,,,,,,
1773846034,3m 34.0s,214.0,1.40623207,103.70108012,196.9,196.9,30.0,376.9,4470.1,17.895,17.895,17.895,,0.000,,-0.000,,2.80,0.00,0.0,0.0,,P-GPS,,,18,4,TRUE,,Mini 4 Pro,,,,,,FALSE,TRUE,,,,,,,,,,,,,,,,,,,,,,,,,,,,,,,,,,,,,,,,,,,,,,,,79.7,,,,8.035,,,,,,,8.984,,,,,,,,,,,,,,,,,,,,,,,,,,,,,,,,1.40500000,103.70135000,460.1,,,,,,,,,,,,,,,,,,,,,,,,,,,,Mini 4 Pro,SYNQMCJRHDMGMDXXB,CAMDQZY5LDGD87B2B,RCSHNLVVQDCBD2K6B,BATKQNFU2DNDFQJLB,,,,,,,,Mini 4 Pro,SYNQMCJRHDMGMDXXB,,,,DJI Fly,,1.13.5,496236F2-5496-5F5C-B855-91D5ED28D5EE,,,,,,,,,,
1773846035,3m 35.0s,215.0,1.40630402,103.70108012,196.9,196.9,30.0,376.9,4496.4,17.895,17.895,17.895,,0.000,,-0.000,,2.80,0.00,0.0,0.0,,P-GPS,,,18,4,TRUE,,Mini 4 Pro,,,,,,FALSE,TRUE,,,,,,,,,,,,,,,,,,,,,,,,,,,,,,,,,,,,,,,,,,,,,,,,79.7,,,,8.035,,,,,,,8.984,,,,,,,,,,,,,,,,,,,,,,,,,,,,,,,,1.40500000,103.70135000,485.8,,,,,,,,,,,,,,,,,,,,,,,,,,,,Mini 4 Pro,SYNQMCJRHDMGMDXXB,CAMDQZY5LDGD87B2B,RCSHNLVVQDCBD2K6B,BATKQNFU2DNDFQJLB,,,,,,,,Mini 4 Pro,SYNQMCJRHDMGMDXXB,,,,DJI Fly,,1.13.5,496236F2-5496-5F5C-B855-91D5ED28D5EE,,,,,,,,,,
1773846036,3m 36.0s,216.0,1.40637596,103.70108012,196.9,196.9,30.0,376.9,4522.6,17.895,17.895,17.895,,0.000,,-0.000,,2.80,0.00,0.0,0.0,,P-GPS,,,18,4,TRUE,,Mini 4 Pro,,,,,,FALSE,TRUE,,,,,,,,,,,,,,,,,,,,,,,,,,,,,,,,,,,,,,,,,,,,,,,,79.6,,,,8.035,,,,,,,8.984,,,,,,,,,,,,,,,,,,,,,,,,,,,,,,,,1.40500000,103.70135000,511.5,,,,,,,,,,,,,,,,,,,,,,,,,,,,Mini 4 Pro,SYNQMCJRHDMGMDXXB,CAMDQZY5LDGD87B2B,RCSHNLVVQDCBD2K6B,BATKQNFU2DNDFQJLB,,,,,,,,Mini 4 Pro,SYNQMCJRHDMGMDXXB,,,,DJI Fly,,1.13.5,496236F2-5496-5F5C-B855-91D5ED28D5EE,,,,,,,,,,
1773846037,3m 37.0s,217.0,1.40644791,103.70108012,196.9,196.9,30.0,376.9,4548.8,17.895,17.895,17.895,,0.000,,-0.000,,2.80,0.00,0.0,0.0,,P-GPS,,,18,4,TRUE,,Mini 4 Pro,,,,,,FALSE,TRUE,,,,,,,,,,,,,,,,,,,,,,,,,,,,,,,,,,,,,,,,,,,,,,,,79.6,,,,8.034,,,,,,,8.984,,,,,,,,,,,,,,,,,,,,,,,,,,,,,,,,1.40500000,103.70135000,537.3,,,,,,,,,,,,,,,,,,,,,,,,,,,,Mini 4 Pro,SYNQMCJRHDMGMDXXB,CAMDQZY5LDGD87B2B,RCSHNLVVQDCBD2K6B,BATKQNFU2DNDFQJLB,,,,,,,,Mini 4 Pro,SYNQMCJRHDMGMDXXB,,,,DJI Fly,,1.13.5,496236F2-5496-5F5C-B855-91D5ED28D5EE,,,,,,,,,,
1773846038,3m 38.0s,218.0,1.40651985,103.70108012,196.9,196.9,30.0,376.9,4575.1,17.895,17.895,17.895,,0.000,,-0.000,,2.80,0.00,0.0,0.0,,P-GPS,,,18,4,TRUE,,Mini 4 Pro,,,,,,FALSE,TRUE,,,,,,,,,,,,,,,,,,,,,,,,,,,,,,,,,,,,,,,,,,,,,,,,79.6,,,,8.034,,,,,,,8.984,,,,,,,,,,,,,,,,,,,,,,,,,,,,,,,,1.40500000,103.70135000,563.1,,,,,,,,,,,,,,,,,,,,,,,,,,,,Mini 4 Pro,SYNQMCJRHDMGMDXXB,CAMDQZY5LDGD87B2B,RCSHNLVVQDCBD2K6B,BATKQNFU2DNDFQJLB,,,,,,,,Mini 4 Pro,SYNQMCJRHDMGMDXXB,,,,DJI Fly,,1.13.5,496236F2-5496-5F5C-B855-91D5ED28D5EE,,,,,,,,,,
1773846039,3m 39.0s,219.0,1.40657381,103.70108012,196.9,196.9,30.0,376.9,4594.8,13.422,17.895,13.422,,0.000,,-0.000,,2.10,0.00,0.0,0.0,,P-GPS,,,18,4,TRUE,,Mini 4 Pro,,,,,,FALSE,TRUE,,,,,,,,,,,,,,,,,,,,,,,,,,,,,,,,,,,,,,,,,,,,,,,,79.6,,,,8.033,,,,,,,7.884,,,,,,,,,,,,,,,,,,,,,,,,,,,,,,,,1.40500000,103.70135000,582.5,,,,,,,,,,,,,,,,,,,,,,,,,,,,Mini 4 Pro,SYNQMCJRHDMGMDXXB,CAMDQZY5LDGD87B2B,RCSHNLVVQDCBD2K6B,BATKQNFU2DNDFQJLB,,,,,,,,Mini 4 Pro,SYNQMCJRHDMGMDXXB,,,,DJI Fly,,1.13.5,496236F2-5496-5F5C-B855-91D5ED28D5EE,,,,,,,,,,
1773846040,3m 40.0s,220.0,1.40657381,103.70108012,196.9,196.9,30.0,376.9,4594.8,0.000,17.895,0.000,,0.000,,-0.000,,0.00,0.00,0.0,0.0,,P-GPS,,,18,4,TRUE,,Mini 4 Pro,,,,,,FALSE,TRUE,,,,,,,,,,,,,,,,,,,,,,,,,,,,,,,,,,,,,,,,,,,,,,,,79.5,,,,8.033,,,,,,,4.584,,,,,,,,,,,,,,,,,,,,,,,,,,,,,,,,1.40500000,103.70135000,582.5,,,,,,,,,,,,,,,,,,,,,,,,,,,,Mini 4 Pro,SYNQMCJRHDMGMDXXB,CAMDQZY5LDGD87B2B,RCSHNLVVQDCBD2K6B,BATKQNFU2DNDFQJLB,,,,,,,,Mini 4 Pro,SYNQMCJRHDMGMDXXB,,,,DJI Fly,,1.13.5,496236F2-5496-5F5C-B855-91D5ED28D5EE,,,,,,,,,,
1773846041,3m 41.0s,221.0,1.40657381,103.70113410,196.9,196.9,30.0,376.9,4614.5,13.422,17.895,0.000,,13.422,,-0.000,,2.10,25.00,90.0,90.0,,P-GPS,,,18,4,TRUE,,Mini 4 Pro,,,,,,FALSE,TRUE,,,,,,,,,,,,,,,,,,,,,,,,,,,,,,,,,,,,,,,,,,,,,,,,79.5,,,,8.032,,,,,,,7.884,,,,,,,,,,,,,,,,,,,,,,,,,,,,,,,,1.40500000,103.70135000,579.5,,,,,,,,,,,,,,,,,,,,,,,,,,,,Mini 4 Pro,SYNQMCJRHDMGMDXXB,CAMDQZY5LDGD87B2B,RCSHNLVVQDCBD2K6B,BATKQNFU2DNDFQJLB,,,,,,,,Mini 4 Pro,SYNQMCJRHDMGMDXXB,,,,DJI Fly,,1.13.5,496236F2-5496-5F5C-B855-91D5ED28D5EE,,,,,,,,,,
1773846042,3m 42.0s,222.0,1.40657381,103.70118807,196.9,196.9,30.0,376.9,4634.1,13.422,17.895,0.000,,13.422,,-0.000,,2.10,0.00,90.0,90.0,,P-GPS,,,18,4,TRUE,,Mini 4 Pro,,,,,,FALSE,TRUE,,,,,,,,,,,,,,,,,,,,,,,,,,,,,,,,,,,,,,,,,,,,,,,,79.5,,,,8.032,,,,,,,7.884,,,,,,,,,,,,,,,,,,,,,,,,,,,,,,,,1.40500000,103.70135000,577.2,,,,,,,,,,,,,,,,,,,,,,,,,,,,Mini 4 Pro,SYNQMCJRHDMGMDXXB,CAMDQZY5LDGD87B2B,RCSHNLVVQDCBD2K6B,BATKQNFU2DNDFQJLB,,,,,,,,Mini 4 Pro,SYNQMCJRHDMGMDXXB,,,,DJI Fly,,1.13.5,496236F2-5496-5F5C-B855-91D5ED28D5EE,,,,,,,,,,
1773846043,3m 43.0s,223.0,1.40657381,103.70124205,196.9,196.9,30.0,376.9,4653.8,13.422,17.895,0.000,,13.422,,-0.000,,2.10,0.00,90.0,90.0,,P-GPS,,,18,4,TRUE,,Mini 4 Pro,,,,,,FALSE,TRUE,,,,,,,,,,,,,,,,,,,,,,,,,,,,,,,,,,,,,,,,,,,,,,,,79.4,,,,8.031,,,,,,,7.884,,,,,,,,,,,,,,,,,,,,,,,,,,,,,,,,1.40500000,103.70135000,575.5,,,,,,,,,,,,,,,,,,,,,,,,,,,,Mini 4 Pro,SYNQMCJRHDMGMDXXB,CAMDQZY5LDGD87B2B,RCSHNLVVQDCBD2K6B,BATKQNFU2DNDFQJLB,,,,,,,,Mini 4 Pro,SYNQMCJRHDMGMDXXB,,,,DJI Fly,,1.13.5,496236F2-5496-5F5C-B855-91D5ED28D5EE,,,,,,,,,,
1773846044,3m 44.0s,224.0,1.40657381,103.70129602,196.9,196.9,30.0,376.9,4673.5,13.422,17.895,0.000,,13.422,,-0.000,,2.10,0.00,90.0,90.0,,P-GPS,,,18,4,TRUE,,Mini 4 Pro,,,,,,FALSE,TRUE,,,,,,,,,,,,,,,,,,,,,,,,,,,,,,,,,,,,,,,,,,,,,,,,79.4,,,,8.031,,,,,,,7.884,,,,,,,,,,,,,,,,,,,,,,,,,,,,,,,,1.40500000,103.70135000,574.5,,,,,,,,,,,,,,,,,,,,,,,,,,,,Mini 4 Pro,SYNQMCJRHDMGMDXXB,CAMDQZY5LDGD87B2B,RCSHNLVVQDCBD2K6B,BATKQNFU2DNDFQJLB,,,,,,,,Mini 4 Pro,SYNQMCJRHDMGMDXXB,,,,DJI Fly,,1.13.5,496236F2-5496-5F5C-B855-91D5ED28D5EE,,,,,,,,,,
1773846045,3m 45.0s,225.0,1.40657381,103.70135000,196.9,196.9,30.0,376.9,4693.2,13.422,17.895,0.000,,13.422,,-0.000,,2.10,0.00,90.0,90.0,,P-GPS,,,18,4,TRUE,,Mini 4 Pro,,,,,,FALSE,TRUE,,,,,,,,,,,,,,,,,,,,,,,,,,,,,,,,,,,,,,,,,,,,,,,,79.4,,,,8.030,,,,,,,7.884,,,,,,,,,,,,,,,,,,,,,,,,,,,,,,,,1.40500000,103.70135000,574.1,,,,,,,,,,,,,,,,,,,,,,,,,,,,Mini 4 Pro,SYNQMCJRHDMGMDXXB,CAMDQZY5LDGD87B2B,RCSHNLVVQDCBD2K6B,BATKQNFU2DNDFQJLB,,,,,,,,Mini 4 Pro,SYNQMCJRHDMGMDXXB,,,,DJI Fly,,1.13.5,496236F2-5496-5F5C-B855-91D5ED28D5EE,,,,,,,,,,
1773846046,3m 46.0s,226.0,1.40657381,103.70140398,196.9,196.9,30.0,376.9,4712.9,13.422,17.895,0.000,,13.422,,-0.000,,2.10,0.00,90.0,90.0,,P-GPS,,,18,4,TRUE,,Mini 4 Pro,,,,,,FALSE,TRUE,,,,,,,,,,,,,,,,,,,,,,,,,,,,,,,,,,,,,,,,,,,,,,,,79.4,,,,8.030,,,,,,,7.884,,,,,,,,,,,,,,,,,,,,,,,,,,,,,,,,1.40500000,103.70135000,574.5,,,,,,,,,,,,,,,,,,,,,,,,,,,,Mini 4 Pro,SYNQMCJRHDMGMDXXB,CAMDQZY5LDGD87B2B,RCSHNLVVQDCBD2K6B,BATKQNFU2DNDFQJLB,,,,,,,,Mini 4 Pro,SYNQMCJRHDMGMDXXB,,,,DJI Fly,,1.13.5,496236F2-5496-5F5C-B855-91D5ED28D5EE,,,,,,,,,,
1773846047,3m 47.0s,227.0,1.40657381,103.70145795,196.9,196.9,30.0,376.9,4732.6,13.422,17.895,0.000,,13.422,,-0.000,,2.10,0.00,90.0,90.0,,P-GPS,,,18,4,TRUE,,Mini 4 Pro,,,,,,FALSE,TRUE,,,,,,,,,,,,,,,,,,,,,,,,,,,,,,,,,,,,,,,,,,,,,,,,79.3,,,,8.030,,,,,,,7.884,,,,,,,,,,,,,,,,,,,,,,,,,,,,,,,,1.40500000,103.70135000,575.5,,,,,,,,,,,,,,,,,,,,,,,,,,,,Mini 4 Pro,SYNQMCJRHDMGMDXXB,CAMDQZY5LDGD87B2B,RCSHNLVVQDCBD2K6B,BATKQNFU2DNDFQJLB,,,,,,,,Mini 4 Pro,SYNQMCJRHDMGMDXXB,,,,DJI Fly,,1.13.5,496236F2-5496-5F5C-B855-91D5ED28D5EE,,,,,,,,,,
1773846048,3m 48.0s,228.0,1.40657381,103.70151193,196.9,196.9,30.0,376.9,4752.3,13.422,17.895,0.000,,13.422,,-0.000,,2.10,0.00,90.0,90.0,,P-GPS,,,18,4,TRUE,,Mini 4 Pro,,,,,,FALSE,TRUE,,,,,,,,,,,,,,,,,,,,,,,,,,,,,,,,,,,,,,,,,,,,,,,,79.3,,,,8.029,,,,,,,7.884,,,,,,,,,,,,,,,,,,,,,,,,,,,,,,,,1.40500000,103.70135000,577.2,,,,,,,,,,,,,,,,,,,,,,,,,,,,Mini 4 Pro,SYNQMCJRHDMGMDXXB,CAMDQZY5LDGD87B2B,RCSHNLVVQDCBD2K6B,BATKQNFU2DNDFQJLB,,,,,,,,Mini 4 Pro,SYNQMCJRHDMGMDXXB,,,,DJI Fly,,1.13.5,496236F2-5496-5F5C-B855-91D5ED28D5EE,,,,,,,,,,
1773846049,3m 49.0s,229.0,1.40657381,103.70156590,196.9,196.9,30.0,376.9,4771.9,13.422,17.895,0.000,,13.422,,-0.000,,2.10,0.00,90.0,90.0,,P-GPS,,,18,4,TRUE,,Mini 4 Pro,,,,,,FALSE,TRUE,,,,,,,,,,,,,,,,,,,,,,,,,,,,,,,,,,,,,,,,,,,,,,,,79.3,,,,8.029,,,,,,,7.884,,,,,,,,,,,,,,,,,,,,,,,,,,,,,,,,1.40500000,103.70135000,579.5,,,,,,,,,,,,,,,,,,,,,,,,,,,,Mini 4 Pro,SYNQMCJRHDMGMDXXB,CAMDQZY5LDGD87B2B,RCSHNLVVQDCBD2K6B,BATKQNFU2DNDFQJLB,,,,,,,,Mini 4 Pro,SYNQMCJRHDMGMDXXB,,,,DJI Fly,,1.13.5,496236F2-5496-5F5C-B855-91D5ED28D5EE,,,,,,,,,,
1773846050,3m 50.0s,230.0,1.40657381,103.70161988,196.9,196.9,30.0,376.9,4791.6,13.422,17.895,0.000,,13.422,,-0.000,,2.10,0.00,90.0,90.0,,P-GPS,,,18,4,TRUE,,Mini 4 Pro,,,,,,FALSE,TRUE,,,,,,,,,,,,,,,,,,,,,,,,,,,,,,,,,,,,,,,,,,,,,,,,79.2,,,,8.028,,,,,,,7.884,,,,,,,,,,,,,,,,,,,,,,,,,,,,,,,,1.40500000,103.70135000,582.5,,,,,,,,,,,,,,,,,,,,,,,,,,,,Mini 4 Pro,SYNQMCJRHDMGMDXXB,CAMDQZY5LDGD87B2B,RCSHNLVVQDCBD2K6B,BATKQNFU2DNDFQJLB,,,,,,,,Mini 4 Pro,SYNQMCJRHDMGMDXXB,,,,DJI Fly,,1.13.5,496236F2-5496-5F5C-B855-91D5ED28D5EE,,,,,,,,,,
1773846051,3m 51.0s,231.0,1.40650187,103.70161988,196.9,196.9,30.0,376.9,4817.9,17.895,17.895,-17.895,,0.000,,-0.000,,2.80,25.00,180.0,180.0,,P-GPS,,,18,4,TRUE,,Mini 4 Pro,,,,,,FALSE,TRUE,,,,,,,,,,,,,,,,,,,,,,,,,,,,,,,,,,,,,,,,,,,,,,,,79.2,,,,8.028,,,,,,,8.984,,,,,,,,,,,,,,,,,,,,,,,,,,,,,,,,1.40500000,103.70135000,556.7,,,,,,,,,,,,,,,,,,,,,,,,,,,,Mini 4 Pro,SYNQMCJRHDMGMDXXB,CAMDQZY5LDGD87B2B,RCSHNLVVQDCBD2K6B,BATKQNFU2DNDFQJLB,,,,,,,,Mini 4 Pro,SYNQMCJRHDMGMDXXB,,,,DJI Fly,,1.13.5,496236F2-5496-5F5C-B855-91D5ED28D5EE,,,,,,,,,,
1773846052,3m 52.0s,232.0,1.40642992,103.70161988,196.9,196.9,30.0,376.9,4844.1,17.895,17.895,-17.895,,0.000,,-0.000,,2.80,0.00,180.0,180.0,,P-GPS,,,18,4,TRUE,,Mini 4 Pro,,,,,,FALSE,TRUE,,,,,,,,,,,,,,,,,,,,,,,,,,,,,,,,,,,,,,,,,,,,,,,,79.2,,,,8.027,,,,,,,8.984,,,,,,,,,,,,,,,,,,,,,,,,,,,,,,,,1.40500000,103.70135000,530.9,,,,,,,,,,,,,,,,,,,,,,,,,,,,Mini 4 Pro,SYNQMCJRHDMGMDXXB,CAMDQZY5LDGD87B2B,RCSHNLVVQDCBD2K6B,BATKQNFU2DNDFQJLB,,,,,,,,Mini 4 Pro,SYNQMCJRHDMGMDXXB,,,,DJI Fly,,1.13.5,496236F2-5496-5F5C-B855-91D5ED28D5EE,,,,,,,,,,
1773846053,3m 53.0s,233.0,1.40635798,103.70161988,196.9,196.9,30.0,376.9,4870.4,17.895,17.895,-17.895,,0.000,,-0.000,,2.80,0.00,180.0,180.0,,P-GPS,,,18,4,TRUE,,Mini 4 Pro,,,,,,FALSE,TRUE,,,,,,,,,,,,,,,,,,,,,,,,,,,,,,,,,,,,,,,,,,,,,,,,79.1,,,,8.027,,,,,,,8.984,,,,,,,,,,,,,,,,,,,,,,,,,,,,,,,,1.40500000,103.70135000,505.1,,,,,,,,,,,,,,,,,,,,,,,,,,,,Mini 4 Pro,SYNQMCJRHDMGMDXXB,CAMDQZY5LDGD87B2B,RCSHNLVVQDCBD2K6B,BATKQNFU2DNDFQJLB,,,,,,,,Mini 4 Pro,SYNQMCJRHDMGMDXXB,,,,DJI Fly,,1.13.5,496236F2-5496-5F5C-B855-91D5ED28D5EE,,,,,,,,,,
1773846054,3m 54.0s,234.0,1.40628603,103.70161988,196.9,196.9,30.0,376.9,4896.6,17.895,17.895,-17.895,,0.000,,-0.000,,2.80,0.00,180.0,180.0,,P-GPS,,,18,4,TRUE,,Mini 4 Pro,,,,,,FALSE,TRUE,,,,,,,,,,,,,,,,,,,,,,,,,,,,,,,,,,,,,,,,,,,,,,,,79.1,,,,8.026,,,,,,,8.984,,,,,,,,,,,,,,,,,,,,,,,,,,,,,,,,1.40500000,103.70135000,479.4,,,,,,,,,,,,,,,,,,,,,,,,,,,,Mini 4 Pro,SYNQMCJRHDMGMDXXB,CAMDQZY5LDGD87B2B,RCSHNLVVQDCBD2K6B,BATKQNFU2DNDFQJLB,,,,,,,,Mini 4 Pro,SYNQMCJRHDMGMDXXB,,,,DJI Fly,,1.13.5,496236F2-5496-5F5C-B855-91D5ED28D5EE,,,,,,,,,,
1773846055,3m 55.0s,235.0,1.40621408,103.70161988,196.9,196.9,30.0,376.9,4922.9,17.895,17.895,-17.895,,0.000,,-0.000,,2.80,0.00,180.0,180.0,,P-GPS,,,18,4,TRUE,,Mini 4 Pro,,,,,,FALSE,TRUE,,,,,,,,,,,,,,,,,,,,,,,,,,,,,,,,,,,,,,,,,,,,,,,,79.1,,,,8.026,,,,,,,8.984,,,,,,,,,,,,,,,,,,,,,,,,,,,,,,,,1.40500000,103.70135000,453.7,,,,,,,,,,,,,,,,,,,,,,,,,,,,Mini 4 Pro,SYNQMCJRHDMGMDXXB,CAMDQZY5LDGD87B2B,RCSHNLVVQDCBD2K6B,BATKQNFU2DNDFQJLB,,,,,,,,Mini 4 Pro,SYNQMCJRHDMGMDXXB,,,,DJI Fly,,1.13.5,496236F2-5496-5F5C-B855-91D5ED28D5EE,,,,,,,,,,
1773846056,3m 56.0s,236.0,1.40614214,103.70161988,196.9,196.9,30.0,376.9,4949.1,17.895,17.895,-17.895,,0.000,,-0.000,,2.80,0.00,180.0,180.0,,P-GPS,,,18,4,TRUE,,Mini 4 Pro,,,,,,FALSE,TRUE,,,,,,,,,,,,,,,,,,,,,,,,,,,,,,,,,,,,,,,,,,,,,,,,79.1,,,,8.025,,,,,,,8.984,,,,,,,,,,,,,,,,,,,,,,,,,,,,,,,,1.40500000,103.70135000,428.1,,,,,,,,,,,,,,,,,,,,,,,,,,,,Mini 4 Pro,SYNQMCJRHDMGMDXXB,CAMDQZY5LDGD87B2B,RCSHNLVVQDCBD2K6B,BATKQNFU2DNDFQJLB,,,,,,,,Mini 4 Pro,SYNQMCJRHDMGMDXXB,,,,DJI Fly,,1.13.5,496236F2-5496-5F5C-B855-91D5ED28D5EE,,,,,,,,,,
1773846057,3m 57.0s,237.0,1.40607019,103.70161988,196.9,196.9,30.0,376.9,4975.4,17.895,17.895,-17.895,,0.000,,-0.000,,2.80,0.00,180.0,180.0,,P-GPS,,,18,4,TRUE,,Mini 4 Pro,,,,,,FALSE,TRUE,,,,,,,,,,,,,,,,,,,,,,,,,,,,,,,,,,,,,,,,,,,,,,,,79.0,,,,8.025,,,,,,,8.984,,,,,,,,,,,,,,,,,,,,,,,,,,,,,,,,1.40500000,103.70135000,402.6,,,,,,,,,,,,,,,,,,,,,,,,,,,,Mini 4 Pro,SYNQMCJRHDMGMDXXB,CAMDQZY5LDGD87B2B,RCSHNLVVQDCBD2K6B,BATKQNFU2DNDFQJLB,,,,,,,,Mini 4 Pro,SYNQMCJRHDMGMDXXB,,,,DJI Fly,,1.13.5,496236F2-5496-5F5C-B855-91D5ED28D5EE,,,,,,,,,,
1773846058,3m 58.0s,238.0,1.40599825,103.70161988,196.9,196.9,30.0,376.9,5001.6,17.895,17.895,-17.895,,0.000,,-0.000,,2.80,0.00,180.0,180.0,,P-GPS,,,18,4,TRUE,,Mini 4 Pro,,,,,,FALSE,TRUE,,,,,,,,,,,,,,,,,,,,,,,,,,,,,,,,,,,,,,,,,,,,,,,,79.0,,,,8.024,,,,,,,8.984,,,,,,,,,,,,,,,,,,,,,,,,,,,,,,,,1.40500000,103.70135000,377.2,,,,,,,,,,,,,,,,,,,,,,,,,,,,Mini 4 Pro,SYNQMCJRHDMGMDXXB,CAMDQZY5LDGD87B2B,RCSHNLVVQDCBD2K6B,BATKQNFU2DNDFQJLB,,,,,,,,Mini 4 Pro,SYNQMCJRHDMGMDXXB,,,,DJI Fly,,1.13.5,496236F2-5496-5F5C-B855-91D5ED28D5EE,,,,,,,,,,
1773846059,3m 59.0s,239.0,1.40592630,103.70161988,196.9,196.9,30.0,376.9,5027.8,17.895,17.895,-17.895,,0.000,,-0.000,,2.80,0.00,180.0,180.0,,P-GPS,,,18,4,TRUE,,Mini 4 Pro,,,,,,FALSE,TRUE,,,,,,,,,,,,,,,,,,,,,,,,,,,,,,,,,,,,,,,,,,,,,,,,79.0,,,,8.024,,,,,,,8.984,,,,,,,,,,,,,,,,,,,,,,,,,,,,,,,,1.40500000,103.70135000,352.0,,,,,,,,,,,,,,,,,,,,,,,,,,,,Mini 4 Pro,SYNQMCJRHDMGMDXXB,CAMDQZY5LDGD87B2B,RCSHNLVVQDCBD2K6B,BATKQNFU2DNDFQJLB,,,,,,,,Mini 4 Pro,SYNQMCJRHDMGMDXXB,,,,DJI Fly,,1.13.5,496236F2-5496-5F5C-B855-91D5ED28D5EE,,,,,,,,,,
1773846060,4m 0.0s,240.0,1.40585436,103.70161988,196.9,196.9,30.0,376.9,5054.1,17.895,17.895,-17.895,,0.000,,-0.000,,2.80,0.00,180.0,180.0,,P-GPS,,,8,2,FALSE,,Mini 4 Pro,,,,,,FALSE,TRUE,,,,,,,,,,,,,,,,,,,,,,,,,,,,,,,,,,,,,,,,,,,,,,,,78.9,,,,8.024,,,,,,,8.984,,,,,,,,,,,,,,,,,,,,,,,,,,,,,,,,1.40500000,103.70135000,326.9,,,,,,,,,,,,,,,,,,,,,,,,,,,,Mini 4 Pro,SYNQMCJRHDMGMDXXB,CAMDQZY5LDGD87B2B,RCSHNLVVQDCBD2K6B,BATKQNFU2DNDFQJLB,,,,,,,,Mini 4 Pro,SYNQMCJRHDMGMDXXB,,,,DJI Fly,,1.13.5,496236F2-5496-5F5C-B855-91D5ED28D5EE,,,,,,,,,,GPS signal weak. Hovering unstable. Fly with caution (Code: 30008).
1773846061,4m 1.0s,241.0,1.40578241,103.70161988,196.9,196.9,30.0,376.9,5080.3,17.895,17.895,-17.895,,0.000,,-0.000,,2.80,0.00,180.0,180.0,,P-GPS,,,8,2,FALSE,,Mini 4 Pro,,,,,,FALSE,TRUE,,,,,,,,,,,,,,,,,,,,,,,,,,,,,,,,,,,,,,,,,,,,,,,,78.9,,,,8.023,,,,,,,8.984,,,,,,,,,,,,,,,,,,,,,,,,,,,,,,,,1.40500000,103.70135000,301.9,,,,,,,,,,,,,,,,,,,,,,,,,,,,Mini 4 Pro,SYNQMCJRHDMGMDXXB,CAMDQZY5LDGD87B2B,RCSHNLVVQDCBD2K6B,BATKQNFU2DNDFQJLB,,,,,,,,Mini 4 Pro,SYNQMCJRHDMGMDXXB,,,,DJI Fly,,1.13.5,496236F2-5496-5F5C-B855-91D5ED28D5EE,,,,,,,,,,GPS signal weak. Hovering unstable. Fly with caution (Code: 30008).
1773846062,4m 2.0s,242.0,1.40571046,103.70161988,196.9,196.9,30.0,376.9,5106.6,17.895,17.895,-17.895,,0.000,,-0.000,,2.80,0.00,180.0,180.0,,P-GPS,,,8,2,FALSE,,Mini 4 Pro,,,,,,FALSE,TRUE,,,,,,,,,,,,,,,,,,,,,,,,,,,,,,,,,,,,,,,,,,,,,,,,78.9,,,,8.023,,,,,,,8.984,,,,,,,,,,,,,,,,,,,,,,,,,,,,,,,,1.40500000,103.70135000,277.2,,,,,,,,,,,,,,,,,,,,,,,,,,,,Mini 4 Pro,SYNQMCJRHDMGMDXXB,CAMDQZY5LDGD87B2B,RCSHNLVVQDCBD2K6B,BATKQNFU2DNDFQJLB,,,,,,,,Mini 4 Pro,SYNQMCJRHDMGMDXXB,,,,DJI Fly,,1.13.5,496236F2-5496-5F5C-B855-91D5ED28D5EE,,,,,,,,,,GPS signal weak. Hovering unstable. Fly with caution (Code: 30008).
1773846063,4m 3.0s,243.0,1.40563852,103.70161988,196.9,196.9,30.0,376.9,5132.8,17.895,17.895,-17.895,,0.000,,-0.000,,2.80,0.00,180.0,180.0,,P-GPS,,,8,2,FALSE,,Mini 4 Pro,,,,,,FALSE,TRUE,,,,,,,,,,,,,,,,,,,,,,,,,,,,,,,,,,,,,,,,,,,,,,,,78.9,,,,8.022,,,,,,,8.984,,,,,,,,,,,,,,,,,,,,,,,,,,,,,,,,1.40500000,103.70135000,252.9,,,,,,,,,,,,,,,,,,,,,,,,,,,,Mini 4 Pro,SYNQMCJRHDMGMDXXB,CAMDQZY5LDGD87B2B,RCSHNLVVQDCBD2K6B,BATKQNFU2DNDFQJLB,,,,,,,,Mini 4 Pro,SYNQMCJRHDMGMDXXB,,,,DJI Fly,,1.13.5,496236F2-5496-5F5C-B855-91D5ED28D5EE,,,,,,,,,,GPS signal weak. Hovering unstable. Fly with caution (Code: 30008).
1773846064,4m 4.0s,244.0,1.40556657,103.70161988,196.9,196.9,30.0,376.9,5159.1,17.895,17.895,-17.895,,0.000,,-0.000,,2.80,0.00,180.0,180.0,,P-GPS,,,8,2,FALSE,,Mini 4 Pro,,,,,,FALSE,TRUE,,,,,,,,,,,,,,,,,,,,,,,,,,,,,,,,,,,,,,,,,,,,,,,,78.8,,,,8.022,,,,,,,8.984,,,,,,,,,,,,,,,,,,,,,,,,,,,,,,,,1.40500000,103.70135000,228.9,,,,,,,,,,,,,,,,,,,,,,,,,,,,Mini 4 Pro,SYNQMCJRHDMGMDXXB,CAMDQZY5LDGD87B2B,RCSHNLVVQDCBD2K6B,BATKQNFU2DNDFQJLB,,,,,,,,Mini 4 Pro,SYNQMCJRHDMGMDXXB,,,,DJI Fly,,1.13.5,496236F2-5496-5F5C-B855-91D5ED28D5EE,,,,,,,,,,GPS signal weak. Hovering unstable. Fly with caution (Code: 30008).
1773846065,4m 5.0s,245.0,1.40549463,103.70161988,196.9,196.9,30.0,376.9,5185.3,17.895,17.895,-17.895,,0.000,,-0.000,,2.80,0.00,180.0,180.0,,P-GPS,,,8,2,FALSE,,Mini 4 Pro,,,,,,FALSE,TRUE,,,,,,,,,,,,,,,,,,,,,,,,,,,,,,,,,,,,,,,,,,,,,,,,78.8,,,,8.021,,,,,,,8.984,,,,,,,,,,,,,,,,,,,,,,,,,,,,,,,,1.40500000,103.70135000,205.5,,,,,,,,,,,,,,,,,,,,,,,,,,,,Mini 4 Pro,SYNQMCJRHDMGMDXXB,CAMDQZY5LDGD87B2B,RCSHNLVVQDCBD2K6B,BATKQNFU2DNDFQJLB,,,,,,,,Mini 4 Pro,SYNQMCJRHDMGMDXXB,,,,DJI Fly,,1.13.5,496236F2-5496-5F5C-B855-91D5ED28D5EE,,,,,,,,,,GPS signal weak. Hovering unstable. Fly with caution (Code: 30008).
1773846066,4m 6.0s,246.0,1.40542268,103.70161988,196.9,196.9,30.0,376.9,5211.6,17.895,17.895,-17.895,,0.000,,-0.000,,2.80,0.00,180.0,180.0,,P-GPS,,,8,2,FALSE,,Mini 4 Pro,,,,,,FALSE,TRUE,,,,,,,,,,,,,,,,,,,,,,,,,,,,,,,,,,,,,,,,,,,,,,,,78.8,,,,8.021,,,,,,,8.984,,,,,,,,,,,,,,,,,,,,,,,,,,,,,,,,1.40500000,103.70135000,182.9,,,,,,,,,,,,,,,,,,,,,,,,,,,,Mini 4 Pro,SYNQMCJRHDMGMDXXB,CAMDQZY5LDGD87B2B,RCSHNLVVQDCBD2K6B,BATKQNFU2DNDFQJLB,,,,,,,,Mini 4 Pro,SYNQMCJRHDMGMDXXB,,,,DJI Fly,,1.13.5,496236F2-5496-5F5C-B855-91D5ED28D5EE,,,,,,,,,,GPS signal weak. Hovering unstable. Fly with caution (Code: 30008).
1773846067,4m 7.0s,247.0,1.40535074,103.70161988,196.9,196.9,30.0,376.9,5237.8,17.895,17.895,-17.895,,0.000,,-0.000,,2.80,0.00,180.0,180.0,,P-GPS,,,8,2,FALSE,,Mini 4 Pro,,,,,,FALSE,TRUE,,,,,,,,,,,,,,,,,,,,,,,,,,,,,,,,,,,,,,,,,,,,,,,,78.7,,,,8.020,,,,,,,8.984,,,,,,,,,,,,,,,,,,,,,,,,,,,,,,,,1.40500000,103.70135000,161.4,,,,,,,,,,,,,,,,,,,,,,,,,,,,Mini 4 Pro,SYNQMCJRHDMGMDXXB,CAMDQZY5LDGD87B2B,RCSHNLVVQDCBD2K6B,BATKQNFU2DNDFQJLB,,,,,,,,Mini 4 Pro,SYNQMCJRHDMGMDXXB,,,,DJI Fly,,1.13.5,496236F2-5496-5F5C-B855-91D5ED28D5EE,,,,,,,,,,GPS signal weak. Hovering unstable. Fly with caution (Code: 30008).
1773846068,4m 8.0s,248.0,1.40527879,103.70161988,196.9,196.9,30.0,376.9,5264.1,17.895,17.895,-17.895,,0.000,,-0.000,,2.80,0.00,180.0,180.0,,P-GPS,,,8,2,FALSE,,Mini 4 Pro,,,,,,FALSE,TRUE,,,,,,,,,,,,,,,,,,,,,,,,,,,,,,,,,,,,,,,,,,,,,,,,78.7,,,,8.020,,,,,,,8.984,,,,,,,,,,,,,,,,,,,,,,,,,,,,,,,,1.40500000,103.70135000,141.5,,,,,,,,,,,,,,,,,,,,,,,,,,,,Mini 4 Pro,SYNQMCJRHDMGMDXXB,CAMDQZY5LDGD87B2B,RCSHNLVVQDCBD2K6B,BATKQNFU2DNDFQJLB,,,,,,,,Mini 4 Pro,SYNQMCJRHDMGMDXXB,,,,DJI Fly,,1.13.5,496236F2-5496-5F5C-B855-91D5ED28D5EE,,,,,,,,,,GPS signal weak. Hovering unstable. Fly with caution (Code: 30008).
1773846069,4m 9.0s,249.0,1.40520684,103.70161988,196.9,196.9,30.0,376.9,5290.3,17.895,17.895,-17.895,,0.000,,-0.000,,2.80,0.00,180.0,180.0,,P-GPS,,,8,2,FALSE,,Mini 4 Pro,,,,,,FALSE,TRUE,,,,,,,,,,,,,,,,,,,,,,,,,,,,,,,,,,,,,,,,,,,,,,,,78.7,,,,8.019,,,,,,,8.984,,,,,,,,,,,,,,,,,,,,,,,,,,,,,,,,1.40500000,103.70135000,124.0,,,,,,,,,,,,,,,,,,,,,,,,,,,,Mini 4 Pro,SYNQMCJRHDMGMDXXB,CAMDQZY5LDGD87B2B,RCSHNLVVQDCBD2K6B,BATKQNFU2DNDFQJLB,,,,,,,,Mini 4 Pro,SYNQMCJRHDMGMDXXB,,,,DJI Fly,,1.13.5,496236F2-5496-5F5C-B855-91D5ED28D5EE,,,,,,,,,,GPS signal weak. Hovering unstable. Fly with caution (Code: 30008).
1773846070,4m 10.0s,250.0,1.40513490,103.70161988,196.9,196.9,30.0,376.9,5316.6,17.895,17.895,-17.895,,0.000,,-0.000,,2.80,0.00,180.0,180.0,,P-GPS,,,8,2,FALSE,,Mini 4 Pro,,,,,,FALSE,TRUE,,,,,,,,,,,,,,,,,,,,,,,,,,,,,,,,,,,,,,,,,,,,,,,,78.6,,,,8.019,,,,,,,8.984,,,,,,,,,,,,,,,,,,,,,,,,,,,,,,,,1.40500000,103.70135000,110.0,,,,,,,,,,,,,,,,,,,,,,,,,,,,Mini 4 Pro,SYNQMCJRHDMGMDXXB,CAMDQZY5LDGD87B2B,RCSHNLVVQDCBD2K6B,BATKQNFU2DNDFQJLB,,,,,,,,Mini 4 Pro,SYNQMCJRHDMGMDXXB,,,,DJI Fly,,1.13.5,496236F2-5496-5F5C-B855-91D5ED28D5EE,,,,,,,,,,GPS signal weak. Hovering unstable. Fly with caution (Code: 30008).
1773846071,4m 11.0s,251.0,1.40506295,103.70161988,196.9,196.9,30.0,376.9,5342.8,17.895,17.895,-17.895,,0.000,,-0.000,,2.80,0.00,180.0,180.0,,P-GPS,,,8,2,FALSE,,Mini 4 Pro,,,,,,FALSE,TRUE,,,,,,,,,,,,,,,,,,,,,,,,,,,,,,,,,,,,,,,,,,,,,,,,78.6,,,,8.019,,,,,,,8.984,,,,,,,,,,,,,,,,,,,,,,,,,,,,,,,,1.40500000,103.70135000,101.1,,,,,,,,,,,,,,,,,,,,,,,,,,,,Mini 4 Pro,SYNQMCJRHDMGMDXXB,CAMDQZY5LDGD87B2B,RCSHNLVVQDCBD2K6B,BATKQNFU2DNDFQJLB,,,,,,,,Mini 4 Pro,SYNQMCJRHDMGMDXXB,,,,DJI Fly,,1.13.5,496236F2-5496-5F5C-B855-91D5ED28D5EE,,,,,,,,,,GPS signal weak. Hovering unstable. Fly with caution (Code: 30008).
1773846072,4m 12.0s,252.0,1.40499101,103.70161988,196.9,196.9,30.0,376.9,5369.1,17.895,17.895,-17.895,,0.000,,-0.000,,2.80,0.00,180.0,180.0,,P-GPS,,,8,2,FALSE,,Mini 4 Pro,,,,,,FALSE,TRUE,,,,,,,,,,,,,,,,,,,,,,,,,,,,,,,,,,,,,,,,,,,,,,,,78.6,,,,8.018,,,,,,,8.984,,,,,,,,,,,,,,,,,,,,,,,,,,,,,,,,1.40500000,103.70135000,98.5,,,,,,,,,,,,,,,,,,,,,,,,,,,,Mini 4 Pro,SYNQMCJRHDMGMDXXB,CAMDQZY5LDGD87B2B,RCSHNLVVQDCBD2K6B,BATKQNFU2DNDFQJLB,,,,,,,,Mini 4 Pro,SYNQMCJRHDMGMDXXB,,,,DJI Fly,,1.13.5,496236F2-5496-5F5C-B855-91D5ED28D5EE,,,,,,,,,,GPS signal weak. Hovering unstable. Fly with caution (Code: 30008).
1773846073,4m 13.0s,253.0,1.40491906,103.70161988,196.9,196.9,30.0,376.9,5395.3,17.895,17.895,-17.895,,0.000,,-0.000,,2.80,0.00,180.0,180.0,,P-GPS,,,8,2,FALSE,,Mini 4 Pro,,,,,,FALSE,TRUE,,,,,,,,,,,,,,,,,,,,,,,,,,,,,,,,,,,,,,,,,,,,,,,,78.6,,,,8.018,,,,,,,8.984,,,,,,,,,,,,,,,,,,,,,,,,,,,,,,,,1.40500000,103.70135000,102.8,,,,,,,,,,,,,,,,,,,,,,,,,,,,Mini 4 Pro,SYNQMCJRHDMGMDXXB,CAMDQZY5LDGD87B2B,RCSHNLVVQDCBD2K6B,BATKQNFU2DNDFQJLB,,,,,,,,Mini 4 Pro,SYNQMCJRHDMGMDXXB,,,,DJI Fly,,1.13.5,496236F2-5496-5F5C-B855-91D5ED28D5EE,,,,,,,,,,GPS signal weak. Hovering unstable. Fly with caution (Code: 30008).
1773846074,4m 14.0s,254.0,1.40484712,103.70161988,196.9,196.9,30.0,376.9,5421.6,17.895,17.895,-17.895,,0.000,,-0.000,,2.80,0.00,180.0,180.0,,P-GPS,,,8,2,FALSE,,Mini 4 Pro,,,,,,FALSE,TRUE,,,,,,,,,,,,,,,,,,,,,,,,,,,,,,,,,,,,,,,,,,,,,,,,78.5,,,,8.017,,,,,,,8.984,,,,,,,,,,,,,,,,,,,,,,,,,,,,,,,,1.40500000,103.70135000,113.1,,,,,,,,,,,,,,,,,,,,,,,,,,,,Mini 4 Pro,SYNQMCJRHDMGMDXXB,CAMDQZY5LDGD87B2B,RCSHNLVVQDCBD2K6B,BATKQNFU2DNDFQJLB,,,,,,,,Mini 4 Pro,SYNQMCJRHDMGMDXXB,,,,DJI Fly,,1.13.5,496236F2-5496-5F5C-B855-91D5ED28D5EE,,,,,,,,,,GPS signal weak. Hovering unstable. Fly with caution (Code: 30008).
1773846075,4m 15.0s,255.0,1.40477517,103.70161988,196.9,196.9,30.0,376.9,5447.8,17.895,17.895,-17.895,,0.000,,-0.000,,2.80,0.00,180.0,180.0,,P-GPS,,,8,2,FALSE,,Mini 4 Pro,,,,,,FALSE,TRUE,,,,,,,,,,,,,,,,,,,,,,,,,,,,,,,,,,,,,,,,,,,,,,,,78.5,,,,8.017,,,,,,,8.984,,,,,,,,,,,,,,,,,,,,,,,,,,,,,,,,1.40500000,103.70135000,128.1,,,,,,,,,,,,,,,,,,,,,,,,,,,,Mini 4 Pro,SYNQMCJRHDMGMDXXB,CAMDQZY5LDGD87B2B,RCSHNLVVQDCBD2K6B,BATKQNFU2DNDFQJLB,,,,,,,,Mini 4 Pro,SYNQMCJRHDMGMDXXB,,,,DJI Fly,,1.13.5,496236F2-5496-5F5C-B855-91D5ED28D5EE,,,,,,,,,,GPS signal weak. Hovering unstable. Fly with caution (Code: 30008).
1773846076,4m 16.0s,256.0,1.40470322,103.70161988,196.9,196.9,30.0,376.9,5474.0,17.895,17.895,-17.895,,0.000,,-0.000,,2.80,0.00,180.0,180.0,,P-GPS,,,8,2,FALSE,,Mini 4 Pro,,,,,,FALSE,TRUE,,,,,,,,,,,,,,,,,,,,,,,,,,,,,,,,,,,,,,,,,,,,,,,,78.5,,,,8.016,,,,,,,8.984,,,,,,,,,,,,,,,,,,,,,,,,,,,,,,,,1.40500000,103.70135000,146.3,,,,,,,,,,,,,,,,,,,,,,,,,,,,Mini 4 Pro,SYNQMCJRHDMGMDXXB,CAMDQZY5LDGD87B2B,RCSHNLVVQDCBD2K6B,BATKQNFU2DNDFQJLB,,,,,,,,Mini 4 Pro,SYNQMCJRHDMGMDXXB,,,,DJI Fly,,1.13.5,496236F2-5496-5F5C-B855-91D5ED28D5EE,,,,,,,,,,GPS signal weak. Hovering unstable. Fly with caution (Code: 30008).
1773846077,4m 17.0s,257.0,1.40463128,103.70161988,196.9,196.9,30.0,376.9,5500.3,17.895,17.895,-17.895,,0.000,,-0.000,,2.80,0.00,180.0,180.0,,P-GPS,,,8,2,FALSE,,Mini 4 Pro,,,,,,FALSE,TRUE,,,,,,,,,,,,,,,,,,,,,,,,,,,,,,,,,,,,,,,,,,,,,,,,78.4,,,,8.016,,,,,,,8.984,,,,,,,,,,,,,,,,,,,,,,,,,,,,,,,,1.40500000,103.70135000,166.7,,,,,,,,,,,,,,,,,,,,,,,,,,,,Mini 4 Pro,SYNQMCJRHDMGMDXXB,CAMDQZY5LDGD87B2B,RCSHNLVVQDCBD2K6B,BATKQNFU2DNDFQJLB,,,,,,,,Mini 4 Pro,SYNQMCJRHDMGMDXXB,,,,DJI Fly,,1.13.5,496236F2-5496-5F5C-B855-91D5ED28D5EE,,,,,,,,,,GPS signal weak. Hovering unstable. Fly with caution (Code: 30008).
1773846078,4m 18.0s,258.0,1.40455933,103.70161988,196.9,196.9,30.0,376.9,5526.5,17.895,17.895,-17.895,,0.000,,-0.000,,2.80,0.00,180.0,180.0,,P-GPS,,,8,2,FALSE,,Mini 4 Pro,,,,,,FALSE,TRUE,,,,,,,,,,,,,,,,,,,,,,,,,,,,,,,,,,,,,,,,,,,,,,,,78.4,,,,8.015,,,,,,,8.984,,,,,,,,,,,,,,,,,,,,,,,,,,,,,,,,1.40500000,103.70135000,188.5,,,,,,,,,,,,,,,,,,,,,,,,,,,,Mini 4 Pro,SYNQMCJRHDMGMDXXB,CAMDQZY5LDGD87B2B,RCSHNLVVQDCBD2K6B,BATKQNFU2DNDFQJLB,,,,,,,,Mini 4 Pro,SYNQMCJRHDMGMDXXB,,,,DJI Fly,,1.13.5,496236F2-5496-5F5C-B855-91D5ED28D5EE,,,,,,,,,,GPS signal weak. Hovering unstable. Fly with caution (Code: 30008).
1773846079,4m 19.0s,259.0,1.40448739,103.70161988,196.9,196.9,30.0,376.9,5552.8,17.895,17.895,-17.895,,0.000,,-0.000,,2.80,0.00,180.0,180.0,,P-GPS,,,8,2,FALSE,,Mini 4 Pro,,,,,,FALSE,TRUE,,,,,,,,,,,,,,,,,,,,,,,,,,,,,,,,,,,,,,,,,,,,,,,,78.4,,,,8.015,,,,,,,8.984,,,,,,,,,,,,,,,,,,,,,,,,,,,,,,,,1.40500000,103.70135000,211.3,,,,,,,,,,,,,,,,,,,,,,,,,,,,Mini 4 Pro,SYNQMCJRHDMGMDXXB,CAMDQZY5LDGD87B2B,RCSHNLVVQDCBD2K6B,BATKQNFU2DNDFQJLB,,,,,,,,Mini 4 Pro,SYNQMCJRHDMGMDXXB,,,,DJI Fly,,1.13.5,496236F2-5496-5F5C-B855-91D5ED28D5EE,,,,,,,,,,GPS signal weak. Hovering unstable. Fly with caution (Code: 30008).
1773846080,4m 20.0s,260.0,1.40441544,103.70161988,196.9,196.9,30.0,376.9,5579.0,17.895,17.895,-17.895,,0.000,,-0.000,,2.80,0.00,180.0,180.0,,P-GPS,,,8,2,FALSE,,Mini 4 Pro,,,,,,FALSE,TRUE,,,,,,,,,,,,,,,,,,,,,,,,,,,,,,,,,,,,,,,,,,,,,,,,78.4,,,,8.014,,,,,,,8.984,,,,,,,,,,,,,,,,,,,,,,,,,,,,,,,,1.40500000,103.70135000,234.9,,,,,,,,,,,,,,,,,,,,,,,,,,,,Mini 4 Pro,SYNQMCJRHDMGMDXXB,CAMDQZY5LDGD87B2B,RCSHNLVVQDCBD2K6B,BATKQNFU2DNDFQJLB,,,,,,,,Mini 4 Pro,SYNQMCJRHDMGMDXXB,,,,DJI Fly,,1.13.5,496236F2-5496-5F5C-B855-91D5ED28D5EE,,,,,,,,,,GPS signal weak. Hovering unstable. Fly with caution (Code: 30008).
1773846081,4m 21.0s,261.0,1.40434350,103.70161988,196.9,196.9,30.0,376.9,5605.3,17.895,17.895,-17.895,,0.000,,-0.000,,2.80,0.00,180.0,180.0,,P-GPS,,,8,2,FALSE,,Mini 4 Pro,,,,,,FALSE,TRUE,,,,,,,,,,,,,,,,,,,,,,,,,,,,,,,,,,,,,,,,,,,,,,,,78.3,,,,8.014,,,,,,,8.984,,,,,,,,,,,,,,,,,,,,,,,,,,,,,,,,1.40500000,103.70135000,258.9,,,,,,,,,,,,,,,,,,,,,,,,,,,,Mini 4 Pro,SYNQMCJRHDMGMDXXB,CAMDQZY5LDGD87B2B,RCSHNLVVQDCBD2K6B,BATKQNFU2DNDFQJLB,,,,,,,,Mini 4 Pro,SYNQMCJRHDMGMDXXB,,,,DJI Fly,,1.13.5,496236F2-5496-5F5C-B855-91D5ED28D5EE,,,,,,,,,,GPS signal weak. Hovering unstable. Fly with caution (Code: 30008).
1773846082,4m 22.0s,262.0,1.40427155,103.70161988,196.9,196.9,30.0,376.9,5631.5,17.895,17.895,-17.895,,0.000,,-0.000,,2.80,0.00,180.0,180.0,,P-GPS,,,8,2,FALSE,,Mini 4 Pro,,,,,,FALSE,TRUE,,,,,,,,,,,,,,,,,,,,,,,,,,,,,,,,,,,,,,,,,,,,,,,,78.3,,,,8.014,,,,,,,8.984,,,,,,,,,,,,,,,,,,,,,,,,,,,,,,,,1.40500000,103.70135000,283.4,,,,,,,,,,,,,,,,,,,,,,,,,,,,Mini 4 Pro,SYNQMCJRHDMGMDXXB,CAMDQZY5LDGD87B2B,RCSHNLVVQDCBD2K6B,BATKQNFU2DNDFQJLB,,,,,,,,Mini 4 Pro,SYNQMCJRHDMGMDXXB,,,,DJI Fly,,1.13.5,496236F2-5496-5F5C-B855-91D5ED28D5EE,,,,,,,,,,GPS signal weak. Hovering unstable. Fly with caution (Code: 30008).
1773846083,4m 23.0s,263.0,1.40419960,103.70161988,196.9,196.9,30.0,376.9,5657.8,17.895,17.895,-17.895,,0.000,,-0.000,,2.80,0.00,180.0,180.0,,P-GPS,,,8,2,FALSE,,Mini 4 Pro,,,,,,FALSE,TRUE,,,,,,,,,,,,,,,,,,,,,,,,,,,,,,,,,,,,,,,,,,,,,,,,78.3,,,,8.013,,,,,,,8.984,,,,,,,,,,,,,,,,,,,,,,,,,,,,,,,,1.40500000,103.70135000,308.1,,,,,,,,,,,,,,,,,,,,,,,,,,,,Mini 4 Pro,SYNQMCJRHDMGMDXXB,CAMDQZY5LDGD87B2B,RCSHNLVVQDCBD2K6B,BATKQNFU2DNDFQJLB,,,,,,,,Mini 4 Pro,SYNQMCJRHDMGMDXXB,,,,DJI Fly,,1.13.5,496236F2-5496-5F5C-B855-91D5ED28D5EE,,,,,,,,,,GPS signal weak. Hovering unstable. Fly with caution (Code: 30008).
1773846084,4m 24.0s,264.0,1.40412766,103.70161988,196.9,196.9,30.0,376.9,5684.0,17.895,17.895,-17.895,,0.000,,-0.000,,2.80,0.00,180.0,180.0,,P-GPS,,,8,2,FALSE,,Mini 4 Pro,,,,,,FALSE,TRUE,,,,,,,,,,,,,,,,,,,,,,,,,,,,,,,,,,,,,,,,,,,,,,,,78.2,,,,8.013,,,,,,,8.984,,,,,,,,,,,,,,,,,,,,,,,,,,,,,,,,1.40500000,103.70135000,333.1,,,,,,,,,,,,,,,,,,,,,,,,,,,,Mini 4 Pro,SYNQMCJRHDMGMDXXB,CAMDQZY5LDGD87B2B,RCSHNLVVQDCBD2K6B,BATKQNFU2DNDFQJLB,,,,,,,,Mini 4 Pro,SYNQMCJRHDMGMDXXB,,,,DJI Fly,,1.13.5,496236F2-5496-5F5C-B855-91D5ED28D5EE,,,,,,,,,,GPS signal weak. Hovering unstable. Fly with caution (Code: 30008).
1773846085,4m 25.0s,265.0,1.40405571,103.70161988,196.9,196.9,30.0,376.9,5710.3,17.895,17.895,-17.895,,0.000,,-0.000,,2.80,0.00,180.0,180.0,,P-GPS,,,18,4,TRUE,,Mini 4 Pro,,,,,,FALSE,TRUE,,,,,,,,,,,,,,,,,,,,,,,,,,,,,,,,,,,,,,,,,,,,,,,,78.2,,,,8.012,,,,,,,8.984,,,,,,,,,,,,,,,,,,,,,,,,,,,,,,,,1.40500000,103.70135000,358.3,,,,,,,,,,,,,,,,,,,,,,,,,,,,Mini 4 Pro,SYNQMCJRHDMGMDXXB,CAMDQZY5LDGD87B2B,RCSHNLVVQDCBD2K6B,BATKQNFU2DNDFQJLB,,,,,,,,Mini 4 Pro,SYNQMCJRHDMGMDXXB,,,,DJI Fly,,1.13.5,496236F2-5496-5F5C-B855-91D5ED28D5EE,,,,,,,,,,
1773846086,4m 26.0s,266.0,1.40398377,103.70161988,196.9,196.9,30.0,376.9,5736.5,17.895,17.895,-17.895,,0.000,,-0.000,,2.80,0.00,180.0,180.0,,P-GPS,,,18,4,TRUE,,Mini 4 Pro,,,,,,FALSE,TRUE,,,,,,,,,,,,,,,,,,,,,,,,,,,,,,,,,,,,,,,,,,,,,,,,78.2,,,,8.012,,,,,,,8.984,,,,,,,,,,,,,,,,,,,,,,,,,,,,,,,,1.40500000,103.70135000,383.6,,,,,,,,,,,,,,,,,,,,,,,,,,,,Mini 4 Pro,SYNQMCJRHDMGMDXXB,CAMDQZY5LDGD87B2B,RCSHNLVVQDCBD2K6B,BATKQNFU2DNDFQJLB,,,,,,,,Mini 4 Pro,SYNQMCJRHDMGMDXXB,,,,DJI Fly,,1.13.5,496236F2-5496-5F5C-B855-91D5ED28D5EE,,,,,,,,,,
1773846087,4m 27.0s,267.0,1.40391182,103.70161988,196.9,196.9,30.0,376.9,5762.8,17.895,17.895,-17.895,,0.000,,-0.000,,2.80,0.00,180.0,180.0,,P-GPS,,,18,4,TRUE,,Mini 4 Pro,,,,,,FALSE,TRUE,,,,,,,,,,,,,,,,,,,,,,,,,,,,,,,,,,,,,,,,,,,,,,,,78.1,,,,8.011,,,,,,,8.984,,,,,,,,,,,,,,,,,,,,,,,,,,,,,,,,1.40500000,103.70135000,409.0,,,,,,,,,,,,,,,,,,,,,,,,,,,,Mini 4 Pro,SYNQMCJRHDMGMDXXB,CAMDQZY5LDGD87B2B,RCSHNLVVQDCBD2K6B,BATKQNFU2DNDFQJLB,,,,,,,,Mini 4 Pro,SYNQMCJRHDMGMDXXB,,,,DJI Fly,,1.13.5,496236F2-5496-5F5C-B855-91D5ED28D5EE,,,,,,,,,,
1773846088,4m 28.0s,268.0,1.40383988,103.70161988,196.9,196.9,30.0,376.9,5789.0,17.895,17.895,-17.895,,0.000,,-0.000,,2.80,0.00,180.0,180.0,,P-GPS,,,18,4,TRUE,,Mini 4 Pro,,,,,,FALSE,TRUE,,,,,,,,,,,,,,,,,,,,,,,,,,,,,,,,,,,,,,,,,,,,,,,,78.1,,,,8.011,,,,,,,8.984,,,,,,,,,,,,,,,,,,,,,,,,,,,,,,,,1.40500000,103.70135000,434.5,,,,,,,,,,,,,,,,,,,,,,,,,,,,Mini 4 Pro,SYNQMCJRHDMGMDXXB,CAMDQZY5LDGD87B2B,RCSHNLVVQDCBD2K6B,BATKQNFU2DNDFQJLB,,,,,,,,Mini 4 Pro,SYNQMCJRHDMGMDXXB,,,,DJI Fly,,1.13.5,496236F2-5496-5F5C-B855-91D5ED28D5EE,,,,,,,,,,
1773846089,4m 29.0s,269.0,1.40376793,103.70161988,196.9,196.9,30.0,376.9,5815.3,17.895,17.895,-17.895,,0.000,,-0.000,,2.80,0.00,180.0,180.0,,P-GPS,,,18,4,TRUE,,Mini 4 Pro,,,,,,FALSE,TRUE,,,,,,,,,,,,,,,,,,,,,,,,,,,,,,,,,,,,,,,,,,,,,,,,78.1,,,,8.010,,,,,,,8.984,,,,,,,,,,,,,,,,,,,,,,,,,,,,,,,,1.40500000,103.70135000,460.1,,,,,,,,,,,,,,,,,,,,,,,,,,,,Mini 4 Pro,SYNQMCJRHDMGMDXXB,CAMDQZY5LDGD87B2B,RCSHNLVVQDCBD2K6B,BATKQNFU2DNDFQJLB,,,,,,,,Mini 4 Pro,SYNQMCJRHDMGMDXXB,,,,DJI Fly,,1.13.5,496236F2-5496-5F5C-B855-91D5ED28D5EE,,,,,,,,,,
1773846090,4m 30.0s,270.0,1.40369598,103.70161988,196.9,196.9,30.0,376.9,5841.5,17.895,17.895,-17.895,,0.000,,-0.000,,2.80,0.00,180.0,180.0,,P-GPS,,,18,4,TRUE,,Mini 4 Pro,,,,,,FALSE,TRUE,,,,,,,,,,,,,,,,,,,,,,,,,,,,,,,,,,,,,,,,,,,,,,,,78.1,,,,8.010,,,,,,,8.984,,,,,,,,,,,,,,,,,,,,,,,,,,,,,,,,1.40500000,103.70135000,485.8,,,,,,,,,,,,,,,,,,,,,,,,,,,,Mini 4 Pro,SYNQMCJRHDMGMDXXB,CAMDQZY5LDGD87B2B,RCSHNLVVQDCBD2K6B,BATKQNFU2DNDFQJLB,,,,,,,,Mini 4 Pro,SYNQMCJRHDMGMDXXB,,,,DJI Fly,,1.13.5,496236F2-5496-5F5C-B855-91D5ED28D5EE,,,,,,,,,,
1773846091,4m 31.0s,271.0,1.40362404,103.70161988,196.9,196.9,30.0,376.9,5867.7,17.895,17.895,-17.895,,0.000,,-0.000,,2.80,0.00,180.0,180.0,,P-GPS,,,18,4,TRUE,,Mini 4 Pro,,,,,,FALSE,TRUE,,,,,,,,,,,,,,,,,,,,,,,,,,,,,,,,,,,,,,,,,,,,,,,,78.0,,,,8.009,,,,,,,8.984,,,,,,,,,,,,,,,,,,,,,,,,,,,,,,,,1.40500000,103.70135000,511.5,,,,,,,,,,,,,,,,,,,,,,,,,,,,Mini 4 Pro,SYNQMCJRHDMGMDXXB,CAMDQZY5LDGD87B2B,RCSHNLVVQDCBD2K6B,BATKQNFU2DNDFQJLB,,,,,,,,Mini 4 Pro,SYNQMCJRHDMGMDXXB,,,,DJI Fly,,1.13.5,496236F2-5496-5F5C-B855-91D5ED28D5EE,,,,,,,,,,
1773846092,4m 32.0s,272.0,1.40355209,103.70161988,196.9,196.9,30.0,376.9,5894.0,17.895,17.895,-17.895,,0.000,,-0.000,,2.80,0.00,180.0,180.0,,P-GPS,,,18,4,TRUE,,Mini 4 Pro,,,,,,FALSE,TRUE,,,,,,,,,,,,,,,,,,,,,,,,,,,,,,,,,,,,,,,,,,,,,,,,78.0,,,,8.009,,,,,,,8.984,,,,,,,,,,,,,,,,,,,,,,,,,,,,,,,,1.40500000,103.70135000,537.3,,,,,,,,,,,,,,,,,,,,,,,,,,,,Mini 4 Pro,SYNQMCJRHDMGMDXXB,CAMDQZY5LDGD87B2B,RCSHNLVVQDCBD2K6B,BATKQNFU2DNDFQJLB,,,,,,,,Mini 4 Pro,SYNQMCJRHDMGMDXXB,,,,DJI Fly,,1.13.5,496236F2-5496-5F5C-B855-91D5ED28D5EE,,,,,,,,,,
1773846093,4m 33.0s,273.0,1.40348015,103.70161988,196.9,196.9,30.0,376.9,5920.2,17.895,17.895,-17.895,,0.000,,-0.000,,2.80,0.00,180.0,180.0,,P-GPS,,,18,4,TRUE,,Mini 4 Pro,,,,,,FALSE,TRUE,,,,,,,,,,,,,,,,,,,,,,,,,,,,,,,,,,,,,,,,,,,,,,,,78.0,,,,8.009,,,,,,,8.984,,,,,,,,,,,,,,,,,,,,,,,,,,,,,,,,1.40500000,103.70135000,563.1,,,,,,,,,,,,,,,,,,,,,,,,,,,,Mini 4 Pro,SYNQMCJRHDMGMDXXB,CAMDQZY5LDGD87B2B,RCSHNLVVQDCBD2K6B,BATKQNFU2DNDFQJLB,,,,,,,,Mini 4 Pro,SYNQMCJRHDMGMDXXB,,,,DJI Fly,,1.13.5,496236F2-5496-5F5C-B855-91D5ED28D5EE,,,,,,,,,,
1773846094,4m 34.0s,274.0,1.40342619,103.70161988,196.9,196.9,30.0,376.9,5939.9,13.422,17.895,-13.422,,0.000,,-0.000,,2.10,0.00,180.0,180.0,,P-GPS,,,18,4,TRUE,,Mini 4 Pro,,,,,,FALSE,TRUE,,,,,,,,,,,,,,,,,,,,,,,,,,,,,,,,,,,,,,,,,,,,,,,,77.9,,,,8.008,,,,,,,7.884,,,,,,,,,,,,,,,,,,,,,,,,,,,,,,,,1.40500000,103.70135000,582.5,,,,,,,,,,,,,,,,,,,,,,,,,,,,Mini 4 Pro,SYNQMCJRHDMGMDXXB,CAMDQZY5LDGD87B2B,RCSHNLVVQDCBD2K6B,BATKQNFU2DNDFQJLB,,,,,,,,Mini 4 Pro,SYNQMCJRHDMGMDXXB,,,,DJI Fly,,1.13.5,496236F2-5496-5F5C-B855-91D5ED28D5EE,,,,,,,,,,
1773846095,4m 35.0s,275.0,1.40342619,103.70161988,196.9,196.9,30.0,376.9,5939.9,0.000,17.895,0.000,,0.000,,-0.000,,0.00,0.00,180.0,180.0,,P-GPS,,,18,4,TRUE,,Mini 4 Pro,,,,,,FALSE,TRUE,,,,,,,,,,,,,,,,,,,,,,,,,,,,,,,,,,,,,,,,,,,,,,,,77.9,,,,8.008,,,,,,,4.584,,,,,,,,,,,,,,,,,,,,,,,,,,,,,,,,1.40500000,103.70135000,582.5,,,,,,,,,,,,,,,,,,,,,,,,,,,,Mini 4 Pro,SYNQMCJRHDMGMDXXB,CAMDQZY5LDGD87B2B,RCSHNLVVQDCBD2K6B,BATKQNFU2DNDFQJLB,,,,,,,,Mini 4 Pro,SYNQMCJRHDMGMDXXB,,,,DJI Fly,,1.13.5,496236F2-5496-5F5C-B855-91D5ED28D5EE,,,,,,,,,,
1773846096,4m 36.0s,276.0,1.40342619,103.70167385,196.9,196.9,30.0,376.9,5959.6,13.422,17.895,0.000,,13.422,,-0.000,,2.10,-25.00,90.0,90.0,,P-GPS,,,18,4,TRUE,,Mini 4 Pro,,,,,,FALSE,TRUE,,,,,,,,,,,,,,,,,,,,,,,,,,,,,,,,,,,,,,,,,,,,,,,,77.9,,,,8.007,,,,,,,7.884,,,,,,,,,,,,,,,,,,,,,,,,,,,,,,,,1.40500000,103.70135000,586.2,,,,,,,,,,,,,,,,,,,,,,,,,,,,Mini 4 Pro,SYNQMCJRHDMGMDXXB,CAMDQZY5LDGD87B2B,RCSHNLVVQDCBD2K6B,BATKQNFU2DNDFQJLB,,,,,,,,Mini 4 Pro,SYNQMCJRHDMGMDXXB,,,,DJI Fly,,1.13.5,496236F2-5496-5F5C-B855-91D5ED28D5EE,,,,,,,,,,
1773846097,4m 37.0s,277.0,1.40342619,103.70172783,196.9,196.9,30.0,376.9,5979.3,13.422,17.895,0.000,,13.422,,-0.000,,2.10,0.00,90.0,90.0,,P-GPS,,,18,4,TRUE,,Mini 4 Pro,,,,,,FALSE,TRUE,,,,,,,,,,,,,,,,,,,,,,,,,,,,,,,,,,,,,,,,,,,,,,,,77.9,,,,8.007,,,,,,,7.884,,,,,,,,,,,,,,,,,,,,,,,,,,,,,,,,1.40500000,103.70135000,590.5,,,,,,,,,,,,,,,,,,,,,,,,,,,,Mini 4 Pro,SYNQMCJRHDMGMDXXB,CAMDQZY5LDGD87B2B,RCSHNLVVQDCBD2K6B,BATKQNFU2DNDFQJLB,,,,,,,,Mini 4 Pro,SYNQMCJRHDMGMDXXB,,,,DJI Fly,,1.13.5,496236F2-5496-5F5C-B855-91D5ED28D5EE,,,,,,,,,,
1773846098,4m 38.0s,278.0,1.40342619,103.70178180,196.9,196.9,30.0,376.9,5999.0,13.422,17.895,0.000,,13.422,,-0.000,,2.10,0.00,90.0,90.0,,P-GPS,,,18,4,TRUE,,Mini 4 Pro,,,,,,FALSE,TRUE,,,,,,,,,,,,,,,,,,,,,,,,,,,,,,,,,,,,,,,,,,,,,,,,77.8,,,,8.006,,,,,,,7.884,,,,,,,,,,,,,,,,,,,,,,,,,,,,,,,,1.40500000,103.70135000,595.4,,,,,,,,,,,,,,,,,,,,,,,,,,,,Mini 4 Pro,SYNQMCJRHDMGMDXXB,CAMDQZY5LDGD87B2B,RCSHNLVVQDCBD2K6B,BATKQNFU2DNDFQJLB,,,,,,,,Mini 4 Pro,SYNQMCJRHDMGMDXXB,,,,DJI Fly,,1.13.5,496236F2-5496-5F5C-B855-91D5ED28D5EE,,,,,,,,,,
1773846099,4m 39.0s,279.0,1.40342619,103.70183578,196.9,196.9,30.0,376.9,6018.7,13.422,17.895,0.000,,13.422,,-0.000,,2.10,0.00,90.0,90.0,,P-GPS,,,18,4,TRUE,,Mini 4 Pro,,,,,,FALSE,TRUE,,,,,,,,,,,,,,,,,,,,,,,,,,,,,,,,,,,,,,,,,,,,,,,,77.8,,,,8.006,,,,,,,7.884,,,,,,,,,,,,,,,,,,,,,,,,,,,,,,,,1.40500000,103.70135000,600.9,,,,,,,,,,,,,,,,,,,,,,,,,,,,Mini 4 Pro,SYNQMCJRHDMGMDXXB,CAMDQZY5LDGD87B2B,RCSHNLVVQDCBD2K6B,BATKQNFU2DNDFQJLB,,,,,,,,Mini 4 Pro,SYNQMCJRHDMGMDXXB,,,,DJI Fly,,1.13.5,496236F2-5496-5F5C-B855-91D5ED28D5EE,,,,,,,,,,
1773846100,4m 40.0s,280.0,1.40342619,103.70188976,196.9,196.9,30.0,376.9,6038.3,13.422,17.895,0.000,,13.422,,-0.000,,2.10,0.00,90.0,90.0,,P-GPS,,,18,4,TRUE,,Mini 4 Pro,,,,,,FALSE,TRUE,,,,,,,,,,,,,,,,,,,,,,,,,,,,,,,,,,,,,,,,,,,,,,,,77.8,,,,8.005,,,,,,,7.884,,,,,,,,,,,,,,,,,,,,,,,,,,,,,,,,1.40500000,103.70135000,607.0,,,,,,,,,,,,,,,,,,,,,,,,,,,,Mini 4 Pro,SYNQMCJRHDMGMDXXB,CAMDQZY5LDGD87B2B,RCSHNLVVQDCBD2K6B,BATKQNFU2DNDFQJLB,,,,,,,,Mini 4 Pro,SYNQMCJRHDMGMDXXB,,,,DJI Fly,,1.13.5,496236F2-5496-5F5C-B855-91D5ED28D5EE,,,,,,,,,,
1773846101,4m 41.0s,281.0,1.40342619,103.70194373,196.9,196.9,30.0,376.9,6058.0,13.422,17.895,0.000,,13.422,,-0.000,,2.10,0.00,90.0,90.0,,P-GPS,,,18,4,TRUE,,Mini 4 Pro,,,,,,FALSE,TRUE,,,,,,,,,,,,,,,,,,,,,,,,,,,,,,,,,,,,,,,,,,,,,,,,77.7,,,,8.005,,,,,,,7.884,,,,,,,,,,,,,,,,,,,,,,,,,,,,,,,,1.40500000,103.70135000,613.6,,,,,,,,,,,,,,,,,,,,,,,,,,,,Mini 4 Pro,SYNQMCJRHDMGMDXXB,CAMDQZY5LDGD87B2B,RCSHNLVVQDCBD2K6B,BATKQNFU2DNDFQJLB,,,,,,,,Mini 4 Pro,SYNQMCJRHDMGMDXXB,,,,DJI Fly,,1.13.5,496236F2-5496-5F5C-B855-91D5ED28D5EE,,,,,,,,,,
1773846102,4m 42.0s,282.0,1.40342619,103.70199771,196.9,196.9,30.0,376.9,6077.7,13.422,17.895,0.000,,13.422,,-0.000,,2.10,0.00,90.0,90.0,,P-GPS,,,18,4,TRUE,,Mini 4 Pro,,,,,,FALSE,TRUE,,,,,,,,,,,,,,,,,,,,,,,,,,,,,,,,,,,,,,,,,,,,,,,,77.7,,,,8.004,,,,,,,7.884,,,,,,,,,,,,,,,,,,,,,,,,,,,,,,,,1.40500000,103.70135000,620.8,,,,,,,,,,,,,,,,,,,,,,,,,,,,Mini 4 Pro,SYNQMCJRHDMGMDXXB,CAMDQZY5LDGD87B2B,RCSHNLVVQDCBD2K6B,BATKQNFU2DNDFQJLB,,,,,,,,Mini 4 Pro,SYNQMCJRHDMGMDXXB,,,,DJI Fly,,1.13.5,496236F2-5496-5F5C-B855-91D5ED28D5EE,,,,,,,,,,
1773846103,4m 43.0s,283.0,1.40342619,103.70205168,196.9,196.9,30.0,376.9,6097.4,13.422,17.895,0.000,,13.422,,-0.000,,2.10,0.00,90.0,90.0,,P-GPS,,,18,4,TRUE,,Mini 4 Pro,,,,,,FALSE,TRUE,,,,,,,,,,,,,,,,,,,,,,,,,,,,,,,,,,,,,,,,,,,,,,,,77.7,,,,8.004,,,,,,,7.884,,,,,,,,,,,,,,,,,,,,,,,,,,,,,,,,1.40500000,103.70135000,628.6,,,,,,,,,,,,,,,,,,,,,,,,,,,,Mini 4 Pro,SYNQMCJRHDMGMDXXB,CAMDQZY5LDGD87B2B,RCSHNLVVQDCBD2K6B,BATKQNFU2DNDFQJLB,,,,,,,,Mini 4 Pro,SYNQMCJRHDMGMDXXB,,,,DJI Fly,,1.13.5,496236F2-5496-5F5C-B855-91D5ED28D5EE,,,,,,,,,,
1773846104,4m 44.0s,284.0,1.40342619,103.70210566,196.9,196.9,30.0,376.9,6117.1,13.422,17.895,0.000,,13.422,,-0.000,,2.10,0.00,90.0,90.0,,P-GPS,,,18,4,TRUE,,Mini 4 Pro,,,,,,FALSE,TRUE,,,,,,,,,,,,,,,,,,,,,,,,,,,,,,,,,,,,,,,,,,,,,,,,77.6,,,,8.004,,,,,,,7.884,,,,,,,,,,,,,,,,,,,,,,,,,,,,,,,,1.40500000,103.70135000,636.9,,,,,,,,,,,,,,,,,,,,,,,,,,,,Mini 4 Pro,SYNQMCJRHDMGMDXXB,CAMDQZY5LDGD87B2B,RCSHNLVVQDCBD2K6B,BATKQNFU2DNDFQJLB,,,,,,,,Mini 4 Pro,SYNQMCJRHDMGMDXXB,,,,DJI Fly,,1.13.5,496236F2-5496-5F5C-B855-91D5ED28D5EE,,,,,,,,,,
1773846105,4m 45.0s,285.0,1.40342619,103.70215963,196.9,196.9,30.0,376.9,6136.8,13.422,17.895,0.000,,13.422,,-0.000,,2.10,0.00,90.0,90.0,,P-GPS,,,18,4,TRUE,,Mini 4 Pro,,,,,,FALSE,TRUE,,,,,,,,,,,,,,,,,,,,,,,,,,,,,,,,,,,,,,,,,,,,,,,,77.6,,,,8.003,,,,,,,7.884,,,,,,,,,,,,,,,,,,,,,,,,,,,,,,,,1.40500000,103.70135000,645.6,,,,,,,,,,,,,,,,,,,,,,,,,,,,Mini 4 Pro,SYNQMCJRHDMGMDXXB,CAMDQZY5LDGD87B2B,RCSHNLVVQDCBD2K6B,BATKQNFU2DNDFQJLB,,,,,,,,Mini 4 Pro,SYNQMCJRHDMGMDXXB,,,,DJI Fly,,1.13.5,496236F2-5496-5F5C-B855-91D5ED28D5EE,,,,,,,,,,
1773846106,4m 46.0s,286.0,1.40349813,103.70215963,196.9,196.9,30.0,376.9,6163.0,17.895,17.895,17.895,,0.000,,-0.000,,2.80,-25.00,0.0,0.0,,P-GPS,,,18,4,TRUE,,Mini 4 Pro,,,,,,FALSE,TRUE,,,,,,,,,,,,,,,,,,,,,,,,,,,,,,,,,,,,,,,,,,,,,,,,77.6,,,,8.003,,,,,,,8.984,,,,,,,,,,,,,,,,,,,,,,,,,,,,,,,,1.40500000,103.70135000,622.4,,,,,,,,,,,,,,,,,,,,,,,,,,,,Mini 4 Pro,SYNQMCJRHDMGMDXXB,CAMDQZY5LDGD87B2B,RCSHNLVVQDCBD2K6B,BATKQNFU2DNDFQJLB,,,,,,,,Mini 4 Pro,SYNQMCJRHDMGMDXXB,,,,DJI Fly,,1.13.5,496236F2-5496-5F5C-B855-91D5ED28D5EE,,,,,,,,,,
1773846107,4m 47.0s,287.0,1.40357008,103.70215963,196.9,196.9,30.0,376.9,6189.3,17.895,17.895,17.895,,0.000,,-0.000,,2.80,0.00,0.0,0.0,,P-GPS,,,18,4,TRUE,,Mini 4 Pro,,,,,,FALSE,TRUE,,,,,,,,,,,,,,,,,,,,,,,,,,,,,,,,,,,,,,,,,,,,,,,,77.6,,,,8.002,,,,,,,8.984,,,,,,,,,,,,,,,,,,,,,,,,,,,,,,,,1.40500000,103.70135000,599.4,,,,,,,,,,,,,,,,,,,,,,,,,,,,Mini 4 Pro,SYNQMCJRHDMGMDXXB,CAMDQZY5LDGD87B2B,RCSHNLVVQDCBD2K6B,BATKQNFU2DNDFQJLB,,,,,,,,Mini 4 Pro,SYNQMCJRHDMGMDXXB,,,,DJI Fly,,1.13.5,496236F2-5496-5F5C-B855-91D5ED28D5EE,,,,,,,,,,
1773846108,4m 48.0s,288.0,1.40364202,103.70215963,196.9,196.9,30.0,376.9,6215.5,17.895,17.895,17.895,,0.000,,-0.000,,2.80,0.00,0.0,0.0,,P-GPS,,,18,4,TRUE,,Mini 4 Pro,,,,,,FALSE,TRUE,,,,,,,,,,,,,,,,,,,,,,,,,,,,,,,,,,,,,,,,,,,,,,,,77.5,,,,8.002,,,,,,,8.984,,,,,,,,,,,,,,,,,,,,,,,,,,,,,,,,1.40500000,103.70135000,576.7,,,,,,,,,,,,,,,,,,,,,,,,,,,,Mini 4 Pro,SYNQMCJRHDMGMDXXB,CAMDQZY5LDGD87B2B,RCSHNLVVQDCBD2K6B,BATKQNFU2DNDFQJLB,,,,,,,,Mini 4 Pro,SYNQMCJRHDMGMDXXB,,,,DJI Fly,,1.13.5,496236F2-5496-5F5C-B855-91D5ED28D5EE,,,,,,,,,,
1773846109,4m 49.0s,289.0,1.40371397,103.70215963,196.9,196.9,30.0,376.9,6241.8,17.895,17.895,17.895,,0.000,,-0.000,,2.80,0.00,0.0,0.0,,P-GPS,,,18,4,TRUE,,Mini 4 Pro,,,,,,FALSE,TRUE,,,,,,,,,,,,,,,,,,,,,,,,,,,,,,,,,,,,,,,,,,,,,,,,77.5,,,,8.001,,,,,,,8.984,,,,,,,,,,,,,,,,,,,,,,,,,,,,,,,,1.40500000,103.70135000,554.3,,,,,,,,,,,,,,,,,,,,,,,,,,,,Mini 4 Pro,SYNQMCJRHDMGMDXXB,CAMDQZY5LDGD87B2B,RCSHNLVVQDCBD2K6B,BATKQNFU2DNDFQJLB,,,,,,,,Mini 4 Pro,SYNQMCJRHDMGMDXXB,,,,DJI Fly,,1.13.5,496236F2-5496-5F5C-B855-91D5ED28D5EE,,,,,,,,,,
1773846110,4m 50.0s,290.0,1.40378592,103.70215963,196.9,196.9,30.0,376.9,6268.0,17.895,17.895,17.895,,0.000,,-0.000,,2.80,0.00,0.0,0.0,,P-GPS,,,18,4,TRUE,,Mini 4 Pro,,,,,,FALSE,TRUE,,,,,,,,,,,,,,,,,,,,,,,,,,,,,,,,,,,,,,,,,,,,,,,,77.5,,,,8.001,,,,,,,8.984,,,,,,,,,,,,,,,,,,,,,,,,,,,,,,,,1.40500000,103.70135000,532.3,,,,,,,,,,,,,,,,,,,,,,,,,,,,Mini 4 Pro,SYNQMCJRHDMGMDXXB,CAMDQZY5LDGD87B2B,RCSHNLVVQDCBD2K6B,BATKQNFU2DNDFQJLB,,,,,,,,Mini 4 Pro,SYNQMCJRHDMGMDXXB,,,,DJI Fly,,1.13.5,496236F2-5496-5F5C-B855-91D5ED28D5EE,,,,,,,,,,
1773846111,4m 51.0s,291.0,1.40385786,103.70215963,196.9,196.9,30.0,376.9,6294.3,17.895,17.895,17.895,,0.000,,-0.000,,2.80,0.00,0.0,0.0,,P-GPS,,,18,4,TRUE,,Mini 4 Pro,,,,,,FALSE,TRUE,,,,,,,,,,,,,,,,,,,,,,,,,,,,,,,,,,,,,,,,,,,,,,,,77.4,,,,8.000,,,,,,,8.984,,,,,,,,,,,,,,,,,,,,,,,,,,,,,,,,1.40500000,103.70135000,510.7,,,,,,,,,,,,,,,,,,,,,,,,,,,,Mini 4 Pro,SYNQMCJRHDMGMDXXB,CAMDQZY5LDGD87B2B,RCSHNLVVQDCBD2K6B,BATKQNFU2DNDFQJLB,,,,,,,,Mini 4 Pro,SYNQMCJRHDMGMDXXB,,,,DJI Fly,,1.13.5,496236F2-5496-5F5C-B855-91D5ED28D5EE,,,,,,,,,,
1773846112,4m 52.0s,292.0,1.40392981,103.70215963,196.9,196.9,30.0,376.9,6320.5,17.895,17.895,17.895,,0.000,,-0.000,,2.80,0.00,0.0,0.0,,P-GPS,,,18,4,TRUE,,Mini 4 Pro,,,,,,FALSE,TRUE,,,,,,,,,,,,,,,,,,,,,,,,,,,,,,,,,,,,,,,,,,,,,,,,77.4,,,,8.000,,,,,,,8.984,,,,,,,,,,,,,,,,,,,,,,,,,,,,,,,,1.40500000,103.70135000,489.5,,,,,,,,,,,,,,,,,,,,,,,,,,,,Mini 4 Pro,SYNQMCJRHDMGMDXXB,CAMDQZY5LDGD87B2B,RCSHNLVVQDCBD2K6B,BATKQNFU2DNDFQJLB,,,,,,,,Mini 4 Pro,SYNQMCJRHDMGMDXXB,,,,DJI Fly,,1.13.5,496236F2-5496-5F5C-B855-91D5ED28D5EE,,,,,,,,,,
1773846113,4m 53.0s,293.0,1.40400175,103.70215963,196.9,196.9,30.0,376.9,6346.7,17.895,17.895,17.895,,0.000,,-0.000,,2.80,0.00,0.0,0.0,,P-GPS,,,18,4,TRUE,,Mini 4 Pro,,,,,,FALSE,TRUE,,,,,,,,,,,,,,,,,,,,,,,,,,,,,,,,,,,,,,,,,,,,,,,,77.4,,,,7.999,,,,,,,8.984,,,,,,,,,,,,,,,,,,,,,,,,,,,,,,,,1.40500000,103.70135000,468.8,,,,,,,,,,,,,,,,,,,,,,,,,,,,Mini 4 Pro,SYNQMCJRHDMGMDXXB,CAMDQZY5LDGD87B2B,RCSHNLVVQDCBD2K6B,BATKQNFU2DNDFQJLB,,,,,,,,Mini 4 Pro,SYNQMCJRHDMGMDXXB,,,,DJI Fly,,1.13.5,496236F2-5496-5F5C-B855-91D5ED28D5EE,,,,,,,,,,
1773846114,4m 54.0s,294.0,1.40407370,103.70215963,196.9,196.9,30.0,376.9,6373.0,17.895,17.895,17.895,,0.000,,-0.000,,2.80,0.00,0.0,0.0,,P-GPS,,,18,4,TRUE,,Mini 4 Pro,,,,,,FALSE,TRUE,,,,,,,,,,,,,,,,,,,,,,,,,,,,,,,,,,,,,,,,,,,,,,,,77.4,,,,7.999,,,,,,,8.984,,,,,,,,,,,,,,,,,,,,,,,,,,,,,,,,1.40500000,103.70135000,448.8,,,,,,,,,,,,,,,,,,,,,,,,,,,,Mini 4 Pro,SYNQMCJRHDMGMDXXB,CAMDQZY5LDGD87B2B,RCSHNLVVQDCBD2K6B,BATKQNFU2DNDFQJLB,,,,,,,,Mini 4 Pro,SYNQMCJRHDMGMDXXB,,,,DJI Fly,,1.13.5,496236F2-5496-5F5C-B855-91D5ED28D5EE,,,,,,,,,,
1773846115,4m 55.0s,295.0,1.40414564,103.70215963,196.9,196.9,30.0,376.9,6399.2,17.895,17.895,17.895,,0.000,,-0.000,,2.80,0.00,0.0,0.0,,P-GPS,,,18,4,TRUE,,Mini 4 Pro,,,,,,FALSE,TRUE,,,,,,,,,,,,,,,,,,,,,,,,,,,,,,,,,,,,,,,,,,,,,,,,77.3,,,,7.999,,,,,,,8.984,,,,,,,,,,,,,,,,,,,,,,,,,,,,,,,,1.40500000,103.70135000,429.3,,,,,,,,,,,,,,,,,,,,,,,,,,,,Mini 4 Pro,SYNQMCJRHDMGMDXXB,CAMDQZY5LDGD87B2B,RCSHNLVVQDCBD2K6B,BATKQNFU2DNDFQJLB,,,,,,,,Mini 4 Pro,SYNQMCJRHDMGMDXXB,,,,DJI Fly,,1.13.5,496236F2-5496-5F5C-B855-91D5ED28D5EE,,,,,,,,,,
1773846116,4m 56.0s,296.0,1.40421759,103.70215963,196.9,196.9,30.0,376.9,6425.5,17.895,17.895,17.895,,0.000,,-0.000,,2.80,0.00,0.0,0.0,,P-GPS,,,18,4,TRUE,,Mini 4 Pro,,,,,,FALSE,TRUE,,,,,,,,,,,,,,,,,,,,,,,,,,,,,,,,,,,,,,,,,,,,,,,,77.3,,,,7.998,,,,,,,8.984,,,,,,,,,,,,,,,,,,,,,,,,,,,,,,,,1.40500000,103.70135000,410.7,,,,,,,,,,,,,,,,,,,,,,,,,,,,Mini 4 Pro,SYNQMCJRHDMGMDXXB,CAMDQZY5LDGD87B2B,RCSHNLVVQDCBD2K6B,BATKQNFU2DNDFQJLB,,,,,,,,Mini 4 Pro,SYNQMCJRHDMGMDXXB,,,,DJI Fly,,1.13.5,496236F2-5496-5F5C-B855-91D5ED28D5EE,,,,,,,,,,
1773846117,4m 57.0s,297.0,1.40428954,103.70215963,196.9,196.9,30.0,376.9,6451.7,17.895,17.895,17.895,,0.000,,-0.000,,2.80,0.00,0.0,0.0,,P-GPS,,,18,4,TRUE,,Mini 4 Pro,,,,,,FALSE,TRUE,,,,,,,,,,,,,,,,,,,,,,,,,,,,,,,,,,,,,,,,,,,,,,,,77.3,,,,7.998,,,,,,,8.984,,,,,,,,,,,,,,,,,,,,,,,,,,,,,,,,1.40500000,103.70135000,392.9,,,,,,,,,,,,,,,,,,,,,,,,,,,,Mini 4 Pro,SYNQMCJRHDMGMDXXB,CAMDQZY5LDGD87B2B,RCSHNLVVQDCBD2K6B,BATKQNFU2DNDFQJLB,,,,,,,,Mini 4 Pro,SYNQMCJRHDMGMDXXB,,,,DJI Fly,,1.13.5,496236F2-5496-5F5C-B855-91D5ED28D5EE,,,,,,,,,,
1773846118,4m 58.0s,298.0,1.40436148,103.70215963,196.9,196.9,30.0,376.9,6478.0,17.895,17.895,17.895,,0.000,,-0.000,,2.80,0.00,0.0,0.0,,P-GPS,,,18,4,TRUE,,Mini 4 Pro,,,,,,FALSE,TRUE,,,,,,,,,,,,,,,,,,,,,,,,,,,,,,,,,,,,,,,,,,,,,,,,77.2,,,,7.997,,,,,,,8.984,,,,,,,,,,,,,,,,,,,,,,,,,,,,,,,,1.40500000,103.70135000,376.1,,,,,,,,,,,,,,,,,,,,,,,,,,,,Mini 4 Pro,SYNQMCJRHDMGMDXXB,CAMDQZY5LDGD87B2B,RCSHNLVVQDCBD2K6B,BATKQNFU2DNDFQJLB,,,,,,,,Mini 4 Pro,SYNQMCJRHDMGMDXXB,,,,DJI Fly,,1.13.5,496236F2-5496-5F5C-B855-91D5ED28D5EE,,,,,,,,,,
1773846119,4m 59.0s,299.0,1.40443343,103.70215963,196.9,196.9,30.0,376.9,6504.2,17.895,17.895,17.895,,0.000,,-0.000,,2.80,0.00,0.0,0.0,,P-GPS,,,18,4,TRUE,,Mini 4 Pro,,,,,,FALSE,TRUE,,,,,,,,,,,,,,,,,,,,,,,,,,,,,,,,,,,,,,,,,,,,,,,,77.2,,,,7.997,,,,,,,8.984,,,,,,,,,,,,,,,,,,,,,,,,,,,,,,,,1.40500000,103.70135000,360.4,,,,,,,,,,,,,,,,,,,,,,,,,,,,Mini 4 Pro,SYNQMCJRHDMGMDXXB,CAMDQZY5LDGD87B2B,RCSHNLVVQDCBD2K6B,BATKQNFU2DNDFQJLB,,,,,,,,Mini 4 Pro,SYNQMCJRHDMGMDXXB,,,,DJI Fly,,1.13.5,496236F2-5496-5F5C-B855-91D5ED28D5EE,,,,,,,,,,
1773846120,5m 0.0s,300.0,1.40450537,103.70215963,196.9,196.9,30.0,376.9,6530.5,17.895,17.895,17.895,,0.000,,-0.000,,2.80,0.00,0.0,0.0,,P-GPS,,,18,4,TRUE,,Mini 4 Pro,,,,,,FALSE,TRUE,,,,,,,,,,,,,,,,,,,,,,,,,,,,,,,,,,,,,,,,,,,,,,,,77.2,,,,7.996,,,,,,,8.984,,,,,,,,,,,,,,,,,,,,,,,,,,,,,,,,1.40500000,103.70135000,346.0,,,,,,,,,,,,,,,,,,,,,,,,,,,,Mini 4 Pro,SYNQMCJRHDMGMDXXB,CAMDQZY5LDGD87B2B,RCSHNLVVQDCBD2K6B,BATKQNFU2DNDFQJLB,,,,,,,,Mini 4 Pro,SYNQMCJRHDMGMDXXB,,,,DJI Fly,,1.13.5,496236F2-5496-5F5C-B855-91D5ED28D5EE,,,,,,,,,,
1773846121,5m 1.0s,301.0,1.40457732,103.70215963,196.9,196.9,30.0,376.9,6556.7,17.895,17.895,17.895,,0.000,,-0.000,,2.80,0.00,0.0,0.0,,P-GPS,,,18,4,TRUE,,Mini 4 Pro,,,,,,FALSE,TRUE,,,,,,,,,,,,,,,,,,,,,,,,,,,,,,,,,,,,,,,,,,,,,,,,77.1,,,,7.996,,,,,,,8.984,,,,,,,,,,,,,,,,,,,,,,,,,,,,,,,,1.40500000,103.70135000,333.1,,,,,,,,,,,,,,,,,,,,,,,,,,,,Mini 4 Pro,SYNQMCJRHDMGMDXXB,CAMDQZY5LDGD87B2B,RCSHNLVVQDCBD2K6B,BATKQNFU2DNDFQJLB,,,,,,,,Mini 4 Pro,SYNQMCJRHDMGMDXXB,,,,DJI Fly,,1.13.5,496236F2-5496-5F5C-B855-91D5ED28D5EE,,,,,,,,,,
1773846122,5m 2.0s,302.0,1.40464926,103.70215963,196.9,196.9,30.0,376.9,6583.0,17.895,17.895,17.895,,0.000,,-0.000,,2.80,0.00,0.0,0.0,,P-GPS,,,18,4,TRUE,,Mini 4 Pro,,,,,,FALSE,TRUE,,,,,,,,,,,,,,,,,,,,,,,,,,,,,,,,,,,,,,,,,,,,,,,,77.1,,,,7.995,,,,,,,8.984,,,,,,,,,,,,,,,,,,,,,,,,,,,,,,,,1.40500000,103.70135000,321.8,,,,,,,,,,,,,,,,,,,,,,,,,,,,Mini 4 Pro,SYNQMCJRHDMGMDXXB,CAMDQZY5LDGD87B2B,RCSHNLVVQDCBD2K6B,BATKQNFU2DNDFQJLB,,,,,,,,Mini 4 Pro,SYNQMCJRHDMGMDXXB,,,,DJI Fly,,1.13.5,496236F2-5496-5F5C-B855-91D5ED28D5EE,,,,,,,,,,
1773846123,5m 3.0s,303.0,1.40472121,103.70215963,196.9,196.9,30.0,376.9,6609.2,17.895,17.895,17.895,,0.000,,-0.000,,2.80,0.00,0.0,0.0,,P-GPS,,,18,4,TRUE,,Mini 4 Pro,,,,,,FALSE,TRUE,,,,,,,,,,,,,,,,,,,,,,,,,,,,,,,,,,,,,,,,,,,,,,,,77.1,,,,7.995,,,,,,,8.984,,,,,,,,,,,,,,,,,,,,,,,,,,,,,,,,1.40500000,103.70135000,312.3,,,,,,,,,,,,,,,,,,,,,,,,,,,,Mini 4 Pro,SYNQMCJRHDMGMDXXB,CAMDQZY5LDGD87B2B,RCSHNLVVQDCBD2K6B,BATKQNFU2DNDFQJLB,,,,,,,,Mini 4 Pro,SYNQMCJRHDMGMDXXB,,,,DJI Fly,,1.13.5,496236F2-5496-5F5C-B855-91D5ED28D5EE,,,,,,,,,,
1773846124,5m 4.0s,304.0,1.40479316,103.70215963,196.9,196.9,30.0,376.9,6635.5,17.895,17.895,17.895,,0.000,,-0.000,,2.80,0.00,0.0,0.0,,P-GPS,,,18,4,TRUE,,Mini 4 Pro,,,,,,FALSE,TRUE,,,,,,,,,,,,,,,,,,,,,,,,,,,,,,,,,,,,,,,,,,,,,,,,77.1,,,,7.994,,,,,,,8.984,,,,,,,,,,,,,,,,,,,,,,,,,,,,,,,,1.40500000,103.70135000,304.8,,,,,,,,,,,,,,,,,,,,,,,,,,,,Mini 4 Pro,SYNQMCJRHDMGMDXXB,CAMDQZY5LDGD87B2B,RCSHNLVVQDCBD2K6B,BATKQNFU2DNDFQJLB,,,,,,,,Mini 4 Pro,SYNQMCJRHDMGMDXXB,,,,DJI Fly,,1.13.5,496236F2-5496-5F5C-B855-91D5ED28D5EE,,,,,,,,,,
1773846125,5m 5.0s,305.0,1.40486510,103.70215963,196.9,196.9,30.0,376.9,6661.7,17.895,17.895,17.895,,0.000,,-0.000,,2.80,0.00,0.0,0.0,,P-GPS,,,18,4,TRUE,,Mini 4 Pro,,,,,,FALSE,TRUE,,,,,,,,,,,,,,,,,,,,,,,,,,,,,,,,,,,,,,,,,,,,,,,,77.0,,,,7.994,,,,,,,8.984,,,,,,,,,,,,,,,,,,,,,,,,,,,,,,,,1.40500000,103.70135000,299.3,,,,,,,,,,,,,,,,,,,,,,,,,,,,Mini 4 Pro,SYNQMCJRHDMGMDXXB,CAMDQZY5LDGD87B2B,RCSHNLVVQDCBD2K6B,BATKQNFU2DNDFQJLB,,,,,,,,Mini 4 Pro,SYNQMCJRHDMGMDXXB,,,,DJI Fly,,1.13.5,496236F2-5496-5F5C-B855-91D5ED28D5EE,,,,,,,,,,
1773846126,5m 6.0s,306.0,1.40493705,103.70215963,196.9,196.9,30.0,376.9,6688.0,17.895,17.895,17.895,,0.000,,-0.000,,2.80,0.00,0.0,0.0,,P-GPS,,,18,4,TRUE,,Mini 4 Pro,,,,,,FALSE,TRUE,,,,,,,,,,,,,,,,,,,,,,,,,,,,,,,,,,,,,,,,,,,,,,,,77.0,,,,7.993,,,,,,,8.984,,,,,,,,,,,,,,,,,,,,,,,,,,,,,,,,1.40500000,103.70135000,296.2,,,,,,,,,,,,,,,,,,,,,,,,,,,,Mini 4 Pro,SYNQMCJRHDMGMDXXB,CAMDQZY5LDGD87B2B,RCSHNLVVQDCBD2K6B,BATKQNFU2DNDFQJLB,,,,,,,,Mini 4 Pro,SYNQMCJRHDMGMDXXB,,,,DJI Fly,,1.13.5,496236F2-5496-5F5C-B855-91D5ED28D5EE,,,,,,,,,,
1773846127,5m 7.0s,307.0,1.40500899,103.70215963,196.9,196.9,30.0,376.9,6714.2,17.895,17.895,17.895,,0.000,,-0.000,,2.80,0.00,0.0,0.0,,P-GPS,,,18,4,TRUE,,Mini 4 Pro,,,,,,FALSE,TRUE,,,,,,,,,,,,,,,,,,,,,,,,,,,,,,,,,,,,,,,,,,,,,,,,77.0,,,,7.993,,,,,,,8.984,,,,,,,,,,,,,,,,,,,,,,,,,,,,,,,,1.40500000,103.70135000,295.3,,,,,,,,,,,,,,,,,,,,,,,,,,,,Mini 4 Pro,SYNQMCJRHDMGMDXXB,CAMDQZY5LDGD87B2B,RCSHNLVVQDCBD2K6B,BATKQNFU2DNDFQJLB,,,,,,,,Mini 4 Pro,SYNQMCJRHDMGMDXXB,,,,DJI Fly,,1.13.5,496236F2-5496-5F5C-B855-91D5ED28D5EE,,,,,,,,,,
1773846128,5m 8.0s,308.0,1.40508094,103.70215963,196.9,196.9,30.0,376.9,6740.4,17.895,17.895,17.895,,0.000,,-0.000,,2.80,0.00,0.0,0.0,,P-GPS,,,18,4,TRUE,,Mini 4 Pro,,,,,,FALSE,TRUE,,,,,,,,,,,,,,,,,,,,,,,,,,,,,,,,,,,,,,,,,,,,,,,,76.9,,,,7.993,,,,,,,8.984,,,,,,,,,,,,,,,,,,,,,,,,,,,,,,,,1.40500000,103.70135000,296.7,,,,,,,,,,,,,,,,,,,,,,,,,,,,Mini 4 Pro,SYNQMCJRHDMGMDXXB,CAMDQZY5LDGD87B2B,RCSHNLVVQDCBD2K6B,BATKQNFU2DNDFQJLB,,,,,,,,Mini 4 Pro,SYNQMCJRHDMGMDXXB,,,,DJI Fly,,1.13.5,496236F2-5496-5F5C-B855-91D5ED28D5EE,,,,,,,,,,
1773846129,5m 9.0s,309.0,1.40515288,103.70215963,196.9,196.9,30.0,376.9,6766.7,17.895,17.895,17.895,,0.000,,-0.000,,2.80,0.00,0.0,0.0,,P-GPS,,,18,4,TRUE,,Mini 4 Pro,,,,,,FALSE,TRUE,,,,,,,,,,,,,,,,,,,,,,,,,,,,,,,,,,,,,,,,,,,,,,,,76.9,,,,7.992,,,,,,,8.984,,,,,,,,,,,,,,,,,,,,,,,,,,,,,,,,1.40500000,103.70135000,300.5,,,,,,,,,,,,,,,,,,,,,,,,,,,,Mini 4 Pro,SYNQMCJRHDMGMDXXB,CAMDQZY5LDGD87B2B,RCSHNLVVQDCBD2K6B,BATKQNFU2DNDFQJLB,,,,,,,,Mini 4 Pro,SYNQMCJRHDMGMDXXB,,,,DJI Fly,,1.13.5,496236F2-5496-5F5C-B855-91D5ED28D5EE,,,,,,,,,,
1773846130,5m 10.0s,310.0,1.40522483,103.70215963,196.9,196.9,30.0,376.9,6792.9,17.895,17.895,17.895,,0.000,,-0.000,,2.80,0.00,0.0,0.0,,P-GPS,,,18,4,TRUE,,Mini 4 Pro,,,,,,FALSE,TRUE,,,,,,,,,,,,,,,,,,,,,,,,,,,,,,,,,,,,,,,,,,,,,,,,76.9,,,,7.992,,,,,,,8.984,,,,,,,,,,,,,,,,,,,,,,,,,,,,,,,,1.40500000,103.70135000,306.5,,,,,,,,,,,,,,,,,,,,,,,,,,,,Mini 4 Pro,SYNQMCJRHDMGMDXXB,CAMDQZY5LDGD87B2B,RCSHNLVVQDCBD2K6B,BATKQNFU2DNDFQJLB,,,,,,,,Mini 4 Pro,SYNQMCJRHDMGMDXXB,,,,DJI Fly,,1.13.5,496236F2-5496-5F5C-B855-91D5ED28D5EE,,,,,,,,,,
1773846131,5m 11.0s,311.0,1.40529678,103.70215963,196.9,196.9,30.0,376.9,6819.2,17.895,17.895,17.895,,0.000,,-0.000,,2.80,0.00,0.0,0.0,,P-GPS,,,18,4,TRUE,,Mini 4 Pro,,,,,,FALSE,TRUE,,,,,,,,,,,,,,,,,,,,,,,,,,,,,,,,,,,,,,,,,,,,,,,,76.9,,,,7.991,,,,,,,8.984,,,,,,,,,,,,,,,,,,,,,,,,,,,,,,,,1.40500000,103.70135000,314.5,,,,,,,,,,,,,,,,,,,,,,,,,,,,Mini 4 Pro,SYNQMCJRHDMGMDXXB,CAMDQZY5LDGD87B2B,RCSHNLVVQDCBD2K6B,BATKQNFU2DNDFQJLB,,,,,,,,Mini 4 Pro,SYNQMCJRHDMGMDXXB,,,,DJI Fly,,1.13.5,496236F2-5496-5F5C-B855-91D5ED28D5EE,,,,,,,,,,
1773846132,5m 12.0s,312.0,1.40536872,103.70215963,196.9,196.9,30.0,376.9,6845.4,17.895,17.895,17.895,,0.000,,-0.000,,2.80,0.00,0.0,0.0,,P-GPS,,,18,4,TRUE,,Mini 4 Pro,,,,,,FALSE,TRUE,,,,,,,,,,,,,,,,,,,,,,,,,,,,,,,,,,,,,,,,,,,,,,,,76.8,,,,7.991,,,,,,,8.984,,,,,,,,,,,,,,,,,,,,,,,,,,,,,,,,1.40500000,103.70135000,324.5,,,,,,,,,,,,,,,,,,,,,,,,,,,,Mini 4 Pro,SYNQMCJRHDMGMDXXB,CAMDQZY5LDGD87B2B,RCSHNLVVQDCBD2K6B,BATKQNFU2DNDFQJLB,,,,,,,,Mini 4 Pro,SYNQMCJRHDMGMDXXB,,,,DJI Fly,,1.13.5,496236F2-5496-5F5C-B855-91D5ED28D5EE,,,,,,,,,,
1773846133,5m 13.0s,313.0,1.40544067,103.70215963,196.9,196.9,30.0,376.9,6871.7,17.895,17.895,17.895,,0.000,,-0.000,,2.80,0.00,0.0,0.0,,P-GPS,,,18,4,TRUE,,Mini 4 Pro,,,,,,FALSE,TRUE,,,,,,,,,,,,,,,,,,,,,,,,,,,,,,,,,,,,,,,,,,,,,,,,76.8,,,,7.990,,,,,,,8.984,,,,,,,,,,,,,,,,,,,,,,,,,,,,,,,,1.40500000,103.70135000,336.2,,,,,,,,,,,,,,,,,,,,,,,,,,,,Mini 4 Pro,SYNQMCJRHDMGMDXXB,CAMDQZY5LDGD87B2B,RCSHNLVVQDCBD2K6B,BATKQNFU2DNDFQJLB,,,,,,,,Mini 4 Pro,SYNQMCJRHDMGMDXXB,,,,DJI Fly,,1.13.5,496236F2-5496-5F5C-B855-91D5ED28D5EE,,,,,,,,,,
1773846134,5m 14.0s,314.0,1.40551261,103.70215963,196.9,196.9,30.0,376.9,6897.9,17.895,17.895,17.895,,0.000,,-0.000,,2.80,0.00,0.0,0.0,,P-GPS,,,18,4,TRUE,,Mini 4 Pro,,,,,,FALSE,TRUE,,,,,,,,,,,,,,,,,,,,,,,,,,,,,,,,,,,,,,,,,,,,,,,,76.8,,,,7.990,,,,,,,8.984,,,,,,,,,,,,,,,,,,,,,,,,,,,,,,,,1.40500000,103.70135000,349.5,,,,,,,,,,,,,,,,,,,,,,,,,,,,Mini 4 Pro,SYNQMCJRHDMGMDXXB,CAMDQZY5LDGD87B2B,RCSHNLVVQDCBD2K6B,BATKQNFU2DNDFQJLB,,,,,,,,Mini 4 Pro,SYNQMCJRHDMGMDXXB,,,,DJI Fly,,1.13.5,496236F2-5496-5F5C-B855-91D5ED28D5EE,,,,,,,,,,
1773846135,5m 15.0s,315.0,1.40558456,103.70215963,196.9,196.9,30.0,376.9,6924.2,17.895,17.895,17.895,,0.000,,-0.000,,2.80,0.00,0.0,0.0,,P-GPS,,,18,4,TRUE,,Mini 4 Pro,,,,,,FALSE,TRUE,,,,,,,,,,,,,,,,,,,,,,,,,,,,,,,,,,,,,,,,,,,,,,,,76.7,,,,7.989,,,,,,,8.984,,,,,,,,,,,,,,,,,,,,,,,,,,,,,,,,1.40500000,103.70135000,364.2,,,,,,,,,,,,,,,,,,,,,,,,,,,,Mini 4 Pro,SYNQMCJRHDMGMDXXB,CAMDQZY5LDGD87B2B,RCSHNLVVQDCBD2K6B,BATKQNFU2DNDFQJLB,,,,,,,,Mini 4 Pro,SYNQMCJRHDMGMDXXB,,,,DJI Fly,,1.13.5,496236F2-5496-5F5C-B855-91D5ED28D5EE,,,,,,,,,,
1773846136,5m 16.0s,316.0,1.40565650,103.70215963,196.9,196.9,30.0,376.9,6950.4,17.895,17.895,17.895,,0.000,,-0.000,,2.80,0.00,0.0,0.0,,P-GPS,,,18,4,TRUE,,Mini 4 Pro,,,,,,FALSE,TRUE,,,,,,,,,,,,,,,,,,,,,,,,,,,,,,,,,,,,,,,,,,,,,,,,76.7,,,,7.989,,,,,,,8.984,,,,,,,,,,,,,,,,,,,,,,,,,,,,,,,,1.40500000,103.70135000,380.2,,,,,,,,,,,,,,,,,,,,,,,,,,,,Mini 4 Pro,SYNQMCJRHDMGMDXXB,CAMDQZY5LDGD87B2B,RCSHNLVVQDCBD2K6B,BATKQNFU2DNDFQJLB,,,,,,,,Mini 4 Pro,SYNQMCJRHDMGMDXXB,,,,DJI Fly,,1.13.5,496236F2-5496-5F5C-B855-91D5ED28D5EE,,,,,,,,,,
1773846137,5m 17.0s,317.0,1.40572845,103.70215963,196.9,196.9,30.0,376.9,6976.7,17.895,17.895,17.895,,0.000,,-0.000,,2.80,0.00,0.0,0.0,,P-GPS,,,18,4,TRUE,,Mini 4 Pro,,,,,,FALSE,TRUE,,,,,,,,,,,,,,,,,,,,,,,,,,,,,,,,,,,,,,,,,,,,,,,,76.7,,,,7.988,,,,,,,8.984,,,,,,,,,,,,,,,,,,,,,,,,,,,,,,,,1.40500000,103.70135000,397.3,,,,,,,,,,,,,,,,,,,,,,,,,,,,Mini 4 Pro,SYNQMCJRHDMGMDXXB,CAMDQZY5LDGD87B2B,RCSHNLVVQDCBD2K6B,BATKQNFU2DNDFQJLB,,,,,,,,Mini 4 Pro,SYNQMCJRHDMGMDXXB,,,,DJI Fly,,1.13.5,496236F2-5496-5F5C-B855-91D5ED28D5EE,,,,,,,,,,
1773846138,5m 18.0s,318.0,1.40580040,103.70215963,196.9,196.9,30.0,376.9,7002.9,17.895,17.895,17.895,,0.000,,-0.000,,2.80,0.00,0.0,0.0,,P-GPS,,,18,4,TRUE,,Mini 4 Pro,,,,,,FALSE,TRUE,,,,,,,,,,,,,,,,,,,,,,,,,,,,,,,,,,,,,,,,,,,,,,,,76.6,,,,7.988,,,,,,,8.984,,,,,,,,,,,,,,,,,,,,,,,,,,,,,,,,1.40500000,103.70135000,415.3,,,,,,,,,,,,,,,,,,,,,,,,,,,,Mini 4 Pro,SYNQMCJRHDMGMDXXB,CAMDQZY5LDGD87B2B,RCSHNLVVQDCBD2K6B,BATKQNFU2DNDFQJLB,,,,,,,,Mini 4 Pro,SYNQMCJRHDMGMDXXB,,,,DJI Fly,,1.13.5,496236F2-5496-5F5C-B855-91D5ED28D5EE,,,,,,,,,,
1773846139,5m 19.0s,319.0,1.40587234,103.70215963,196.9,196.9,30.0,376.9,7029.2,17.895,17.895,17.895,,0.000,,-0.000,,2.80,0.00,0.0,0.0,,P-GPS,,,18,4,TRUE,,Mini 4 Pro,,,,,,FALSE,TRUE,,,,,,,,,,,,,,,,,,,,,,,,,,,,,,,,,,,,,,,,,,,,,,,,76.6,,,,7.988,,,,,,,8.984,,,,,,,,,,,,,,,,,,,,,,,,,,,,,,,,1.40500000,103.70135000,434.1,,,,,,,,,,,,,,,,,,,,,,,,,,,,Mini 4 Pro,SYNQMCJRHDMGMDXXB,CAMDQZY5LDGD87B2B,RCSHNLVVQDCBD2K6B,BATKQNFU2DNDFQJLB,,,,,,,,Mini 4 Pro,SYNQMCJRHDMGMDXXB,,,,DJI Fly,,1.13.5,496236F2-5496-5F5C-B855-91D5ED28D5EE,,,,,,,,,,
1773846140,5m 20.0s,320.0,1.40594429,103.70215963,196.9,196.9,30.0,376.9,7055.4,17.895,17.895,17.895,,0.000,,-0.000,,2.80,0.00,0.0,0.0,,P-GPS,,,18,4,TRUE,,Mini 4 Pro,,,,,,FALSE,TRUE,,,,,,,,,,,,,,,,,,,,,,,,,,,,,,,,,,,,,,,,,,,,,,,,76.6,,,,7.987,,,,,,,8.984,,,,,,,,,,,,,,,,,,,,,,,,,,,,,,,,1.40500000,103.70135000,453.7,,,,,,,,,,,,,,,,,,,,,,,,,,,,Mini 4 Pro,SYNQMCJRHDMGMDXXB,CAMDQZY5LDGD87B2B,RCSHNLVVQDCBD2K6B,BATKQNFU2DNDFQJLB,,,,,,,,Mini 4 Pro,SYNQMCJRHDMGMDXXB,,,,DJI Fly,,1.13.5,496236F2-5496-5F5C-B855-91D5ED28D5EE,,,,,,,,,,
1773846141,5m 21.0s,321.0,1.40601623,103.70215963,196.9,196.9,30.0,376.9,7081.7,17.895,17.895,17.895,,0.000,,-0.000,,2.80,0.00,0.0,0.0,,P-GPS,,,18,4,TRUE,,Mini 4 Pro,,,,,,FALSE,TRUE,,,,,,,,,,,,,,,,,,,,,,,,,,,,,,,,,,,,,,,,,,,,,,,,76.6,,,,7.987,,,,,,,8.984,,,,,,,,,,,,,,,,,,,,,,,,,,,,,,,,1.40500000,103.70135000,474.0,,,,,,,,,,,,,,,,,,,,,,,,,,,,Mini 4 Pro,SYNQMCJRHDMGMDXXB,CAMDQZY5LDGD87B2B,RCSHNLVVQDCBD2K6B,BATKQNFU2DNDFQJLB,,,,,,,,Mini 4 Pro,SYNQMCJRHDMGMDXXB,,,,DJI Fly,,1.13.5,496236F2-5496-5F5C-B855-91D5ED28D5EE,,,,,,,,,,
1773846142,5m 22.0s,322.0,1.40608818,103.70215963,196.9,196.9,30.0,376.9,7107.9,17.895,17.895,17.895,,0.000,,-0.000,,2.80,0.00,0.0,0.0,,P-GPS,,,18,4,TRUE,,Mini 4 Pro,,,,,,FALSE,TRUE,,,,,,,,,,,,,,,,,,,,,,,,,,,,,,,,,,,,,,,,,,,,,,,,76.5,,,,7.986,,,,,,,8.984,,,,,,,,,,,,,,,,,,,,,,,,,,,,,,,,1.40500000,103.70135000,494.8,,,,,,,,,,,,,,,,,,,,,,,,,,,,Mini 4 Pro,SYNQMCJRHDMGMDXXB,CAMDQZY5LDGD87B2B,RCSHNLVVQDCBD2K6B,BATKQNFU2DNDFQJLB,,,,,,,,Mini 4 Pro,SYNQMCJRHDMGMDXXB,,,,DJI Fly,,1.13.5,496236F2-5496-5F5C-B855-91D5ED28D5EE,,,,,,,,,,
1773846143,5m 23.0s,323.0,1.40616012,103.70215963,196.9,196.9,30.0,376.9,7134.1,17.895,17.895,17.895,,0.000,,-0.000,,2.80,0.00,0.0,0.0,,P-GPS,,,18,4,TRUE,,Mini 4 Pro,,,,,,FALSE,TRUE,,,,,,,,,,,,,,,,,,,,,,,,,,,,,,,,,,,,,,,,,,,,,,,,76.5,,,,7.986,,,,,,,8.984,,,,,,,,,,,,,,,,,,,,,,,,,,,,,,,,1.40500000,103.70135000,516.1,,,,,,,,,,,,,,,,,,,,,,,,,,,,Mini 4 Pro,SYNQMCJRHDMGMDXXB,CAMDQZY5LDGD87B2B,RCSHNLVVQDCBD2K6B,BATKQNFU2DNDFQJLB,,,,,,,,Mini 4 Pro,SYNQMCJRHDMGMDXXB,,,,DJI Fly,,1.13.5,496236F2-5496-5F5C-B855-91D5ED28D5EE,,,,,,,,,,
1773846144,5m 24.0s,324.0,1.40623207,103.70215963,196.9,196.9,30.0,376.9,7160.4,17.895,17.895,17.895,,0.000,,-0.000,,2.80,0.00,0.0,0.0,,P-GPS,,,18,4,TRUE,,Mini 4 Pro,,,,,,FALSE,TRUE,,,,,,,,,,,,,,,,,,,,,,,,,,,,,,,,,,,,,,,,,,,,,,,,76.5,,,,7.985,,,,,,,8.984,,,,,,,,,,,,,,,,,,,,,,,,,,,,,,,,1.40500000,103.70135000,537.8,,,,,,,,,,,,,,,,,,,,,,,,,,,,Mini 4 Pro,SYNQMCJRHDMGMDXXB,CAMDQZY5LDGD87B2B,RCSHNLVVQDCBD2K6B,BATKQNFU2DNDFQJLB,,,,,,,,Mini 4 Pro,SYNQMCJRHDMGMDXXB,,,,DJI Fly,,1.13.5,496236F2-5496-5F5C-B855-91D5ED28D5EE,,,,,,,,,,
1773846145,5m 25.0s,325.0,1.40630402,103.70215963,196.9,196.9,30.0,376.9,7186.6,17.895,17.895,17.895,,0.000,,-0.000,,2.80,0.00,0.0,0.0,,P-GPS,,,18,4,TRUE,,Mini 4 Pro,,,,,,FALSE,TRUE,,,,,,,,,,,,,,,,,,,,,,,,,,,,,,,,,,,,,,,,,,,,,,,,76.4,,,,7.985,,,,,,,8.984,,,,,,,,,,,,,,,,,,,,,,,,,,,,,,,,1.40500000,103.70135000,559.9,,,,,,,,,,,,,,,,,,,,,,,,,,,,Mini 4 Pro,SYNQMCJRHDMGMDXXB,CAMDQZY5LDGD87B2B,RCSHNLVVQDCBD2K6B,BATKQNFU2DNDFQJLB,,,,,,,,Mini 4 Pro,SYNQMCJRHDMGMDXXB,,,,DJI Fly,,1.13.5,496236F2-5496-5F5C-B855-91D5ED28D5EE,,,,,,,,,,
1773846146,5m 26.0s,326.0,1.40637596,103.70215963,196.9,196.9,30.0,376.9,7212.9,17.895,17.895,17.895,,0.000,,-0.000,,2.80,0.00,0.0,0.0,,P-GPS,,,18,4,TRUE,,Mini 4 Pro,,,,,,FALSE,TRUE,,,,,,,,,,,,,,,,,,,,,,,,,,,,,,,,,,,,,,,,,,,,,,,,76.4,,,,7.984,,,,,,,8.984,,,,,,,,,,,,,,,,,,,,,,,,,,,,,,,,1.40500000,103.70135000,582.4,,,,,,,,,,,,,,,,,,,,,,,,,,,,Mini 4 Pro,SYNQMCJRHDMGMDXXB,CAMDQZY5LDGD87B2B,RCSHNLVVQDCBD2K6B,BATKQNFU2DNDFQJLB,,,,,,,,Mini 4 Pro,SYNQMCJRHDMGMDXXB,,,,DJI Fly,,1.13.5,496236F2-5496-5F5C-B855-91D5ED28D5EE,,,,,,,,,,
1773846147,5m 27.0s,327.0,1.40644791,103.70215963,196.9,196.9,30.0,376.9,7239.1,17.895,17.895,17.895,,0.000,,-0.000,,2.80,0.00,0.0,0.0,,P-GPS,,,18,4,TRUE,,Mini 4 Pro,,,,,,FALSE,TRUE,,,,,,,,,,,,,,,,,,,,,,,,,,,,,,,,,,,,,,,,,,,,,,,,76.4,,,,7.984,,,,,,,8.984,,,,,,,,,,,,,,,,,,,,,,,,,,,,,,,,1.40500000,103.70135000,605.1,,,,,,,,,,,,,,,,,,,,,,,,,,,,Mini 4 Pro,SYNQMCJRHDMGMDXXB,CAMDQZY5LDGD87B2B,RCSHNLVVQDCBD2K6B,BATKQNFU2DNDFQJLB,,,,,,,,Mini 4 Pro,SYNQMCJRHDMGMDXXB,,,,DJI Fly,,1.13.5,496236F2-5496-5F5C-B855-91D5ED28D5EE,,,,,,,,,,
1773846148,5m 28.0s,328.0,1.40651985,103.70215963,196.9,196.9,30.0,376.9,7265.4,17.895,17.895,17.895,,0.000,,-0.000,,2.80,0.00,0.0,0.0,,P-GPS,,,18,4,TRUE,,Mini 4 Pro,,,,,,FALSE,TRUE,,,,,,,,,,,,,,,,,,,,,,,,,,,,,,,,,,,,,,,,,,,,,,,,76.4,,,,7.983,,,,,,,8.984,,,,,,,,,,,,,,,,,,,,,,,,,,,,,,,,1.40500000,103.70135000,628.2,,,,,,,,,,,,,,,,,,,,,,,,,,,,Mini 4 Pro,SYNQMCJRHDMGMDXXB,CAMDQZY5LDGD87B2B,RCSHNLVVQDCBD2K6B,BATKQNFU2DNDFQJLB,,,,,,,,Mini 4 Pro,SYNQMCJRHDMGMDXXB,,,,DJI Fly,,1.13.5,496236F2-5496-5F5C-B855-91D5ED28D5EE,,,,,,,,,,
1773846149,5m 29.0s,329.0,1.40657381,103.70215963,196.9,196.9,30.0,376.9,7285.1,13.422,17.895,13.422,,0.000,,-0.000,,2.10,0.00,0.0,0.0,,P-GPS,,,18,4,TRUE,,Mini 4 Pro,,,,,,FALSE,TRUE,,,,,,,,,,,,,,,,,,,,,,,,,,,,,,,,,,,,,,,,,,,,,,,,76.3,,,,7.983,,,,,,,7.884,,,,,,,,,,,,,,,,,,,,,,,,,,,,,,,,1.40500000,103.70135000,645.6,,,,,,,,,,,,,,,,,,,,,,,,,,,,Mini 4 Pro,SYNQMCJRHDMGMDXXB,CAMDQZY5LDGD87B2B,RCSHNLVVQDCBD2K6B,BATKQNFU2DNDFQJLB,,,,,,,,Mini 4 Pro,SYNQMCJRHDMGMDXXB,,,,DJI Fly,,1.13.5,496236F2-5496-5F5C-B855-91D5ED28D5EE,,,,,,,,,,
1773846150,5m 30.0s,330.0,1.40657381,103.70215963,196.9,196.9,30.0,376.9,7285.1,0.000,17.895,0.000,,0.000,,-0.000,,0.00,0.00,0.0,0.0,,P-GPS,,,18,4,TRUE,,Mini 4 Pro,,,,,,FALSE,TRUE,,,,,,,,,,,,,,,,,,,,,,,,,,,,,,,,,,,,,,,,,,,,,,,,76.3,,,,7.983,,,,,,,4.584,,,,,,,,,,,,,,,,,,,,,,,,,,,,,,,,1.40500000,103.70135000,645.6,,,,,,,,,,,,,,,,,,,,,,,,,,,,Mini 4 Pro,SYNQMCJRHDMGMDXXB,CAMDQZY5LDGD87B2B,RCSHNLVVQDCBD2K6B,BATKQNFU2DNDFQJLB,,,,,,,,Mini 4 Pro,SYNQMCJRHDMGMDXXB,,,,DJI Fly,,1.13.5,496236F2-5496-5F5C-B855-91D5ED28D5EE,,,,,,,,,,
1773846151,5m 31.0s,331.0,1.40657381,103.70221361,196.9,196.9,30.0,376.9,7304.8,13.422,17.895,0.000,,13.422,,-0.000,,2.10,25.00,90.0,90.0,,P-GPS,,,18,4,TRUE,,Mini 4 Pro,,,,,,FALSE,TRUE,,,,,,,,,,,,,,,,,,,,,,,,,,,,,,,,,,,,,,,,,,,,,,,,76.3,,,,7.982,,,,,,,7.884,,,,,,,,,,,,,,,,,,,,,,,,,,,,,,,,1.40500000,103.70135000,654.9,,,,,,,,,,,,,,,,,,,,,,,,,,,,Mini 4 Pro,SYNQMCJRHDMGMDXXB,CAMDQZY5LDGD87B2B,RCSHNLVVQDCBD2K6B,BATKQNFU2DNDFQJLB,,,,,,,,Mini 4 Pro,SYNQMCJRHDMGMDXXB,,,,DJI Fly,,1.13.5,496236F2-5496-5F5C-B855-91D5ED28D5EE,,,,,,,,,,
1773846152,5m 32.0s,332.0,1.40657381,103.70226758,196.9,196.9,30.0,376.9,7324.4,13.422,17.895,0.000,,13.422,,-0.000,,2.10,0.00,90.0,90.0,,P-GPS,,,18,4,TRUE,,Mini 4 Pro,,,,,,FALSE,TRUE,,,,,,,,,,,,,,,,,,,,,,,,,,,,,,,,,,,,,,,,,,,,,,,,76.2,,,,7.982,,,,,,,7.884,,,,,,,,,,,,,,,,,,,,,,,,,,,,,,,,1.40500000,103.70135000,664.6,,,,,,,,,,,,,,,,,,,,,,,,,,,,Mini 4 Pro,SYNQMCJRHDMGMDXXB,CAMDQZY5LDGD87B2B,RCSHNLVVQDCBD2K6B,BATKQNFU2DNDFQJLB,,,,,,,,Mini 4 Pro,SYNQMCJRHDMGMDXXB,,,,DJI Fly,,1.13.5,496236F2-5496-5F5C-B855-91D5ED28D5EE,,,,,,,,,,
1773846153,5m 33.0s,333.0,1.40657381,103.70232156,196.9,196.9,30.0,376.9,7344.1,13.422,17.895,0.000,,13.422,,-0.000,,2.10,0.00,90.0,90.0,,P-GPS,,,18,4,TRUE,,Mini 4 Pro,,,,,,FALSE,TRUE,,,,,,,,,,,,,,,,,,,,,,,,,,,,,,,,,,,,,,,,,,,,,,,,76.2,,,,7.981,,,,,,,7.884,,,,,,,,,,,,,,,,,,,,,,,,,,,,,,,,1.40500000,103.70135000,674.7,,,,,,,,,,,,,,,,,,,,,,,,,,,,Mini 4 Pro,SYNQMCJRHDMGMDXXB,CAMDQZY5LDGD87B2B,RCSHNLVVQDCBD2K6B,BATKQNFU2DNDFQJLB,,,,,,,,Mini 4 Pro,SYNQMCJRHDMGMDXXB,,,,DJI Fly,,1.13.5,496236F2-5496-5F5C-B855-91D5ED28D5EE,,,,,,,,,,
1773846154,5m 34.0s,334.0,1.40657381,103.70237553,196.9,196.9,30.0,376.9,7363.8,13.422,17.895,0.000,,13.422,,-0.000,,2.10,0.00,90.0,90.0,,P-GPS,,,18,4,TRUE,,Mini 4 Pro,,,,,,FALSE,TRUE,,,,,,,,,,,,,,,,,,,,,,,,,,,,,,,,,,,,,,,,,,,,,,,,76.2,,,,7.981,,,,,,,7.884,,,,,,,,,,,,,,,,,,,,,,,,,,,,,,,,1.40500000,103.70135000,685.2,,,,,,,,,,,,,,,,,,,,,,,,,,,,Mini 4 Pro,SYNQMCJRHDMGMDXXB,CAMDQZY5LDGD87B2B,RCSHNLVVQDCBD2K6B,BATKQNFU2DNDFQJLB,,,,,,,,Mini 4 Pro,SYNQMCJRHDMGMDXXB,,,,DJI Fly,,1.13.5,496236F2-5496-5F5C-B855-91D5ED28D5EE,,,,,,,,,,
1773846155,5m 35.0s,335.0,1.40657381,103.70242951,196.9,196.9,30.0,376.9,7383.5,13.422,17.895,0.000,,13.422,,-0.000,,2.10,0.00,90.0,90.0,,P-GPS,,,18,4,TRUE,,Mini 4 Pro,,,,,,FALSE,TRUE,,,,,,,,,,,,,,,,,,,,,,,,,,,,,,,,,,,,,,,,,,,,,,,,76.1,,,,7.980,,,,,,,7.884,,,,,,,,,,,,,,,,,,,,,,,,,,,,,,,,1.40500000,103.70135000,696.2,,,,,,,,,,,,,,,,,,,,,,,,,,,,Mini 4 Pro,SYNQMCJRHDMGMDXXB,CAMDQZY5LDGD87B2B,RCSHNLVVQDCBD2K6B,BATKQNFU2DNDFQJLB,,,,,,,,Mini 4 Pro,SYNQMCJRHDMGMDXXB,,,,DJI Fly,,1.13.5,496236F2-5496-5F5C-B855-91D5ED28D5EE,,,,,,,,,,
1773846156,5m 36.0s,336.0,1.40657381,103.70248349,196.9,196.9,30.0,376.9,7403.2,13.422,17.895,0.000,,13.422,,-0.000,,2.10,0.00,90.0,90.0,,P-GPS,,,18,4,TRUE,,Mini 4 Pro,,,,,,FALSE,TRUE,,,,,,,,,,,,,,,,,,,,,,,,,,,,,,,,,,,,,,,,,,,,,,,,76.1,,,,7.980,,,,,,,7.884,,,,,,,,,,,,,,,,,,,,,,,,,,,,,,,,1.40500000,103.70135000,707.5,,,,,,,,,,,,,,,,,,,,,,,,,,,,Mini 4 Pro,SYNQMCJRHDMGMDXXB,CAMDQZY5LDGD87B2B,RCSHNLVVQDCBD2K6B,BATKQNFU2DNDFQJLB,,,,,,,,Mini 4 Pro,SYNQMCJRHDMGMDXXB,,,,DJI Fly,,1.13.5,496236F2-5496-5F5C-B855-91D5ED28D5EE,,,,,,,,,,
1773846157,5m 37.0s,337.0,1.40657381,103.70253746,196.9,196.9,30.0,376.9,7422.9,13.422,17.895,0.000,,13.422,,-0.000,,2.10,0.00,90.0,90.0,,P-GPS,,,18,4,TRUE,,Mini 4 Pro,,,,,,FALSE,TRUE,,,,,,,,,,,,,,,,,,,,,,,,,,,,,,,,,,,,,,,,,,,,,,,,76.1,,,,7.979,,,,,,,7.884,,,,,,,,,,,,,,,,,,,,,,,,,,,,,,,,1.40500000,103.70135000,719.2,,,,,,,,,,,,,,,,,,,,,,,,,,,,Mini 4 Pro,SYNQMCJRHDMGMDXXB,CAMDQZY5LDGD87B2B,RCSHNLVVQDCBD2K6B,BATKQNFU2DNDFQJLB,,,,,,,,Mini 4 Pro,SYNQMCJRHDMGMDXXB,,,,DJI Fly,,1.13.5,496236F2-5496-5F5C-B855-91D5ED28D5EE,,,,,,,,,,
1773846158,5m 38.0s,338.0,1.40657381,103.70259144,196.9,196.9,30.0,376.9,7442.5,13.422,17.895,0.000,,13.422,,-0.000,,2.10,0.00,90.0,90.0,,P-GPS,,,18,4,TRUE,,Mini 4 Pro,,,,,,FALSE,TRUE,,,,,,,,,,,,,,,,,,,,,,,,,,,,,,,,,,,,,,,,,,,,,,,,76.1,,,,7.979,,,,,,,7.884,,,,,,,,,,,,,,,,,,,,,,,,,,,,,,,,1.40500000,103.70135000,731.2,,,,,,,,,,,,,,,,,,,,,,,,,,,,Mini 4 Pro,SYNQMCJRHDMGMDXXB,CAMDQZY5LDGD87B2B,RCSHNLVVQDCBD2K6B,BATKQNFU2DNDFQJLB,,,,,,,,Mini 4 Pro,SYNQMCJRHDMGMDXXB,,,,DJI Fly,,1.13.5,496236F2-5496-5F5C-B855-91D5ED28D5EE,,,,,,,,,,
1773846159,5m 39.0s,339.0,1.40657381,103.70264541,196.9,196.9,30.0,376.9,7462.2,13.422,17.895,0.000,,13.422,,-0.000,,2.10,0.00,90.0,90.0,,P-GPS,,,18,4,TRUE,,Mini 4 Pro,,,,,,FALSE,TRUE,,,,,,,,,,,,,,,,,,,,,,,,,,,,,,,,,,,,,,,,,,,,,,,,76.0,,,,7.978,,,,,,,7.884,,,,,,,,,,,,,,,,,,,,,,,,,,,,,,,,1.40500000,103.70135000,743.5,,,,,,,,,,,,,,,,,,,,,,,,,,,,Mini 4 Pro,SYNQMCJRHDMGMDXXB,CAMDQZY5LDGD87B2B,RCSHNLVVQDCBD2K6B,BATKQNFU2DNDFQJLB,,,,,,,,Mini 4 Pro,SYNQMCJRHDMGMDXXB,,,,DJI Fly,,1.13.5,496236F2-5496-5F5C-B855-91D5ED28D5EE,,,,,,,,,,
1773846160,5m 40.0s,340.0,1.40657381,103.70269939,196.9,196.9,30.0,376.9,7481.9,13.422,17.895,0.000,,13.422,,-0.000,,2.10,0.00,90.0,90.0,,P-GPS,,,18,4,TRUE,,Mini 4 Pro,,,,,,FALSE,TRUE,,,,,,,,,,,,,,,,,,,,,,,,,,,,,,,,,,,,,,,,,,,,,,,,76.0,,,,7.978,,,,,,,7.884,,,,,,,,,,,,,,,,,,,,,,,,,,,,,,,,1.40500000,103.70135000,756.2,,,,,,,,,,,,,,,,,,,,,,,,,,,,Mini 4 Pro,SYNQMCJRHDMGMDXXB,CAMDQZY5LDGD87B2B,RCSHNLVVQDCBD2K6B,BATKQNFU2DNDFQJLB,,,,,,,,Mini 4 Pro,SYNQMCJRHDMGMDXXB,,,,DJI Fly,,1.13.5,496236F2-5496-5F5C-B855-91D5ED28D5EE,,,,,,,,,,
1773846161,5m 41.0s,341.0,1.40650187,103.70269939,196.9,196.9,30.0,376.9,7508.2,17.895,17.895,-17.895,,0.000,,-0.000,,2.80,25.00,180.0,180.0,,P-GPS,,,18,4,TRUE,,Mini 4 Pro,,,,,,FALSE,TRUE,,,,,,,,,,,,,,,,,,,,,,,,,,,,,,,,,,,,,,,,,,,,,,,,76.0,,,,7.978,,,,,,,8.984,,,,,,,,,,,,,,,,,,,,,,,,,,,,,,,,1.40500000,103.70135000,736.5,,,,,,,,,,,,,,,,,,,,,,,,,,,,Mini 4 Pro,SYNQMCJRHDMGMDXXB,CAMDQZY5LDGD87B2B,RCSHNLVVQDCBD2K6B,BATKQNFU2DNDFQJLB,,,,,,,,Mini 4 Pro,SYNQMCJRHDMGMDXXB,,,,DJI Fly,,1.13.5,496236F2-5496-5F5C-B855-91D5ED28D5EE,,,,,,,,,,
1773846162,5m 42.0s,342.0,1.40642992,103.70269939,196.9,196.9,30.0,376.9,7534.4,17.895,17.895,-17.895,,0.000,,-0.000,,2.80,0.00,180.0,180.0,,P-GPS,,,18,4,TRUE,,Mini 4 Pro,,,,,,FALSE,TRUE,,,,,,,,,,,,,,,,,,,,,,,,,,,,,,,,,,,,,,,,,,,,,,,,75.9,,,,7.977,,,,,,,8.984,,,,,,,,,,,,,,,,,,,,,,,,,,,,,,,,1.40500000,103.70135000,717.2,,,,,,,,,,,,,,,,,,,,,,,,,,,,Mini 4 Pro,SYNQMCJRHDMGMDXXB,CAMDQZY5LDGD87B2B,RCSHNLVVQDCBD2K6B,BATKQNFU2DNDFQJLB,,,,,,,,Mini 4 Pro,SYNQMCJRHDMGMDXXB,,,,DJI Fly,,1.13.5,496236F2-5496-5F5C-B855-91D5ED28D5EE,,,,,,,,,,
1773846163,5m 43.0s,343.0,1.40635798,103.70269939,196.9,196.9,30.0,376.9,7560.7,17.895,17.895,-17.895,,0.000,,-0.000,,2.80,0.00,180.0,180.0,,P-GPS,,,18,4,TRUE,,Mini 4 Pro,,,,,,FALSE,TRUE,,,,,,,,,,,,,,,,,,,,,,,,,,,,,,,,,,,,,,,,,,,,,,,,75.9,,,,7.977,,,,,,,8.984,,,,,,,,,,,,,,,,,,,,,,,,,,,,,,,,1.40500000,103.70135000,698.3,,,,,,,,,,,,,,,,,,,,,,,,,,,,Mini 4 Pro,SYNQMCJRHDMGMDXXB,CAMDQZY5LDGD87B2B,RCSHNLVVQDCBD2K6B,BATKQNFU2DNDFQJLB,,,,,,,,Mini 4 Pro,SYNQMCJRHDMGMDXXB,,,,DJI Fly,,1.13.5,496236F2-5496-5F5C-B855-91D5ED28D5EE,,,,,,,,,,
1773846164,5m 44.0s,344.0,1.40628603,103.70269939,196.9,196.9,30.0,376.9,7586.9,17.895,17.895,-17.895,,0.000,,-0.000,,2.80,0.00,180.0,180.0,,P-GPS,,,18,4,TRUE,,Mini 4 Pro,,,,,,FALSE,TRUE,,,,,,,,,,,,,,,,,,,,,,,,,,,,,,,,,,,,,,,,,,,,,,,,75.9,,,,7.976,,,,,,,8.984,,,,,,,,,,,,,,,,,,,,,,,,,,,,,,,,1.40500000,103.70135000,679.9,,,,,,,,,,,,,,,,,,,,,,,,,,,,Mini 4 Pro,SYNQMCJRHDMGMDXXB,CAMDQZY5LDGD87B2B,RCSHNLVVQDCBD2K6B,BATKQNFU2DNDFQJLB,,,,,,,,Mini 4 Pro,SYNQMCJRHDMGMDXXB,,,,DJI Fly,,1.13.5,496236F2-5496-5F5C-B855-91D5ED28D5EE,,,,,,,,,,
1773846165,5m 45.0s,345.0,1.40621408,103.70269939,196.9,196.9,30.0,376.9,7613.2,17.895,17.895,-17.895,,0.000,,-0.000,,2.80,0.00,180.0,180.0,,P-GPS,,,18,4,TRUE,,Mini 4 Pro,,,,,,FALSE,TRUE,,,,,,,,,,,,,,,,,,,,,,,,,,,,,,,,,,,,,,,,,,,,,,,,75.9,,,,7.976,,,,,,,8.984,,,,,,,,,,,,,,,,,,,,,,,,,,,,,,,,1.40500000,103.70135000,662.1,,,,,,,,,,,,,,,,,,,,,,,,,,,,Mini 4 Pro,SYNQMCJRHDMGMDXXB,CAMDQZY5LDGD87B2B,RCSHNLVVQDCBD2K6B,BATKQNFU2DNDFQJLB,,,,,,,,Mini 4 Pro,SYNQMCJRHDMGMDXXB,,,,DJI Fly,,1.13.5,496236F2-5496-5F5C-B855-91D5ED28D5EE,,,,,,,,,,
1773846166,5m 46.0s,346.0,1.40614214,103.70269939,196.9,196.9,30.0,376.9,7639.4,17.895,17.895,-17.895,,0.000,,-0.000,,2.80,0.00,180.0,180.0,,P-GPS,,,18,4,TRUE,,Mini 4 Pro,,,,,,FALSE,TRUE,,,,,,,,,,,,,,,,,,,,,,,,,,,,,,,,,,,,,,,,,,,,,,,,75.8,,,,7.975,,,,,,,8.984,,,,,,,,,,,,,,,,,,,,,,,,,,,,,,,,1.40500000,103.70135000,644.8,,,,,,,,,,,,,,,,,,,,,,,,,,,,Mini 4 Pro,SYNQMCJRHDMGMDXXB,CAMDQZY5LDGD87B2B,RCSHNLVVQDCBD2K6B,BATKQNFU2DNDFQJLB,,,,,,,,Mini 4 Pro,SYNQMCJRHDMGMDXXB,,,,DJI Fly,,1.13.5,496236F2-5496-5F5C-B855-91D5ED28D5EE,,,,,,,,,,
1773846167,5m 47.0s,347.0,1.40607019,103.70269939,196.9,196.9,30.0,376.9,7665.6,17.895,17.895,-17.895,,0.000,,-0.000,,2.80,0.00,180.0,180.0,,P-GPS,,,18,4,TRUE,,Mini 4 Pro,,,,,,FALSE,TRUE,,,,,,,,,,,,,,,,,,,,,,,,,,,,,,,,,,,,,,,,,,,,,,,,75.8,,,,7.975,,,,,,,8.984,,,,,,,,,,,,,,,,,,,,,,,,,,,,,,,,1.40500000,103.70135000,628.2,,,,,,,,,,,,,,,,,,,,,,,,,,,,Mini 4 Pro,SYNQMCJRHDMGMDXXB,CAMDQZY5LDGD87B2B,RCSHNLVVQDCBD2K6B,BATKQNFU2DNDFQJLB,,,,,,,,Mini 4 Pro,SYNQMCJRHDMGMDXXB,,,,DJI Fly,,1.13.5,496236F2-5496-5F5C-B855-91D5ED28D5EE,,,,,,,,,,
1773846168,5m 48.0s,348.0,1.40599825,103.70269939,196.9,196.9,30.0,376.9,7691.9,17.895,17.895,-17.895,,0.000,,-0.000,,2.80,0.00,180.0,180.0,,P-GPS,,,18,4,TRUE,,Mini 4 Pro,,,,,,FALSE,TRUE,,,,,,,,,,,,,,,,,,,,,,,,,,,,,,,,,,,,,,,,,,,,,,,,75.8,,,,7.974,,,,,,,8.984,,,,,,,,,,,,,,,,,,,,,,,,,,,,,,,,1.40500000,103.70135000,612.2,,,,,,,,,,,,,,,,,,,,,,,,,,,,Mini 4 Pro,SYNQMCJRHDMGMDXXB,CAMDQZY5LDGD87B2B,RCSHNLVVQDCBD2K6B,BATKQNFU2DNDFQJLB,,,,,,,,Mini 4 Pro,SYNQMCJRHDMGMDXXB,,,,DJI Fly,,1.13.5,496236F2-5496-5F5C-B855-91D5ED28D5EE,,,,,,,,,,
1773846169,5m 49.0s,349.0,1.40592630,103.70269939,196.9,196.9,30.0,376.9,7718.1,17.895,17.895,-17.895,,0.000,,-0.000,,2.80,0.00,180.0,180.0,,P-GPS,,,18,4,TRUE,,Mini 4 Pro,,,,,,FALSE,TRUE,,,,,,,,,,,,,,,,,,,,,,,,,,,,,,,,,,,,,,,,,,,,,,,,75.7,,,,7.974,,,,,,,8.984,,,,,,,,,,,,,,,,,,,,,,,,,,,,,,,,1.40500000,103.70135000,597.0,,,,,,,,,,,,,,,,,,,,,,,,,,,,Mini 4 Pro,SYNQMCJRHDMGMDXXB,CAMDQZY5LDGD87B2B,RCSHNLVVQDCBD2K6B,BATKQNFU2DNDFQJLB,,,,,,,,Mini 4 Pro,SYNQMCJRHDMGMDXXB,,,,DJI Fly,,1.13.5,496236F2-5496-5F5C-B855-91D5ED28D5EE,,,,,,,,,,
1773846170,5m 50.0s,350.0,1.40585436,103.70269939,196.9,196.9,30.0,376.9,7744.4,17.895,17.895,-17.895,,0.000,,-0.000,,2.80,0.00,180.0,180.0,,P-GPS,,,18,4,TRUE,,Mini 4 Pro,,,,,,FALSE,TRUE,,,,,,,,,,,,,,,,,,,,,,,,,,,,,,,,,,,,,,,,,,,,,,,,75.7,,,,7.973,,,,,,,8.984,,,,,,,,,,,,,,,,,,,,,,,,,,,,,,,,1.40500000,103.70135000,582.5,,,,,,,,,,,,,,,,,,,,,,,,,,,,Mini 4 Pro,SYNQMCJRHDMGMDXXB,CAMDQZY5LDGD87B2B,RCSHNLVVQDCBD2K6B,BATKQNFU2DNDFQJLB,,,,,,,,Mini 4 Pro,SYNQMCJRHDMGMDXXB,,,,DJI Fly,,1.13.5,496236F2-5496-5F5C-B855-91D5ED28D5EE,,,,,,,,,,
1773846171,5m 51.0s,351.0,1.40578241,103.70269939,196.9,196.9,30.0,376.9,7770.6,17.895,17.895,-17.895,,0.000,,-0.000,,2.80,0.00,180.0,180.0,,P-GPS,,,18,4,TRUE,,Mini 4 Pro,,,,,,FALSE,TRUE,,,,,,,,,,,,,,,,,,,,,,,,,,,,,,,,,,,,,,,,,,,,,,,,75.7,,,,7.973,,,,,,,8.984,,,,,,,,,,,,,,,,,,,,,,,,,,,,,,,,1.40500000,103.70135000,568.9,,,,,,,,,,,,,,,,,,,,,,,,,,,,Mini 4 Pro,SYNQMCJRHDMGMDXXB,CAMDQZY5LDGD87B2B,RCSHNLVVQDCBD2K6B,BATKQNFU2DNDFQJLB,,,,,,,,Mini 4 Pro,SYNQMCJRHDMGMDXXB,,,,DJI Fly,,1.13.5,496236F2-5496-5F5C-B855-91D5ED28D5EE,,,,,,,,,,
1773846172,5m 52.0s,352.0,1.40571046,103.70269939,196.9,196.9,30.0,376.9,7796.9,17.895,17.895,-17.895,,0.000,,-0.000,,2.80,0.00,180.0,180.0,,P-GPS,,,18,4,TRUE,,Mini 4 Pro,,,,,,FALSE,TRUE,,,,,,,,,,,,,,,,,,,,,,,,,,,,,,,,,,,,,,,,,,,,,,,,75.6,,,,7.973,,,,,,,8.984,,,,,,,,,,,,,,,,,,,,,,,,,,,,,,,,1.40500000,103.70135000,556.2,,,,,,,,,,,,,,,,,,,,,,,,,,,,Mini 4 Pro,SYNQMCJRHDMGMDXXB,CAMDQZY5LDGD87B2B,RCSHNLVVQDCBD2K6B,BATKQNFU2DNDFQJLB,,,,,,,,Mini 4 Pro,SYNQMCJRHDMGMDXXB,,,,DJI Fly,,1.13.5,496236F2-5496-5F5C-B855-91D5ED28D5EE,,,,,,,,,,
1773846173,5m 53.0s,353.0,1.40563852,103.70269939,196.9,196.9,30.0,376.9,7823.1,17.895,17.895,-17.895,,0.000,,-0.000,,2.80,0.00,180.0,180.0,,P-GPS,,,18,4,TRUE,,Mini 4 Pro,,,,,,FALSE,TRUE,,,,,,,,,,,,,,,,,,,,,,,,,,,,,,,,,,,,,,,,,,,,,,,,75.6,,,,7.972,,,,,,,8.984,,,,,,,,,,,,,,,,,,,,,,,,,,,,,,,,1.40500000,103.70135000,544.5,,,,,,,,,,,,,,,,,,,,,,,,,,,,Mini 4 Pro,SYNQMCJRHDMGMDXXB,CAMDQZY5LDGD87B2B,RCSHNLVVQDCBD2K6B,BATKQNFU2DNDFQJLB,,,,,,,,Mini 4 Pro,SYNQMCJRHDMGMDXXB,,,,DJI Fly,,1.13.5,496236F2-5496-5F5C-B855-91D5ED28D5EE,,,,,,,,,,
1773846174,5m 54.0s,354.0,1.40556657,103.70269939,196.9,196.9,30.0,376.9,7849.4,17.895,17.895,-17.895,,0.000,,-0.000,,2.80,0.00,180.0,180.0,,P-GPS,,,18,4,TRUE,,Mini 4 Pro,,,,,,FALSE,TRUE,,,,,,,,,,,,,,,,,,,,,,,,,,,,,,,,,,,,,,,,,,,,,,,,75.6,,,,7.972,,,,,,,8.984,,,,,,,,,,,,,,,,,,,,,,,,,,,,,,,,1.40500000,103.70135000,533.8,,,,,,,,,,,,,,,,,,,,,,,,,,,,Mini 4 Pro,SYNQMCJRHDMGMDXXB,CAMDQZY5LDGD87B2B,RCSHNLVVQDCBD2K6B,BATKQNFU2DNDFQJLB,,,,,,,,Mini 4 Pro,SYNQMCJRHDMGMDXXB,,,,DJI Fly,,1.13.5,496236F2-5496-5F5C-B855-91D5ED28D5EE,,,,,,,,,,
1773846175,5m 55.0s,355.0,1.40549463,103.70269939,196.9,196.9,30.0,376.9,7875.6,17.895,17.895,-17.895,,0.000,,-0.000,,2.80,0.00,180.0,180.0,,P-GPS,,,18,4,TRUE,,Mini 4 Pro,,,,,,FALSE,TRUE,,,,,,,,,,,,,,,,,,,,,,,,,,,,,,,,,,,,,,,,,,,,,,,,75.6,,,,7.971,,,,,,,8.984,,,,,,,,,,,,,,,,,,,,,,,,,,,,,,,,1.40500000,103.70135000,524.2,,,,,,,,,,,,,,,,,,,,,,,,,,,,Mini 4 Pro,SYNQMCJRHDMGMDXXB,CAMDQZY5LDGD87B2B,RCSHNLVVQDCBD2K6B,BATKQNFU2DNDFQJLB,,,,,,,,Mini 4 Pro,SYNQMCJRHDMGMDXXB,,,,DJI Fly,,1.13.5,496236F2-5496-5F5C-B855-91D5ED28D5EE,,,,,,,,,,
1773846176,5m 56.0s,356.0,1.40542268,103.70269939,196.9,196.9,30.0,376.9,7901.9,17.895,17.895,-17.895,,0.000,,-0.000,,2.80,0.00,180.0,180.0,,P-GPS,,,18,4,TRUE,,Mini 4 Pro,,,,,,FALSE,TRUE,,,,,,,,,,,,,,,,,,,,,,,,,,,,,,,,,,,,,,,,,,,,,,,,75.5,,,,7.971,,,,,,,8.984,,,,,,,,,,,,,,,,,,,,,,,,,,,,,,,,1.40500000,103.70135000,515.7,,,,,,,,,,,,,,,,,,,,,,,,,,,,Mini 4 Pro,SYNQMCJRHDMGMDXXB,CAMDQZY5LDGD87B2B,RCSHNLVVQDCBD2K6B,BATKQNFU2DNDFQJLB,,,,,,,,Mini 4 Pro,SYNQMCJRHDMGMDXXB,,,,DJI Fly,,1.13.5,496236F2-5496-5F5C-B855-91D5ED28D5EE,,,,,,,,,,
1773846177,5m 57.0s,357.0,1.40535074,103.70269939,196.9,196.9,30.0,376.9,7928.1,17.895,17.895,-17.895,,0.000,,-0.000,,2.80,0.00,180.0,180.0,,P-GPS,,,18,4,TRUE,,Mini 4 Pro,,,,,,FALSE,TRUE,,,,,,,,,,,,,,,,,,,,,,,,,,,,,,,,,,,,,,,,,,,,,,,,75.5,,,,7.970,,,,,,,8.984,,,,,,,,,,,,,,,,,,,,,,,,,,,,,,,,1.40500000,103.70135000,508.5,,,,,,,,,,,,,,,,,,,,,,,,,,,,Mini 4 Pro,SYNQMCJRHDMGMDXXB,CAMDQZY5LDGD87B2B,RCSHNLVVQDCBD2K6B,BATKQNFU2DNDFQJLB,,,,,,,,Mini 4 Pro,SYNQMCJRHDMGMDXXB,,,,DJI Fly,,1.13.5,496236F2-5496-5F5C-B855-91D5ED28D5EE,,,,,,,,,,
1773846178,5m 58.0s,358.0,1.40527879,103.70269939,196.9,196.9,30.0,376.9,7954.4,17.895,17.895,-17.895,,0.000,,-0.000,,2.80,0.00,180.0,180.0,,P-GPS,,,18,4,TRUE,,Mini 4 Pro,,,,,,FALSE,TRUE,,,,,,,,,,,,,,,,,,,,,,,,,,,,,,,,,,,,,,,,,,,,,,,,75.5,,,,7.970,,,,,,,8.984,,,,,,,,,,,,,,,,,,,,,,,,,,,,,,,,1.40500000,103.70135000,502.5,,,,,,,,,,,,,,,,,,,,,,,,,,,,Mini 4 Pro,SYNQMCJRHDMGMDXXB,CAMDQZY5LDGD87B2B,RCSHNLVVQDCBD2K6B,BATKQNFU2DNDFQJLB,,,,,,,,Mini 4 Pro,SYNQMCJRHDMGMDXXB,,,,DJI Fly,,1.13.5,496236F2-5496-5F5C-B855-91D5ED28D5EE,,,,,,,,,,
1773846179,5m 59.0s,359.0,1.40520684,103.70269939,196.9,196.9,30.0,376.9,7980.6,17.895,17.895,-17.895,,0.000,,-0.000,,2.80,0.00,180.0,180.0,,P-GPS,,,18,4,TRUE,,Mini 4 Pro,,,,,,FALSE,TRUE,,,,,,,,,,,,,,,,,,,,,,,,,,,,,,,,,,,,,,,,,,,,,,,,75.4,,,,7.969,,,,,,,8.984,,,,,,,,,,,,,,,,,,,,,,,,,,,,,,,,1.40500000,103.70135000,497.9,,,,,,,,,,,,,,,,,,,,,,,,,,,,Mini 4 Pro,SYNQMCJRHDMGMDXXB,CAMDQZY5LDGD87B2B,RCSHNLVVQDCBD2K6B,BATKQNFU2DNDFQJLB,,,,,,,,Mini 4 Pro,SYNQMCJRHDMGMDXXB,,,,DJI Fly,,1.13.5,496236F2-5496-5F5C-B855-91D5ED28D5EE,,,,,,,,,,
1773846180,6m 0.0s,360.0,1.40513490,103.70269939,196.9,196.9,30.0,376.9,8006.9,17.895,17.895,-17.895,,0.000,,-0.000,,2.80,0.00,180.0,180.0,,P-GPS,,,18,4,TRUE,,Mini 4 Pro,,,,,,FALSE,TRUE,,,,,,,,,,,,,,,,,,,,,,,,,,,,,,,,,,,,,,,,,,,,,,,,75.4,,,,7.969,,,,,,,8.984,,,,,,,,,,,,,,,,,,,,,,,,,,,,,,,,1.40500000,103.70135000,494.6,,,,,,,,,,,,,,,,,,,,,,,,,,,,Mini 4 Pro,SYNQMCJRHDMGMDXXB,CAMDQZY5LDGD87B2B,RCSHNLVVQDCBD2K6B,BATKQNFU2DNDFQJLB,,,,,,,,Mini 4 Pro,SYNQMCJRHDMGMDXXB,,,,DJI Fly,,1.13.5,496236F2-5496-5F5C-B855-91D5ED28D5EE,,,,,,,,,,
1773846181,6m 1.0s,361.0,1.40506295,103.70269939,196.9,196.9,30.0,376.9,8033.1,17.895,17.895,-17.895,,0.000,,-0.000,,2.80,0.00,180.0,180.0,,P-GPS,,,18,4,TRUE,,Mini 4 Pro,,,,,,FALSE,TRUE,,,,,,,,,,,,,,,,,,,,,,,,,,,,,,,,,,,,,,,,,,,,,,,,75.4,,,,7.968,,,,,,,8.984,,,,,,,,,,,,,,,,,,,,,,,,,,,,,,,,1.40500000,103.70135000,492.7,,,,,,,,,,,,,,,,,,,,,,,,,,,,Mini 4 Pro,SYNQMCJRHDMGMDXXB,CAMDQZY5LDGD87B2B,RCSHNLVVQDCBD2K6B,BATKQNFU2DNDFQJLB,,,,,,,,Mini 4 Pro,SYNQMCJRHDMGMDXXB,,,,DJI Fly,,1.13.5,496236F2-5496-5F5C-B855-91D5ED28D5EE,,,,,,,,,,
1773846182,6m 2.0s,362.0,1.40499101,103.70269939,196.9,196.9,30.0,376.9,8059.3,17.895,17.895,-17.895,,0.000,,-0.000,,2.80,0.00,180.0,180.0,,P-GPS,,,18,4,TRUE,,Mini 4 Pro,,,,,,FALSE,TRUE,,,,,,,,,,,,,,,,,,,,,,,,,,,,,,,,,,,,,,,,,,,,,,,,75.4,,,,7.968,,,,,,,8.984,,,,,,,,,,,,,,,,,,,,,,,,,,,,,,,,1.40500000,103.70135000,492.1,,,,,,,,,,,,,,,,,,,,,,,,,,,,Mini 4 Pro,SYNQMCJRHDMGMDXXB,CAMDQZY5LDGD87B2B,RCSHNLVVQDCBD2K6B,BATKQNFU2DNDFQJLB,,,,,,,,Mini 4 Pro,SYNQMCJRHDMGMDXXB,,,,DJI Fly,,1.13.5,496236F2-5496-5F5C-B855-91D5ED28D5EE,,,,,,,,,,
1773846183,6m 3.0s,363.0,1.40491906,103.70269939,196.9,196.9,30.0,376.9,8085.6,17.895,17.895,-17.895,,0.000,,-0.000,,2.80,0.00,180.0,180.0,,P-GPS,,,18,4,TRUE,,Mini 4 Pro,,,,,,FALSE,TRUE,,,,,,,,,,,,,,,,,,,,,,,,,,,,,,,,,,,,,,,,,,,,,,,,75.3,,,,7.968,,,,,,,8.984,,,,,,,,,,,,,,,,,,,,,,,,,,,,,,,,1.40500000,103.70135000,493.0,,,,,,,,,,,,,,,,,,,,,,,,,,,,Mini 4 Pro,SYNQMCJRHDMGMDXXB,CAMDQZY5LDGD87B2B,RCSHNLVVQDCBD2K6B,BATKQNFU2DNDFQJLB,,,,,,,,Mini 4 Pro,SYNQMCJRHDMGMDXXB,,,,DJI Fly,,1.13.5,496236F2-5496-5F5C-B855-91D5ED28D5EE,,,,,,,,,,
1773846184,6m 4.0s,364.0,1.40484712,103.70269939,196.9,196.9,30.0,376.9,8111.8,17.895,17.895,-17.895,,0.000,,-0.000,,2.80,0.00,180.0,180.0,,P-GPS,,,18,4,TRUE,,Mini 4 Pro,,,,,,FALSE,TRUE,,,,,,,,,,,,,,,,,,,,,,,,,,,,,,,,,,,,,,,,,,,,,,,,75.3,,,,7.967,,,,,,,8.984,,,,,,,,,,,,,,,,,,,,,,,,,,,,,,,,1.40500000,103.70135000,495.3,,,,,,,,,,,,,,,,,,,,,,,,,,,,Mini 4 Pro,SYNQMCJRHDMGMDXXB,CAMDQZY5LDGD87B2B,RCSHNLVVQDCBD2K6B,BATKQNFU2DNDFQJLB,,,,,,,,Mini 4 Pro,SYNQMCJRHDMGMDXXB,,,,DJI Fly,,1.13.5,496236F2-5496-5F5C-B855-91D5ED28D5EE,,,,,,,,,,
1773846185,6m 5.0s,365.0,1.40477517,103.70269939,196.9,196.9,30.0,376.9,8138.1,17.895,17.895,-17.895,,0.000,,-0.000,,2.80,0.00,180.0,180.0,,P-GPS,,,18,4,TRUE,,Mini 4 Pro,,,,,,FALSE,TRUE,,,,,,,,,,,,,,,,,,,,,,,,,,,,,,,,,,,,,,,,,,,,,,,,75.3,,,,7.967,,,,,,,8.984,,,,,,,,,,,,,,,,,,,,,,,,,,,,,,,,1.40500000,103.70135000,498.9,,,,,,,,,,,,,,,,,,,,,,,,,,,,Mini 4 Pro,SYNQMCJRHDMGMDXXB,CAMDQZY5LDGD87B2B,RCSHNLVVQDCBD2K6B,BATKQNFU2DNDFQJLB,,,,,,,,Mini 4 Pro,SYNQMCJRHDMGMDXXB,,,,DJI Fly,,1.13.5,496236F2-5496-5F5C-B855-91D5ED28D5EE,,,,,,,,,,
1773846186,6m 6.0s,366.0,1.40470322,103.70269939,196.9,196.9,30.0,376.9,8164.3,17.895,17.895,-17.895,,0.000,,-0.000,,2.80,0.00,180.0,180.0,,P-GPS,,,18,4,TRUE,,Mini 4 Pro,,,,,,FALSE,TRUE,,,,,,,,,,,,,,,,,,,,,,,,,,,,,,,,,,,,,,,,,,,,,,,,75.2,,,,7.966,,,,,,,8.984,,,,,,,,,,,,,,,,,,,,,,,,,,,,,,,,1.40500000,103.70135000,503.9,,,,,,,,,,,,,,,,,,,,,,,,,,,,Mini 4 Pro,SYNQMCJRHDMGMDXXB,CAMDQZY5LDGD87B2B,RCSHNLVVQDCBD2K6B,BATKQNFU2DNDFQJLB,,,,,,,,Mini 4 Pro,SYNQMCJRHDMGMDXXB,,,,DJI Fly,,1.13.5,496236F2-5496-5F5C-B855-91D5ED28D5EE,,,,,,,,,,
1773846187,6m 7.0s,367.0,1.40463128,103.70269939,196.9,196.9,30.0,376.9,8190.6,17.895,17.895,-17.895,,0.000,,-0.000,,2.80,0.00,180.0,180.0,,P-GPS,,,18,4,TRUE,,Mini 4 Pro,,,,,,FALSE,TRUE,,,,,,,,,,,,,,,,,,,,,,,,,,,,,,,,,,,,,,,,,,,,,,,,75.2,,,,7.966,,,,,,,8.984,,,,,,,,,,,,,,,,,,,,,,,,,,,,,,,,1.40500000,103.70135000,510.2,,,,,,,,,,,,,,,,,,,,,,,,,,,,Mini 4 Pro,SYNQMCJRHDMGMDXXB,CAMDQZY5LDGD87B2B,RCSHNLVVQDCBD2K6B,BATKQNFU2DNDFQJLB,,,,,,,,Mini 4 Pro,SYNQMCJRHDMGMDXXB,,,,DJI Fly,,1.13.5,496236F2-5496-5F5C-B855-91D5ED28D5EE,,,,,,,,,,
1773846188,6m 8.0s,368.0,1.40455933,103.70269939,196.9,196.9,30.0,376.9,8216.8,17.895,17.895,-17.895,,0.000,,-0.000,,2.80,0.00,180.0,180.0,,P-GPS,,,18,4,TRUE,,Mini 4 Pro,,,,,,FALSE,TRUE,,,,,,,,,,,,,,,,,,,,,,,,,,,,,,,,,,,,,,,,,,,,,,,,75.2,,,,7.965,,,,,,,8.984,,,,,,,,,,,,,,,,,,,,,,,,,,,,,,,,1.40500000,103.70135000,517.7,,,,,,,,,,,,,,,,,,,,,,,,,,,,Mini 4 Pro,SYNQMCJRHDMGMDXXB,CAMDQZY5LDGD87B2B,RCSHNLVVQDCBD2K6B,BATKQNFU2DNDFQJLB,,,,,,,,Mini 4 Pro,SYNQMCJRHDMGMDXXB,,,,DJI Fly,,1.13.5,496236F2-5496-5F5C-B855-91D5ED28D5EE,,,,,,,,,,
1773846189,6m 9.0s,369.0,1.40448739,103.70269939,196.9,196.9,30.0,376.9,8243.1,17.895,17.895,-17.895,,0.000,,-0.000,,2.80,0.00,180.0,180.0,,P-GPS,,,18,4,TRUE,,Mini 4 Pro,,,,,,FALSE,TRUE,,,,,,,,,,,,,,,,,,,,,,,,,,,,,,,,,,,,,,,,,,,,,,,,75.1,,,,7.965,,,,,,,8.984,,,,,,,,,,,,,,,,,,,,,,,,,,,,,,,,1.40500000,103.70135000,526.5,,,,,,,,,,,,,,,,,,,,,,,,,,,,Mini 4 Pro,SYNQMCJRHDMGMDXXB,CAMDQZY5LDGD87B2B,RCSHNLVVQDCBD2K6B,BATKQNFU2DNDFQJLB,,,,,,,,Mini 4 Pro,SYNQMCJRHDMGMDXXB,,,,DJI Fly,,1.13.5,496236F2-5496-5F5C-B855-91D5ED28D5EE,,,,,,,,,,
1773846190,6m 10.0s,370.0,1.40441544,103.70269939,196.9,196.9,30.0,376.9,8269.3,17.895,17.895,-17.895,,0.000,,-0.000,,2.80,0.00,180.0,180.0,,P-GPS,,,18,4,TRUE,,Mini 4 Pro,,,,,,FALSE,TRUE,,,,,,,,,,,,,,,,,,,,,,,,,,,,,,,,,,,,,,,,,,,,,,,,75.1,,,,7.964,,,,,,,8.984,,,,,,,,,,,,,,,,,,,,,,,,,,,,,,,,1.40500000,103.70135000,536.3,,,,,,,,,,,,,,,,,,,,,,,,,,,,Mini 4 Pro,SYNQMCJRHDMGMDXXB,CAMDQZY5LDGD87B2B,RCSHNLVVQDCBD2K6B,BATKQNFU2DNDFQJLB,,,,,,,,Mini 4 Pro,SYNQMCJRHDMGMDXXB,,,,DJI Fly,,1.13.5,496236F2-5496-5F5C-B855-91D5ED28D5EE,,,,,,,,,,
1773846191,6m 11.0s,371.0,1.40434350,103.70269939,196.9,196.9,30.0,376.9,8295.6,17.895,17.895,-17.895,,0.000,,-0.000,,2.80,0.00,180.0,180.0,,P-GPS,,,18,4,TRUE,,Mini 4 Pro,,,,,,FALSE,TRUE,,,,,,,,,,,,,,,,,,,,,,,,,,,,,,,,,,,,,,,,,,,,,,,,75.1,,,,7.964,,,,,,,8.984,,,,,,,,,,,,,,,,,,,,,,,,,,,,,,,,1.40500000,103.70135000,547.3,,,,,,,,,,,,,,,,,,,,,,,,,,,,Mini 4 Pro,SYNQMCJRHDMGMDXXB,CAMDQZY5LDGD87B2B,RCSHNLVVQDCBD2K6B,BATKQNFU2DNDFQJLB,,,,,,,,Mini 4 Pro,SYNQMCJRHDMGMDXXB,,,,DJI Fly,,1.13.5,496236F2-5496-5F5C-B855-91D5ED28D5EE,,,,,,,,,,
1773846192,6m 12.0s,372.0,1.40427155,103.70269939,196.9,196.9,30.0,376.9,8321.8,17.895,17.895,-17.895,,0.000,,-0.000,,2.80,0.00,180.0,180.0,,P-GPS,,,18,4,TRUE,,Mini 4 Pro,,,,,,FALSE,TRUE,,,,,,,,,,,,,,,,,,,,,,,,,,,,,,,,,,,,,,,,,,,,,,,,75.1,,,,7.963,,,,,,,8.984,,,,,,,,,,,,,,,,,,,,,,,,,,,,,,,,1.40500000,103.70135000,559.3,,,,,,,,,,,,,,,,,,,,,,,,,,,,Mini 4 Pro,SYNQMCJRHDMGMDXXB,CAMDQZY5LDGD87B2B,RCSHNLVVQDCBD2K6B,BATKQNFU2DNDFQJLB,,,,,,,,Mini 4 Pro,SYNQMCJRHDMGMDXXB,,,,DJI Fly,,1.13.5,496236F2-5496-5F5C-B855-91D5ED28D5EE,,,,,,,,,,
1773846193,6m 13.0s,373.0,1.40419960,103.70269939,196.9,196.9,30.0,376.9,8348.1,17.895,17.895,-17.895,,0.000,,-0.000,,2.80,0.00,180.0,180.0,,P-GPS,,,18,4,TRUE,,Mini 4 Pro,,,,,,FALSE,TRUE,,,,,,,,,,,,,,,,,,,,,,,,,,,,,,,,,,,,,,,,,,,,,,,,75.0,,,,7.963,,,,,,,8.984,,,,,,,,,,,,,,,,,,,,,,,,,,,,,,,,1.40500000,103.70135000,572.2,,,,,,,,,,,,,,,,,,,,,,,,,,,,Mini 4 Pro,SYNQMCJRHDMGMDXXB,CAMDQZY5LDGD87B2B,RCSHNLVVQDCBD2K6B,BATKQNFU2DNDFQJLB,,,,,,,,Mini 4 Pro,SYNQMCJRHDMGMDXXB,,,,DJI Fly,,1.13.5,496236F2-5496-5F5C-B855-91D5ED28D5EE,,,,,,,,,,
1773846194,6m 14.0s,374.0,1.40412766,103.70269939,196.9,196.9,30.0,376.9,8374.3,17.895,17.895,-17.895,,0.000,,-0.000,,2.80,0.00,180.0,180.0,,P-GPS,,,18,4,TRUE,,Mini 4 Pro,,,,,,FALSE,TRUE,,,,,,,,,,,,,,,,,,,,,,,,,,,,,,,,,,,,,,,,,,,,,,,,75.0,,,,7.962,,,,,,,8.984,,,,,,,,,,,,,,,,,,,,,,,,,,,,,,,,1.40500000,103.70135000,586.1,,,,,,,,,,,,,,,,,,,,,,,,,,,,Mini 4 Pro,SYNQMCJRHDMGMDXXB,CAMDQZY5LDGD87B2B,RCSHNLVVQDCBD2K6B,BATKQNFU2DNDFQJLB,,,,,,,,Mini 4 Pro,SYNQMCJRHDMGMDXXB,,,,DJI Fly,,1.13.5,496236F2-5496-5F5C-B855-91D5ED28D5EE,,,,,,,,,,
1773846195,6m 15.0s,375.0,1.40405571,103.70269939,196.9,196.9,30.0,376.9,8400.6,17.895,17.895,-17.895,,0.000,,-0.000,,2.80,0.00,180.0,180.0,,P-GPS,,,18,4,TRUE,,Mini 4 Pro,,,,,,FALSE,TRUE,,,,,,,,,,,,,,,,,,,,,,,,,,,,,,,,,,,,,,,,,,,,,,,,75.0,,,,7.962,,,,,,,8.984,,,,,,,,,,,,,,,,,,,,,,,,,,,,,,,,1.40500000,103.70135000,600.7,,,,,,,,,,,,,,,,,,,,,,,,,,,,Mini 4 Pro,SYNQMCJRHDMGMDXXB,CAMDQZY5LDGD87B2B,RCSHNLVVQDCBD2K6B,BATKQNFU2DNDFQJLB,,,,,,,,Mini 4 Pro,SYNQMCJRHDMGMDXXB,,,,DJI Fly,,1.13.5,496236F2-5496-5F5C-B855-91D5ED28D5EE,,,,,,,,,,
1773846196,6m 16.0s,376.0,1.40398377,103.70269939,196.9,196.9,30.0,376.9,8426.8,17.895,17.895,-17.895,,0.000,,-0.000,,2.80,0.00,180.0,180.0,,P-GPS,,,18,4,TRUE,,Mini 4 Pro,,,,,,FALSE,TRUE,,,,,,,,,,,,,,,,,,,,,,,,,,,,,,,,,,,,,,,,,,,,,,,,74.9,,,,7.962,,,,,,,8.984,,,,,,,,,,,,,,,,,,,,,,,,,,,,,,,,1.40500000,103.70135000,616.1,,,,,,,,,,,,,,,,,,,,,,,,,,,,Mini 4 Pro,SYNQMCJRHDMGMDXXB,CAMDQZY5LDGD87B2B,RCSHNLVVQDCBD2K6B,BATKQNFU2DNDFQJLB,,,,,,,,Mini 4 Pro,SYNQMCJRHDMGMDXXB,,,,DJI Fly,,1.13.5,496236F2-5496-5F5C-B855-91D5ED28D5EE,,,,,,,,,,
1773846197,6m 17.0s,377.0,1.40391182,103.70269939,196.9,196.9,30.0,376.9,8453.0,17.895,17.895,-17.895,,0.000,,-0.000,,2.80,0.00,180.0,180.0,,P-GPS,,,18,4,TRUE,,Mini 4 Pro,,,,,,FALSE,TRUE,,,,,,,,,,,,,,,,,,,,,,,,,,,,,,,,,,,,,,,,,,,,,,,,74.9,,,,7.961,,,,,,,8.984,,,,,,,,,,,,,,,,,,,,,,,,,,,,,,,,1.40500000,103.70135000,632.3,,,,,,,,,,,,,,,,,,,,,,,,,,,,Mini 4 Pro,SYNQMCJRHDMGMDXXB,CAMDQZY5LDGD87B2B,RCSHNLVVQDCBD2K6B,BATKQNFU2DNDFQJLB,,,,,,,,Mini 4 Pro,SYNQMCJRHDMGMDXXB,,,,DJI Fly,,1.13.5,496236F2-5496-5F5C-B855-91D5ED28D5EE,,,,,,,,,,
1773846198,6m 18.0s,378.0,1.40383988,103.70269939,196.9,196.9,30.0,376.9,8479.3,17.895,17.895,-17.895,,0.000,,-0.000,,2.80,0.00,180.0,180.0,,P-GPS,,,18,4,TRUE,,Mini 4 Pro,,,,,,FALSE,TRUE,,,,,,,,,,,,,,,,,,,,,,,,,,,,,,,,,,,,,,,,,,,,,,,,74.9,,,,7.961,,,,,,,8.984,,,,,,,,,,,,,,,,,,,,,,,,,,,,,,,,1.40500000,103.70135000,649.1,,,,,,,,,,,,,,,,,,,,,,,,,,,,Mini 4 Pro,SYNQMCJRHDMGMDXXB,CAMDQZY5LDGD87B2B,RCSHNLVVQDCBD2K6B,BATKQNFU2DNDFQJLB,,,,,,,,Mini 4 Pro,SYNQMCJRHDMGMDXXB,,,,DJI Fly,,1.13.5,496236F2-5496-5F5C-B855-91D5ED28D5EE,,,,,,,,,,
1773846199,6m 19.0s,379.0,1.40376793,103.70269939,196.9,196.9,30.0,376.9,8505.5,17.895,17.895,-17.895,,0.000,,-0.000,,2.80,0.00,180.0,180.0,,P-GPS,,,18,4,TRUE,,Mini 4 Pro,,,,,,FALSE,TRUE,,,,,,,,,,,,,,,,,,,,,,,,,,,,,,,,,,,,,,,,,,,,,,,,74.9,,,,7.960,,,,,,,8.984,,,,,,,,,,,,,,,,,,,,,,,,,,,,,,,,1.40500000,103.70135000,666.5,,,,,,,,,,,,,,,,,,,,,,,,,,,,Mini 4 Pro,SYNQMCJRHDMGMDXXB,CAMDQZY5LDGD87B2B,RCSHNLVVQDCBD2K6B,BATKQNFU2DNDFQJLB,,,,,,,,Mini 4 Pro,SYNQMCJRHDMGMDXXB,,,,DJI Fly,,1.13.5,496236F2-5496-5F5C-B855-91D5ED28D5EE,,,,,,,,,,
1773846200,6m 20.0s,380.0,1.40369598,103.70269939,196.9,196.9,30.0,376.9,8531.8,17.895,17.895,-17.895,,0.000,,-0.000,,2.80,0.00,180.0,180.0,,P-GPS,,,18,4,TRUE,,Mini 4 Pro,,,,,,FALSE,TRUE,,,,,,,,,,,,,,,,,,,,,,,,,,,,,,,,,,,,,,,,,,,,,,,,74.8,,,,7.960,,,,,,,8.984,,,,,,,,,,,,,,,,,,,,,,,,,,,,,,,,1.40500000,103.70135000,684.5,,,,,,,,,,,,,,,,,,,,,,,,,,,,Mini 4 Pro,SYNQMCJRHDMGMDXXB,CAMDQZY5LDGD87B2B,RCSHNLVVQDCBD2K6B,BATKQNFU2DNDFQJLB,,,,,,,,Mini 4 Pro,SYNQMCJRHDMGMDXXB,,,,DJI Fly,,1.13.5,496236F2-5496-5F5C-B855-91D5ED28D5EE,,,,,,,,,,
1773846201,6m 21.0s,381.0,1.40362404,103.70269939,196.9,196.9,30.0,376.9,8558.0,17.895,17.895,-17.895,,0.000,,-0.000,,2.80,0.00,180.0,180.0,,P-GPS,,,18,4,TRUE,,Mini 4 Pro,,,,,,FALSE,TRUE,,,,,,,,,,,,,,,,,,,,,,,,,,,,,,,,,,,,,,,,,,,,,,,,74.8,,,,7.959,,,,,,,8.984,,,,,,,,,,,,,,,,,,,,,,,,,,,,,,,,1.40500000,103.70135000,703.0,,,,,,,,,,,,,,,,,,,,,,,,,,,,Mini 4 Pro,SYNQMCJRHDMGMDXXB,CAMDQZY5LDGD87B2B,RCSHNLVVQDCBD2K6B,BATKQNFU2DNDFQJLB,,,,,,,,Mini 4 Pro,SYNQMCJRHDMGMDXXB,,,,DJI Fly,,1.13.5,496236F2-5496-5F5C-B855-91D5ED28D5EE,,,,,,,,,,
1773846202,6m 22.0s,382.0,1.40355209,103.70269939,196.9,196.9,30.0,376.9,8584.3,17.895,17.895,-17.895,,0.000,,-0.000,,2.80,0.00,180.0,180.0,,P-GPS,,,18,4,TRUE,,Mini 4 Pro,,,,,,FALSE,TRUE,,,,,,,,,,,,,,,,,,,,,,,,,,,,,,,,,,,,,,,,,,,,,,,,74.8,,,,7.959,,,,,,,8.984,,,,,,,,,,,,,,,,,,,,,,,,,,,,,,,,1.40500000,103.70135000,721.9,,,,,,,,,,,,,,,,,,,,,,,,,,,,Mini 4 Pro,SYNQMCJRHDMGMDXXB,CAMDQZY5LDGD87B2B,RCSHNLVVQDCBD2K6B,BATKQNFU2DNDFQJLB,,,,,,,,Mini 4 Pro,SYNQMCJRHDMGMDXXB,,,,DJI Fly,,1.13.5,496236F2-5496-5F5C-B855-91D5ED28D5EE,,,,,,,,,,
1773846203,6m 23.0s,383.0,1.40348015,103.70269939,196.9,196.9,30.0,376.9,8610.5,17.895,17.895,-17.895,,0.000,,-0.000,,2.80,0.00,180.0,180.0,,P-GPS,,,18,4,TRUE,,Mini 4 Pro,,,,,,FALSE,TRUE,,,,,,,,,,,,,,,,,,,,,,,,,,,,,,,,,,,,,,,,,,,,,,,,74.7,,,,7.958,,,,,,,8.984,,,,,,,,,,,,,,,,,,,,,,,,,,,,,,,,1.40500000,103.70135000,741.4,,,,,,,,,,,,,,,,,,,,,,,,,,,,Mini 4 Pro,SYNQMCJRHDMGMDXXB,CAMDQZY5LDGD87B2B,RCSHNLVVQDCBD2K6B,BATKQNFU2DNDFQJLB,,,,,,,,Mini 4 Pro,SYNQMCJRHDMGMDXXB,,,,DJI Fly,,1.13.5,496236F2-5496-5F5C-B855-91D5ED28D5EE,,,,,,,,,,
1773846204,6m 24.0s,384.0,1.40342619,103.70269939,196.9,196.9,30.0,376.9,8630.2,13.422,17.895,-13.422,,0.000,,-0.000,,2.10,0.00,180.0,180.0,,P-GPS,,,18,4,TRUE,,Mini 4 Pro,,,,,,FALSE,TRUE,,,,,,,,,,,,,,,,,,,,,,,,,,,,,,,,,,,,,,,,,,,,,,,,74.7,,,,7.958,,,,,,,7.884,,,,,,,,,,,,,,,,,,,,,,,,,,,,,,,,1.40500000,103.70135000,756.2,,,,,,,,,,,,,,,,,,,,,,,,,,,,Mini 4 Pro,SYNQMCJRHDMGMDXXB,CAMDQZY5LDGD87B2B,RCSHNLVVQDCBD2K6B,BATKQNFU2DNDFQJLB,,,,,,,,Mini 4 Pro,SYNQMCJRHDMGMDXXB,,,,DJI Fly,,1.13.5,496236F2-5496-5F5C-B855-91D5ED28D5EE,,,,,,,,,,
1773846205,6m 25.0s,385.0,1.40342619,103.70269939,196.9,196.9,30.0,376.9,8630.2,0.000,17.895,0.000,,0.000,,-0.000,,0.00,0.00,180.0,180.0,,P-GPS,,,18,4,TRUE,,Mini 4 Pro,,,,,,FALSE,TRUE,,,,,,,,,,,,,,,,,,,,,,,,,,,,,,,,,,,,,,,,,,,,,,,,74.7,,,,7.957,,,,,,,4.584,,,,,,,,,,,,,,,,,,,,,,,,,,,,,,,,1.40500000,103.70135000,756.2,,,,,,,,,,,,,,,,,,,,,,,,,,,,Mini 4 Pro,SYNQMCJRHDMGMDXXB,CAMDQZY5LDGD87B2B,RCSHNLVVQDCBD2K6B,BATKQNFU2DNDFQJLB,,,,,,,,Mini 4 Pro,SYNQMCJRHDMGMDXXB,,,,DJI Fly,,1.13.5,496236F2-5496-5F5C-B855-91D5ED28D5EE,,,,,,,,,,
1773846206,6m 26.0s,386.0,1.40348081,103.70265255,196.9,196.9,30.0,376.9,8656.5,17.895,17.895,13.587,,-11.646,,-0.000,,2.80,25.00,319.4,319.4,,SMART_RTH,,,18,4,TRUE,,Mini 4 Pro,,,,,,FALSE,TRUE,,,,,,,,,,,,,,,,,,,,,,,,,,,,,,,,,,,,,,,,,,,,,,,,74.6,,,,7.957,,,,,,,8.984,,,,,,,,,,,,,,,,,,,,,,,,,,,,,,,,1.40500000,103.70135000,729.9,,,,,,,,,,,,,,,,,,,,,,,,,,,,Mini 4 Pro,SYNQMCJRHDMGMDXXB,CAMDQZY5LDGD87B2B,RCSHNLVVQDCBD2K6B,BATKQNFU2DNDFQJLB,,,,,,,,Mini 4 Pro,SYNQMCJRHDMGMDXXB,,,,DJI Fly,,1.13.5,496236F2-5496-5F5C-B855-91D5ED28D5EE,,,,,,,,,,
1773846207,6m 27.0s,387.0,1.40353544,103.70260572,196.9,196.9,30.0,376.9,8682.7,17.895,17.895,13.587,,-11.646,,-0.000,,2.80,0.00,319.4,319.4,,SMART_RTH,,,18,4,TRUE,,Mini 4 Pro,,,,,,FALSE,TRUE,,,,,,,,,,,,,,,,,,,,,,,,,,,,,,,,,,,,,,,,,,,,,,,,74.6,,,,7.957,,,,,,,8.984,,,,,,,,,,,,,,,,,,,,,,,,,,,,,,,,1.40500000,103.70135000,703.7,,,,,,,,,,,,,,,,,,,,,,,,,,,,Mini 4 Pro,SYNQMCJRHDMGMDXXB,CAMDQZY5LDGD87B2B,RCSHNLVVQDCBD2K6B,BATKQNFU2DNDFQJLB,,,,,,,,Mini 4 Pro,SYNQMCJRHDMGMDXXB,,,,DJI Fly,,1.13.5,496236F2-5496-5F5C-B855-91D5ED28D5EE,,,,,,,,,,
1773846208,6m 28.0s,388.0,1.40359006,103.70255888,196.9,196.9,30.0,376.9,8709.0,17.895,17.895,13.587,,-11.646,,-0.000,,2.80,0.00,319.4,319.4,,SMART_RTH,,,18,4,TRUE,,Mini 4 Pro,,,,,,FALSE,TRUE,,,,,,,,,,,,,,,,,,,,,,,,,,,,,,,,,,,,,,,,,,,,,,,,74.6,,,,7.956,,,,,,,8.984,,,,,,,,,,,,,,,,,,,,,,,,,,,,,,,,1.40500000,103.70135000,677.5,,,,,,,,,,,,,,,,,,,,,,,,,,,,Mini 4 Pro,SYNQMCJRHDMGMDXXB,CAMDQZY5LDGD87B2B,RCSHNLVVQDCBD2K6B,BATKQNFU2DNDFQJLB,,,,,,,,Mini 4 Pro,SYNQMCJRHDMGMDXXB,,,,DJI Fly,,1.13.5,496236F2-5496-5F5C-B855-91D5ED28D5EE,,,,,,,,,,
1773846209,6m 29.0s,389.0,1.40364469,103.70251205,196.9,196.9,30.0,376.9,8735.2,17.895,17.895,13.587,,-11.646,,-0.000,,2.80,0.00,319.4,319.4,,SMART_RTH,,,18,4,TRUE,,Mini 4 Pro,,,,,,FALSE,TRUE,,,,,,,,,,,,,,,,,,,,,,,,,,,,,,,,,,,,,,,,,,,,,,,,74.6,,,,7.956,,,,,,,8.984,,,,,,,,,,,,,,,,,,,,,,,,,,,,,,,,1.40500000,103.70135000,651.2,,,,,,,,,,,,,,,,,,,,,,,,,,,,Mini 4 Pro,SYNQMCJRHDMGMDXXB,CAMDQZY5LDGD87B2B,RCSHNLVVQDCBD2K6B,BATKQNFU2DNDFQJLB,,,,,,,,Mini 4 Pro,SYNQMCJRHDMGMDXXB,,,,DJI Fly,,1.13.5,496236F2-5496-5F5C-B855-91D5ED28D5EE,,,,,,,,,,
1773846210,6m 30.0s,390.0,1.40369931,103.70246521,196.9,196.9,30.0,376.9,8761.4,17.895,17.895,13.587,,-11.646,,-0.000,,2.80,0.00,319.4,319.4,,SMART_RTH,,,18,4,TRUE,,Mini 4 Pro,,,,,,FALSE,TRUE,,,,,,,,,,,,,,,,,,,,,,,,,,,,,,,,,,,,,,,,,,,,,,,,74.5,,,,7.955,,,,,,,8.984,,,,,,,,,,,,,,,,,,,,,,,,,,,,,,,,1.40500000,103.70135000,625.0,,,,,,,,,,,,,,,,,,,,,,,,,,,,Mini 4 Pro,SYNQMCJRHDMGMDXXB,CAMDQZY5LDGD87B2B,RCSHNLVVQDCBD2K6B,BATKQNFU2DNDFQJLB,,,,,,,,Mini 4 Pro,SYNQMCJRHDMGMDXXB,,,,DJI Fly,,1.13.5,496236F2-5496-5F5C-B855-91D5ED28D5EE,,,,,,,,,,
1773846211,6m 31.0s,391.0,1.40375394,103.70241837,196.9,196.9,30.0,376.9,8787.7,17.895,17.895,13.587,,-11.646,,-0.000,,2.80,0.00,319.4,319.4,,SMART_RTH,,,18,4,TRUE,,Mini 4 Pro,,,,,,FALSE,TRUE,,,,,,,,,,,,,,,,,,,,,,,,,,,,,,,,,,,,,,,,,,,,,,,,74.5,,,,7.955,,,,,,,8.984,,,,,,,,,,,,,,,,,,,,,,,,,,,,,,,,1.40500000,103.70135000,598.7,,,,,,,,,,,,,,,,,,,,,,,,,,,,Mini 4 Pro,SYNQMCJRHDMGMDXXB,CAMDQZY5LDGD87B2B,RCSHNLVVQDCBD2K6B,BATKQNFU2DNDFQJLB,,,,,,,,Mini 4 Pro,SYNQMCJRHDMGMDXXB,,,,DJI Fly,,1.13.5,496236F2-5496-5F5C-B855-91D5ED28D5EE,,,,,,,,,,
1773846212,6m 32.0s,392.0,1.40380856,103.70237154,196.9,196.9,30.0,376.9,8813.9,17.895,17.895,13.587,,-11.646,,-0.000,,2.80,0.00,319.4,319.4,,SMART_RTH,,,18,4,TRUE,,Mini 4 Pro,,,,,,FALSE,TRUE,,,,,,,,,,,,,,,,,,,,,,,,,,,,,,,,,,,,,,,,,,,,,,,,74.5,,,,7.954,,,,,,,8.984,,,,,,,,,,,,,,,,,,,,,,,,,,,,,,,,1.40500000,103.70135000,572.5,,,,,,,,,,,,,,,,,,,,,,,,,,,,Mini 4 Pro,SYNQMCJRHDMGMDXXB,CAMDQZY5LDGD87B2B,RCSHNLVVQDCBD2K6B,BATKQNFU2DNDFQJLB,,,,,,,,Mini 4 Pro,SYNQMCJRHDMGMDXXB,,,,DJI Fly,,1.13.5,496236F2-5496-5F5C-B855-91D5ED28D5EE,,,,,,,,,,
1773846213,6m 33.0s,393.0,1.40386319,103.70232470,196.9,196.9,30.0,376.9,8840.2,17.895,17.895,13.587,,-11.646,,-0.000,,2.80,0.00,319.4,319.4,,SMART_RTH,,,18,4,TRUE,,Mini 4 Pro,,,,,,FALSE,TRUE,,,,,,,,,,,,,,,,,,,,,,,,,,,,,,,,,,,,,,,,,,,,,,,,74.4,,,,7.954,,,,,,,8.984,,,,,,,,,,,,,,,,,,,,,,,,,,,,,,,,1.40500000,103.70135000,546.2,,,,,,,,,,,,,,,,,,,,,,,,,,,,Mini 4 Pro,SYNQMCJRHDMGMDXXB,CAMDQZY5LDGD87B2B,RCSHNLVVQDCBD2K6B,BATKQNFU2DNDFQJLB,,,,,,,,Mini 4 Pro,SYNQMCJRHDMGMDXXB,,,,DJI Fly,,1.13.5,496236F2-5496-5F5C-B855-91D5ED28D5EE,,,,,,,,,,
1773846214,6m 34.0s,394.0,1.40391781,103.70227787,196.9,196.9,30.0,376.9,8866.4,17.895,17.895,13.587,,-11.646,,-0.000,,2.80,0.00,319.4,319.4,,SMART_RTH,,,18,4,TRUE,,Mini 4 Pro,,,,,,FALSE,TRUE,,,,,,,,,,,,,,,,,,,,,,,,,,,,,,,,,,,,,,,,,,,,,,,,74.4,,,,7.953,,,,,,,8.984,,,,,,,,,,,,,,,,,,,,,,,,,,,,,,,,1.40500000,103.70135000,520.0,,,,,,,,,,,,,,,,,,,,,,,,,,,,Mini 4 Pro,SYNQMCJRHDMGMDXXB,CAMDQZY5LDGD87B2B,RCSHNLVVQDCBD2K6B,BATKQNFU2DNDFQJLB,,,,,,,,Mini 4 Pro,SYNQMCJRHDMGMDXXB,,,,DJI Fly,,1.13.5,496236F2-5496-5F5C-B855-91D5ED28D5EE,,,,,,,,,,
1773846215,6m 35.0s,395.0,1.40397244,103.70223103,196.9,196.9,30.0,376.9,8892.7,17.895,17.895,13.587,,-11.646,,-0.000,,2.80,0.00,319.4,319.4,,SMART_RTH,,,18,4,TRUE,,Mini 4 Pro,,,,,,FALSE,TRUE,,,,,,,,,,,,,,,,,,,,,,,,,,,,,,,,,,,,,,,,,,,,,,,,74.4,,,,7.953,,,,,,,8.984,,,,,,,,,,,,,,,,,,,,,,,,,,,,,,,,1.40500000,103.70135000,493.7,,,,,,,,,,,,,,,,,,,,,,,,,,,,Mini 4 Pro,SYNQMCJRHDMGMDXXB,CAMDQZY5LDGD87B2B,RCSHNLVVQDCBD2K6B,BATKQNFU2DNDFQJLB,,,,,,,,Mini 4 Pro,SYNQMCJRHDMGMDXXB,,,,DJI Fly,,1.13.5,496236F2-5496-5F5C-B855-91D5ED28D5EE,,,,,,,,,,
1773846216,6m 36.0s,396.0,1.40402707,103.70218419,196.9,196.9,30.0,376.9,8918.9,17.895,17.895,13.587,,-11.646,,-0.000,,2.80,0.00,319.4,319.4,,SMART_RTH,,,18,4,TRUE,,Mini 4 Pro,,,,,,FALSE,TRUE,,,,,,,,,,,,,,,,,,,,,,,,,,,,,,,,,,,,,,,,,,,,,,,,74.4,,,,7.952,,,,,,,8.984,,,,,,,,,,,,,,,,,,,,,,,,,,,,,,,,1.40500000,103.70135000,467.5,,,,,,,,,,,,,,,,,,,,,,,,,,,,Mini 4 Pro,SYNQMCJRHDMGMDXXB,CAMDQZY5LDGD87B2B,RCSHNLVVQDCBD2K6B,BATKQNFU2DNDFQJLB,,,,,,,,Mini 4 Pro,SYNQMCJRHDMGMDXXB,,,,DJI Fly,,1.13.5,496236F2-5496-5F5C-B855-91D5ED28D5EE,,,,,,,,,,
1773846217,6m 37.0s,397.0,1.40408169,103.70213736,196.9,196.9,30.0,376.9,8945.2,17.895,17.895,13.587,,-11.646,,-0.000,,2.80,0.00,319.4,319.4,,SMART_RTH,,,18,4,TRUE,,Mini 4 Pro,,,,,,FALSE,TRUE,,,,,,,,,,,,,,,,,,,,,,,,,,,,,,,,,,,,,,,,,,,,,,,,74.3,,,,7.952,,,,,,,8.984,,,,,,,,,,,,,,,,,,,,,,,,,,,,,,,,1.40500000,103.70135000,441.2,,,,,,,,,,,,,,,,,,,,,,,,,,,,Mini 4 Pro,SYNQMCJRHDMGMDXXB,CAMDQZY5LDGD87B2B,RCSHNLVVQDCBD2K6B,BATKQNFU2DNDFQJLB,,,,,,,,Mini 4 Pro,SYNQMCJRHDMGMDXXB,,,,DJI Fly,,1.13.5,496236F2-5496-5F5C-B855-91D5ED28D5EE,,,,,,,,,,
1773846218,6m 38.0s,398.0,1.40413632,103.70209052,196.9,196.9,30.0,376.9,8971.4,17.895,17.895,13.587,,-11.646,,-0.000,,2.80,0.00,319.4,319.4,,SMART_RTH,,,18,4,TRUE,,Mini 4 Pro,,,,,,FALSE,TRUE,,,,,,,,,,,,,,,,,,,,,,,,,,,,,,,,,,,,,,,,,,,,,,,,74.3,,,,7.952,,,,,,,8.984,,,,,,,,,,,,,,,,,,,,,,,,,,,,,,,,1.40500000,103.70135000,415.0,,,,,,,,,,,,,,,,,,,,,,,,,,,,Mini 4 Pro,SYNQMCJRHDMGMDXXB,CAMDQZY5LDGD87B2B,RCSHNLVVQDCBD2K6B,BATKQNFU2DNDFQJLB,,,,,,,,Mini 4 Pro,SYNQMCJRHDMGMDXXB,,,,DJI Fly,,1.13.5,496236F2-5496-5F5C-B855-91D5ED28D5EE,,,,,,,,,,
1773846219,6m 39.0s,399.0,1.40419094,103.70204369,196.9,196.9,30.0,376.9,8997.7,17.895,17.895,13.587,,-11.646,,-0.000,,2.80,0.00,319.4,319.4,,SMART_RTH,,,18,4,TRUE,,Mini 4 Pro,,,,,,FALSE,TRUE,,,,,,,,,,,,,,,,,,,,,,,,,,,,,,,,,,,,,,,,,,,,,,,,74.3,,,,7.951,,,,,,,8.984,,,,,,,,,,,,,,,,,,,,,,,,,,,,,,,,1.40500000,103.70135000,388.7,,,,,,,,,,,,,,,,,,,,,,,,,,,,Mini 4 Pro,SYNQMCJRHDMGMDXXB,CAMDQZY5LDGD87B2B,RCSHNLVVQDCBD2K6B,BATKQNFU2DNDFQJLB,,,,,,,,Mini 4 Pro,SYNQMCJRHDMGMDXXB,,,,DJI Fly,,1.13.5,496236F2-5496-5F5C-B855-91D5ED28D5EE,,,,,,,,,,
1773846220,6m 40.0s,400.0,1.40424557,103.70199685,196.9,196.9,30.0,376.9,9023.9,17.895,17.895,13.587,,-11.646,,-0.000,,2.80,0.00,319.4,319.4,,SMART_RTH,,,18,4,TRUE,,Mini 4 Pro,,,,,,FALSE,TRUE,,,,,,,,,,,,,,,,,,,,,,,,,,,,,,,,,,,,,,,,,,,,,,,,74.2,,,,7.951,,,,,,,8.984,,,,,,,,,,,,,,,,,,,,,,,,,,,,,,,,1.40500000,103.70135000,362.5,,,,,,,,,,,,,,,,,,,,,,,,,,,,Mini 4 Pro,SYNQMCJRHDMGMDXXB,CAMDQZY5LDGD87B2B,RCSHNLVVQDCBD2K6B,BATKQNFU2DNDFQJLB,,,,,,,,Mini 4 Pro,SYNQMCJRHDMGMDXXB,,,,DJI Fly,,1.13.5,496236F2-5496-5F5C-B855-91D5ED28D5EE,,,,,,,,,,
1773846221,6m 41.0s,401.0,1.40430019,103.70195002,196.9,196.9,30.0,376.9,9050.2,17.895,17.895,13.587,,-11.646,,-0.000,,2.80,0.00,319.4,319.4,,SMART_RTH,,,18,4,TRUE,,Mini 4 Pro,,,,,,FALSE,TRUE,,,,,,,,,,,,,,,,,,,,,,,,,,,,,,,,,,,,,,,,,,,,,,,,74.2,,,,7.950,,,,,,,8.984,,,,,,,,,,,,,,,,,,,,,,,,,,,,,,,,1.40500000,103.70135000,336.2,,,,,,,,,,,,,,,,,,,,,,,,,,,,Mini 4 Pro,SYNQMCJRHDMGMDXXB,CAMDQZY5LDGD87B2B,RCSHNLVVQDCBD2K6B,BATKQNFU2DNDFQJLB,,,,,,,,Mini 4 Pro,SYNQMCJRHDMGMDXXB,,,,DJI Fly,,1.13.5,496236F2-5496-5F5C-B855-91D5ED28D5EE,,,,,,,,,,
1773846222,6m 42.0s,402.0,1.40435482,103.70190318,196.9,196.9,30.0,376.9,9076.4,17.895,17.895,13.587,,-11.646,,-0.000,,2.80,0.00,319.4,319.4,,SMART_RTH,,,18,4,TRUE,,Mini 4 Pro,,,,,,FALSE,TRUE,,,,,,,,,,,,,,,,,,,,,,,,,,,,,,,,,,,,,,,,,,,,,,,,74.2,,,,7.950,,,,,,,8.984,,,,,,,,,,,,,,,,,,,,,,,,,,,,,,,,1.40500000,103.70135000,310.0,,,,,,,,,,,,,,,,,,,,,,,,,,,,Mini 4 Pro,SYNQMCJRHDMGMDXXB,CAMDQZY5LDGD87B2B,RCSHNLVVQDCBD2K6B,BATKQNFU2DNDFQJLB,,,,,,,,Mini 4 Pro,SYNQMCJRHDMGMDXXB,,,,DJI Fly,,1.13.5,496236F2-5496-5F5C-B855-91D5ED28D5EE,,,,,,,,,,
1773846223,6m 43.0s,403.0,1.40440944,103.70185634,196.9,196.9,30.0,376.9,9102.7,17.895,17.895,13.587,,-11.646,,-0.000,,2.80,0.00,319.4,319.4,,SMART_RTH,,,18,4,TRUE,,Mini 4 Pro,,,,,,FALSE,TRUE,,,,,,,,,,,,,,,,,,,,,,,,,,,,,,,,,,,,,,,,,,,,,,,,74.1,,,,7.949,,,,,,,8.984,,,,,,,,,,,,,,,,,,,,,,,,,,,,,,,,1.40500000,103.70135000,283.8,,,,,,,,,,,,,,,,,,,,,,,,,,,,Mini 4 Pro,SYNQMCJRHDMGMDXXB,CAMDQZY5LDGD87B2B,RCSHNLVVQDCBD2K6B,BATKQNFU2DNDFQJLB,,,,,,,,Mini 4 Pro,SYNQMCJRHDMGMDXXB,,,,DJI Fly,,1.13.5,496236F2-5496-5F5C-B855-91D5ED28D5EE,,,,,,,,,,
1773846224,6m 44.0s,404.0,1.40446407,103.70180951,196.9,196.9,30.0,376.9,9128.9,17.895,17.895,13.587,,-11.646,,-0.000,,2.80,0.00,319.4,319.4,,SMART_RTH,,,18,4,TRUE,,Mini 4 Pro,,,,,,FALSE,TRUE,,,,,,,,,,,,,,,,,,,,,,,,,,,,,,,,,,,,,,,,,,,,,,,,74.1,,,,7.949,,,,,,,8.984,,,,,,,,,,,,,,,,,,,,,,,,,,,,,,,,1.40500000,103.70135000,257.5,,,,,,,,,,,,,,,,,,,,,,,,,,,,Mini 4 Pro,SYNQMCJRHDMGMDXXB,CAMDQZY5LDGD87B2B,RCSHNLVVQDCBD2K6B,BATKQNFU2DNDFQJLB,,,,,,,,Mini 4 Pro,SYNQMCJRHDMGMDXXB,,,,DJI Fly,,1.13.5,496236F2-5496-5F5C-B855-91D5ED28D5EE,,,,,,,,,,
1773846225,6m 45.0s,405.0,1.40451869,103.70176267,196.9,196.9,30.0,376.9,9155.1,17.895,17.895,13.587,,-11.646,,-0.000,,2.80,0.00,319.4,319.4,,SMART_RTH,,,18,4,TRUE,,Mini 4 Pro,,,,,,FALSE,TRUE,,,,,,,,,,,,,,,,,,,,,,,,,,,,,,,,,,,,,,,,,,,,,,,,74.1,,,,7.948,,,,,,,8.984,,,,,,,,,,,,,,,,,,,,,,,,,,,,,,,,1.40500000,103.70135000,231.3,,,,,,,,,,,,,,,,,,,,,,,,,,,,Mini 4 Pro,SYNQMCJRHDMGMDXXB,CAMDQZY5LDGD87B2B,RCSHNLVVQDCBD2K6B,BATKQNFU2DNDFQJLB,,,,,,,,Mini 4 Pro,SYNQMCJRHDMGMDXXB,,,,DJI Fly,,1.13.5,496236F2-5496-5F5C-B855-91D5ED28D5EE,,,,,,,,,,
1773846226,6m 46.0s,406.0,1.40457332,103.70171584,196.9,196.9,30.0,376.9,9181.4,17.895,17.895,13.587,,-11.646,,-0.000,,2.80,0.00,319.4,319.4,,SMART_RTH,,,18,4,TRUE,,Mini 4 Pro,,,,,,FALSE,TRUE,,,,,,,,,,,,,,,,,,,,,,,,,,,,,,,,,,,,,,,,,,,,,,,,74.1,,,,7.948,,,,,,,8.984,,,,,,,,,,,,,,,,,,,,,,,,,,,,,,,,1.40500000,103.70135000,205.0,,,,,,,,,,,,,,,,,,,,,,,,,,,,Mini 4 Pro,SYNQMCJRHDMGMDXXB,CAMDQZY5LDGD87B2B,RCSHNLVVQDCBD2K6B,BATKQNFU2DNDFQJLB,,,,,,,,Mini 4 Pro,SYNQMCJRHDMGMDXXB,,,,DJI Fly,,1.13.5,496236F2-5496-5F5C-B855-91D5ED28D5EE,,,,,,,,,,
1773846227,6m 47.0s,407.0,1.40462794,103.70166900,196.9,196.9,30.0,376.9,9207.6,17.895,17.895,13.587,,-11.646,,-0.000,,2.80,0.00,319.4,319.4,,SMART_RTH,,,18,4,TRUE,,Mini 4 Pro,,,,,,FALSE,TRUE,,,,,,,,,,,,,,,,,,,,,,,,,,,,,,,,,,,,,,,,,,,,,,,,74.0,,,,7.947,,,,,,,8.984,,,,,,,,,,,,,,,,,,,,,,,,,,,,,,,,1.40500000,103.70135000,178.8,,,,,,,,,,,,,,,,,,,,,,,,,,,,Mini 4 Pro,SYNQMCJRHDMGMDXXB,CAMDQZY5LDGD87B2B,RCSHNLVVQDCBD2K6B,BATKQNFU2DNDFQJLB,,,,,,,,Mini 4 Pro,SYNQMCJRHDMGMDXXB,,,,DJI Fly,,1.13.5,496236F2-5496-5F5C-B855-91D5ED28D5EE,,,,,,,,,,
1773846228,6m 48.0s,408.0,1.40468257,103.70162217,196.9,196.9,30.0,376.9,9233.9,17.895,17.895,13.587,,-11.646,,-0.000,,2.80,0.00,319.4,319.4,,SMART_RTH,,,18,4,TRUE,,Mini 4 Pro,,,,,,FALSE,TRUE,,,,,,,,,,,,,,,,,,,,,,,,,,,,,,,,,,,,,,,,,,,,,,,,74.0,,,,7.947,,,,,,,8.984,,,,,,,,,,,,,,,,,,,,,,,,,,,,,,,,1.40500000,103.70135000,152.5,,,,,,,,,,,,,,,,,,,,,,,,,,,,Mini 4 Pro,SYNQMCJRHDMGMDXXB,CAMDQZY5LDGD87B2B,RCSHNLVVQDCBD2K6B,BATKQNFU2DNDFQJLB,,,,,,,,Mini 4 Pro,SYNQMCJRHDMGMDXXB,,,,DJI Fly,,1.13.5,496236F2-5496-5F5C-B855-91D5ED28D5EE,,,,,,,,,,
1773846229,6m 49.0s,409.0,1.40473719,103.70157533,196.9,196.9,30.0,376.9,9260.1,17.895,17.895,13.587,,-11.646,,-0.000,,2.80,0.00,319.4,319.4,,SMART_RTH,,,18,4,TRUE,,Mini 4 Pro,,,,,,FALSE,TRUE,,,,,,,,,,,,,,,,,,,,,,,,,,,,,,,,,,,,,,,,,,,,,,,,74.0,,,,7.947,,,,,,,8.984,,,,,,,,,,,,,,,,,,,,,,,,,,,,,,,,1.40500000,103.70135000,126.3,,,,,,,,,,,,,,,,,,,,,,,,,,,,Mini 4 Pro,SYNQMCJRHDMGMDXXB,CAMDQZY5LDGD87B2B,RCSHNLVVQDCBD2K6B,BATKQNFU2DNDFQJLB,,,,,,,,Mini 4 Pro,SYNQMCJRHDMGMDXXB,,,,DJI Fly,,1.13.5,496236F2-5496-5F5C-B855-91D5ED28D5EE,,,,,,,,,,
1773846230,6m 50.0s,410.0,1.40479182,103.70152849,196.9,196.9,30.0,376.9,9286.4,17.895,17.895,13.587,,-11.646,,-0.000,,2.80,0.00,319.4,319.4,,SMART_RTH,,,18,4,TRUE,,Mini 4 Pro,,,,,,FALSE,TRUE,,,,,,,,,,,,,,,,,,,,,,,,,,,,,,,,,,,,,,,,,,,,,,,,73.9,,,,7.946,,,,,,,8.984,,,,,,,,,,,,,,,,,,,,,,,,,,,,,,,,1.40500000,103.70135000,100.0,,,,,,,,,,,,,,,,,,,,,,,,,,,,Mini 4 Pro,SYNQMCJRHDMGMDXXB,CAMDQZY5LDGD87B2B,RCSHNLVVQDCBD2K6B,BATKQNFU2DNDFQJLB,,,,,,,,Mini 4 Pro,SYNQMCJRHDMGMDXXB,,,,DJI Fly,,1.13.5,496236F2-5496-5F5C-B855-91D5ED28D5EE,,,,,,,,,,
1773846231,6m 51.0s,411.0,1.40484644,103.70148166,196.9,196.9,30.0,376.9,9312.6,17.895,17.895,13.587,,-11.646,,-0.000,,2.80,0.00,319.4,319.4,,SMART_RTH,,,18,4,TRUE,,Mini 4 Pro,,,,,,FALSE,TRUE,,,,,,,,,,,,,,,,,,,,,,,,,,,,,,,,,,,,,,,,,,,,,,,,73.9,,,,7.946,,,,,,,8.984,,,,,,,,,,,,,,,,,,,,,,,,,,,,,,,,1.40500000,103.70135000,73.8,,,,,,,,,,,,,,,,,,,,,,,,,,,,Mini 4 Pro,SYNQMCJRHDMGMDXXB,CAMDQZY5LDGD87B2B,RCSHNLVVQDCBD2K6B,BATKQNFU2DNDFQJLB,,,,,,,,Mini 4 Pro,SYNQMCJRHDMGMDXXB,,,,DJI Fly,,1.13.5,496236F2-5496-5F5C-B855-91D5ED28D5EE,,,,,,,,,,
1773846232,6m 52.0s,412.0,1.40490107,103.70143482,196.9,196.9,30.0,376.9,9338.9,17.895,17.895,13.587,,-11.646,,-0.000,,2.80,0.00,319.4,319.4,,SMART_RTH,,,18,4,TRUE,,Mini 4 Pro,,,,,,FALSE,TRUE,,,,,,,,,,,,,,,,,,,,,,,,,,,,,,,,,,,,,,,,,,,,,,,,73.9,,,,7.945,,,,,,,8.984,,,,,,,,,,,,,,,,,,,,,,,,,,,,,,,,1.40500000,103.70135000,47.5,,,,,,,,,,,,,,,,,,,,,,,,,,,,Mini 4 Pro,SYNQMCJRHDMGMDXXB,CAMDQZY5LDGD87B2B,RCSHNLVVQDCBD2K6B,BATKQNFU2DNDFQJLB,,,,,,,,Mini 4 Pro,SYNQMCJRHDMGMDXXB,,,,DJI Fly,,1.13.5,496236F2-5496-5F5C-B855-91D5ED28D5EE,,,,,,,,,,
1773846233,6m 53.0s,413.0,1.40495569,103.70138799,196.9,196.9,30.0,376.9,9365.1,17.895,17.895,13.587,,-11.646,,-0.000,,2.80,0.00,319.4,319.4,,SMART_RTH,,,18,4,TRUE,,Mini 4 Pro,,,,,,FALSE,TRUE,,,,,,,,,,,,,,,,,,,,,,,,,,,,,,,,,,,,,,,,,,,,,,,,73.9,,,,7.945,,,,,,,8.984,,,,,,,,,,,,,,,,,,,,,,,,,,,,,,,,1.40500000,103.70135000,21.3,,,,,,,,,,,,,,,,,,,,,,,,,,,,Mini 4 Pro,SYNQMCJRHDMGMDXXB,CAMDQZY5LDGD87B2B,RCSHNLVVQDCBD2K6B,BATKQNFU2DNDFQJLB,,,,,,,,Mini 4 Pro,SYNQMCJRHDMGMDXXB,,,,DJI Fly,,1.13.5,496236F2-5496-5F5C-B855-91D5ED28D5EE,,,,,,,,,,
1773846234,6m 54.0s,414.0,1.40500000,103.70135000,196.9,196.9,30.0,376.9,9386.4,14.515,17.895,11.020,,-9.446,,-0.000,,2.27,0.00,319.4,319.4,,SMART_RTH,,,18,4,TRUE,,Mini 4 Pro,,,,,,FALSE,TRUE,,,,,,,,,,,,,,,,,,,,,,,,,,,,,,,,,,,,,,,,,,,,,,,,73.8,,,,7.944,,,,,,,8.153,,,,,,,,,,,,,,,,,,,,,,,,,,,,,,,,1.40500000,103.70135000,0.0,,,,,,,,,,,,,,,,,,,,,,,,,,,,Mini 4 Pro,SYNQMCJRHDMGMDXXB,CAMDQZY5LDGD87B2B,RCSHNLVVQDCBD2K6B,BATKQNFU2DNDFQJLB,,,,,,,,Mini 4 Pro,SYNQMCJRHDMGMDXXB,,,,DJI Fly,,1.13.5,496236F2-5496-5F5C-B855-91D5ED28D5EE,,,,,,,,,,
1773846235,6m 55.0s,415.0,1.40500000,103.70135000,196.9,196.9,30.0,376.9,9386.4,0.000,17.895,0.000,,0.000,,-0.000,,0.00,0.00,319.4,319.4,,SMART_RTH,,,18,4,TRUE,,Mini 4 Pro,,,,,,FALSE,TRUE,,,,,,,,,,,,,,,,,,,,,,,,,,,,,,,,,,,,,,,,,,,,,,,,73.8,,,,7.944,,,,,,,4.584,,,,,,,,,,,,,,,,,,,,,,,,,,,,,,,,1.40500000,103.70135000,0.0,,,,,,,,,,,,,,,,,,,,,,,,,,,,Mini 4 Pro,SYNQMCJRHDMGMDXXB,CAMDQZY5LDGD87B2B,RCSHNLVVQDCBD2K6B,BATKQNFU2DNDFQJLB,,,,,,,,Mini 4 Pro,SYNQMCJRHDMGMDXXB,,,,DJI Fly,,1.13.5,496236F2-5496-5F5C-B855-91D5ED28D5EE,,,,,,,,,,
1773846236,6m 56.0s,416.0,1.40500000,103.70135000,196.9,196.9,30.0,376.9,9386.4,0.000,17.895,0.000,,0.000,,-0.000,,0.00,0.00,319.4,319.4,,SMART_RTH,,,18,4,TRUE,,Mini 4 Pro,,,,,,FALSE,TRUE,,,,,,,,,,,,,,,,,,,,,,,,,,,,,,,,,,,,,,,,,,,,,,,,73.8,,,,7.943,,,,,,,4.584,,,,,,,,,,,,,,,,,,,,,,,,,,,,,,,,1.40500000,103.70135000,0.0,,,,,,,,,,,,,,,,,,,,,,,,,,,,Mini 4 Pro,SYNQMCJRHDMGMDXXB,CAMDQZY5LDGD87B2B,RCSHNLVVQDCBD2K6B,BATKQNFU2DNDFQJLB,,,,,,,,Mini 4 Pro,SYNQMCJRHDMGMDXXB,,,,DJI Fly,,1.13.5,496236F2-5496-5F5C-B855-91D5ED28D5EE,,,,,,,,,,
1773846237,6m 57.0s,417.0,1.40500000,103.70135000,196.9,196.9,30.0,376.9,9386.4,0.000,17.895,0.000,,0.000,,-0.000,,0.00,0.00,319.4,319.4,,SMART_RTH,,,18,4,TRUE,,Mini 4 Pro,,,,,,FALSE,TRUE,,,,,,,,,,,,,,,,,,,,,,,,,,,,,,,,,,,,,,,,,,,,,,,,73.7,,,,7.943,,,,,,,4.584,,,,,,,,,,,,,,,,,,,,,,,,,,,,,,,,1.40500000,103.70135000,0.0,,,,,,,,,,,,,,,,,,,,,,,,,,,,Mini 4 Pro,SYNQMCJRHDMGMDXXB,CAMDQZY5LDGD87B2B,RCSHNLVVQDCBD2K6B,BATKQNFU2DNDFQJLB,,,,,,,,Mini 4 Pro,SYNQMCJRHDMGMDXXB,,,,DJI Fly,,1.13.5,496236F2-5496-5F5C-B855-91D5ED28D5EE,,,,,,,,,,
1773846238,6m 58.0s,418.0,1.40500000,103.70135000,196.9,196.9,30.0,376.9,9386.4,0.000,17.895,0.000,,0.000,,-0.000,,0.00,0.00,319.4,319.4,,SMART_RTH,,,18,4,TRUE,,Mini 4 Pro,,,,,,FALSE,TRUE,,,,,,,,,,,,,,,,,,,,,,,,,,,,,,,,,,,,,,,,,,,,,,,,73.7,,,,7.942,,,,,,,4.584,,,,,,,,,,,,,,,,,,,,,,,,,,,,,,,,1.40500000,103.70135000,0.0,,,,,,,,,,,,,,,,,,,,,,,,,,,,Mini 4 Pro,SYNQMCJRHDMGMDXXB,CAMDQZY5LDGD87B2B,RCSHNLVVQDCBD2K6B,BATKQNFU2DNDFQJLB,,,,,,,,Mini 4 Pro,SYNQMCJRHDMGMDXXB,,,,DJI Fly,,1.13.5,496236F2-5496-5F5C-B855-91D5ED28D5EE,,,,,,,,,,
1773846239,6m 59.0s,419.0,1.40500000,103.70135000,196.9,196.9,30.0,376.9,9386.4,0.000,17.895,0.000,,0.000,,-0.000,,0.00,0.00,319.4,319.4,,SMART_RTH,,,18,4,TRUE,,Mini 4 Pro,,,,,,FALSE,TRUE,,,,,,,,,,,,,,,,,,,,,,,,,,,,,,,,,,,,,,,,,,,,,,,,73.7,,,,7.942,,,,,,,4.584,,,,,,,,,,,,,,,,,,,,,,,,,,,,,,,,1.40500000,103.70135000,0.0,,,,,,,,,,,,,,,,,,,,,,,,,,,,Mini 4 Pro,SYNQMCJRHDMGMDXXB,CAMDQZY5LDGD87B2B,RCSHNLVVQDCBD2K6B,BATKQNFU2DNDFQJLB,,,,,,,,Mini 4 Pro,SYNQMCJRHDMGMDXXB,,,,DJI Fly,,1.13.5,496236F2-5496-5F5C-B855-91D5ED28D5EE,,,,,,,,,,
1773846240,7m 0.0s,420.0,1.40500000,103.70135000,196.9,196.9,30.0,376.9,9386.4,0.000,17.895,0.000,,0.000,,-0.000,,0.00,0.00,319.4,319.4,,SMART_RTH,,,18,4,TRUE,,Mini 4 Pro,,,,,,FALSE,TRUE,,,,,,,,,,,,,,,,,,,,,,,,,,,,,,,,,,,,,,,,,,,,,,,,73.6,,,,7.942,,,,,,,4.584,,,,,,,,,,,,,,,,,,,,,,,,,,,,,,,,1.40500000,103.70135000,0.0,,,,,,,,,,,,,,,,,,,,,,,,,,,,Mini 4 Pro,SYNQMCJRHDMGMDXXB,CAMDQZY5LDGD87B2B,RCSHNLVVQDCBD2K6B,BATKQNFU2DNDFQJLB,,,,,,,,Mini 4 Pro,SYNQMCJRHDMGMDXXB,,,,DJI Fly,,1.13.5,496236F2-5496-5F5C-B855-91D5ED28D5EE,,,,,,,,,,
1773846241,7m 1.0s,421.0,1.40500000,103.70135000,196.9,196.9,30.0,376.9,9386.4,0.000,17.895,0.000,,0.000,,-0.000,,0.00,0.00,319.4,319.4,,SMART_RTH,,,18,4,TRUE,,Mini 4 Pro,,,,,,FALSE,TRUE,,,,,,,,,,,,,,,,,,,,,,,,,,,,,,,,,,,,,,,,,,,,,,,,73.6,,,,7.941,,,,,,,4.584,,,,,,,,,,,,,,,,,,,,,,,,,,,,,,,,1.40500000,103.70135000,0.0,,,,,,,,,,,,,,,,,,,,,,,,,,,,Mini 4 Pro,SYNQMCJRHDMGMDXXB,CAMDQZY5LDGD87B2B,RCSHNLVVQDCBD2K6B,BATKQNFU2DNDFQJLB,,,,,,,,Mini 4 Pro,SYNQMCJRHDMGMDXXB,,,,DJI Fly,,1.13.5,496236F2-5496-5F5C-B855-91D5ED28D5EE,,,,,,,,,,
1773846242,7m 2.0s,422.0,1.40500000,103.70135000,196.9,196.9,30.0,376.9,9386.4,0.000,17.895,0.000,,0.000,,-0.000,,0.00,0.00,319.4,319.4,,SMART_RTH,,,18,4,TRUE,,Mini 4 Pro,,,,,,FALSE,TRUE,,,,,,,,,,,,,,,,,,,,,,,,,,,,,,,,,,,,,,,,,,,,,,,,73.6,,,,7.941,,,,,,,4.584,,,,,,,,,,,,,,,,,,,,,,,,,,,,,,,,1.40500000,103.70135000,0.0,,,,,,,,,,,,,,,,,,,,,,,,,,,,Mini 4 Pro,SYNQMCJRHDMGMDXXB,CAMDQZY5LDGD87B2B,RCSHNLVVQDCBD2K6B,BATKQNFU2DNDFQJLB,,,,,,,,Mini 4 Pro,SYNQMCJRHDMGMDXXB,,,,DJI Fly,,1.13.5,496236F2-5496-5F5C-B855-91D5ED28D5EE,,,,,,,,,,
1773846243,7m 3.0s,423.0,1.40500000,103.70135000,196.9,196.9,30.0,376.9,9386.4,0.000,17.895,0.000,,0.000,,-0.000,,0.00,0.00,319.4,319.4,,SMART_RTH,,,18,4,TRUE,,Mini 4 Pro,,,,,,FALSE,TRUE,,,,,,,,,,,,,,,,,,,,,,,,,,,,,,,,,,,,,,,,,,,,,,,,73.6,,,,7.940,,,,,,,4.584,,,,,,,,,,,,,,,,,,,,,,,,,,,,,,,,1.40500000,103.70135000,0.0,,,,,,,,,,,,,,,,,,,,,,,,,,,,Mini 4 Pro,SYNQMCJRHDMGMDXXB,CAMDQZY5LDGD87B2B,RCSHNLVVQDCBD2K6B,BATKQNFU2DNDFQJLB,,,,,,,,Mini 4 Pro,SYNQMCJRHDMGMDXXB,,,,DJI Fly,,1.13.5,496236F2-5496-5F5C-B855-91D5ED28D5EE,,,,,,,,,,
1773846244,7m 4.0s,424.0,1.40500000,103.70135000,196.9,196.9,30.0,376.9,9386.4,0.000,17.895,0.000,,0.000,,-0.000,,0.00,0.00,319.4,319.4,,SMART_RTH,,,18,4,TRUE,,Mini 4 Pro,,,,,,FALSE,TRUE,,,,,,,,,,,,,,,,,,,,,,,,,,,,,,,,,,,,,,,,,,,,,,,,73.5,,,,7.940,,,,,,,4.584,,,,,,,,,,,,,,,,,,,,,,,,,,,,,,,,1.40500000,103.70135000,0.0,,,,,,,,,,,,,,,,,,,,,,,,,,,,Mini 4 Pro,SYNQMCJRHDMGMDXXB,CAMDQZY5LDGD87B2B,RCSHNLVVQDCBD2K6B,BATKQNFU2DNDFQJLB,,,,,,,,Mini 4 Pro,SYNQMCJRHDMGMDXXB,,,,DJI Fly,,1.13.5,496236F2-5496-5F5C-B855-91D5ED28D5EE,,,,,,,,,,
1773846245,7m 5.0s,425.0,1.40500000,103.70135000,196.9,196.9,30.0,376.9,9386.4,0.000,17.895,0.000,,0.000,,-0.000,,0.00,0.00,319.4,319.4,,SMART_RTH,,,18,4,TRUE,,Mini 4 Pro,,,,,,FALSE,TRUE,,,,,,,,,,,,,,,,,,,,,,,,,,,,,,,,,,,,,,,,,,,,,,,,73.5,,,,7.939,,,,,,,4.584,,,,,,,,,,,,,,,,,,,,,,,,,,,,,,,,1.40500000,103.70135000,0.0,,,,,,,,,,,,,,,,,,,,,,,,,,,,Mini 4 Pro,SYNQMCJRHDMGMDXXB,CAMDQZY5LDGD87B2B,RCSHNLVVQDCBD2K6B,BATKQNFU2DNDFQJLB,,,,,,,,Mini 4 Pro,SYNQMCJRHDMGMDXXB,,,,DJI Fly,,1.13.5,496236F2-5496-5F5C-B855-91D5ED28D5EE,,,,,,,,,,
1773846246,7m 6.0s,426.0,1.40500000,103.70135000,196.9,196.9,30.0,376.9,9386.4,0.000,17.895,0.000,,0.000,,-0.000,,0.00,0.00,319.4,319.4,,SMART_RTH,,,18,4,TRUE,,Mini 4 Pro,,,,,,FALSE,TRUE,,,,,,,,,,,,,,,,,,,,,,,,,,,,,,,,,,,,,,,,,,,,,,,,73.5,,,,7.939,,,,,,,4.584,,,,,,,,,,,,,,,,,,,,,,,,,,,,,,,,1.40500000,103.70135000,0.0,,,,,,,,,,,,,,,,,,,,,,,,,,,,Mini 4 Pro,SYNQMCJRHDMGMDXXB,CAMDQZY5LDGD87B2B,RCSHNLVVQDCBD2K6B,BATKQNFU2DNDFQJLB,,,,,,,,Mini 4 Pro,SYNQMCJRHDMGMDXXB,,,,DJI Fly,,1.13.5,496236F2-5496-5F5C-B855-91D5ED28D5EE,,,,,,,,,,
1773846247,7m 7.0s,427.0,1.40500000,103.70135000,196.9,196.9,30.0,376.9,9386.4,0.000,17.895,0.000,,0.000,,-0.000,,0.00,0.00,319.4,319.4,,SMART_RTH,,,18,4,TRUE,,Mini 4 Pro,,,,,,FALSE,TRUE,,,,,,,,,,,,,,,,,,,,,,,,,,,,,,,,,,,,,,,,,,,,,,,,73.4,,,,7.938,,,,,,,4.584,,,,,,,,,,,,,,,,,,,,,,,,,,,,,,,,1.40500000,103.70135000,0.0,,,,,,,,,,,,,,,,,,,,,,,,,,,,Mini 4 Pro,SYNQMCJRHDMGMDXXB,CAMDQZY5LDGD87B2B,RCSHNLVVQDCBD2K6B,BATKQNFU2DNDFQJLB,,,,,,,,Mini 4 Pro,SYNQMCJRHDMGMDXXB,,,,DJI Fly,,1.13.5,496236F2-5496-5F5C-B855-91D5ED28D5EE,,,,,,,,,,
1773846248,7m 8.0s,428.0,1.40500000,103.70135000,196.9,196.9,30.0,376.9,9386.4,0.000,17.895,0.000,,0.000,,-0.000,,0.00,0.00,319.4,319.4,,SMART_RTH,,,18,4,TRUE,,Mini 4 Pro,,,,,,FALSE,TRUE,,,,,,,,,,,,,,,,,,,,,,,,,,,,,,,,,,,,,,,,,,,,,,,,73.4,,,,7.938,,,,,,,4.584,,,,,,,,,,,,,,,,,,,,,,,,,,,,,,,,1.40500000,103.70135000,0.0,,,,,,,,,,,,,,,,,,,,,,,,,,,,Mini 4 Pro,SYNQMCJRHDMGMDXXB,CAMDQZY5LDGD87B2B,RCSHNLVVQDCBD2K6B,BATKQNFU2DNDFQJLB,,,,,,,,Mini 4 Pro,SYNQMCJRHDMGMDXXB,,,,DJI Fly,,1.13.5,496236F2-5496-5F5C-B855-91D5ED28D5EE,,,,,,,,,,
1773846249,7m 9.0s,429.0,1.40500000,103.70135000,196.9,196.9,30.0,376.9,9386.4,0.000,17.895,0.000,,0.000,,-0.000,,0.00,0.00,319.4,319.4,,SMART_RTH,,,18,4,TRUE,,Mini 4 Pro,,,,,,FALSE,TRUE,,,,,,,,,,,,,,,,,,,,,,,,,,,,,,,,,,,,,,,,,,,,,,,,73.4,,,,7.937,,,,,,,4.584,,,,,,,,,,,,,,,,,,,,,,,,,,,,,,,,1.40500000,103.70135000,0.0,,,,,,,,,,,,,,,,,,,,,,,,,,,,Mini 4 Pro,SYNQMCJRHDMGMDXXB,CAMDQZY5LDGD87B2B,RCSHNLVVQDCBD2K6B,BATKQNFU2DNDFQJLB,,,,,,,,Mini 4 Pro,SYNQMCJRHDMGMDXXB,,,,DJI Fly,,1.13.5,496236F2-5496-5F5C-B855-91D5ED28D5EE,,,,,,,,,,
1773846250,7m 10.0s,430.0,1.40500000,103.70135000,196.9,196.9,30.0,376.9,9386.4,0.000,17.895,0.000,,0.000,,-0.000,,0.00,0.00,319.4,319.4,,SMART_RTH,,,18,4,TRUE,,Mini 4 Pro,,,,,,FALSE,TRUE,,,,,,,,,,,,,,,,,,,,,,,,,,,,,,,,,,,,,,,,,,,,,,,,73.4,,,,7.937,,,,,,,4.584,,,,,,,,,,,,,,,,,,,,,,,,,,,,,,,,1.40500000,103.70135000,0.0,,,,,,,,,,,,,,,,,,,,,,,,,,,,Mini 4 Pro,SYNQMCJRHDMGMDXXB,CAMDQZY5LDGD87B2B,RCSHNLVVQDCBD2K6B,BATKQNFU2DNDFQJLB,,,,,,,,Mini 4 Pro,SYNQMCJRHDMGMDXXB,,,,DJI Fly,,1.13.5,496236F2-5496-5F5C-B855-91D5ED28D5EE,,,,,,,,,,
1773846251,7m 11.0s,431.0,1.40500000,103.70135000,196.9,196.9,30.0,376.9,9386.4,0.000,17.895,0.000,,0.000,,-0.000,,0.00,0.00,319.4,319.4,,SMART_RTH,,,18,4,TRUE,,Mini 4 Pro,,,,,,FALSE,TRUE,,,,,,,,,,,,,,,,,,,,,,,,,,,,,,,,,,,,,,,,,,,,,,,,73.3,,,,7.937,,,,,,,4.584,,,,,,,,,,,,,,,,,,,,,,,,,,,,,,,,1.40500000,103.70135000,0.0,,,,,,,,,,,,,,,,,,,,,,,,,,,,Mini 4 Pro,SYNQMCJRHDMGMDXXB,CAMDQZY5LDGD87B2B,RCSHNLVVQDCBD2K6B,BATKQNFU2DNDFQJLB,,,,,,,,Mini 4 Pro,SYNQMCJRHDMGMDXXB,,,,DJI Fly,,1.13.5,496236F2-5496-5F5C-B855-91D5ED28D5EE,,,,,,,,,,
1773846252,7m 12.0s,432.0,1.40500000,103.70135000,196.9,196.9,30.0,376.9,9386.4,0.000,17.895,0.000,,0.000,,-0.000,,0.00,0.00,319.4,319.4,,SMART_RTH,,,18,4,TRUE,,Mini 4 Pro,,,,,,FALSE,TRUE,,,,,,,,,,,,,,,,,,,,,,,,,,,,,,,,,,,,,,,,,,,,,,,,73.3,,,,7.936,,,,,,,4.584,,,,,,,,,,,,,,,,,,,,,,,,,,,,,,,,1.40500000,103.70135000,0.0,,,,,,,,,,,,,,,,,,,,,,,,,,,,Mini 4 Pro,SYNQMCJRHDMGMDXXB,CAMDQZY5LDGD87B2B,RCSHNLVVQDCBD2K6B,BATKQNFU2DNDFQJLB,,,,,,,,Mini 4 Pro,SYNQMCJRHDMGMDXXB,,,,DJI Fly,,1.13.5,496236F2-5496-5F5C-B855-91D5ED28D5EE,,,,,,,,,,
1773846253,7m 13.0s,433.0,1.40500000,103.70135000,196.9,196.9,30.0,376.9,9386.4,0.000,17.895,0.000,,0.000,,-0.000,,0.00,0.00,319.4,319.4,,SMART_RTH,,,18,4,TRUE,,Mini 4 Pro,,,,,,FALSE,TRUE,,,,,,,,,,,,,,,,,,,,,,,,,,,,,,,,,,,,,,,,,,,,,,,,73.3,,,,7.936,,,,,,,4.584,,,,,,,,,,,,,,,,,,,,,,,,,,,,,,,,1.40500000,103.70135000,0.0,,,,,,,,,,,,,,,,,,,,,,,,,,,,Mini 4 Pro,SYNQMCJRHDMGMDXXB,CAMDQZY5LDGD87B2B,RCSHNLVVQDCBD2K6B,BATKQNFU2DNDFQJLB,,,,,,,,Mini 4 Pro,SYNQMCJRHDMGMDXXB,,,,DJI Fly,,1.13.5,496236F2-5496-5F5C-B855-91D5ED28D5EE,,,,,,,,,,
1773846254,7m 14.0s,434.0,1.40500000,103.70135000,196.9,196.9,30.0,376.9,9386.4,0.000,17.895,0.000,,0.000,,-0.000,,0.00,0.00,319.4,319.4,,SMART_RTH,,,18,4,TRUE,,Mini 4 Pro,,,,,,FALSE,TRUE,,,,,,,,,,,,,,,,,,,,,,,,,,,,,,,,,,,,,,,,,,,,,,,,73.2,,,,7.935,,,,,,,4.584,,,,,,,,,,,,,,,,,,,,,,,,,,,,,,,,1.40500000,103.70135000,0.0,,,,,,,,,,,,,,,,,,,,,,,,,,,,Mini 4 Pro,SYNQMCJRHDMGMDXXB,CAMDQZY5LDGD87B2B,RCSHNLVVQDCBD2K6B,BATKQNFU2DNDFQJLB,,,,,,,,Mini 4 Pro,SYNQMCJRHDMGMDXXB,,,,DJI Fly,,1.13.5,496236F2-5496-5F5C-B855-91D5ED28D5EE,,,,,,,,,,
1773846255,7m 15.0s,435.0,1.40500000,103.70135000,196.9,196.9,30.0,376.9,9386.4,0.000,17.895,0.000,,0.000,,-0.000,,0.00,0.00,319.4,319.4,,SMART_RTH,,,18,4,TRUE,,Mini 4 Pro,,,,,,FALSE,TRUE,,,,,,,,,,,,,,,,,,,,,,,,,,,,,,,,,,,,,,,,,,,,,,,,73.2,,,,7.935,,,,,,,4.584,,,,,,,,,,,,,,,,,,,,,,,,,,,,,,,,1.40500000,103.70135000,0.0,,,,,,,,,,,,,,,,,,,,,,,,,,,,Mini 4 Pro,SYNQMCJRHDMGMDXXB,CAMDQZY5LDGD87B2B,RCSHNLVVQDCBD2K6B,BATKQNFU2DNDFQJLB,,,,,,,,Mini 4 Pro,SYNQMCJRHDMGMDXXB,,,,DJI Fly,,1.13.5,496236F2-5496-5F5C-B855-91D5ED28D5EE,,,,,,,,,,
1773846256,7m 16.0s,436.0,1.40500000,103.70135000,191.6,196.9,30.0,371.6,9386.4,0.000,17.895,0.000,,0.000,,3.579,,-6.40,0.00,319.4,319.4,,LANDING,,,18,4,TRUE,,Mini 4 Pro,,,,,,FALSE,TRUE,,,,,,,,,,,,,,,,,,,,,,,,,,,,,,,,,,,,,,,,,,,,,,,,73.2,,,,7.934,,,,,,,4.584,,,,,,,,,,,,,,,,,,,,,,,,,,,,,,,,1.40500000,103.70135000,0.0,,,,,,,,,,,,,,,,,,,,,,,,,,,,Mini 4 Pro,SYNQMCJRHDMGMDXXB,CAMDQZY5LDGD87B2B,RCSHNLVVQDCBD2K6B,BATKQNFU2DNDFQJLB,,,,,,,,Mini 4 Pro,SYNQMCJRHDMGMDXXB,,,,DJI Fly,,1.13.5,496236F2-5496-5F5C-B855-91D5ED28D5EE,,,,,,,,,,
1773846257,7m 17.0s,437.0,1.40500000,103.70135000,186.4,196.9,30.0,366.4,9386.4,0.000,17.895,0.000,,0.000,,3.579,,-6.40,0.00,319.4,319.4,,LANDING,,,18,4,TRUE,,Mini 4 Pro,,,,,,FALSE,TRUE,,,,,,,,,,,,,,,,,,,,,,,,,,,,,,,,,,,,,,,,,,,,,,,,73.1,,,,7.934,,,,,,,4.584,,,,,,,,,,,,,,,,,,,,,,,,,,,,,,,,1.40500000,103.70135000,0.0,,,,,,,,,,,,,,,,,,,,,,,,,,,,Mini 4 Pro,SYNQMCJRHDMGMDXXB,CAMDQZY5LDGD87B2B,RCSHNLVVQDCBD2K6B,BATKQNFU2DNDFQJLB,,,,,,,,Mini 4 Pro,SYNQMCJRHDMGMDXXB,,,,DJI Fly,,1.13.5,496236F2-5496-5F5C-B855-91D5ED28D5EE,,,,,,,,,,
1773846258,7m 18.0s,438.0,1.40500000,103.70135000,181.1,196.9,30.0,361.1,9386.4,0.000,17.895,0.000,,0.000,,3.579,,-6.40,0.00,319.4,319.4,,LANDING,,,18,4,TRUE,,Mini 4 Pro,,,,,,FALSE,TRUE,,,,,,,,,,,,,,,,,,,,,,,,,,,,,,,,,,,,,,,,,,,,,,,,73.1,,,,7.933,,,,,,,4.584,,,,,,,,,,,,,,,,,,,,,,,,,,,,,,,,1.40500000,103.70135000,0.0,,,,,,,,,,,,,,,,,,,,,,,,,,,,Mini 4 Pro,SYNQMCJRHDMGMDXXB,CAMDQZY5LDGD87B2B,RCSHNLVVQDCBD2K6B,BATKQNFU2DNDFQJLB,,,,,,,,Mini 4 Pro,SYNQMCJRHDMGMDXXB,,,,DJI Fly,,1.13.5,496236F2-5496-5F5C-B855-91D5ED28D5EE,,,,,,,,,,
1773846259,7m 19.0s,439.0,1.40500000,103.70135000,175.9,196.9,30.0,355.9,9386.4,0.000,17.895,0.000,,0.000,,3.579,,-6.40,0.00,319.4,319.4,,LANDING,,,18,4,TRUE,,Mini 4 Pro,,,,,,FALSE,TRUE,,,,,,,,,,,,,,,,,,,,,,,,,,,,,,,,,,,,,,,,,,,,,,,,73.1,,,,7.933,,,,,,,4.584,,,,,,,,,,,,,,,,,,,,,,,,,,,,,,,,1.40500000,103.70135000,0.0,,,,,,,,,,,,,,,,,,,,,,,,,,,,Mini 4 Pro,SYNQMCJRHDMGMDXXB,CAMDQZY5LDGD87B2B,RCSHNLVVQDCBD2K6B,BATKQNFU2DNDFQJLB,,,,,,,,Mini 4 Pro,SYNQMCJRHDMGMDXXB,,,,DJI Fly,,1.13.5,496236F2-5496-5F5C-B855-91D5ED28D5EE,,,,,,,,,,
1773846260,7m 20.0s,440.0,1.40500000,103.70135000,170.6,196.9,30.0,350.6,9386.4,0.000,17.895,0.000,,0.000,,3.579,,-6.40,0.00,319.4,319.4,,LANDING,,,18,4,TRUE,,Mini 4 Pro,,,,,,FALSE,TRUE,,,,,,,,,,,,,,,,,,,,,,,,,,,,,,,,,,,,,,,,,,,,,,,,73.1,,,,7.932,,,,,,,4.584,,,,,,,,,,,,,,,,,,,,,,,,,,,,,,,,1.40500000,103.70135000,0.0,,,,,,,,,,,,,,,,,,,,,,,,,,,,Mini 4 Pro,SYNQMCJRHDMGMDXXB,CAMDQZY5LDGD87B2B,RCSHNLVVQDCBD2K6B,BATKQNFU2DNDFQJLB,,,,,,,,Mini 4 Pro,SYNQMCJRHDMGMDXXB,,,,DJI Fly,,1.13.5,496236F2-5496-5F5C-B855-91D5ED28D5EE,,,,,,,,,,
1773846261,7m 21.0s,441.0,1.40500000,103.70135000,165.4,196.9,30.0,345.4,9386.4,0.000,17.895,0.000,,0.000,,3.579,,-6.40,0.00,319.4,319.4,,LANDING,,,18,4,TRUE,,Mini 4 Pro,,,,,,FALSE,TRUE,,,,,,,,,,,,,,,,,,,,,,,,,,,,,,,,,,,,,,,,,,,,,,,,73.0,,,,7.932,,,,,,,4.584,,,,,,,,,,,,,,,,,,,,,,,,,,,,,,,,1.40500000,103.70135000,0.0,,,,,,,,,,,,,,,,,,,,,,,,,,,,Mini 4 Pro,SYNQMCJRHDMGMDXXB,CAMDQZY5LDGD87B2B,RCSHNLVVQDCBD2K6B,BATKQNFU2DNDFQJLB,,,,,,,,Mini 4 Pro,SYNQMCJRHDMGMDXXB,,,,DJI Fly,,1.13.5,496236F2-5496-5F5C-B855-91D5ED28D5EE,,,,,,,,,,
1773846262,7m 22.0s,442.0,1.40500000,103.70135000,160.1,196.9,30.0,340.1,9386.4,0.000,17.895,0.000,,0.000,,3.579,,-6.40,0.00,319.4,319.4,,LANDING,,,18,4,TRUE,,Mini 4 Pro,,,,,,FALSE,TRUE,,,,,,,,,,,,,,,,,,,,,,,,,,,,,,,,,,,,,,,,,,,,,,,,73.0,,,,7.931,,,,,,,4.584,,,,,,,,,,,,,,,,,,,,,,,,,,,,,,,,1.40500000,103.70135000,0.0,,,,,,,,,,,,,,,,,,,,,,,,,,,,Mini 4 Pro,SYNQMCJRHDMGMDXXB,CAMDQZY5LDGD87B2B,RCSHNLVVQDCBD2K6B,BATKQNFU2DNDFQJLB,,,,,,,,Mini 4 Pro,SYNQMCJRHDMGMDXXB,,,,DJI Fly,,1.13.5,496236F2-5496-5F5C-B855-91D5ED28D5EE,,,,,,,,,,
1773846263,7m 23.0s,443.0,1.40500000,103.70135000,154.9,196.9,30.0,334.9,9386.4,0.000,17.895,0.000,,0.000,,3.579,,-6.40,0.00,319.4,319.4,,LANDING,,,18,4,TRUE,,Mini 4 Pro,,,,,,FALSE,TRUE,,,,,,,,,,,,,,,,,,,,,,,,,,,,,,,,,,,,,,,,,,,,,,,,73.0,,,,7.931,,,,,,,4.584,,,,,,,,,,,,,,,,,,,,,,,,,,,,,,,,1.40500000,103.70135000,0.0,,,,,,,,,,,,,,,,,,,,,,,,,,,,Mini 4 Pro,SYNQMCJRHDMGMDXXB,CAMDQZY5LDGD87B2B,RCSHNLVVQDCBD2K6B,BATKQNFU2DNDFQJLB,,,,,,,,Mini 4 Pro,SYNQMCJRHDMGMDXXB,,,,DJI Fly,,1.13.5,496236F2-5496-5F5C-B855-91D5ED28D5EE,,,,,,,,,,
1773846264,7m 24.0s,444.0,1.40500000,103.70135000,149.6,196.9,30.0,329.6,9386.4,0.000,17.895,0.000,,0.000,,3.579,,-6.40,0.00,319.4,319.4,,LANDING,,,18,4,TRUE,,Mini 4 Pro,,,,,,FALSE,TRUE,,,,,,,,,,,,,,,,,,,,,,,,,,,,,,,,,,,,,,,,,,,,,,,,72.9,,,,7.931,,,,,,,4.584,,,,,,,,,,,,,,,,,,,,,,,,,,,,,,,,1.40500000,103.70135000,0.0,,,,,,,,,,,,,,,,,,,,,,,,,,,,Mini 4 Pro,SYNQMCJRHDMGMDXXB,CAMDQZY5LDGD87B2B,RCSHNLVVQDCBD2K6B,BATKQNFU2DNDFQJLB,,,,,,,,Mini 4 Pro,SYNQMCJRHDMGMDXXB,,,,DJI Fly,,1.13.5,496236F2-5496-5F5C-B855-91D5ED28D5EE,,,,,,,,,,
1773846265,7m 25.0s,445.0,1.40500000,103.70135000,144.4,196.9,30.0,324.4,9386.4,0.000,17.895,0.000,,0.000,,3.579,,-6.40,0.00,319.4,319.4,,LANDING,,,18,4,TRUE,,Mini 4 Pro,,,,,,FALSE,TRUE,,,,,,,,,,,,,,,,,,,,,,,,,,,,,,,,,,,,,,,,,,,,,,,,72.9,,,,7.930,,,,,,,4.584,,,,,,,,,,,,,,,,,,,,,,,,,,,,,,,,1.40500000,103.70135000,0.0,,,,,,,,,,,,,,,,,,,,,,,,,,,,Mini 4 Pro,SYNQMCJRHDMGMDXXB,CAMDQZY5LDGD87B2B,RCSHNLVVQDCBD2K6B,BATKQNFU2DNDFQJLB,,,,,,,,Mini 4 Pro,SYNQMCJRHDMGMDXXB,,,,DJI Fly,,1.13.5,496236F2-5496-5F5C-B855-91D5ED28D5EE,,,,,,,,,,
1773846266,7m 26.0s,446.0,1.40500000,103.70135000,139.1,196.9,30.0,319.1,9386.4,0.000,17.895,0.000,,0.000,,3.579,,-6.40,0.00,319.4,319.4,,LANDING,,,18,4,TRUE,,Mini 4 Pro,,,,,,FALSE,TRUE,,,,,,,,,,,,,,,,,,,,,,,,,,,,,,,,,,,,,,,,,,,,,,,,72.9,,,,7.930,,,,,,,4.584,,,,,,,,,,,,,,,,,,,,,,,,,,,,,,,,1.40500000,103.70135000,0.0,,,,,,,,,,,,,,,,,,,,,,,,,,,,Mini 4 Pro,SYNQMCJRHDMGMDXXB,CAMDQZY5LDGD87B2B,RCSHNLVVQDCBD2K6B,BATKQNFU2DNDFQJLB,,,,,,,,Mini 4 Pro,SYNQMCJRHDMGMDXXB,,,,DJI Fly,,1.13.5,496236F2-5496-5F5C-B855-91D5ED28D5EE,,,,,,,,,,
1773846267,7m 27.0s,447.0,1.40500000,103.70135000,133.9,196.9,30.0,313.9,9386.4,0.000,17.895,0.000,,0.000,,3.579,,-6.40,0.00,319.4,319.4,,LANDING,,,18,4,TRUE,,Mini 4 Pro,,,,,,FALSE,TRUE,,,,,,,,,,,,,,,,,,,,,,,,,,,,,,,,,,,,,,,,,,,,,,,,72.9,,,,7.929,,,,,,,4.584,,,,,,,,,,,,,,,,,,,,,,,,,,,,,,,,1.40500000,103.70135000,0.0,,,,,,,,,,,,,,,,,,,,,,,,,,,,Mini 4 Pro,SYNQMCJRHDMGMDXXB,CAMDQZY5LDGD87B2B,RCSHNLVVQDCBD2K6B,BATKQNFU2DNDFQJLB,,,,,,,,Mini 4 Pro,SYNQMCJRHDMGMDXXB,,,,DJI Fly,,1.13.5,496236F2-5496-5F5C-B855-91D5ED28D5EE,,,,,,,,,,
1773846268,7m 28.0s,448.0,1.40500000,103.70135000,128.6,196.9,30.0,308.6,9386.4,0.000,17.895,0.000,,0.000,,3.579,,-6.40,0.00,319.4,319.4,,LANDING,,,18,4,TRUE,,Mini 4 Pro,,,,,,FALSE,TRUE,,,,,,,,,,,,,,,,,,,,,,,,,,,,,,,,,,,,,,,,,,,,,,,,72.8,,,,7.929,,,,,,,4.584,,,,,,,,,,,,,,,,,,,,,,,,,,,,,,,,1.40500000,103.70135000,0.0,,,,,,,,,,,,,,,,,,,,,,,,,,,,Mini 4 Pro,SYNQMCJRHDMGMDXXB,CAMDQZY5LDGD87B2B,RCSHNLVVQDCBD2K6B,BATKQNFU2DNDFQJLB,,,,,,,,Mini 4 Pro,SYNQMCJRHDMGMDXXB,,,,DJI Fly,,1.13.5,496236F2-5496-5F5C-B855-91D5ED28D5EE,,,,,,,,,,
1773846269,7m 29.0s,449.0,1.40500000,103.70135000,123.4,196.9,30.0,303.4,9386.4,0.000,17.895,0.000,,0.000,,3.579,,-6.40,0.00,319.4,319.4,,LANDING,,,18,4,TRUE,,Mini 4 Pro,,,,,,FALSE,TRUE,,,,,,,,,,,,,,,,,,,,,,,,,,,,,,,,,,,,,,,,,,,,,,,,72.8,,,,7.928,,,,,,,4.584,,,,,,,,,,,,,,,,,,,,,,,,,,,,,,,,1.40500000,103.70135000,0.0,,,,,,,,,,,,,,,,,,,,,,,,,,,,Mini 4 Pro,SYNQMCJRHDMGMDXXB,CAMDQZY5LDGD87B2B,RCSHNLVVQDCBD2K6B,BATKQNFU2DNDFQJLB,,,,,,,,Mini 4 Pro,SYNQMCJRHDMGMDXXB,,,,DJI Fly,,1.13.5,496236F2-5496-5F5C-B855-91D5ED28D5EE,,,,,,,,,,
1773846270,7m 30.0s,450.0,1.40500000,103.70135000,118.1,196.9,30.0,298.1,9386.4,0.000,17.895,0.000,,0.000,,3.579,,-6.40,0.00,319.4,319.4,,LANDING,,,18,4,TRUE,,Mini 4 Pro,,,,,,FALSE,TRUE,,,,,,,,,,,,,,,,,,,,,,,,,,,,,,,,,,,,,,,,,,,,,,,,72.8,,,,7.928,,,,,,,4.584,,,,,,,,,,,,,,,,,,,,,,,,,,,,,,,,1.40500000,103.70135000,0.0,,,,,,,,,,,,,,,,,,,,,,,,,,,,Mini 4 Pro,SYNQMCJRHDMGMDXXB,CAMDQZY5LDGD87B2B,RCSHNLVVQDCBD2K6B,BATKQNFU2DNDFQJLB,,,,,,,,Mini 4 Pro,SYNQMCJRHDMGMDXXB,,,,DJI Fly,,1.13.5,496236F2-5496-5F5C-B855-91D5ED28D5EE,,,,,,,,,,
1773846271,7m 31.0s,451.0,1.40500000,103.70135000,112.9,196.9,30.0,292.9,9386.4,0.000,17.895,0.000,,0.000,,3.579,,-6.40,0.00,319.4,319.4,,LANDING,,,18,4,TRUE,,Mini 4 Pro,,,,,,FALSE,TRUE,,,,,,,,,,,,,,,,,,,,,,,,,,,,,,,,,,,,,,,,,,,,,,,,72.7,,,,7.927,,,,,,,4.584,,,,,,,,,,,,,,,,,,,,,,,,,,,,,,,,1.40500000,103.70135000,0.0,,,,,,,,,,,,,,,,,,,,,,,,,,,,Mini 4 Pro,SYNQMCJRHDMGMDXXB,CAMDQZY5LDGD87B2B,RCSHNLVVQDCBD2K6B,BATKQNFU2DNDFQJLB,,,,,,,,Mini 4 Pro,SYNQMCJRHDMGMDXXB,,,,DJI Fly,,1.13.5,496236F2-5496-5F5C-B855-91D5ED28D5EE,,,,,,,,,,
1773846272,7m 32.0s,452.0,1.40500000,103.70135000,107.6,196.9,30.0,287.6,9386.4,0.000,17.895,0.000,,0.000,,3.579,,-6.40,0.00,319.4,319.4,,LANDING,,,18,4,TRUE,,Mini 4 Pro,,,,,,FALSE,TRUE,,,,,,,,,,,,,,,,,,,,,,,,,,,,,,,,,,,,,,,,,,,,,,,,72.7,,,,7.927,,,,,,,4.584,,,,,,,,,,,,,,,,,,,,,,,,,,,,,,,,1.40500000,103.70135000,0.0,,,,,,,,,,,,,,,,,,,,,,,,,,,,Mini 4 Pro,SYNQMCJRHDMGMDXXB,CAMDQZY5LDGD87B2B,RCSHNLVVQDCBD2K6B,BATKQNFU2DNDFQJLB,,,,,,,,Mini 4 Pro,SYNQMCJRHDMGMDXXB,,,,DJI Fly,,1.13.5,496236F2-5496-5F5C-B855-91D5ED28D5EE,,,,,,,,,,
1773846273,7m 33.0s,453.0,1.40500000,103.70135000,102.4,196.9,30.0,282.4,9386.4,0.000,17.895,0.000,,0.000,,3.579,,-6.40,0.00,319.4,319.4,,LANDING,,,18,4,TRUE,,Mini 4 Pro,,,,,,FALSE,TRUE,,,,,,,,,,,,,,,,,,,,,,,,,,,,,,,,,,,,,,,,,,,,,,,,72.7,,,,7.926,,,,,,,4.584,,,,,,,,,,,,,,,,,,,,,,,,,,,,,,,,1.40500000,103.70135000,0.0,,,,,,,,,,,,,,,,,,,,,,,,,,,,Mini 4 Pro,SYNQMCJRHDMGMDXXB,CAMDQZY5LDGD87B2B,RCSHNLVVQDCBD2K6B,BATKQNFU2DNDFQJLB,,,,,,,,Mini 4 Pro,SYNQMCJRHDMGMDXXB,,,,DJI Fly,,1.13.5,496236F2-5496-5F5C-B855-91D5ED28D5EE,,,,,,,,,,
1773846274,7m 34.0s,454.0,1.40500000,103.70135000,97.1,196.9,30.0,277.1,9386.4,0.000,17.895,0.000,,0.000,,3.579,,-6.40,0.00,319.4,319.4,,LANDING,,,18,4,TRUE,,Mini 4 Pro,,,,,,FALSE,TRUE,,,,,,,,,,,,,,,,,,,,,,,,,,,,,,,,,,,,,,,,,,,,,,,,72.6,,,,7.926,,,,,,,4.584,,,,,,,,,,,,,,,,,,,,,,,,,,,,,,,,1.40500000,103.70135000,0.0,,,,,,,,,,,,,,,,,,,,,,,,,,,,Mini 4 Pro,SYNQMCJRHDMGMDXXB,CAMDQZY5LDGD87B2B,RCSHNLVVQDCBD2K6B,BATKQNFU2DNDFQJLB,,,,,,,,Mini 4 Pro,SYNQMCJRHDMGMDXXB,,,,DJI Fly,,1.13.5,496236F2-5496-5F5C-B855-91D5ED28D5EE,,,,,,,,,,
1773846275,7m 35.0s,455.0,1.40500000,103.70135000,91.9,196.9,30.0,271.9,9386.4,0.000,17.895,0.000,,0.000,,3.579,,-6.40,0.00,319.4,319.4,,LANDING,,,18,4,TRUE,,Mini 4 Pro,,,,,,FALSE,TRUE,,,,,,,,,,,,,,,,,,,,,,,,,,,,,,,,,,,,,,,,,,,,,,,,72.6,,,,7.926,,,,,,,4.584,,,,,,,,,,,,,,,,,,,,,,,,,,,,,,,,1.40500000,103.70135000,0.0,,,,,,,,,,,,,,,,,,,,,,,,,,,,Mini 4 Pro,SYNQMCJRHDMGMDXXB,CAMDQZY5LDGD87B2B,RCSHNLVVQDCBD2K6B,BATKQNFU2DNDFQJLB,,,,,,,,Mini 4 Pro,SYNQMCJRHDMGMDXXB,,,,DJI Fly,,1.13.5,496236F2-5496-5F5C-B855-91D5ED28D5EE,,,,,,,,,,
1773846276,7m 36.0s,456.0,1.40500000,103.70135000,86.6,196.9,30.0,266.6,9386.4,0.000,17.895,0.000,,0.000,,3.579,,-6.40,0.00,319.4,319.4,,LANDING,,,18,4,TRUE,,Mini 4 Pro,,,,,,FALSE,TRUE,,,,,,,,,,,,,,,,,,,,,,,,,,,,,,,,,,,,,,,,,,,,,,,,72.6,,,,7.925,,,,,,,4.584,,,,,,,,,,,,,,,,,,,,,,,,,,,,,,,,1.40500000,103.70135000,0.0,,,,,,,,,,,,,,,,,,,,,,,,,,,,Mini 4 Pro,SYNQMCJRHDMGMDXXB,CAMDQZY5LDGD87B2B,RCSHNLVVQDCBD2K6B,BATKQNFU2DNDFQJLB,,,,,,,,Mini 4 Pro,SYNQMCJRHDMGMDXXB,,,,DJI Fly,,1.13.5,496236F2-5496-5F5C-B855-91D5ED28D5EE,,,,,,,,,,
1773846277,7m 37.0s,457.0,1.40500000,103.70135000,81.4,196.9,30.0,261.4,9386.4,0.000,17.895,0.000,,0.000,,3.579,,-6.40,0.00,319.4,319.4,,LANDING,,,18,4,TRUE,,Mini 4 Pro,,,,,,FALSE,TRUE,,,,,,,,,,,,,,,,,,,,,,,,,,,,,,,,,,,,,,,,,,,,,,,,72.6,,,,7.925,,,,,,,4.584,,,,,,,,,,,,,,,,,,,,,,,,,,,,,,,,1.40500000,103.70135000,0.0,,,,,,,,,,,,,,,,,,,,,,,,,,,,Mini 4 Pro,SYNQMCJRHDMGMDXXB,CAMDQZY5LDGD87B2B,RCSHNLVVQDCBD2K6B,BATKQNFU2DNDFQJLB,,,,,,,,Mini 4 Pro,SYNQMCJRHDMGMDXXB,,,,DJI Fly,,1.13.5,496236F2-5496-5F5C-B855-91D5ED28D5EE,,,,,,,,,,
1773846278,7m 38.0s,458.0,1.40500000,103.70135000,76.1,196.9,30.0,256.1,9386.4,0.000,17.895,0.000,,0.000,,3.579,,-6.40,0.00,319.4,319.4,,LANDING,,,18,4,TRUE,,Mini 4 Pro,,,,,,FALSE,TRUE,,,,,,,,,,,,,,,,,,,,,,,,,,,,,,,,,,,,,,,,,,,,,,,,72.5,,,,7.924,,,,,,,4.584,,,,,,,,,,,,,,,,,,,,,,,,,,,,,,,,1.40500000,103.70135000,0.0,,,,,,,,,,,,,,,,,,,,,,,,,,,,Mini 4 Pro,SYNQMCJRHDMGMDXXB,CAMDQZY5LDGD87B2B,RCSHNLVVQDCBD2K6B,BATKQNFU2DNDFQJLB,,,,,,,,Mini 4 Pro,SYNQMCJRHDMGMDXXB,,,,DJI Fly,,1.13.5,496236F2-5496-5F5C-B855-91D5ED28D5EE,,,,,,,,,,
1773846279,7m 39.0s,459.0,1.40500000,103.70135000,70.9,196.9,30.0,250.9,9386.4,0.000,17.895,0.000,,0.000,,3.579,,-6.40,0.00,319.4,319.4,,LANDING,,,18,4,TRUE,,Mini 4 Pro,,,,,,FALSE,TRUE,,,,,,,,,,,,,,,,,,,,,,,,,,,,,,,,,,,,,,,,,,,,,,,,72.5,,,,7.924,,,,,,,4.584,,,,,,,,,,,,,,,,,,,,,,,,,,,,,,,,1.40500000,103.70135000,0.0,,,,,,,,,,,,,,,,,,,,,,,,,,,,Mini 4 Pro,SYNQMCJRHDMGMDXXB,CAMDQZY5LDGD87B2B,RCSHNLVVQDCBD2K6B,BATKQNFU2DNDFQJLB,,,,,,,,Mini 4 Pro,SYNQMCJRHDMGMDXXB,,,,DJI Fly,,1.13.5,496236F2-5496-5F5C-B855-91D5ED28D5EE,,,,,,,,,,
1773846280,7m 40.0s,460.0,1.40500000,103.70135000,65.6,196.9,30.0,245.6,9386.4,0.000,17.895,0.000,,0.000,,3.579,,-6.40,0.00,319.4,319.4,,LANDING,,,18,4,TRUE,,Mini 4 Pro,,,,,,FALSE,TRUE,,,,,,,,,,,,,,,,,,,,,,,,,,,,,,,,,,,,,,,,,,,,,,,,72.5,,,,7.923,,,,,,,4.584,,,,,,,,,,,,,,,,,,,,,,,,,,,,,,,,1.40500000,103.70135000,0.0,,,,,,,,,,,,,,,,,,,,,,,,,,,,Mini 4 Pro,SYNQMCJRHDMGMDXXB,CAMDQZY5LDGD87B2B,RCSHNLVVQDCBD2K6B,BATKQNFU2DNDFQJLB,,,,,,,,Mini 4 Pro,SYNQMCJRHDMGMDXXB,,,,DJI Fly,,1.13.5,496236F2-5496-5F5C-B855-91D5ED28D5EE,,,,,,,,,,
1773846281,7m 41.0s,461.0,1.40500000,103.70135000,60.4,196.9,30.0,240.4,9386.4,0.000,17.895,0.000,,0.000,,3.579,,-6.40,0.00,319.4,319.4,,LANDING,,,18,4,TRUE,,Mini 4 Pro,,,,,,FALSE,TRUE,,,,,,,,,,,,,,,,,,,,,,,,,,,,,,,,,,,,,,,,,,,,,,,,72.4,,,,7.923,,,,,,,4.584,,,,,,,,,,,,,,,,,,,,,,,,,,,,,,,,1.40500000,103.70135000,0.0,,,,,,,,,,,,,,,,,,,,,,,,,,,,Mini 4 Pro,SYNQMCJRHDMGMDXXB,CAMDQZY5LDGD87B2B,RCSHNLVVQDCBD2K6B,BATKQNFU2DNDFQJLB,,,,,,,,Mini 4 Pro,SYNQMCJRHDMGMDXXB,,,,DJI Fly,,1.13.5,496236F2-5496-5F5C-B855-91D5ED28D5EE,,,,,,,,,,
1773846282,7m 42.0s,462.0,1.40500000,103.70135000,55.1,196.9,30.0,235.1,9386.4,0.000,17.895,0.000,,0.000,,3.579,,-6.40,0.00,319.4,319.4,,LANDING,,,18,4,TRUE,,Mini 4 Pro,,,,,,FALSE,TRUE,,,,,,,,,,,,,,,,,,,,,,,,,,,,,,,,,,,,,,,,,,,,,,,,72.4,,,,7.922,,,,,,,4.584,,,,,,,,,,,,,,,,,,,,,,,,,,,,,,,,1.40500000,103.70135000,0.0,,,,,,,,,,,,,,,,,,,,,,,,,,,,Mini 4 Pro,SYNQMCJRHDMGMDXXB,CAMDQZY5LDGD87B2B,RCSHNLVVQDCBD2K6B,BATKQNFU2DNDFQJLB,,,,,,,,Mini 4 Pro,SYNQMCJRHDMGMDXXB,,,,DJI Fly,,1.13.5,496236F2-5496-5F5C-B855-91D5ED28D5EE,,,,,,,,,,
1773846283,7m 43.0s,463.0,1.40500000,103.70135000,49.9,196.9,30.0,229.9,9386.4,0.000,17.895,0.000,,0.000,,3.579,,-6.40,0.00,319.4,319.4,,LANDING,,,18,4,TRUE,,Mini 4 Pro,,,,,,FALSE,TRUE,,,,,,,,,,,,,,,,,,,,,,,,,,,,,,,,,,,,,,,,,,,,,,,,72.4,,,,7.922,,,,,,,4.584,,,,,,,,,,,,,,,,,,,,,,,,,,,,,,,,1.40500000,103.70135000,0.0,,,,,,,,,,,,,,,,,,,,,,,,,,,,Mini 4 Pro,SYNQMCJRHDMGMDXXB,CAMDQZY5LDGD87B2B,RCSHNLVVQDCBD2K6B,BATKQNFU2DNDFQJLB,,,,,,,,Mini 4 Pro,SYNQMCJRHDMGMDXXB,,,,DJI Fly,,1.13.5,496236F2-5496-5F5C-B855-91D5ED28D5EE,,,,,,,,,,
1773846284,7m 44.0s,464.0,1.40500000,103.70135000,44.6,196.9,30.0,224.6,9386.4,0.000,17.895,0.000,,0.000,,3.579,,-6.40,0.00,319.4,319.4,,LANDING,,,18,4,TRUE,,Mini 4 Pro,,,,,,FALSE,TRUE,,,,,,,,,,,,,,,,,,,,,,,,,,,,,,,,,,,,,,,,,,,,,,,,72.4,,,,7.921,,,,,,,4.584,,,,,,,,,,,,,,,,,,,,,,,,,,,,,,,,1.40500000,103.70135000,0.0,,,,,,,,,,,,,,,,,,,,,,,,,,,,Mini 4 Pro,SYNQMCJRHDMGMDXXB,CAMDQZY5LDGD87B2B,RCSHNLVVQDCBD2K6B,BATKQNFU2DNDFQJLB,,,,,,,,Mini 4 Pro,SYNQMCJRHDMGMDXXB,,,,DJI Fly,,1.13.5,496236F2-5496-5F5C-B855-91D5ED28D5EE,,,,,,,,,,
1773846285,7m 45.0s,465.0,1.40500000,103.70135000,39.4,196.9,30.0,219.4,9386.4,0.000,17.895,0.000,,0.000,,3.579,,-6.40,0.00,319.4,319.4,,LANDING,,,18,4,TRUE,,Mini 4 Pro,,,,,,FALSE,TRUE,,,,,,,,,,,,,,,,,,,,,,,,,,,,,,,,,,,,,,,,,,,,,,,,72.3,,,,7.921,,,,,,,4.584,,,,,,,,,,,,,,,,,,,,,,,,,,,,,,,,1.40500000,103.70135000,0.0,,,,,,,,,,,,,,,,,,,,,,,,,,,,Mini 4 Pro,SYNQMCJRHDMGMDXXB,CAMDQZY5LDGD87B2B,RCSHNLVVQDCBD2K6B,BATKQNFU2DNDFQJLB,,,,,,,,Mini 4 Pro,SYNQMCJRHDMGMDXXB,,,,DJI Fly,,1.13.5,496236F2-5496-5F5C-B855-91D5ED28D5EE,,,,,,,,,,
1773846286,7m 46.0s,466.0,1.40500000,103.70135000,34.1,196.9,30.0,214.1,9386.4,0.000,17.895,0.000,,0.000,,3.579,,-6.40,0.00,319.4,319.4,,LANDING,,,18,4,TRUE,,Mini 4 Pro,,,,,,FALSE,TRUE,,,,,,,,,,,,,,,,,,,,,,,,,,,,,,,,,,,,,,,,,,,,,,,,72.3,,,,7.921,,,,,,,4.584,,,,,,,,,,,,,,,,,,,,,,,,,,,,,,,,1.40500000,103.70135000,0.0,,,,,,,,,,,,,,,,,,,,,,,,,,,,Mini 4 Pro,SYNQMCJRHDMGMDXXB,CAMDQZY5LDGD87B2B,RCSHNLVVQDCBD2K6B,BATKQNFU2DNDFQJLB,,,,,,,,Mini 4 Pro,SYNQMCJRHDMGMDXXB,,,,DJI Fly,,1.13.5,496236F2-5496-5F5C-B855-91D5ED28D5EE,,,,,,,,,,
1773846287,7m 47.0s,467.0,1.40500000,103.70135000,28.9,196.9,28.9,208.9,9386.4,0.000,17.895,0.000,,0.000,,3.579,,-6.40,0.00,319.4,319.4,,LANDING,,,18,4,TRUE,,Mini 4 Pro,,,,,,FALSE,TRUE,,,,,,,,,,,,,,,,,,,,,,,,,,,,,,,,,,,,,,,,,,,,,,,,72.3,,,,7.920,,,,,,,4.584,,,,,,,,,,,,,,,,,,,,,,,,,,,,,,,,1.40500000,103.70135000,0.0,,,,,,,,,,,,,,,,,,,,,,,,,,,,Mini 4 Pro,SYNQMCJRHDMGMDXXB,CAMDQZY5LDGD87B2B,RCSHNLVVQDCBD2K6B,BATKQNFU2DNDFQJLB,,,,,,,,Mini 4 Pro,SYNQMCJRHDMGMDXXB,,,,DJI Fly,,1.13.5,496236F2-5496-5F5C-B855-91D5ED28D5EE,,,,,,,,,,
1773846288,7m 48.0s,468.0,1.40500000,103.70135000,23.6,196.9,23.6,203.6,9386.4,0.000,17.895,0.000,,0.000,,3.579,,-6.40,0.00,319.4,319.4,,LANDING,,,18,4,TRUE,,Mini 4 Pro,,,,,,FALSE,TRUE,,,,,,,,,,,,,,,,,,,,,,,,,,,,,,,,,,,,,,,,,,,,,,,,72.2,,,,7.920,,,,,,,4.584,,,,,,,,,,,,,,,,,,,,,,,,,,,,,,,,1.40500000,103.70135000,0.0,,,,,,,,,,,,,,,,,,,,,,,,,,,,Mini 4 Pro,SYNQMCJRHDMGMDXXB,CAMDQZY5LDGD87B2B,RCSHNLVVQDCBD2K6B,BATKQNFU2DNDFQJLB,,,,,,,,Mini 4 Pro,SYNQMCJRHDMGMDXXB,,,,DJI Fly,,1.13.5,496236F2-5496-5F5C-B855-91D5ED28D5EE,,,,,,,,,,
1773846289,7m 49.0s,469.0,1.40500000,103.70135000,18.4,196.9,18.4,198.4,9386.4,0.000,17.895,0.000,,0.000,,3.579,,-6.40,0.00,319.4,319.4,,LANDING,,,18,4,TRUE,,Mini 4 Pro,,,,,,FALSE,TRUE,,,,,,,,,,,,,,,,,,,,,,,,,,,,,,,,,,,,,,,,,,,,,,,,72.2,,,,7.919,,,,,,,4.584,,,,,,,,,,,,,,,,,,,,,,,,,,,,,,,,1.40500000,103.70135000,0.0,,,,,,,,,,,,,,,,,,,,,,,,,,,,Mini 4 Pro,SYNQMCJRHDMGMDXXB,CAMDQZY5LDGD87B2B,RCSHNLVVQDCBD2K6B,BATKQNFU2DNDFQJLB,,,,,,,,Mini 4 Pro,SYNQMCJRHDMGMDXXB,,,,DJI Fly,,1.13.5,496236F2-5496-5F5C-B855-91D5ED28D5EE,,,,,,,,,,
1773846290,7m 50.0s,470.0,1.40500000,103.70135000,13.1,196.9,13.1,193.1,9386.4,0.000,17.895,0.000,,0.000,,3.579,,-6.40,0.00,319.4,319.4,,LANDING,,,18,4,TRUE,,Mini 4 Pro,,,,,,FALSE,TRUE,,,,,,,,,,,,,,,,,,,,,,,,,,,,,,,,,,,,,,,,,,,,,,,,72.2,,,,7.919,,,,,,,4.584,,,,,,,,,,,,,,,,,,,,,,,,,,,,,,,,1.40500000,103.70135000,0.0,,,,,,,,,,,,,,,,,,,,,,,,,,,,Mini 4 Pro,SYNQMCJRHDMGMDXXB,CAMDQZY5LDGD87B2B,RCSHNLVVQDCBD2K6B,BATKQNFU2DNDFQJLB,,,,,,,,Mini 4 Pro,SYNQMCJRHDMGMDXXB,,,,DJI Fly,,1.13.5,496236F2-5496-5F5C-B855-91D5ED28D5EE,,,,,,,,,,
1773846291,7m 51.0s,471.0,1.40500000,103.70135000,7.9,196.9,7.9,187.9,9386.4,0.000,17.895,0.000,,0.000,,3.579,,-6.40,0.00,319.4,319.4,,LANDING,,,18,4,TRUE,,Mini 4 Pro,,,,,,FALSE,TRUE,,,,,,,,,,,,,,,,,,,,,,,,,,,,,,,,,,,,,,,,,,,,,,,,72.1,,,,7.918,,,,,,,4.584,,,,,,,,,,,,,,,,,,,,,,,,,,,,,,,,1.40500000,103.70135000,0.0,,,,,,,,,,,,,,,,,,,,,,,,,,,,Mini 4 Pro,SYNQMCJRHDMGMDXXB,CAMDQZY5LDGD87B2B,RCSHNLVVQDCBD2K6B,BATKQNFU2DNDFQJLB,,,,,,,,Mini 4 Pro,SYNQMCJRHDMGMDXXB,,,,DJI Fly,,1.13.5,496236F2-5496-5F5C-B855-91D5ED28D5EE,,,,,,,,,,
1773846292,7m 52.0s,472.0,1.40500000,103.70135000,2.6,196.9,2.6,182.6,9386.4,0.000,17.895,0.000,,0.000,,3.579,,-6.40,0.00,319.4,319.4,,LANDING,,,18,4,TRUE,,Mini 4 Pro,,,,,,FALSE,TRUE,,,,,,,,,,,,,,,,,,,,,,,,,,,,,,,,,,,,,,,,,,,,,,,,72.1,,,,7.918,,,,,,,4.584,,,,,,,,,,,,,,,,,,,,,,,,,,,,,,,,1.40500000,103.70135000,0.0,,,,,,,,,,,,,,,,,,,,,,,,,,,,Mini 4 Pro,SYNQMCJRHDMGMDXXB,CAMDQZY5LDGD87B2B,RCSHNLVVQDCBD2K6B,BATKQNFU2DNDFQJLB,,,,,,,,Mini 4 Pro,SYNQMCJRHDMGMDXXB,,,,DJI Fly,,1.13.5,496236F2-5496-5F5C-B855-91D5ED28D5EE,,,,,,,,,,
1773846293,7m 53.0s,473.0,1.40500000,103.70135000,0.0,196.9,0.0,180.0,9386.4,0.000,17.895,0.000,,0.000,,-0.000,,0.20,0.10,319.4,319.4,,LAND,,,18,4,TRUE,,Mini 4 Pro,,,,,,TRUE,TRUE,,,,,,,,,,,,,,,,,,,,,,,,,,,,,,,,,,,,,,,,,,,,,,,,72.1,,,,7.917,,,,,,,4.584,,,,,,,,,,,,,,,,,,,,,,,,,,,,,,,,1.40500000,103.70135000,0.0,,,,,,,,,,,,,,,,,,,,,,,,,,,,Mini 4 Pro,SYNQMCJRHDMGMDXXB,CAMDQZY5LDGD87B2B,RCSHNLVVQDCBD2K6B,BATKQNFU2DNDFQJLB,,,,,,,,Mini 4 Pro,SYNQMCJRHDMGMDXXB,,,,DJI Fly,,1.13.5,496236F2-5496-5F5C-B855-91D5ED28D5EE,,,,,,,,,,
1773846294,7m 54.0s,474.0,1.40500000,103.70135000,0.0,196.9,0.0,180.0,9386.4,0.000,17.895,0.000,,0.000,,-0.000,,0.20,0.10,319.4,319.4,,LAND,,,18,4,TRUE,,Mini 4 Pro,,,,,,TRUE,TRUE,,,,,,,,,,,,,,,,,,,,,,,,,,,,,,,,,,,,,,,,,,,,,,,,72.1,,,,7.917,,,,,,,4.584,,,,,,,,,,,,,,,,,,,,,,,,,,,,,,,,1.40500000,103.70135000,0.0,,,,,,,,,,,,,,,,,,,,,,,,,,,,Mini 4 Pro,SYNQMCJRHDMGMDXXB,CAMDQZY5LDGD87B2B,RCSHNLVVQDCBD2K6B,BATKQNFU2DNDFQJLB,,,,,,,,Mini 4 Pro,SYNQMCJRHDMGMDXXB,,,,DJI Fly,,1.13.5,496236F2-5496-5F5C-B855-91D5ED28D5EE,,,,,,,,,,
1773846295,7m 55.0s,475.0,1.40500000,103.70135000,0.0,196.9,0.0,180.0,9386.4,0.000,17.895,0.000,,0.000,,-0.000,,0.20,0.10,319.4,319.4,,LAND,,,18,4,TRUE,,Mini 4 Pro,,,,,,TRUE,TRUE,,,,,,,,,,,,,,,,,,,,,,,,,,,,,,,,,,,,,,,,,,,,,,,,72.0,,,,7.916,,,,,,,4.584,,,,,,,,,,,,,,,,,,,,,,,,,,,,,,,,1.40500000,103.70135000,0.0,,,,,,,,,,,,,,,,,,,,,,,,,,,,Mini 4 Pro,SYNQMCJRHDMGMDXXB,CAMDQZY5LDGD87B2B,RCSHNLVVQDCBD2K6B,BATKQNFU2DNDFQJLB,,,,,,,,Mini 4 Pro,SYNQMCJRHDMGMDXXB,,,,DJI Fly,,1.13.5,496236F2-5496-5F5C-B855-91D5ED28D5EE,,,,,,,,,,
