timestamps,OSD.flyTime,OSD.flyTime [s],OSD.latitude,OSD.longitude,OSD.height [ft],OSD.heightMax [ft],OSD.vpsHeight [ft],OSD.altitude [ft],OSD.mileage [ft],OSD.hSpeed [MPH],OSD.hSpeedMax [MPH],OSD.xSpeed [MPH],OSD.xSpeedMax [MPH],OSD.ySpeed [MPH],OSD.ySpeedMax [MPH],OSD.zSpeed [MPH],OSD.zSpeedMax [MPH],OSD.pitch,OSD.roll,OSD.yaw,OSD.yaw [360],OSD.directionOfTravel,OSD.flycState,OSD.flycCommand,OSD.flightAction,OSD.gpsNum,OSD.gpsLevel,OSD.isGPSUsed,OSD.nonGPSCause,OSD.droneType,OSD.isSwaveWork,OSD.waveError,OSD.goHomeStatus,OSD.batteryType,OSD.ctrlDevice,OSD.isOnGround,OSD.isMotorOn,OSD.isMotorBlocked,OSD.motorStartFailedCause,OSD.motorFailReason,OSD.isImuPreheated,OSD.imuInitFailReason,OSD.isAcceletorOverRange,OSD.isBarometerDeadInAir,OSD.isCompassError,OSD.isGoHomeHeightModified,OSD.canIOCWork,OSD.isNotEnoughForce,OSD.isOutOfLimit,OSD.isPropellerCatapult,OSD.isVibrating,OSD.isVisionUsed,OSD.voltageWarning,GIMBAL.mode,GIMBAL.pitch,GIMBAL.roll,GIMBAL.yaw,GIMBAL.yaw [360],GIMBAL.isPitchAtLimit,GIMBAL.isRollAtLimit,GIMBAL.isYawAtLimit,GIMBAL.isStuck,CAMERA.isPhoto,CAMERA.isVideo,CAMERA.filename,CAMERA.sdCardIsInserted,CAMERA.sdCardState,RC.downlinkSignal,RC.uplinkSignal,RC.aileron,RC.elevator,RC.throttle,RC.rudder,RC.mode,RC.goHomeDepressed,RC.recordDepressed,RC.shutterDepressed,RC.playbackDepressed,RC.wheelDepressed,RC.wheelOffset,RC.custom1Depressed,RC.custom2Depressed,RC.custom3Depressed,RC.custom4Depressed,BATTERY.chargeLevel,BATTERY.currentPV [V],BATTERY.currentCapacity [mAh],BATTERY.fullCapacity [mAh],BATTERY.voltage [V],BATTERY.isCellVoltageEstimated,BATTERY.cellVoltage1 [V],BATTERY.cellVoltage2 [V],BATTERY.maxCellVoltageDeviation,BATTERY.isCellVoltageDeviationHigh,BATTERY.isVoltageLow,BATTERY.current [A],BATTERY.temperature [F],BATTERY.minTemperature [F],BATTERY.maxTemperature [F],BATTERY.usefulTime [s],BATTERY.goHomeTime [s],BATTERY.landTime [s],BATTERY.goHomeBattery,BATTERY.landBattery,BATTERY.safeFlyRadius,BATTERY.volumeConsume,BATTERY.status,BATTERY.goHomeStatus,BATTERY.goHomeCountdown,BATTERY.lowWarning,BATTERY.lowWarningGoHome,BATTERY.seriousLowWarning,BATTERY.seriousLowWarningLanding,BATTERY.timesCharged,MC.failSafeAction,MC.isObstacleAvoidanceEnabled,MC.isCollisionAvoidanceEnabled,MC.isRthObstacleAvoidanceEnabled,MC.isBraking,MC.isAvoidingObstacle,MC.isAvoidingActiveObstacle,MC.isAscentLimitedByObstacle,MC.isLandingConfirmationNeeded,MC.atLowAltitudeLimit,MC.atDistanceLimit,MC.atAirportAltitudeLimit,MC.atAirportBoundary,HOME.latitude,HOME.longitude,HOME.distance [ft],HOME.height [ft],HOME.heightLimit [ft],HOME.isHomeRecord,HOME.goHomeMode,HOME.aircraftHeadDirection,HOME.isDynamicHomePointEnabled,HOME.isReachedLimitDistance,HOME.isReachedLimitHeight,HOME.isCompassCalibrating,HOME.compassCalibrationState,HOME.isMultipleFlightModeEnabled,HOME.isBeginnerMode,HOME.isIOCEnabled,HOME.iocMode,HOME.goHomeHeight [ft],HOME.courseLockAngle,HOME.forceLandingHeight [ft],HOME.dataRecorderFileIndex,WEATHER.windDirection,WEATHER.windRelativeDirection,WEATHER.windSpeed [MPH],WEATHER.maxWindSpeed [MPH],WEATHER.windStrength,WEATHER.isFacingWind,WEATHER.isFlyingIntoWind,RECOVER.appType,RECOVER.appVersion,RECOVER.aircraftName,RECOVER.aircraftSerial,RECOVER.cameraSerial,RECOVER.rcSerial,RECOVER.batterySerial,DETAILS.totalTime [s],DETAILS.totalDistance [ft],DETAILS.maxHeight [ft],DETAILS.maxHorizontalSpeed [MPH],DETAILS.maxVerticalSpeed [MPH],DETAILS.photoNum,DETAILS.videoTime [s],DETAILS.aircraftName,DETAILS.aircraftSerial,DETAILS.cameraSerial,DETAILS.rcSerial,DETAILS.batterySerial,DETAILS.appName,DETAILS.appType,DETAILS.appVersion,DETAILS.guid,SERIAL.flightController,SERIAL.camera,SERIAL.gimbal,SERIAL.rc,SERIAL.battery,APPGPS.latitude,APPGPS.longitude,APPGPS.accuracy,APP.tip,APP.warning
1773848460,0m 0.0s,0.0,1.36280000,103.76720000,0.0,0.0,0.0,180.0,0.0,0.000,0.000,0.000,,0.000,,-0.000,,0.20,0.10,45.0,45.0,,Starting Motors,,,18,4,TRUE,,Mini 4 Pro,,,,,,TRUE,TRUE,,,,,,,,,,,,,,,,,,,,,,,,,,,,,,,,,,,,,,,,,,,,,,,,82.0,,,,8.071,,,,,,,1.100,,,,,,,,,,,,,,,,,,,,,,,,,,,,,,,,1.36280000,103.76720000,0.0,,,,,,,,,,,,,,,,,,,,,,,,,,,,Mini 4 Pro,SYNPBEP9TBJNPGFDD,CAMCE35MXBHKSSTHD,RCSGDXPKDBDQ6GVTD,BATJEQLCDCPKHB2TP,,,,,,,,Mini 4 Pro,SYNPBEP9TBJNPGFDD,,,,DJI Fly,,1.13.5,8F3B622D-68CA-56D9-A81E-F7EE06B8FE14,,,,,,,,,,
1773848461,0m 1.0s,1.0,1.36280000,103.76720000,0.0,0.0,0.0,180.0,0.0,0.000,0.000,0.000,,0.000,,-0.000,,0.20,0.10,45.0,45.0,,Starting Motors,,,18,4,TRUE,,Mini 4 Pro,,,,,,TRUE,TRUE,,,,,,,,,,,,,,,,,,,,,,,,,,,,,,,,,,,,,,,,,,,,,,,,82.0,,,,8.070,,,,,,,1.100,,,,,,,,,,,,,,,,,,,,,,,,,,,,,,,,1.36280000,103.76720000,0.0,,,,,,,,,,,,,,,,,,,,,,,,,,,,Mini 4 Pro,SYNPBEP9TBJNPGFDD,CAMCE35MXBHKSSTHD,RCSGDXPKDBDQ6GVTD,BATJEQLCDCPKHB2TP,,,,,,,,Mini 4 Pro,SYNPBEP9TBJNPGFDD,,,,DJI Fly,,1.13.5,8F3B622D-68CA-56D9-A81E-F7EE06B8FE14,,,,,,,,,,
1773848462,0m 2.0s,2.0,1.36280000,103.76720000,0.0,0.0,0.0,180.0,0.0,0.000,0.000,0.000,,0.000,,-0.000,,0.20,0.10,45.0,45.0,,Starting Motors,,,18,4,TRUE,,Mini 4 Pro,,,,,,TRUE,TRUE,,,,,,,,,,,,,,,,,,,,,,,,,,,,,,,,,,,,,,,,,,,,,,,,81.9,,,,8.069,,,,,,,1.100,,,,,,,,,,,,,,,,,,,,,,,,,,,,,,,,1.36280000,103.76720000,0.0,,,,,,,,,,,,,,,,,,,,,,,,,,,,Mini 4 Pro,SYNPBEP9TBJNPGFDD,CAMCE35MXBHKSSTHD,RCSGDXPKDBDQ6GVTD,BATJEQLCDCPKHB2TP,,,,,,,,Mini 4 Pro,SYNPBEP9TBJNPGFDD,,,,DJI Fly,,1.13.5,8F3B622D-68CA-56D9-A81E-F7EE06B8FE14,,,,,,,,,,
1773848463,0m 3.0s,3.0,1.36280000,103.76720000,0.0,0.0,0.0,180.0,0.0,0.000,0.000,0.000,,0.000,,-0.000,,0.20,0.10,45.0,45.0,,Starting Motors,,,18,4,TRUE,,Mini 4 Pro,,,,,,TRUE,TRUE,,,,,,,,,,,,,,,,,,,,,,,,,,,,,,,,,,,,,,,,,,,,,,,,81.9,,,,8.069,,,,,,,1.100,,,,,,,,,,,,,,,,,,,,,,,,,,,,,,,,1.36280000,103.76720000,0.0,,,,,,,,,,,,,,,,,,,,,,,,,,,,Mini 4 Pro,SYNPBEP9TBJNPGFDD,CAMCE35MXBHKSSTHD,RCSGDXPKDBDQ6GVTD,BATJEQLCDCPKHB2TP,,,,,,,,Mini 4 Pro,SYNPBEP9TBJNPGFDD,,,,DJI Fly,,1.13.5,8F3B622D-68CA-56D9-A81E-F7EE06B8FE14,,,,,,,,,,
1773848464,0m 4.0s,4.0,1.36280000,103.76720000,0.0,0.0,0.0,180.0,0.0,0.000,0.000,0.000,,0.000,,-0.000,,0.20,0.10,45.0,45.0,,Starting Motors,,,18,4,TRUE,,Mini 4 Pro,,,,,,TRUE,TRUE,,,,,,,,,,,,,,,,,,,,,,,,,,,,,,,,,,,,,,,,,,,,,,,,81.8,,,,8.068,,,,,,,1.100,,,,,,,,,,,,,,,,,,,,,,,,,,,,,,,,1.36280000,103.76720000,0.0,,,,,,,,,,,,,,,,,,,,,,,,,,,,Mini 4 Pro,SYNPBEP9TBJNPGFDD,CAMCE35MXBHKSSTHD,RCSGDXPKDBDQ6GVTD,BATJEQLCDCPKHB2TP,,,,,,,,Mini 4 Pro,SYNPBEP9TBJNPGFDD,,,,DJI Fly,,1.13.5,8F3B622D-68CA-56D9-A81E-F7EE06B8FE14,,,,,,,,,,
1773848465,0m 5.0s,5.0,1.36280000,103.76720000,0.0,0.0,0.0,180.0,0.0,0.000,0.000,0.000,,0.000,,-0.000,,0.20,0.10,45.0,45.0,,Starting Motors,,,18,4,TRUE,,Mini 4 Pro,,,,,,TRUE,TRUE,,,,,,,,,,,,,,,,,,,,,,,,,,,,,,,,,,,,,,,,,,,,,,,,81.8,,,,8.067,,,,,,,1.100,,,,,,,,,,,,,,,,,,,,,,,,,,,,,,,,1.36280000,103.76720000,0.0,,,,,,,,,,,,,,,,,,,,,,,,,,,,Mini 4 Pro,SYNPBEP9TBJNPGFDD,CAMCE35MXBHKSSTHD,RCSGDXPKDBDQ6GVTD,BATJEQLCDCPKHB2TP,,,,,,,,Mini 4 Pro,SYNPBEP9TBJNPGFDD,,,,DJI Fly,,1.13.5,8F3B622D-68CA-56D9-A81E-F7EE06B8FE14,,,,,,,,,,
1773848466,0m 6.0s,6.0,1.36280000,103.76720000,7.9,7.9,7.9,187.9,0.0,0.000,0.000,0.000,,0.000,,-5.369,,9.60,0.00,45.0,45.0,,Auto Takeoff,,,18,4,TRUE,,Mini 4 Pro,,,,,,FALSE,TRUE,,,,,,,,,,,,,,,,,,,,,,,,,,,,,,,,,,,,,,,,,,,,,,,,81.7,,,,8.066,,,,,,,12.248,,,,,,,,,,,,,,,,,,,,,,,,,,,,,,,,1.36280000,103.76720000,0.0,,,,,,,,,,,,,,,,,,,,,,,,,,,,Mini 4 Pro,SYNPBEP9TBJNPGFDD,CAMCE35MXBHKSSTHD,RCSGDXPKDBDQ6GVTD,BATJEQLCDCPKHB2TP,,,,,,,,Mini 4 Pro,SYNPBEP9TBJNPGFDD,,,,DJI Fly,,1.13.5,8F3B622D-68CA-56D9-A81E-F7EE06B8FE14,,,,,,,,,,
1773848467,0m 7.0s,7.0,1.36280000,103.76720000,15.7,15.7,15.7,195.7,0.0,0.000,0.000,0.000,,0.000,,-5.369,,9.60,0.00,45.0,45.0,,Auto Takeoff,,,18,4,TRUE,,Mini 4 Pro,,,,,,FALSE,TRUE,,,,,,,,,,,,,,,,,,,,,,,,,,,,,,,,,,,,,,,,,,,,,,,,81.7,,,,8.066,,,,,,,12.248,,,,,,,,,,,,,,,,,,,,,,,,,,,,,,,,1.36280000,103.76720000,0.0,,,,,,,,,,,,,,,,,,,,,,,,,,,,Mini 4 Pro,SYNPBEP9TBJNPGFDD,CAMCE35MXBHKSSTHD,RCSGDXPKDBDQ6GVTD,BATJEQLCDCPKHB2TP,,,,,,,,Mini 4 Pro,SYNPBEP9TBJNPGFDD,,,,DJI Fly,,1.13.5,8F3B622D-68CA-56D9-A81E-F7EE06B8FE14,,,,,,,,,,
1773848468,0m 8.0s,8.0,1.36280000,103.76720000,23.6,23.6,23.6,203.6,0.0,0.000,0.000,0.000,,0.000,,-5.369,,9.60,0.00,45.0,45.0,,Auto Takeoff,,,18,4,TRUE,,Mini 4 Pro,,,,,,FALSE,TRUE,,,,,,,,,,,,,,,,,,,,,,,,,,,,,,,,,,,,,,,,,,,,,,,,81.6,,,,8.065,,,,,,,12.248,,,,,,,,,,,,,,,,,,,,,,,,,,,,,,,,1.36280000,103.76720000,0.0,,,,,,,,,,,,,,,,,,,,,,,,,,,,Mini 4 Pro,SYNPBEP9TBJNPGFDD,CAMCE35MXBHKSSTHD,RCSGDXPKDBDQ6GVTD,BATJEQLCDCPKHB2TP,,,,,,,,Mini 4 Pro,SYNPBEP9TBJNPGFDD,,,,DJI Fly,,1.13.5,8F3B622D-68CA-56D9-A81E-F7EE06B8FE14,,,,,,,,,,
1773848469,0m 9.0s,9.0,1.36280000,103.76720000,31.5,31.5,30.0,211.5,0.0,0.000,0.000,0.000,,0.000,,-5.369,,9.60,0.00,45.0,45.0,,Auto Takeoff,,,18,4,TRUE,,Mini 4 Pro,,,,,,FALSE,TRUE,,,,,,,,,,,,,,,,,,,,,,,,,,,,,,,,,,,,,,,,,,,,,,,,81.6,,,,8.064,,,,,,,12.248,,,,,,,,,,,,,,,,,,,,,,,,,,,,,,,,1.36280000,103.76720000,0.0,,,,,,,,,,,,,,,,,,,,,,,,,,,,Mini 4 Pro,SYNPBEP9TBJNPGFDD,CAMCE35MXBHKSSTHD,RCSGDXPKDBDQ6GVTD,BATJEQLCDCPKHB2TP,,,,,,,,Mini 4 Pro,SYNPBEP9TBJNPGFDD,,,,DJI Fly,,1.13.5,8F3B622D-68CA-56D9-A81E-F7EE06B8FE14,,,,,,,,,,
1773848470,0m 10.0s,10.0,1.36280000,103.76720000,39.4,39.4,30.0,219.4,0.0,0.000,0.000,0.000,,0.000,,-5.369,,9.60,0.00,45.0,45.0,,Auto Takeoff,,,18,4,TRUE,,Mini 4 Pro,,,,,,FALSE,TRUE,,,,,,,,,,,,,,,,,,,,,,,,,,,,,,,,,,,,,,,,,,,,,,,,81.5,,,,8.063,,,,,,,12.248,,,,,,,,,,,,,,,,,,,,,,,,,,,,,,,,1.36280000,103.76720000,0.0,,,,,,,,,,,,,,,,,,,,,,,,,,,,Mini 4 Pro,SYNPBEP9TBJNPGFDD,CAMCE35MXBHKSSTHD,RCSGDXPKDBDQ6GVTD,BATJEQLCDCPKHB2TP,,,,,,,,Mini 4 Pro,SYNPBEP9TBJNPGFDD,,,,DJI Fly,,1.13.5,8F3B622D-68CA-56D9-A81E-F7EE06B8FE14,,,,,,,,,,
1773848471,0m 11.0s,11.0,1.36280000,103.76720000,47.2,47.2,30.0,227.2,0.0,0.000,0.000,0.000,,0.000,,-5.369,,9.60,0.00,45.0,45.0,,Auto Takeoff,,,18,4,TRUE,,Mini 4 Pro,,,,,,FALSE,TRUE,,,,,,,,,,,,,,,,,,,,,,,,,,,,,,,,,,,,,,,,,,,,,,,,81.5,,,,8.063,,,,,,,12.248,,,,,,,,,,,,,,,,,,,,,,,,,,,,,,,,1.36280000,103.76720000,0.0,,,,,,,,,,,,,,,,,,,,,,,,,,,,Mini 4 Pro,SYNPBEP9TBJNPGFDD,CAMCE35MXBHKSSTHD,RCSGDXPKDBDQ6GVTD,BATJEQLCDCPKHB2TP,,,,,,,,Mini 4 Pro,SYNPBEP9TBJNPGFDD,,,,DJI Fly,,1.13.5,8F3B622D-68CA-56D9-A81E-F7EE06B8FE14,,,,,,,,,,
1773848472,0m 12.0s,12.0,1.36280000,103.76720000,55.1,55.1,30.0,235.1,0.0,0.000,0.000,0.000,,0.000,,-5.369,,9.60,0.00,45.0,45.0,,Auto Takeoff,,,18,4,TRUE,,Mini 4 Pro,,,,,,FALSE,TRUE,,,,,,,,,,,,,,,,,,,,,,,,,,,,,,,,,,,,,,,,,,,,,,,,81.4,,,,8.062,,,,,,,12.248,,,,,,,,,,,,,,,,,,,,,,,,,,,,,,,,1.36280000,103.76720000,0.0,,,,,,,,,,,,,,,,,,,,,,,,,,,,Mini 4 Pro,SYNPBEP9TBJNPGFDD,CAMCE35MXBHKSSTHD,RCSGDXPKDBDQ6GVTD,BATJEQLCDCPKHB2TP,,,,,,,,Mini 4 Pro,SYNPBEP9TBJNPGFDD,,,,DJI Fly,,1.13.5,8F3B622D-68CA-56D9-A81E-F7EE06B8FE14,,,,,,,,,,
1773848473,0m 13.0s,13.0,1.36280000,103.76720000,63.0,63.0,30.0,243.0,0.0,0.000,0.000,0.000,,0.000,,-5.369,,9.60,0.00,45.0,45.0,,Auto Takeoff,,,18,4,TRUE,,Mini 4 Pro,,,,,,FALSE,TRUE,,,,,,,,,,,,,,,,,,,,,,,,,,,,,,,,,,,,,,,,,,,,,,,,81.4,,,,8.061,,,,,,,12.248,,,,,,,,,,,,,,,,,,,,,,,,,,,,,,,,1.36280000,103.76720000,0.0,,,,,,,,,,,,,,,,,,,,,,,,,,,,Mini 4 Pro,SYNPBEP9TBJNPGFDD,CAMCE35MXBHKSSTHD,RCSGDXPKDBDQ6GVTD,BATJEQLCDCPKHB2TP,,,,,,,,Mini 4 Pro,SYNPBEP9TBJNPGFDD,,,,DJI Fly,,1.13.5,8F3B622D-68CA-56D9-A81E-F7EE06B8FE14,,,,,,,,,,
1773848474,0m 14.0s,14.0,1.36280000,103.76720000,70.9,70.9,30.0,250.9,0.0,0.000,0.000,0.000,,0.000,,-5.369,,9.60,0.00,45.0,45.0,,Auto Takeoff,,,18,4,TRUE,,Mini 4 Pro,,,,,,FALSE,TRUE,,,,,,,,,,,,,,,,,,,,,,,,,,,,,,,,,,,,,,,,,,,,,,,,81.3,,,,8.060,,,,,,,12.248,,,,,,,,,,,,,,,,,,,,,,,,,,,,,,,,1.36280000,103.76720000,0.0,,,,,,,,,,,,,,,,,,,,,,,,,,,,Mini 4 Pro,SYNPBEP9TBJNPGFDD,CAMCE35MXBHKSSTHD,RCSGDXPKDBDQ6GVTD,BATJEQLCDCPKHB2TP,,,,,,,,Mini 4 Pro,SYNPBEP9TBJNPGFDD,,,,DJI Fly,,1.13.5,8F3B622D-68CA-56D9-A81E-F7EE06B8FE14,,,,,,,,,,
1773848475,0m 15.0s,15.0,1.36280000,103.76720000,78.7,78.7,30.0,258.7,0.0,0.000,0.000,0.000,,0.000,,-5.369,,9.60,0.00,45.0,45.0,,Auto Takeoff,,,18,4,TRUE,,Mini 4 Pro,,,,,,FALSE,TRUE,,,,,,,,,,,,,,,,,,,,,,,,,,,,,,,,,,,,,,,,,,,,,,,,81.3,,,,8.059,,,,,,,12.248,,,,,,,,,,,,,,,,,,,,,,,,,,,,,,,,1.36280000,103.76720000,0.0,,,,,,,,,,,,,,,,,,,,,,,,,,,,Mini 4 Pro,SYNPBEP9TBJNPGFDD,CAMCE35MXBHKSSTHD,RCSGDXPKDBDQ6GVTD,BATJEQLCDCPKHB2TP,,,,,,,,Mini 4 Pro,SYNPBEP9TBJNPGFDD,,,,DJI Fly,,1.13.5,8F3B622D-68CA-56D9-A81E-F7EE06B8FE14,,,,,,,,,,
1773848476,0m 16.0s,16.0,1.36280000,103.76720000,86.6,86.6,30.0,266.6,0.0,0.000,0.000,0.000,,0.000,,-5.369,,9.60,0.00,45.0,45.0,,Auto Takeoff,,,18,4,TRUE,,Mini 4 Pro,,,,,,FALSE,TRUE,,,,,,,,,,,,,,,,,,,,,,,,,,,,,,,,,,,,,,,,,,,,,,,,81.2,,,,8.059,,,,,,,12.248,,,,,,,,,,,,,,,,,,,,,,,,,,,,,,,,1.36280000,103.76720000,0.0,,,,,,,,,,,,,,,,,,,,,,,,,,,,Mini 4 Pro,SYNPBEP9TBJNPGFDD,CAMCE35MXBHKSSTHD,RCSGDXPKDBDQ6GVTD,BATJEQLCDCPKHB2TP,,,,,,,,Mini 4 Pro,SYNPBEP9TBJNPGFDD,,,,DJI Fly,,1.13.5,8F3B622D-68CA-56D9-A81E-F7EE06B8FE14,,,,,,,,,,
1773848477,0m 17.0s,17.0,1.36280000,103.76720000,94.5,94.5,30.0,274.5,0.0,0.000,0.000,0.000,,0.000,,-5.369,,9.60,0.00,45.0,45.0,,Auto Takeoff,,,18,4,TRUE,,Mini 4 Pro,,,,,,FALSE,TRUE,,,,,,,,,,,,,,,,,,,,,,,,,,,,,,,,,,,,,,,,,,,,,,,,81.2,,,,8.058,,,,,,,12.248,,,,,,,,,,,,,,,,,,,,,,,,,,,,,,,,1.36280000,103.76720000,0.0,,,,,,,,,,,,,,,,,,,,,,,,,,,,Mini 4 Pro,SYNPBEP9TBJNPGFDD,CAMCE35MXBHKSSTHD,RCSGDXPKDBDQ6GVTD,BATJEQLCDCPKHB2TP,,,,,,,,Mini 4 Pro,SYNPBEP9TBJNPGFDD,,,,DJI Fly,,1.13.5,8F3B622D-68CA-56D9-A81E-F7EE06B8FE14,,,,,,,,,,
1773848478,0m 18.0s,18.0,1.36280000,103.76720000,102.4,102.4,30.0,282.4,0.0,0.000,0.000,0.000,,0.000,,-5.369,,9.60,0.00,45.0,45.0,,Auto Takeoff,,,18,4,TRUE,,Mini 4 Pro,,,,,,FALSE,TRUE,,,,,,,,,,,,,,,,,,,,,,,,,,,,,,,,,,,,,,,,,,,,,,,,81.1,,,,8.057,,,,,,,12.248,,,,,,,,,,,,,,,,,,,,,,,,,,,,,,,,1.36280000,103.76720000,0.0,,,,,,,,,,,,,,,,,,,,,,,,,,,,Mini 4 Pro,SYNPBEP9TBJNPGFDD,CAMCE35MXBHKSSTHD,RCSGDXPKDBDQ6GVTD,BATJEQLCDCPKHB2TP,,,,,,,,Mini 4 Pro,SYNPBEP9TBJNPGFDD,,,,DJI Fly,,1.13.5,8F3B622D-68CA-56D9-A81E-F7EE06B8FE14,,,,,,,,,,
1773848479,0m 19.0s,19.0,1.36280000,103.76720000,110.2,110.2,30.0,290.2,0.0,0.000,0.000,0.000,,0.000,,-5.369,,9.60,0.00,45.0,45.0,,Auto Takeoff,,,18,4,TRUE,,Mini 4 Pro,,,,,,FALSE,TRUE,,,,,,,,,,,,,,,,,,,,,,,,,,,,,,,,,,,,,,,,,,,,,,,,81.1,,,,8.056,,,,,,,12.248,,,,,,,,,,,,,,,,,,,,,,,,,,,,,,,,1.36280000,103.76720000,0.0,,,,,,,,,,,,,,,,,,,,,,,,,,,,Mini 4 Pro,SYNPBEP9TBJNPGFDD,CAMCE35MXBHKSSTHD,RCSGDXPKDBDQ6GVTD,BATJEQLCDCPKHB2TP,,,,,,,,Mini 4 Pro,SYNPBEP9TBJNPGFDD,,,,DJI Fly,,1.13.5,8F3B622D-68CA-56D9-A81E-F7EE06B8FE14,,,,,,,,,,
1773848480,0m 20.0s,20.0,1.36280000,103.76720000,118.1,118.1,30.0,298.1,0.0,0.000,0.000,0.000,,0.000,,-5.369,,9.60,0.00,45.0,45.0,,Auto Takeoff,,,18,4,TRUE,,Mini 4 Pro,,,,,,FALSE,TRUE,,,,,,,,,,,,,,,,,,,,,,,,,,,,,,,,,,,,,,,,,,,,,,,,81.0,,,,8.056,,,,,,,12.248,,,,,,,,,,,,,,,,,,,,,,,,,,,,,,,,1.36280000,103.76720000,0.0,,,,,,,,,,,,,,,,,,,,,,,,,,,,Mini 4 Pro,SYNPBEP9TBJNPGFDD,CAMCE35MXBHKSSTHD,RCSGDXPKDBDQ6GVTD,BATJEQLCDCPKHB2TP,,,,,,,,Mini 4 Pro,SYNPBEP9TBJNPGFDD,,,,DJI Fly,,1.13.5,8F3B622D-68CA-56D9-A81E-F7EE06B8FE14,,,,,,,,,,
1773848481,0m 21.0s,21.0,1.36280000,103.76720000,126.0,126.0,30.0,306.0,0.0,0.000,0.000,0.000,,0.000,,-5.369,,9.60,0.00,45.0,45.0,,Auto Takeoff,,,18,4,TRUE,,Mini 4 Pro,,,,,,FALSE,TRUE,,,,,,,,,,,,,,,,,,,,,,,,,,,,,,,,,,,,,,,,,,,,,,,,81.0,,,,8.055,,,,,,,12.248,,,,,,,,,,,,,,,,,,,,,,,,,,,,,,,,1.36280000,103.76720000,0.0,,,,,,,,,,,,,,,,,,,,,,,,,,,,Mini 4 Pro,SYNPBEP9TBJNPGFDD,CAMCE35MXBHKSSTHD,RCSGDXPKDBDQ6GVTD,BATJEQLCDCPKHB2TP,,,,,,,,Mini 4 Pro,SYNPBEP9TBJNPGFDD,,,,DJI Fly,,1.13.5,8F3B622D-68CA-56D9-A81E-F7EE06B8FE14,,,,,,,,,,
1773848482,0m 22.0s,22.0,1.36280000,103.76720000,133.9,133.9,30.0,313.9,0.0,0.000,0.000,0.000,,0.000,,-5.369,,9.60,0.00,45.0,45.0,,Auto Takeoff,,,18,4,TRUE,,Mini 4 Pro,,,,,,FALSE,TRUE,,,,,,,,,,,,,,,,,,,,,,,,,,,,,,,,,,,,,,,,,,,,,,,,80.9,,,,8.054,,,,,,,12.248,,,,,,,,,,,,,,,,,,,,,,,,,,,,,,,,1.36280000,103.76720000,0.0,,,,,,,,,,,,,,,,,,,,,,,,,,,,Mini 4 Pro,SYNPBEP9TBJNPGFDD,CAMCE35MXBHKSSTHD,RCSGDXPKDBDQ6GVTD,BATJEQLCDCPKHB2TP,,,,,,,,Mini 4 Pro,SYNPBEP9TBJNPGFDD,,,,DJI Fly,,1.13.5,8F3B622D-68CA-56D9-A81E-F7EE06B8FE14,,,,,,,,,,
1773848483,0m 23.0s,23.0,1.36280000,103.76720000,141.7,141.7,30.0,321.7,0.0,0.000,0.000,0.000,,0.000,,-5.369,,9.60,0.00,45.0,45.0,,Auto Takeoff,,,18,4,TRUE,,Mini 4 Pro,,,,,,FALSE,TRUE,,,,,,,,,,,,,,,,,,,,,,,,,,,,,,,,,,,,,,,,,,,,,,,,80.9,,,,8.053,,,,,,,12.248,,,,,,,,,,,,,,,,,,,,,,,,,,,,,,,,1.36280000,103.76720000,0.0,,,,,,,,,,,,,,,,,,,,,,,,,,,,Mini 4 Pro,SYNPBEP9TBJNPGFDD,CAMCE35MXBHKSSTHD,RCSGDXPKDBDQ6GVTD,BATJEQLCDCPKHB2TP,,,,,,,,Mini 4 Pro,SYNPBEP9TBJNPGFDD,,,,DJI Fly,,1.13.5,8F3B622D-68CA-56D9-A81E-F7EE06B8FE14,,,,,,,,,,
1773848484,0m 24.0s,24.0,1.36280000,103.76720000,149.6,149.6,30.0,329.6,0.0,0.000,0.000,0.000,,0.000,,-5.369,,9.60,0.00,45.0,45.0,,Auto Takeoff,,,18,4,TRUE,,Mini 4 Pro,,,,,,FALSE,TRUE,,,,,,,,,,,,,,,,,,,,,,,,,,,,,,,,,,,,,,,,,,,,,,,,80.8,,,,8.053,,,,,,,12.248,,,,,,,,,,,,,,,,,,,,,,,,,,,,,,,,1.36280000,103.76720000,0.0,,,,,,,,,,,,,,,,,,,,,,,,,,,,Mini 4 Pro,SYNPBEP9TBJNPGFDD,CAMCE35MXBHKSSTHD,RCSGDXPKDBDQ6GVTD,BATJEQLCDCPKHB2TP,,,,,,,,Mini 4 Pro,SYNPBEP9TBJNPGFDD,,,,DJI Fly,,1.13.5,8F3B622D-68CA-56D9-A81E-F7EE06B8FE14,,,,,,,,,,
1773848485,0m 25.0s,25.0,1.36280000,103.76720000,157.5,157.5,30.0,337.5,0.0,0.000,0.000,0.000,,0.000,,-5.369,,9.60,0.00,45.0,45.0,,Auto Takeoff,,,18,4,TRUE,,Mini 4 Pro,,,,,,FALSE,TRUE,,,,,,,,,,,,,,,,,,,,,,,,,,,,,,,,,,,,,,,,,,,,,,,,80.8,,,,8.052,,,,,,,12.248,,,,,,,,,,,,,,,,,,,,,,,,,,,,,,,,1.36280000,103.76720000,0.0,,,,,,,,,,,,,,,,,,,,,,,,,,,,Mini 4 Pro,SYNPBEP9TBJNPGFDD,CAMCE35MXBHKSSTHD,RCSGDXPKDBDQ6GVTD,BATJEQLCDCPKHB2TP,,,,,,,,Mini 4 Pro,SYNPBEP9TBJNPGFDD,,,,DJI Fly,,1.13.5,8F3B622D-68CA-56D9-A81E-F7EE06B8FE14,,,,,,,,,,
1773848486,0m 26.0s,26.0,1.36280000,103.76720000,164.0,164.0,30.0,344.0,0.0,0.000,0.000,0.000,,0.000,,-4.474,,8.00,0.00,45.0,45.0,,Auto Takeoff,,,18,4,TRUE,,Mini 4 Pro,,,,,,FALSE,TRUE,,,,,,,,,,,,,,,,,,,,,,,,,,,,,,,,,,,,,,,,,,,,,,,,80.7,,,,8.051,,,,,,,10.968,,,,,,,,,,,,,,,,,,,,,,,,,,,,,,,,1.36280000,103.76720000,0.0,,,,,,,,,,,,,,,,,,,,,,,,,,,,Mini 4 Pro,SYNPBEP9TBJNPGFDD,CAMCE35MXBHKSSTHD,RCSGDXPKDBDQ6GVTD,BATJEQLCDCPKHB2TP,,,,,,,,Mini 4 Pro,SYNPBEP9TBJNPGFDD,,,,DJI Fly,,1.13.5,8F3B622D-68CA-56D9-A81E-F7EE06B8FE14,,,,,,,,,,
1773848487,0m 27.0s,27.0,1.36280000,103.76720000,164.0,164.0,30.0,344.0,0.0,0.000,0.000,0.000,,0.000,,-0.000,,0.00,0.00,45.0,45.0,,Auto Takeoff,,,18,4,TRUE,,Mini 4 Pro,,,,,,FALSE,TRUE,,,,,,,,,,,,,,,,,,,,,,,,,,,,,,,,,,,,,,,,,,,,,,,,80.7,,,,8.050,,,,,,,4.568,,,,,,,,,,,,,,,,,,,,,,,,,,,,,,,,1.36280000,103.76720000,0.0,,,,,,,,,,,,,,,,,,,,,,,,,,,,Mini 4 Pro,SYNPBEP9TBJNPGFDD,CAMCE35MXBHKSSTHD,RCSGDXPKDBDQ6GVTD,BATJEQLCDCPKHB2TP,,,,,,,,Mini 4 Pro,SYNPBEP9TBJNPGFDD,,,,DJI Fly,,1.13.5,8F3B622D-68CA-56D9-A81E-F7EE06B8FE14,,,,,,,,,,
1773848488,0m 28.0s,28.0,1.36285706,103.76718732,164.0,164.0,30.0,344.0,21.3,14.540,14.540,14.194,,-3.154,,-0.000,,2.27,-25.00,347.5,347.5,,P-GPS,,,18,4,TRUE,,Mini 4 Pro,,,,,,FALSE,TRUE,,,,,,,,,,,,,,,,,,,,,,,,,,,,,,,,,,,,,,,,,,,,,,,,80.6,,,,8.049,,,,,,,8.143,,,,,,,,,,,,,,,,,,,,,,,,,,,,,,,,1.36280000,103.76720000,21.3,,,,,,,,,,,,,,,,,,,,,,,,,,,,Mini 4 Pro,SYNPBEP9TBJNPGFDD,CAMCE35MXBHKSSTHD,RCSGDXPKDBDQ6GVTD,BATJEQLCDCPKHB2TP,,,,,,,,Mini 4 Pro,SYNPBEP9TBJNPGFDD,,,,DJI Fly,,1.13.5,8F3B622D-68CA-56D9-A81E-F7EE06B8FE14,,,,,,,,,,
1773848489,0m 29.0s,29.0,1.36291413,103.76717463,164.0,164.0,30.0,344.0,42.7,14.540,14.540,14.194,,-3.154,,-0.000,,2.27,0.00,347.5,347.5,,P-GPS,,,18,4,TRUE,,Mini 4 Pro,,,,,,FALSE,TRUE,,,,,,,,,,,,,,,,,,,,,,,,,,,,,,,,,,,,,,,,,,,,,,,,80.6,,,,8.049,,,,,,,8.143,,,,,,,,,,,,,,,,,,,,,,,,,,,,,,,,1.36280000,103.76720000,42.7,,,,,,,,,,,,,,,,,,,,,,,,,,,,Mini 4 Pro,SYNPBEP9TBJNPGFDD,CAMCE35MXBHKSSTHD,RCSGDXPKDBDQ6GVTD,BATJEQLCDCPKHB2TP,,,,,,,,Mini 4 Pro,SYNPBEP9TBJNPGFDD,,,,DJI Fly,,1.13.5,8F3B622D-68CA-56D9-A81E-F7EE06B8FE14,,,,,,,,,,
1773848490,0m 30.0s,30.0,1.36297119,103.76716195,164.0,164.0,30.0,344.0,64.0,14.540,14.540,14.194,,-3.154,,-0.000,,2.27,0.00,347.5,347.5,,P-GPS,,,18,4,TRUE,,Mini 4 Pro,,,,,,FALSE,TRUE,,,,,,,,,,,,,,,,,,,,,,,,,,,,,,,,,,,,,,,,,,,,,,,,80.5,,,,8.048,,,,,,,8.143,,,,,,,,,,,,,,,,,,,,,,,,,,,,,,,,1.36280000,103.76720000,64.0,,,,,,,,,,,,,,,,,,,,,,,,,,,,Mini 4 Pro,SYNPBEP9TBJNPGFDD,CAMCE35MXBHKSSTHD,RCSGDXPKDBDQ6GVTD,BATJEQLCDCPKHB2TP,,,,,,,,Mini 4 Pro,SYNPBEP9TBJNPGFDD,,,,DJI Fly,,1.13.5,8F3B622D-68CA-56D9-A81E-F7EE06B8FE14,,,,,,,,,,
1773848491,0m 31.0s,31.0,1.36302826,103.76714926,164.0,164.0,30.0,344.0,85.3,14.540,14.540,14.194,,-3.154,,-0.000,,2.27,0.00,347.5,347.5,,P-GPS,,,18,4,TRUE,,Mini 4 Pro,,,,,,FALSE,TRUE,,,,,,,,,,,,,,,,,,,,,,,,,,,,,,,,,,,,,,,,,,,,,,,,80.5,,,,8.047,,,,,,,8.143,,,,,,,,,,,,,,,,,,,,,,,,,,,,,,,,1.36280000,103.76720000,85.3,,,,,,,,,,,,,,,,,,,,,,,,,,,,Mini 4 Pro,SYNPBEP9TBJNPGFDD,CAMCE35MXBHKSSTHD,RCSGDXPKDBDQ6GVTD,BATJEQLCDCPKHB2TP,,,,,,,,Mini 4 Pro,SYNPBEP9TBJNPGFDD,,,,DJI Fly,,1.13.5,8F3B622D-68CA-56D9-A81E-F7EE06B8FE14,,,,,,,,,,
1773848492,0m 32.0s,32.0,1.36308532,103.76713658,164.0,164.0,30.0,344.0,106.6,14.540,14.540,14.194,,-3.154,,-0.000,,2.27,0.00,347.5,347.5,,P-GPS,,,18,4,TRUE,,Mini 4 Pro,,,,,,FALSE,TRUE,,,,,,,,,,,,,,,,,,,,,,,,,,,,,,,,,,,,,,,,,,,,,,,,80.4,,,,8.046,,,,,,,8.143,,,,,,,,,,,,,,,,,,,,,,,,,,,,,,,,1.36280000,103.76720000,106.6,,,,,,,,,,,,,,,,,,,,,,,,,,,,Mini 4 Pro,SYNPBEP9TBJNPGFDD,CAMCE35MXBHKSSTHD,RCSGDXPKDBDQ6GVTD,BATJEQLCDCPKHB2TP,,,,,,,,Mini 4 Pro,SYNPBEP9TBJNPGFDD,,,,DJI Fly,,1.13.5,8F3B622D-68CA-56D9-A81E-F7EE06B8FE14,,,,,,,,,,
1773848493,0m 33.0s,33.0,1.36314238,103.76712389,164.0,164.0,30.0,344.0,128.0,14.540,14.540,14.194,,-3.154,,-0.000,,2.27,0.00,347.5,347.5,,P-GPS,,,18,4,TRUE,,Mini 4 Pro,,,,,,FALSE,TRUE,,,,,,,,,,,,,,,,,,,,,,,,,,,,,,,,,,,,,,,,,,,,,,,,80.4,,,,8.046,,,,,,,8.143,,,,,,,,,,,,,,,,,,,,,,,,,,,,,,,,1.36280000,103.76720000,128.0,,,,,,,,,,,,,,,,,,,,,,,,,,,,Mini 4 Pro,SYNPBEP9TBJNPGFDD,CAMCE35MXBHKSSTHD,RCSGDXPKDBDQ6GVTD,BATJEQLCDCPKHB2TP,,,,,,,,Mini 4 Pro,SYNPBEP9TBJNPGFDD,,,,DJI Fly,,1.13.5,8F3B622D-68CA-56D9-A81E-F7EE06B8FE14,,,,,,,,,,
1773848494,0m 34.0s,34.0,1.36319945,103.76711121,164.0,164.0,30.0,344.0,149.3,14.540,14.540,14.194,,-3.154,,-0.000,,2.27,0.00,347.5,347.5,,P-GPS,,,18,4,TRUE,,Mini 4 Pro,,,,,,FALSE,TRUE,,,,,,,,,,,,,,,,,,,,,,,,,,,,,,,,,,,,,,,,,,,,,,,,80.3,,,,8.045,,,,,,,8.143,,,,,,,,,,,,,,,,,,,,,,,,,,,,,,,,1.36280000,103.76720000,149.3,,,,,,,,,,,,,,,,,,,,,,,,,,,,Mini 4 Pro,SYNPBEP9TBJNPGFDD,CAMCE35MXBHKSSTHD,RCSGDXPKDBDQ6GVTD,BATJEQLCDCPKHB2TP,,,,,,,,Mini 4 Pro,SYNPBEP9TBJNPGFDD,,,,DJI Fly,,1.13.5,8F3B622D-68CA-56D9-A81E-F7EE06B8FE14,,,,,,,,,,
1773848495,0m 35.0s,35.0,1.36325651,103.76709852,164.0,164.0,30.0,344.0,170.6,14.540,14.540,14.194,,-3.154,,-0.000,,2.27,0.00,347.5,347.5,,P-GPS,,,18,4,TRUE,,Mini 4 Pro,,,,,,FALSE,TRUE,,,,,,,,,,,,,,,,,,,,,,,,,,,,,,,,,,,,,,,,,,,,,,,,80.3,,,,8.044,,,,,,,8.143,,,,,,,,,,,,,,,,,,,,,,,,,,,,,,,,1.36280000,103.76720000,170.6,,,,,,,,,,,,,,,,,,,,,,,,,,,,Mini 4 Pro,SYNPBEP9TBJNPGFDD,CAMCE35MXBHKSSTHD,RCSGDXPKDBDQ6GVTD,BATJEQLCDCPKHB2TP,,,,,,,,Mini 4 Pro,SYNPBEP9TBJNPGFDD,,,,DJI Fly,,1.13.5,8F3B622D-68CA-56D9-A81E-F7EE06B8FE14,,,,,,,,,,
1773848496,0m 36.0s,36.0,1.36331358,103.76708584,164.0,164.0,30.0,344.0,191.9,14.540,14.540,14.194,,-3.154,,-0.000,,2.27,0.00,347.5,347.5,,P-GPS,,,18,4,TRUE,,Mini 4 Pro,,,,,,FALSE,TRUE,,,,,,,,,,,,,,,,,,,,,,,,,,,,,,,,,,,,,,,,,,,,,,,,80.2,,,,8.043,,,,,,,8.143,,,,,,,,,,,,,,,,,,,,,,,,,,,,,,,,1.36280000,103.76720000,191.9,,,,,,,,,,,,,,,,,,,,,,,,,,,,Mini 4 Pro,SYNPBEP9TBJNPGFDD,CAMCE35MXBHKSSTHD,RCSGDXPKDBDQ6GVTD,BATJEQLCDCPKHB2TP,,,,,,,,Mini 4 Pro,SYNPBEP9TBJNPGFDD,,,,DJI Fly,,1.13.5,8F3B622D-68CA-56D9-A81E-F7EE06B8FE14,,,,,,,,,,
1773848497,0m 37.0s,37.0,1.36337064,103.76707316,164.0,164.0,30.0,344.0,213.3,14.540,14.540,14.194,,-3.154,,-0.000,,2.27,0.00,347.5,347.5,,P-GPS,,,18,4,TRUE,,Mini 4 Pro,,,,,,FALSE,TRUE,,,,,,,,,,,,,,,,,,,,,,,,,,,,,,,,,,,,,,,,,,,,,,,,80.2,,,,8.043,,,,,,,8.143,,,,,,,,,,,,,,,,,,,,,,,,,,,,,,,,1.36280000,103.76720000,213.3,,,,,,,,,,,,,,,,,,,,,,,,,,,,Mini 4 Pro,SYNPBEP9TBJNPGFDD,CAMCE35MXBHKSSTHD,RCSGDXPKDBDQ6GVTD,BATJEQLCDCPKHB2TP,,,,,,,,Mini 4 Pro,SYNPBEP9TBJNPGFDD,,,,DJI Fly,,1.13.5,8F3B622D-68CA-56D9-A81E-F7EE06B8FE14,,,,,,,,,,
1773848498,0m 38.0s,38.0,1.36342770,103.76706047,164.0,164.0,30.0,344.0,234.6,14.540,14.540,14.194,,-3.154,,-0.000,,2.28,0.00,347.5,347.5,,P-GPS,,,18,4,TRUE,,Mini 4 Pro,,,,,,FALSE,TRUE,,,,,,,,,,,,,,,,,,,,,,,,,,,,,,,,,,,,,,,,,,,,,,,,80.1,,,,8.042,,,,,,,8.143,,,,,,,,,,,,,,,,,,,,,,,,,,,,,,,,1.36280000,103.76720000,234.6,,,,,,,,,,,,,,,,,,,,,,,,,,,,Mini 4 Pro,SYNPBEP9TBJNPGFDD,CAMCE35MXBHKSSTHD,RCSGDXPKDBDQ6GVTD,BATJEQLCDCPKHB2TP,,,,,,,,Mini 4 Pro,SYNPBEP9TBJNPGFDD,,,,DJI Fly,,1.13.5,8F3B622D-68CA-56D9-A81E-F7EE06B8FE14,,,,,,,,,,
1773848499,0m 39.0s,39.0,1.36348477,103.76704779,164.0,164.0,30.0,344.0,255.9,14.540,14.540,14.194,,-3.154,,-0.000,,2.27,0.00,347.5,347.5,,P-GPS,,,18,4,TRUE,,Mini 4 Pro,,,,,,FALSE,TRUE,,,,,,,,,,,,,,,,,,,,,,,,,,,,,,,,,,,,,,,,,,,,,,,,80.1,,,,8.041,,,,,,,8.143,,,,,,,,,,,,,,,,,,,,,,,,,,,,,,,,1.36280000,103.76720000,255.9,,,,,,,,,,,,,,,,,,,,,,,,,,,,Mini 4 Pro,SYNPBEP9TBJNPGFDD,CAMCE35MXBHKSSTHD,RCSGDXPKDBDQ6GVTD,BATJEQLCDCPKHB2TP,,,,,,,,Mini 4 Pro,SYNPBEP9TBJNPGFDD,,,,DJI Fly,,1.13.5,8F3B622D-68CA-56D9-A81E-F7EE06B8FE14,,,,,,,,,,
1773848500,0m 40.0s,40.0,1.36354183,103.76703510,164.0,164.0,30.0,344.0,277.2,14.540,14.540,14.194,,-3.154,,-0.000,,2.27,0.00,347.5,347.5,,P-GPS,,,18,4,TRUE,,Mini 4 Pro,,,,,,FALSE,TRUE,,,,,,,,,,,,,,,,,,,,,,,,,,,,,,,,,,,,,,,,,,,,,,,,80.0,,,,8.040,,,,,,,8.143,,,,,,,,,,,,,,,,,,,,,,,,,,,,,,,,1.36280000,103.76720000,277.2,,,,,,,,,,,,,,,,,,,,,,,,,,,,Mini 4 Pro,SYNPBEP9TBJNPGFDD,CAMCE35MXBHKSSTHD,RCSGDXPKDBDQ6GVTD,BATJEQLCDCPKHB2TP,,,,,,,,Mini 4 Pro,SYNPBEP9TBJNPGFDD,,,,DJI Fly,,1.13.5,8F3B622D-68CA-56D9-A81E-F7EE06B8FE14,,,,,,,,,,
1773848501,0m 41.0s,41.0,1.36359889,103.76702242,164.0,164.0,30.0,344.0,298.6,14.540,14.540,14.194,,-3.154,,-0.000,,2.27,0.00,347.5,347.5,,P-GPS,,,18,4,TRUE,,Mini 4 Pro,,,,,,FALSE,TRUE,,,,,,,,,,,,,,,,,,,,,,,,,,,,,,,,,,,,,,,,,,,,,,,,80.0,,,,8.039,,,,,,,8.143,,,,,,,,,,,,,,,,,,,,,,,,,,,,,,,,1.36280000,103.76720000,298.6,,,,,,,,,,,,,,,,,,,,,,,,,,,,Mini 4 Pro,SYNPBEP9TBJNPGFDD,CAMCE35MXBHKSSTHD,RCSGDXPKDBDQ6GVTD,BATJEQLCDCPKHB2TP,,,,,,,,Mini 4 Pro,SYNPBEP9TBJNPGFDD,,,,DJI Fly,,1.13.5,8F3B622D-68CA-56D9-A81E-F7EE06B8FE14,,,,,,,,,,
1773848502,0m 42.0s,42.0,1.36365596,103.76700973,164.0,164.0,30.0,344.0,319.9,14.540,14.540,14.194,,-3.154,,-0.000,,2.27,0.00,347.5,347.5,,P-GPS,,,18,4,TRUE,,Mini 4 Pro,,,,,,FALSE,TRUE,,,,,,,,,,,,,,,,,,,,,,,,,,,,,,,,,,,,,,,,,,,,,,,,79.9,,,,8.039,,,,,,,8.143,,,,,,,,,,,,,,,,,,,,,,,,,,,,,,,,1.36280000,103.76720000,319.9,,,,,,,,,,,,,,,,,,,,,,,,,,,,Mini 4 Pro,SYNPBEP9TBJNPGFDD,CAMCE35MXBHKSSTHD,RCSGDXPKDBDQ6GVTD,BATJEQLCDCPKHB2TP,,,,,,,,Mini 4 Pro,SYNPBEP9TBJNPGFDD,,,,DJI Fly,,1.13.5,8F3B622D-68CA-56D9-A81E-F7EE06B8FE14,,,,,,,,,,
1773848503,0m 43.0s,43.0,1.36371302,103.76699705,164.0,164.0,30.0,344.0,341.2,14.540,14.540,14.194,,-3.154,,-0.000,,2.27,0.00,347.5,347.5,,P-GPS,,,18,4,TRUE,,Mini 4 Pro,,,,,,FALSE,TRUE,,,,,,,,,,,,,,,,,,,,,,,,,,,,,,,,,,,,,,,,,,,,,,,,79.9,,,,8.038,,,,,,,8.143,,,,,,,,,,,,,,,,,,,,,,,,,,,,,,,,1.36280000,103.76720000,341.2,,,,,,,,,,,,,,,,,,,,,,,,,,,,Mini 4 Pro,SYNPBEP9TBJNPGFDD,CAMCE35MXBHKSSTHD,RCSGDXPKDBDQ6GVTD,BATJEQLCDCPKHB2TP,,,,,,,,Mini 4 Pro,SYNPBEP9TBJNPGFDD,,,,DJI Fly,,1.13.5,8F3B622D-68CA-56D9-A81E-F7EE06B8FE14,,,,,,,,,,
1773848504,0m 44.0s,44.0,1.36377009,103.76698436,164.0,164.0,30.0,344.0,362.5,14.540,14.540,14.194,,-3.154,,-0.000,,2.27,0.00,347.5,347.5,,P-GPS,,,18,4,TRUE,,Mini 4 Pro,,,,,,FALSE,TRUE,,,,,,,,,,,,,,,,,,,,,,,,,,,,,,,,,,,,,,,,,,,,,,,,79.8,,,,8.037,,,,,,,8.143,,,,,,,,,,,,,,,,,,,,,,,,,,,,,,,,1.36280000,103.76720000,362.5,,,,,,,,,,,,,,,,,,,,,,,,,,,,Mini 4 Pro,SYNPBEP9TBJNPGFDD,CAMCE35MXBHKSSTHD,RCSGDXPKDBDQ6GVTD,BATJEQLCDCPKHB2TP,,,,,,,,Mini 4 Pro,SYNPBEP9TBJNPGFDD,,,,DJI Fly,,1.13.5,8F3B622D-68CA-56D9-A81E-F7EE06B8FE14,,,,,,,,,,
1773848505,0m 45.0s,45.0,1.36382715,103.76697168,164.0,164.0,30.0,344.0,383.9,14.540,14.540,14.194,,-3.154,,-0.000,,2.27,0.00,347.5,347.5,,P-GPS,,,18,4,TRUE,,Mini 4 Pro,,,,,,FALSE,TRUE,,,,,,,,,,,,,,,,,,,,,,,,,,,,,,,,,,,,,,,,,,,,,,,,79.8,,,,8.036,,,,,,,8.143,,,,,,,,,,,,,,,,,,,,,,,,,,,,,,,,1.36280000,103.76720000,383.9,,,,,,,,,,,,,,,,,,,,,,,,,,,,Mini 4 Pro,SYNPBEP9TBJNPGFDD,CAMCE35MXBHKSSTHD,RCSGDXPKDBDQ6GVTD,BATJEQLCDCPKHB2TP,,,,,,,,Mini 4 Pro,SYNPBEP9TBJNPGFDD,,,,DJI Fly,,1.13.5,8F3B622D-68CA-56D9-A81E-F7EE06B8FE14,,,,,,,,,,
1773848506,0m 46.0s,46.0,1.36388421,103.76695900,164.0,164.0,30.0,344.0,405.2,14.540,14.540,14.194,,-3.154,,-0.000,,2.27,0.00,347.5,347.5,,P-GPS,,,18,4,TRUE,,Mini 4 Pro,,,,,,FALSE,TRUE,,,,,,,,,,,,,,,,,,,,,,,,,,,,,,,,,,,,,,,,,,,,,,,,79.7,,,,8.036,,,,,,,8.143,,,,,,,,,,,,,,,,,,,,,,,,,,,,,,,,1.36280000,103.76720000,405.2,,,,,,,,,,,,,,,,,,,,,,,,,,,,Mini 4 Pro,SYNPBEP9TBJNPGFDD,CAMCE35MXBHKSSTHD,RCSGDXPKDBDQ6GVTD,BATJEQLCDCPKHB2TP,,,,,,,,Mini 4 Pro,SYNPBEP9TBJNPGFDD,,,,DJI Fly,,1.13.5,8F3B622D-68CA-56D9-A81E-F7EE06B8FE14,,,,,,,,,,
1773848507,0m 47.0s,47.0,1.36394128,103.76694631,164.0,164.0,30.0,344.0,426.5,14.540,14.540,14.194,,-3.154,,-0.000,,2.28,0.00,347.5,347.5,,P-GPS,,,18,4,TRUE,,Mini 4 Pro,,,,,,FALSE,TRUE,,,,,,,,,,,,,,,,,,,,,,,,,,,,,,,,,,,,,,,,,,,,,,,,79.7,,,,8.035,,,,,,,8.143,,,,,,,,,,,,,,,,,,,,,,,,,,,,,,,,1.36280000,103.76720000,426.5,,,,,,,,,,,,,,,,,,,,,,,,,,,,Mini 4 Pro,SYNPBEP9TBJNPGFDD,CAMCE35MXBHKSSTHD,RCSGDXPKDBDQ6GVTD,BATJEQLCDCPKHB2TP,,,,,,,,Mini 4 Pro,SYNPBEP9TBJNPGFDD,,,,DJI Fly,,1.13.5,8F3B622D-68CA-56D9-A81E-F7EE06B8FE14,,,,,,,,,,
1773848508,0m 48.0s,48.0,1.36399834,103.76693363,164.0,164.0,30.0,344.0,447.8,14.540,14.540,14.194,,-3.154,,-0.000,,2.27,0.00,347.5,347.5,,P-GPS,,,18,4,TRUE,,Mini 4 Pro,,,,,,FALSE,TRUE,,,,,,,,,,,,,,,,,,,,,,,,,,,,,,,,,,,,,,,,,,,,,,,,79.6,,,,8.034,,,,,,,8.143,,,,,,,,,,,,,,,,,,,,,,,,,,,,,,,,1.36280000,103.76720000,447.8,,,,,,,,,,,,,,,,,,,,,,,,,,,,Mini 4 Pro,SYNPBEP9TBJNPGFDD,CAMCE35MXBHKSSTHD,RCSGDXPKDBDQ6GVTD,BATJEQLCDCPKHB2TP,,,,,,,,Mini 4 Pro,SYNPBEP9TBJNPGFDD,,,,DJI Fly,,1.13.5,8F3B622D-68CA-56D9-A81E-F7EE06B8FE14,,,,,,,,,,
1773848509,0m 49.0s,49.0,1.36405541,103.76692094,164.0,164.0,30.0,344.0,469.2,14.540,14.540,14.194,,-3.154,,-0.000,,2.27,0.00,347.5,347.5,,P-GPS,,,18,4,TRUE,,Mini 4 Pro,,,,,,FALSE,TRUE,,,,,,,,,,,,,,,,,,,,,,,,,,,,,,,,,,,,,,,,,,,,,,,,79.6,,,,8.033,,,,,,,8.143,,,,,,,,,,,,,,,,,,,,,,,,,,,,,,,,1.36280000,103.76720000,469.2,,,,,,,,,,,,,,,,,,,,,,,,,,,,Mini 4 Pro,SYNPBEP9TBJNPGFDD,CAMCE35MXBHKSSTHD,RCSGDXPKDBDQ6GVTD,BATJEQLCDCPKHB2TP,,,,,,,,Mini 4 Pro,SYNPBEP9TBJNPGFDD,,,,DJI Fly,,1.13.5,8F3B622D-68CA-56D9-A81E-F7EE06B8FE14,,,,,,,,,,
1773848510,0m 50.0s,50.0,1.36411247,103.76690826,164.0,164.0,30.0,344.0,490.5,14.540,14.540,14.194,,-3.154,,-0.000,,2.28,0.00,347.5,347.5,,P-GPS,,,18,4,TRUE,,Mini 4 Pro,,,,,,FALSE,TRUE,,,,,,,,,,,,,,,,,,,,,,,,,,,,,,,,,,,,,,,,,,,,,,,,79.5,,,,8.033,,,,,,,8.143,,,,,,,,,,,,,,,,,,,,,,,,,,,,,,,,1.36280000,103.76720000,490.5,,,,,,,,,,,,,,,,,,,,,,,,,,,,Mini 4 Pro,SYNPBEP9TBJNPGFDD,CAMCE35MXBHKSSTHD,RCSGDXPKDBDQ6GVTD,BATJEQLCDCPKHB2TP,,,,,,,,Mini 4 Pro,SYNPBEP9TBJNPGFDD,,,,DJI Fly,,1.13.5,8F3B622D-68CA-56D9-A81E-F7EE06B8FE14,,,,,,,,,,
1773848511,0m 51.0s,51.0,1.36416953,103.76689557,164.0,164.0,30.0,344.0,511.8,14.540,14.540,14.194,,-3.154,,-0.000,,2.27,0.00,347.5,347.5,,P-GPS,,,18,4,TRUE,,Mini 4 Pro,,,,,,FALSE,TRUE,,,,,,,,,,,,,,,,,,,,,,,,,,,,,,,,,,,,,,,,,,,,,,,,79.5,,,,8.032,,,,,,,8.143,,,,,,,,,,,,,,,,,,,,,,,,,,,,,,,,1.36280000,103.76720000,511.8,,,,,,,,,,,,,,,,,,,,,,,,,,,,Mini 4 Pro,SYNPBEP9TBJNPGFDD,CAMCE35MXBHKSSTHD,RCSGDXPKDBDQ6GVTD,BATJEQLCDCPKHB2TP,,,,,,,,Mini 4 Pro,SYNPBEP9TBJNPGFDD,,,,DJI Fly,,1.13.5,8F3B622D-68CA-56D9-A81E-F7EE06B8FE14,,,,,,,,,,
1773848512,0m 52.0s,52.0,1.36422660,103.76688289,164.0,164.0,30.0,344.0,533.1,14.540,14.540,14.194,,-3.154,,-0.000,,2.27,0.00,347.5,347.5,,P-GPS,,,18,4,TRUE,,Mini 4 Pro,,,,,,FALSE,TRUE,,,,,,,,,,,,,,,,,,,,,,,,,,,,,,,,,,,,,,,,,,,,,,,,79.4,,,,8.031,,,,,,,8.143,,,,,,,,,,,,,,,,,,,,,,,,,,,,,,,,1.36280000,103.76720000,533.1,,,,,,,,,,,,,,,,,,,,,,,,,,,,Mini 4 Pro,SYNPBEP9TBJNPGFDD,CAMCE35MXBHKSSTHD,RCSGDXPKDBDQ6GVTD,BATJEQLCDCPKHB2TP,,,,,,,,Mini 4 Pro,SYNPBEP9TBJNPGFDD,,,,DJI Fly,,1.13.5,8F3B622D-68CA-56D9-A81E-F7EE06B8FE14,,,,,,,,,,
1773848513,0m 53.0s,53.0,1.36428366,103.76687020,164.0,164.0,30.0,344.0,554.5,14.540,14.540,14.194,,-3.154,,-0.000,,2.27,0.00,347.5,347.5,,P-GPS,,,18,4,TRUE,,Mini 4 Pro,,,,,,FALSE,TRUE,,,,,,,,,,,,,,,,,,,,,,,,,,,,,,,,,,,,,,,,,,,,,,,,79.4,,,,8.030,,,,,,,8.143,,,,,,,,,,,,,,,,,,,,,,,,,,,,,,,,1.36280000,103.76720000,554.5,,,,,,,,,,,,,,,,,,,,,,,,,,,,Mini 4 Pro,SYNPBEP9TBJNPGFDD,CAMCE35MXBHKSSTHD,RCSGDXPKDBDQ6GVTD,BATJEQLCDCPKHB2TP,,,,,,,,Mini 4 Pro,SYNPBEP9TBJNPGFDD,,,,DJI Fly,,1.13.5,8F3B622D-68CA-56D9-A81E-F7EE06B8FE14,,,,,,,,,,
1773848514,0m 54.0s,54.0,1.36434073,103.76685752,164.0,164.0,30.0,344.0,575.8,14.540,14.540,14.194,,-3.154,,-0.000,,2.27,0.00,347.5,347.5,,P-GPS,,,18,4,TRUE,,Mini 4 Pro,,,,,,FALSE,TRUE,,,,,,,,,,,,,,,,,,,,,,,,,,,,,,,,,,,,,,,,,,,,,,,,79.3,,,,8.029,,,,,,,8.143,,,,,,,,,,,,,,,,,,,,,,,,,,,,,,,,1.36280000,103.76720000,575.8,,,,,,,,,,,,,,,,,,,,,,,,,,,,Mini 4 Pro,SYNPBEP9TBJNPGFDD,CAMCE35MXBHKSSTHD,RCSGDXPKDBDQ6GVTD,BATJEQLCDCPKHB2TP,,,,,,,,Mini 4 Pro,SYNPBEP9TBJNPGFDD,,,,DJI Fly,,1.13.5,8F3B622D-68CA-56D9-A81E-F7EE06B8FE14,,,,,,,,,,
1773848515,0m 55.0s,55.0,1.36439779,103.76684484,164.0,164.0,30.0,344.0,597.1,14.540,14.540,14.194,,-3.154,,-0.000,,2.27,0.00,347.5,347.5,,P-GPS,,,18,4,TRUE,,Mini 4 Pro,,,,,,FALSE,TRUE,,,,,,,,,,,,,,,,,,,,,,,,,,,,,,,,,,,,,,,,,,,,,,,,79.3,,,,8.029,,,,,,,8.143,,,,,,,,,,,,,,,,,,,,,,,,,,,,,,,,1.36280000,103.76720000,597.1,,,,,,,,,,,,,,,,,,,,,,,,,,,,Mini 4 Pro,SYNPBEP9TBJNPGFDD,CAMCE35MXBHKSSTHD,RCSGDXPKDBDQ6GVTD,BATJEQLCDCPKHB2TP,,,,,,,,Mini 4 Pro,SYNPBEP9TBJNPGFDD,,,,DJI Fly,,1.13.5,8F3B622D-68CA-56D9-A81E-F7EE06B8FE14,,,,,,,,,,
1773848516,0m 56.0s,56.0,1.36441878,103.76684017,164.0,164.0,30.0,344.0,605.0,5.348,14.540,5.221,,-1.160,,-0.000,,0.84,0.00,347.5,347.5,,P-GPS,,,18,4,TRUE,,Mini 4 Pro,,,,,,FALSE,TRUE,,,,,,,,,,,,,,,,,,,,,,,,,,,,,,,,,,,,,,,,,,,,,,,,79.2,,,,8.028,,,,,,,5.883,,,,,,,,,,,,,,,,,,,,,,,,,,,,,,,,1.36280000,103.76720000,605.0,,,,,,,,,,,,,,,,,,,,,,,,,,,,Mini 4 Pro,SYNPBEP9TBJNPGFDD,CAMCE35MXBHKSSTHD,RCSGDXPKDBDQ6GVTD,BATJEQLCDCPKHB2TP,,,,,,,,Mini 4 Pro,SYNPBEP9TBJNPGFDD,,,,DJI Fly,,1.13.5,8F3B622D-68CA-56D9-A81E-F7EE06B8FE14,,,,,,,,,,
1773848517,0m 57.0s,57.0,1.36441878,103.76684017,164.0,164.0,30.0,344.0,605.0,0.000,14.540,0.000,,0.000,,-0.000,,0.00,0.00,347.5,347.5,,P-GPS,,,18,4,TRUE,,Mini 4 Pro,,,,,,FALSE,TRUE,,,,,,,,,,,,,,,,,,,,,,,,,,,,,,,,,,,,,,,,,,,,,,,,79.2,,,,8.027,,,,,,,4.568,,,,,,,,,,,,,,,,,,,,,,,,,,,,,,,,1.36280000,103.76720000,605.0,,,,,,,,,,,,,,,,,,,,,,,,,,,,Mini 4 Pro,SYNPBEP9TBJNPGFDD,CAMCE35MXBHKSSTHD,RCSGDXPKDBDQ6GVTD,BATJEQLCDCPKHB2TP,,,,,,,,Mini 4 Pro,SYNPBEP9TBJNPGFDD,,,,DJI Fly,,1.13.5,8F3B622D-68CA-56D9-A81E-F7EE06B8FE14,,,,,,,,,,
1773848518,0m 58.0s,58.0,1.36446316,103.76680212,164.0,164.0,30.0,344.0,626.3,14.540,14.540,11.040,,-9.463,,-0.000,,2.27,-25.00,319.4,319.4,,P-GPS,,,18,4,TRUE,,Mini 4 Pro,,,,,,FALSE,TRUE,,,,,,,,,,,,,,,,,,,,,,,,,,,,,,,,,,,,,,,,,,,,,,,,79.1,,,,8.026,,,,,,,8.143,,,,,,,,,,,,,,,,,,,,,,,,,,,,,,,,1.36280000,103.76720000,623.9,,,,,,,,,,,,,,,,,,,,,,,,,,,,Mini 4 Pro,SYNPBEP9TBJNPGFDD,CAMCE35MXBHKSSTHD,RCSGDXPKDBDQ6GVTD,BATJEQLCDCPKHB2TP,,,,,,,,Mini 4 Pro,SYNPBEP9TBJNPGFDD,,,,DJI Fly,,1.13.5,8F3B622D-68CA-56D9-A81E-F7EE06B8FE14,,,,,,,,,,
1773848519,0m 59.0s,59.0,1.36450754,103.76676406,164.0,164.0,30.0,344.0,647.6,14.540,14.540,11.040,,-9.463,,-0.000,,2.27,0.00,319.4,319.4,,P-GPS,,,18,4,TRUE,,Mini 4 Pro,,,,,,FALSE,TRUE,,,,,,,,,,,,,,,,,,,,,,,,,,,,,,,,,,,,,,,,,,,,,,,,79.1,,,,8.026,,,,,,,8.143,,,,,,,,,,,,,,,,,,,,,,,,,,,,,,,,1.36280000,103.76720000,642.9,,,,,,,,,,,,,,,,,,,,,,,,,,,,Mini 4 Pro,SYNPBEP9TBJNPGFDD,CAMCE35MXBHKSSTHD,RCSGDXPKDBDQ6GVTD,BATJEQLCDCPKHB2TP,,,,,,,,Mini 4 Pro,SYNPBEP9TBJNPGFDD,,,,DJI Fly,,1.13.5,8F3B622D-68CA-56D9-A81E-F7EE06B8FE14,,,,,,,,,,
1773848520,1m 0.0s,60.0,1.36455193,103.76672601,164.0,164.0,30.0,344.0,668.9,14.540,14.540,11.040,,-9.463,,-0.000,,2.27,0.00,319.4,319.4,,P-GPS,,,18,4,TRUE,,Mini 4 Pro,,,,,,FALSE,TRUE,,,,,,,,,,,,,,,,,,,,,,,,,,,,,,,,,,,,,,,,,,,,,,,,79.0,,,,8.025,,,,,,,8.143,,,,,,,,,,,,,,,,,,,,,,,,,,,,,,,,1.36280000,103.76720000,662.1,,,,,,,,,,,,,,,,,,,,,,,,,,,,Mini 4 Pro,SYNPBEP9TBJNPGFDD,CAMCE35MXBHKSSTHD,RCSGDXPKDBDQ6GVTD,BATJEQLCDCPKHB2TP,,,,,,,,Mini 4 Pro,SYNPBEP9TBJNPGFDD,,,,DJI Fly,,1.13.5,8F3B622D-68CA-56D9-A81E-F7EE06B8FE14,,,,,,,,,,
1773848521,1m 1.0s,61.0,1.36459631,103.76668796,164.0,164.0,30.0,344.0,690.3,14.540,14.540,11.040,,-9.463,,-0.000,,2.28,0.00,319.4,319.4,,P-GPS,,,18,4,TRUE,,Mini 4 Pro,,,,,,FALSE,TRUE,,,,,,,,,,,,,,,,,,,,,,,,,,,,,,,,,,,,,,,,,,,,,,,,79.0,,,,8.024,,,,,,,8.143,,,,,,,,,,,,,,,,,,,,,,,,,,,,,,,,1.36280000,103.76720000,681.4,,,,,,,,,,,,,,,,,,,,,,,,,,,,Mini 4 Pro,SYNPBEP9TBJNPGFDD,CAMCE35MXBHKSSTHD,RCSGDXPKDBDQ6GVTD,BATJEQLCDCPKHB2TP,,,,,,,,Mini 4 Pro,SYNPBEP9TBJNPGFDD,,,,DJI Fly,,1.13.5,8F3B622D-68CA-56D9-A81E-F7EE06B8FE14,,,,,,,,,,
1773848522,1m 2.0s,62.0,1.36464069,103.76664990,164.0,164.0,30.0,344.0,711.6,14.540,14.540,11.040,,-9.463,,-0.000,,2.27,0.00,319.4,319.4,,P-GPS,,,18,4,TRUE,,Mini 4 Pro,,,,,,FALSE,TRUE,,,,,,,,,,,,,,,,,,,,,,,,,,,,,,,,,,,,,,,,,,,,,,,,78.9,,,,8.023,,,,,,,8.143,,,,,,,,,,,,,,,,,,,,,,,,,,,,,,,,1.36280000,103.76720000,700.8,,,,,,,,,,,,,,,,,,,,,,,,,,,,Mini 4 Pro,SYNPBEP9TBJNPGFDD,CAMCE35MXBHKSSTHD,RCSGDXPKDBDQ6GVTD,BATJEQLCDCPKHB2TP,,,,,,,,Mini 4 Pro,SYNPBEP9TBJNPGFDD,,,,DJI Fly,,1.13.5,8F3B622D-68CA-56D9-A81E-F7EE06B8FE14,,,,,,,,,,
1773848523,1m 3.0s,63.0,1.36468508,103.76661185,164.0,164.0,30.0,344.0,732.9,14.540,14.540,11.040,,-9.463,,-0.000,,2.27,0.00,319.4,319.4,,P-GPS,,,18,4,TRUE,,Mini 4 Pro,,,,,,FALSE,TRUE,,,,,,,,,,,,,,,,,,,,,,,,,,,,,,,,,,,,,,,,,,,,,,,,78.9,,,,8.023,,,,,,,8.143,,,,,,,,,,,,,,,,,,,,,,,,,,,,,,,,1.36280000,103.76720000,720.4,,,,,,,,,,,,,,,,,,,,,,,,,,,,Mini 4 Pro,SYNPBEP9TBJNPGFDD,CAMCE35MXBHKSSTHD,RCSGDXPKDBDQ6GVTD,BATJEQLCDCPKHB2TP,,,,,,,,Mini 4 Pro,SYNPBEP9TBJNPGFDD,,,,DJI Fly,,1.13.5,8F3B622D-68CA-56D9-A81E-F7EE06B8FE14,,,,,,,,,,
1773848524,1m 4.0s,64.0,1.36472946,103.76657380,164.0,164.0,30.0,344.0,754.2,14.540,14.540,11.040,,-9.463,,-0.000,,2.27,0.00,319.4,319.4,,P-GPS,,,18,4,TRUE,,Mini 4 Pro,,,,,,FALSE,TRUE,,,,,,,,,,,,,,,,,,,,,,,,,,,,,,,,,,,,,,,,,,,,,,,,78.8,,,,8.022,,,,,,,8.143,,,,,,,,,,,,,,,,,,,,,,,,,,,,,,,,1.36280000,103.76720000,740.0,,,,,,,,,,,,,,,,,,,,,,,,,,,,Mini 4 Pro,SYNPBEP9TBJNPGFDD,CAMCE35MXBHKSSTHD,RCSGDXPKDBDQ6GVTD,BATJEQLCDCPKHB2TP,,,,,,,,Mini 4 Pro,SYNPBEP9TBJNPGFDD,,,,DJI Fly,,1.13.5,8F3B622D-68CA-56D9-A81E-F7EE06B8FE14,,,,,,,,,,
1773848525,1m 5.0s,65.0,1.36477384,103.76653574,164.0,164.0,30.0,344.0,775.6,14.540,14.540,11.040,,-9.463,,-0.000,,2.27,0.00,319.4,319.4,,P-GPS,,,18,4,TRUE,,Mini 4 Pro,,,,,,FALSE,TRUE,,,,,,,,,,,,,,,,,,,,,,,,,,,,,,,,,,,,,,,,,,,,,,,,78.8,,,,8.021,,,,,,,8.143,,,,,,,,,,,,,,,,,,,,,,,,,,,,,,,,1.36280000,103.76720000,759.7,,,,,,,,,,,,,,,,,,,,,,,,,,,,Mini 4 Pro,SYNPBEP9TBJNPGFDD,CAMCE35MXBHKSSTHD,RCSGDXPKDBDQ6GVTD,BATJEQLCDCPKHB2TP,,,,,,,,Mini 4 Pro,SYNPBEP9TBJNPGFDD,,,,DJI Fly,,1.13.5,8F3B622D-68CA-56D9-A81E-F7EE06B8FE14,,,,,,,,,,
1773848526,1m 6.0s,66.0,1.36481823,103.76649769,164.0,164.0,30.0,344.0,796.9,14.540,14.540,11.040,,-9.463,,-0.000,,2.28,0.00,319.4,319.4,,P-GPS,,,18,4,TRUE,,Mini 4 Pro,,,,,,FALSE,TRUE,,,,,,,,,,,,,,,,,,,,,,,,,,,,,,,,,,,,,,,,,,,,,,,,78.7,,,,8.020,,,,,,,8.143,,,,,,,,,,,,,,,,,,,,,,,,,,,,,,,,1.36280000,103.76720000,779.6,,,,,,,,,,,,,,,,,,,,,,,,,,,,Mini 4 Pro,SYNPBEP9TBJNPGFDD,CAMCE35MXBHKSSTHD,RCSGDXPKDBDQ6GVTD,BATJEQLCDCPKHB2TP,,,,,,,,Mini 4 Pro,SYNPBEP9TBJNPGFDD,,,,DJI Fly,,1.13.5,8F3B622D-68CA-56D9-A81E-F7EE06B8FE14,,,,,,,,,,
1773848527,1m 7.0s,67.0,1.36486261,103.76645964,164.0,164.0,30.0,344.0,818.2,14.540,14.540,11.040,,-9.463,,-0.000,,2.27,0.00,319.4,319.4,,P-GPS,,,18,4,TRUE,,Mini 4 Pro,,,,,,FALSE,TRUE,,,,,,,,,,,,,,,,,,,,,,,,,,,,,,,,,,,,,,,,,,,,,,,,78.7,,,,8.020,,,,,,,8.143,,,,,,,,,,,,,,,,,,,,,,,,,,,,,,,,1.36280000,103.76720000,799.4,,,,,,,,,,,,,,,,,,,,,,,,,,,,Mini 4 Pro,SYNPBEP9TBJNPGFDD,CAMCE35MXBHKSSTHD,RCSGDXPKDBDQ6GVTD,BATJEQLCDCPKHB2TP,,,,,,,,Mini 4 Pro,SYNPBEP9TBJNPGFDD,,,,DJI Fly,,1.13.5,8F3B622D-68CA-56D9-A81E-F7EE06B8FE14,,,,,,,,,,
1773848528,1m 8.0s,68.0,1.36490699,103.76642158,164.0,164.0,30.0,344.0,839.5,14.540,14.540,11.040,,-9.463,,-0.000,,2.27,0.00,319.4,319.4,,P-GPS,,,18,4,TRUE,,Mini 4 Pro,,,,,,FALSE,TRUE,,,,,,,,,,,,,,,,,,,,,,,,,,,,,,,,,,,,,,,,,,,,,,,,78.6,,,,8.019,,,,,,,8.143,,,,,,,,,,,,,,,,,,,,,,,,,,,,,,,,1.36280000,103.76720000,819.4,,,,,,,,,,,,,,,,,,,,,,,,,,,,Mini 4 Pro,SYNPBEP9TBJNPGFDD,CAMCE35MXBHKSSTHD,RCSGDXPKDBDQ6GVTD,BATJEQLCDCPKHB2TP,,,,,,,,Mini 4 Pro,SYNPBEP9TBJNPGFDD,,,,DJI Fly,,1.13.5,8F3B622D-68CA-56D9-A81E-F7EE06B8FE14,,,,,,,,,,
1773848529,1m 9.0s,69.0,1.36495138,103.76638353,164.0,164.0,30.0,344.0,860.9,14.540,14.540,11.040,,-9.463,,-0.000,,2.27,0.00,319.4,319.4,,P-GPS,,,18,4,TRUE,,Mini 4 Pro,,,,,,FALSE,TRUE,,,,,,,,,,,,,,,,,,,,,,,,,,,,,,,,,,,,,,,,,,,,,,,,78.6,,,,8.018,,,,,,,8.143,,,,,,,,,,,,,,,,,,,,,,,,,,,,,,,,1.36280000,103.76720000,839.4,,,,,,,,,,,,,,,,,,,,,,,,,,,,Mini 4 Pro,SYNPBEP9TBJNPGFDD,CAMCE35MXBHKSSTHD,RCSGDXPKDBDQ6GVTD,BATJEQLCDCPKHB2TP,,,,,,,,Mini 4 Pro,SYNPBEP9TBJNPGFDD,,,,DJI Fly,,1.13.5,8F3B622D-68CA-56D9-A81E-F7EE06B8FE14,,,,,,,,,,
1773848530,1m 10.0s,70.0,1.36499576,103.76634548,164.0,164.0,30.0,344.0,882.2,14.540,14.540,11.040,,-9.463,,-0.000,,2.27,0.00,319.4,319.4,,P-GPS,,,18,4,TRUE,,Mini 4 Pro,,,,,,FALSE,TRUE,,,,,,,,,,,,,,,,,,,,,,,,,,,,,,,,,,,,,,,,,,,,,,,,78.5,,,,8.017,,,,,,,8.143,,,,,,,,,,,,,,,,,,,,,,,,,,,,,,,,1.36280000,103.76720000,859.5,,,,,,,,,,,,,,,,,,,,,,,,,,,,Mini 4 Pro,SYNPBEP9TBJNPGFDD,CAMCE35MXBHKSSTHD,RCSGDXPKDBDQ6GVTD,BATJEQLCDCPKHB2TP,,,,,,,,Mini 4 Pro,SYNPBEP9TBJNPGFDD,,,,DJI Fly,,1.13.5,8F3B622D-68CA-56D9-A81E-F7EE06B8FE14,,,,,,,,,,
1773848531,1m 11.0s,71.0,1.36504014,103.76630742,164.0,164.0,30.0,344.0,903.5,14.540,14.540,11.040,,-9.463,,-0.000,,2.27,0.00,319.4,319.4,,P-GPS,,,18,4,TRUE,,Mini 4 Pro,,,,,,FALSE,TRUE,,,,,,,,,,,,,,,,,,,,,,,,,,,,,,,,,,,,,,,,,,,,,,,,78.5,,,,8.016,,,,,,,8.143,,,,,,,,,,,,,,,,,,,,,,,,,,,,,,,,1.36280000,103.76720000,879.7,,,,,,,,,,,,,,,,,,,,,,,,,,,,Mini 4 Pro,SYNPBEP9TBJNPGFDD,CAMCE35MXBHKSSTHD,RCSGDXPKDBDQ6GVTD,BATJEQLCDCPKHB2TP,,,,,,,,Mini 4 Pro,SYNPBEP9TBJNPGFDD,,,,DJI Fly,,1.13.5,8F3B622D-68CA-56D9-A81E-F7EE06B8FE14,,,,,,,,,,
1773848532,1m 12.0s,72.0,1.36508452,103.76626937,164.0,164.0,30.0,344.0,924.8,14.540,14.540,11.040,,-9.463,,-0.000,,2.28,0.00,319.4,319.4,,P-GPS,,,18,4,TRUE,,Mini 4 Pro,,,,,,FALSE,TRUE,,,,,,,,,,,,,,,,,,,,,,,,,,,,,,,,,,,,,,,,,,,,,,,,78.4,,,,8.016,,,,,,,8.143,,,,,,,,,,,,,,,,,,,,,,,,,,,,,,,,1.36280000,103.76720000,899.9,,,,,,,,,,,,,,,,,,,,,,,,,,,,Mini 4 Pro,SYNPBEP9TBJNPGFDD,CAMCE35MXBHKSSTHD,RCSGDXPKDBDQ6GVTD,BATJEQLCDCPKHB2TP,,,,,,,,Mini 4 Pro,SYNPBEP9TBJNPGFDD,,,,DJI Fly,,1.13.5,8F3B622D-68CA-56D9-A81E-F7EE06B8FE14,,,,,,,,,,
1773848533,1m 13.0s,73.0,1.36512891,103.76623132,164.0,164.0,30.0,344.0,946.2,14.540,14.540,11.040,,-9.463,,-0.000,,2.27,0.00,319.4,319.4,,P-GPS,,,18,4,TRUE,,Mini 4 Pro,,,,,,FALSE,TRUE,,,,,,,,,,,,,,,,,,,,,,,,,,,,,,,,,,,,,,,,,,,,,,,,78.4,,,,8.015,,,,,,,8.143,,,,,,,,,,,,,,,,,,,,,,,,,,,,,,,,1.36280000,103.76720000,920.1,,,,,,,,,,,,,,,,,,,,,,,,,,,,Mini 4 Pro,SYNPBEP9TBJNPGFDD,CAMCE35MXBHKSSTHD,RCSGDXPKDBDQ6GVTD,BATJEQLCDCPKHB2TP,,,,,,,,Mini 4 Pro,SYNPBEP9TBJNPGFDD,,,,DJI Fly,,1.13.5,8F3B622D-68CA-56D9-A81E-F7EE06B8FE14,,,,,,,,,,
1773848534,1m 14.0s,74.0,1.36517329,103.76619326,164.0,164.0,30.0,344.0,967.5,14.540,14.540,11.040,,-9.463,,-0.000,,2.27,0.00,319.4,319.4,,P-GPS,,,18,4,TRUE,,Mini 4 Pro,,,,,,FALSE,TRUE,,,,,,,,,,,,,,,,,,,,,,,,,,,,,,,,,,,,,,,,,,,,,,,,78.3,,,,8.014,,,,,,,8.143,,,,,,,,,,,,,,,,,,,,,,,,,,,,,,,,1.36280000,103.76720000,940.4,,,,,,,,,,,,,,,,,,,,,,,,,,,,Mini 4 Pro,SYNPBEP9TBJNPGFDD,CAMCE35MXBHKSSTHD,RCSGDXPKDBDQ6GVTD,BATJEQLCDCPKHB2TP,,,,,,,,Mini 4 Pro,SYNPBEP9TBJNPGFDD,,,,DJI Fly,,1.13.5,8F3B622D-68CA-56D9-A81E-F7EE06B8FE14,,,,,,,,,,
1773848535,1m 15.0s,75.0,1.36521767,103.76615521,164.0,164.0,30.0,344.0,988.8,14.540,14.540,11.040,,-9.463,,-0.000,,2.27,0.00,319.4,319.4,,P-GPS,,,18,4,TRUE,,Mini 4 Pro,,,,,,FALSE,TRUE,,,,,,,,,,,,,,,,,,,,,,,,,,,,,,,,,,,,,,,,,,,,,,,,78.3,,,,8.013,,,,,,,8.143,,,,,,,,,,,,,,,,,,,,,,,,,,,,,,,,1.36280000,103.76720000,960.8,,,,,,,,,,,,,,,,,,,,,,,,,,,,Mini 4 Pro,SYNPBEP9TBJNPGFDD,CAMCE35MXBHKSSTHD,RCSGDXPKDBDQ6GVTD,BATJEQLCDCPKHB2TP,,,,,,,,Mini 4 Pro,SYNPBEP9TBJNPGFDD,,,,DJI Fly,,1.13.5,8F3B622D-68CA-56D9-A81E-F7EE06B8FE14,,,,,,,,,,
1773848536,1m 16.0s,76.0,1.36526206,103.76611716,164.0,164.0,30.0,344.0,1010.1,14.540,14.540,11.040,,-9.463,,-0.000,,2.28,-0.00,319.4,319.4,,P-GPS,,,18,4,TRUE,,Mini 4 Pro,,,,,,FALSE,TRUE,,,,,,,,,,,,,,,,,,,,,,,,,,,,,,,,,,,,,,,,,,,,,,,,78.2,,,,8.013,,,,,,,8.143,,,,,,,,,,,,,,,,,,,,,,,,,,,,,,,,1.36280000,103.76720000,981.2,,,,,,,,,,,,,,,,,,,,,,,,,,,,Mini 4 Pro,SYNPBEP9TBJNPGFDD,CAMCE35MXBHKSSTHD,RCSGDXPKDBDQ6GVTD,BATJEQLCDCPKHB2TP,,,,,,,,Mini 4 Pro,SYNPBEP9TBJNPGFDD,,,,DJI Fly,,1.13.5,8F3B622D-68CA-56D9-A81E-F7EE06B8FE14,,,,,,,,,,
1773848537,1m 17.0s,77.0,1.36530644,103.76607910,164.0,164.0,30.0,344.0,1031.5,14.540,14.540,11.040,,-9.463,,-0.000,,2.27,0.00,319.4,319.4,,P-GPS,,,18,4,TRUE,,Mini 4 Pro,,,,,,FALSE,TRUE,,,,,,,,,,,,,,,,,,,,,,,,,,,,,,,,,,,,,,,,,,,,,,,,78.2,,,,8.012,,,,,,,8.143,,,,,,,,,,,,,,,,,,,,,,,,,,,,,,,,1.36280000,103.76720000,1001.6,,,,,,,,,,,,,,,,,,,,,,,,,,,,Mini 4 Pro,SYNPBEP9TBJNPGFDD,CAMCE35MXBHKSSTHD,RCSGDXPKDBDQ6GVTD,BATJEQLCDCPKHB2TP,,,,,,,,Mini 4 Pro,SYNPBEP9TBJNPGFDD,,,,DJI Fly,,1.13.5,8F3B622D-68CA-56D9-A81E-F7EE06B8FE14,,,,,,,,,,
1773848538,1m 18.0s,78.0,1.36535082,103.76604105,164.0,164.0,30.0,344.0,1052.8,14.540,14.540,11.040,,-9.463,,-0.000,,2.28,0.00,319.4,319.4,,P-GPS,,,18,4,TRUE,,Mini 4 Pro,,,,,,FALSE,TRUE,,,,,,,,,,,,,,,,,,,,,,,,,,,,,,,,,,,,,,,,,,,,,,,,78.1,,,,8.011,,,,,,,8.143,,,,,,,,,,,,,,,,,,,,,,,,,,,,,,,,1.36280000,103.76720000,1022.1,,,,,,,,,,,,,,,,,,,,,,,,,,,,Mini 4 Pro,SYNPBEP9TBJNPGFDD,CAMCE35MXBHKSSTHD,RCSGDXPKDBDQ6GVTD,BATJEQLCDCPKHB2TP,,,,,,,,Mini 4 Pro,SYNPBEP9TBJNPGFDD,,,,DJI Fly,,1.13.5,8F3B622D-68CA-56D9-A81E-F7EE06B8FE14,,,,,,,,,,
1773848539,1m 19.0s,79.0,1.36539521,103.76600300,164.0,164.0,30.0,344.0,1074.1,14.540,14.540,11.040,,-9.463,,-0.000,,2.27,0.00,319.4,319.4,,P-GPS,,,18,4,TRUE,,Mini 4 Pro,,,,,,FALSE,TRUE,,,,,,,,,,,,,,,,,,,,,,,,,,,,,,,,,,,,,,,,,,,,,,,,78.1,,,,8.010,,,,,,,8.143,,,,,,,,,,,,,,,,,,,,,,,,,,,,,,,,1.36280000,103.76720000,1042.6,,,,,,,,,,,,,,,,,,,,,,,,,,,,Mini 4 Pro,SYNPBEP9TBJNPGFDD,CAMCE35MXBHKSSTHD,RCSGDXPKDBDQ6GVTD,BATJEQLCDCPKHB2TP,,,,,,,,Mini 4 Pro,SYNPBEP9TBJNPGFDD,,,,DJI Fly,,1.13.5,8F3B622D-68CA-56D9-A81E-F7EE06B8FE14,,,,,,,,,,
1773848540,1m 20.0s,80.0,1.36543959,103.76596494,164.0,164.0,30.0,344.0,1095.4,14.540,14.540,11.040,,-9.463,,-0.000,,2.28,-0.00,319.4,319.4,,P-GPS,,,18,4,TRUE,,Mini 4 Pro,,,,,,FALSE,TRUE,,,,,,,,,,,,,,,,,,,,,,,,,,,,,,,,,,,,,,,,,,,,,,,,78.0,,,,8.010,,,,,,,8.143,,,,,,,,,,,,,,,,,,,,,,,,,,,,,,,,1.36280000,103.76720000,1063.1,,,,,,,,,,,,,,,,,,,,,,,,,,,,Mini 4 Pro,SYNPBEP9TBJNPGFDD,CAMCE35MXBHKSSTHD,RCSGDXPKDBDQ6GVTD,BATJEQLCDCPKHB2TP,,,,,,,,Mini 4 Pro,SYNPBEP9TBJNPGFDD,,,,DJI Fly,,1.13.5,8F3B622D-68CA-56D9-A81E-F7EE06B8FE14,,,,,,,,,,
1773848541,1m 21.0s,81.0,1.36548397,103.76592689,164.0,164.0,30.0,344.0,1116.8,14.540,14.540,11.040,,-9.463,,-0.000,,2.28,0.00,319.4,319.4,,P-GPS,,,18,4,TRUE,,Mini 4 Pro,,,,,,FALSE,TRUE,,,,,,,,,,,,,,,,,,,,,,,,,,,,,,,,,,,,,,,,,,,,,,,,78.0,,,,8.009,,,,,,,8.143,,,,,,,,,,,,,,,,,,,,,,,,,,,,,,,,1.36280000,103.76720000,1083.7,,,,,,,,,,,,,,,,,,,,,,,,,,,,Mini 4 Pro,SYNPBEP9TBJNPGFDD,CAMCE35MXBHKSSTHD,RCSGDXPKDBDQ6GVTD,BATJEQLCDCPKHB2TP,,,,,,,,Mini 4 Pro,SYNPBEP9TBJNPGFDD,,,,DJI Fly,,1.13.5,8F3B622D-68CA-56D9-A81E-F7EE06B8FE14,,,,,,,,,,
1773848542,1m 22.0s,82.0,1.36552835,103.76588884,164.0,164.0,30.0,344.0,1138.1,14.540,14.540,11.040,,-9.463,,-0.000,,2.28,-0.00,319.4,319.4,,P-GPS,,,18,4,TRUE,,Mini 4 Pro,,,,,,FALSE,TRUE,,,,,,,,,,,,,,,,,,,,,,,,,,,,,,,,,,,,,,,,,,,,,,,,77.9,,,,8.008,,,,,,,8.143,,,,,,,,,,,,,,,,,,,,,,,,,,,,,,,,1.36280000,103.76720000,1104.3,,,,,,,,,,,,,,,,,,,,,,,,,,,,Mini 4 Pro,SYNPBEP9TBJNPGFDD,CAMCE35MXBHKSSTHD,RCSGDXPKDBDQ6GVTD,BATJEQLCDCPKHB2TP,,,,,,,,Mini 4 Pro,SYNPBEP9TBJNPGFDD,,,,DJI Fly,,1.13.5,8F3B622D-68CA-56D9-A81E-F7EE06B8FE14,,,,,,,,,,
1773848543,1m 23.0s,83.0,1.36557274,103.76585078,164.0,164.0,30.0,344.0,1159.4,14.540,14.540,11.040,,-9.463,,-0.000,,2.28,0.00,319.4,319.4,,P-GPS,,,18,4,TRUE,,Mini 4 Pro,,,,,,FALSE,TRUE,,,,,,,,,,,,,,,,,,,,,,,,,,,,,,,,,,,,,,,,,,,,,,,,77.9,,,,8.007,,,,,,,8.143,,,,,,,,,,,,,,,,,,,,,,,,,,,,,,,,1.36280000,103.76720000,1124.9,,,,,,,,,,,,,,,,,,,,,,,,,,,,Mini 4 Pro,SYNPBEP9TBJNPGFDD,CAMCE35MXBHKSSTHD,RCSGDXPKDBDQ6GVTD,BATJEQLCDCPKHB2TP,,,,,,,,Mini 4 Pro,SYNPBEP9TBJNPGFDD,,,,DJI Fly,,1.13.5,8F3B622D-68CA-56D9-A81E-F7EE06B8FE14,,,,,,,,,,
1773848544,1m 24.0s,84.0,1.36561712,103.76581273,164.0,164.0,30.0,344.0,1180.7,14.540,14.540,11.040,,-9.463,,-0.000,,2.27,0.00,319.4,319.4,,P-GPS,,,18,4,TRUE,,Mini 4 Pro,,,,,,FALSE,TRUE,,,,,,,,,,,,,,,,,,,,,,,,,,,,,,,,,,,,,,,,,,,,,,,,77.8,,,,8.006,,,,,,,8.143,,,,,,,,,,,,,,,,,,,,,,,,,,,,,,,,1.36280000,103.76720000,1145.5,,,,,,,,,,,,,,,,,,,,,,,,,,,,Mini 4 Pro,SYNPBEP9TBJNPGFDD,CAMCE35MXBHKSSTHD,RCSGDXPKDBDQ6GVTD,BATJEQLCDCPKHB2TP,,,,,,,,Mini 4 Pro,SYNPBEP9TBJNPGFDD,,,,DJI Fly,,1.13.5,8F3B622D-68CA-56D9-A81E-F7EE06B8FE14,,,,,,,,,,
1773848545,1m 25.0s,85.0,1.36566150,103.76577468,164.0,164.0,30.0,344.0,1202.1,14.540,14.540,11.040,,-9.463,,-0.000,,2.27,-0.00,319.4,319.4,,P-GPS,,,18,4,TRUE,,Mini 4 Pro,,,,,,FALSE,TRUE,,,,,,,,,,,,,,,,,,,,,,,,,,,,,,,,,,,,,,,,,,,,,,,,77.8,,,,8.006,,,,,,,8.143,,,,,,,,,,,,,,,,,,,,,,,,,,,,,,,,1.36280000,103.76720000,1166.2,,,,,,,,,,,,,,,,,,,,,,,,,,,,Mini 4 Pro,SYNPBEP9TBJNPGFDD,CAMCE35MXBHKSSTHD,RCSGDXPKDBDQ6GVTD,BATJEQLCDCPKHB2TP,,,,,,,,Mini 4 Pro,SYNPBEP9TBJNPGFDD,,,,DJI Fly,,1.13.5,8F3B622D-68CA-56D9-A81E-F7EE06B8FE14,,,,,,,,,,
1773848546,1m 26.0s,86.0,1.36567783,103.76576068,164.0,164.0,30.0,344.0,1209.9,5.348,14.540,4.061,,-3.481,,-0.000,,0.84,0.00,319.4,319.4,,P-GPS,,,18,4,TRUE,,Mini 4 Pro,,,,,,FALSE,TRUE,,,,,,,,,,,,,,,,,,,,,,,,,,,,,,,,,,,,,,,,,,,,,,,,77.7,,,,8.005,,,,,,,5.883,,,,,,,,,,,,,,,,,,,,,,,,,,,,,,,,1.36280000,103.76720000,1173.8,,,,,,,,,,,,,,,,,,,,,,,,,,,,Mini 4 Pro,SYNPBEP9TBJNPGFDD,CAMCE35MXBHKSSTHD,RCSGDXPKDBDQ6GVTD,BATJEQLCDCPKHB2TP,,,,,,,,Mini 4 Pro,SYNPBEP9TBJNPGFDD,,,,DJI Fly,,1.13.5,8F3B622D-68CA-56D9-A81E-F7EE06B8FE14,,,,,,,,,,
1773848547,1m 27.0s,87.0,1.36567783,103.76576068,164.0,164.0,30.0,344.0,1209.9,0.000,14.540,0.000,,0.000,,-0.000,,0.00,0.00,319.4,319.4,,P-GPS,,,18,4,TRUE,,Mini 4 Pro,,,,,,FALSE,TRUE,,,,,,,,,,,,,,,,,,,,,,,,,,,,,,,,,,,,,,,,,,,,,,,,77.7,,,,8.004,,,,,,,4.568,,,,,,,,,,,,,,,,,,,,,,,,,,,,,,,,1.36280000,103.76720000,1173.8,,,,,,,,,,,,,,,,,,,,,,,,,,,,Mini 4 Pro,SYNPBEP9TBJNPGFDD,CAMCE35MXBHKSSTHD,RCSGDXPKDBDQ6GVTD,BATJEQLCDCPKHB2TP,,,,,,,,Mini 4 Pro,SYNPBEP9TBJNPGFDD,,,,DJI Fly,,1.13.5,8F3B622D-68CA-56D9-A81E-F7EE06B8FE14,,,,,,,,,,
1773848548,1m 28.0s,88.0,1.36567783,103.76576068,164.0,164.0,30.0,344.0,1209.9,0.000,14.540,0.000,,0.000,,-0.000,,0.00,0.00,319.4,319.4,,P-GPS,,,18,4,TRUE,,Mini 4 Pro,,,,,,FALSE,TRUE,,,,,,,,,,,,,,,,,,,,,,,,,,,,,,,,,,,,,,,,,,,,,,,,77.6,,,,8.003,,,,,,,4.568,,,,,,,,,,,,,,,,,,,,,,,,,,,,,,,,1.36280000,103.76720000,1173.8,,,,,,,,,,,,,,,,,,,,,,,,,,,,Mini 4 Pro,SYNPBEP9TBJNPGFDD,CAMCE35MXBHKSSTHD,RCSGDXPKDBDQ6GVTD,BATJEQLCDCPKHB2TP,,,,,,,,Mini 4 Pro,SYNPBEP9TBJNPGFDD,,,,DJI Fly,,1.13.5,8F3B622D-68CA-56D9-A81E-F7EE06B8FE14,,,,,,,,,,
1773848549,1m 29.0s,89.0,1.36567783,103.76576068,164.0,164.0,30.0,344.0,1209.9,0.000,14.540,0.000,,0.000,,-0.000,,0.00,0.00,319.4,319.4,,P-GPS,,,18,4,TRUE,,Mini 4 Pro,,,,,,FALSE,TRUE,,,,,,,,,,,,,,,,,,,,,,,,,,,,,,,,,,,,,,,,,,,,,,,,77.6,,,,8.003,,,,,,,4.568,,,,,,,,,,,,,,,,,,,,,,,,,,,,,,,,1.36280000,103.76720000,1173.8,,,,,,,,,,,,,,,,,,,,,,,,,,,,Mini 4 Pro,SYNPBEP9TBJNPGFDD,CAMCE35MXBHKSSTHD,RCSGDXPKDBDQ6GVTD,BATJEQLCDCPKHB2TP,,,,,,,,Mini 4 Pro,SYNPBEP9TBJNPGFDD,,,,DJI Fly,,1.13.5,8F3B622D-68CA-56D9-A81E-F7EE06B8FE14,,,,,,,,,,
1773848550,1m 30.0s,90.0,1.36567783,103.76576068,164.0,164.0,30.0,344.0,1209.9,0.000,14.540,0.000,,0.000,,-0.000,,0.00,0.00,319.4,319.4,,P-GPS,,,18,4,TRUE,,Mini 4 Pro,,,,,,FALSE,TRUE,,,,,,,,,,,,,,,,,,,,,,,,,,,,,,,,,,,,,,,,,,,,,,,,77.5,,,,8.002,,,,,,,4.568,,,,,,,,,,,,,,,,,,,,,,,,,,,,,,,,1.36280000,103.76720000,1173.8,,,,,,,,,,,,,,,,,,,,,,,,,,,,Mini 4 Pro,SYNPBEP9TBJNPGFDD,CAMCE35MXBHKSSTHD,RCSGDXPKDBDQ6GVTD,BATJEQLCDCPKHB2TP,,,,,,,,Mini 4 Pro,SYNPBEP9TBJNPGFDD,,,,DJI Fly,,1.13.5,8F3B622D-68CA-56D9-A81E-F7EE06B8FE14,,,,,,,,,,
1773848551,1m 31.0s,91.0,1.36567783,103.76576068,164.0,164.0,30.0,344.0,1209.9,0.000,14.540,0.000,,0.000,,-0.000,,0.00,0.00,319.4,319.4,,P-GPS,,,18,4,TRUE,,Mini 4 Pro,,,,,,FALSE,TRUE,,,,,,,,,,,,,,,,,,,,,,,,,,,,,,,,,,,,,,,,,,,,,,,,77.5,,,,8.001,,,,,,,4.568,,,,,,,,,,,,,,,,,,,,,,,,,,,,,,,,1.36280000,103.76720000,1173.8,,,,,,,,,,,,,,,,,,,,,,,,,,,,Mini 4 Pro,SYNPBEP9TBJNPGFDD,CAMCE35MXBHKSSTHD,RCSGDXPKDBDQ6GVTD,BATJEQLCDCPKHB2TP,,,,,,,,Mini 4 Pro,SYNPBEP9TBJNPGFDD,,,,DJI Fly,,1.13.5,8F3B622D-68CA-56D9-A81E-F7EE06B8FE14,,,,,,,,,,
1773848552,1m 32.0s,92.0,1.36567783,103.76576068,164.0,164.0,30.0,344.0,1209.9,0.000,14.540,0.000,,0.000,,-0.000,,0.00,0.00,319.4,319.4,,P-GPS,,,18,4,TRUE,,Mini 4 Pro,,,,,,FALSE,TRUE,,,,,,,,,,,,,,,,,,,,,,,,,,,,,,,,,,,,,,,,,,,,,,,,77.4,,,,8.000,,,,,,,4.568,,,,,,,,,,,,,,,,,,,,,,,,,,,,,,,,1.36280000,103.76720000,1173.8,,,,,,,,,,,,,,,,,,,,,,,,,,,,Mini 4 Pro,SYNPBEP9TBJNPGFDD,CAMCE35MXBHKSSTHD,RCSGDXPKDBDQ6GVTD,BATJEQLCDCPKHB2TP,,,,,,,,Mini 4 Pro,SYNPBEP9TBJNPGFDD,,,,DJI Fly,,1.13.5,8F3B622D-68CA-56D9-A81E-F7EE06B8FE14,,,,,,,,,,
1773848553,1m 33.0s,93.0,1.36567783,103.76576068,164.0,164.0,30.0,344.0,1209.9,0.000,14.540,0.000,,0.000,,-0.000,,0.00,0.00,319.4,319.4,,P-GPS,,,18,4,TRUE,,Mini 4 Pro,,,,,,FALSE,TRUE,,,,,,,,,,,,,,,,,,,,,,,,,,,,,,,,,,,,,,,,,,,,,,,,77.4,,,,8.000,,,,,,,4.568,,,,,,,,,,,,,,,,,,,,,,,,,,,,,,,,1.36280000,103.76720000,1173.8,,,,,,,,,,,,,,,,,,,,,,,,,,,,Mini 4 Pro,SYNPBEP9TBJNPGFDD,CAMCE35MXBHKSSTHD,RCSGDXPKDBDQ6GVTD,BATJEQLCDCPKHB2TP,,,,,,,,Mini 4 Pro,SYNPBEP9TBJNPGFDD,,,,DJI Fly,,1.13.5,8F3B622D-68CA-56D9-A81E-F7EE06B8FE14,,,,,,,,,,
1773848554,1m 34.0s,94.0,1.36567783,103.76576068,164.0,164.0,30.0,344.0,1209.9,0.000,14.540,0.000,,0.000,,-0.000,,0.00,0.00,319.4,319.4,,P-GPS,,,18,4,TRUE,,Mini 4 Pro,,,,,,FALSE,TRUE,,,,,,,,,,,,,,,,,,,,,,,,,,,,,,,,,,,,,,,,,,,,,,,,77.3,,,,7.999,,,,,,,4.568,,,,,,,,,,,,,,,,,,,,,,,,,,,,,,,,1.36280000,103.76720000,1173.8,,,,,,,,,,,,,,,,,,,,,,,,,,,,Mini 4 Pro,SYNPBEP9TBJNPGFDD,CAMCE35MXBHKSSTHD,RCSGDXPKDBDQ6GVTD,BATJEQLCDCPKHB2TP,,,,,,,,Mini 4 Pro,SYNPBEP9TBJNPGFDD,,,,DJI Fly,,1.13.5,8F3B622D-68CA-56D9-A81E-F7EE06B8FE14,,,,,,,,,,
1773848555,1m 35.0s,95.0,1.36567783,103.76576068,164.0,164.0,30.0,344.0,1209.9,0.000,14.540,0.000,,0.000,,-0.000,,0.00,0.00,319.4,319.4,,P-GPS,,,18,4,TRUE,,Mini 4 Pro,,,,,,FALSE,TRUE,,,,,,,,,,,,,,,,,,,,,,,,,,,,,,,,,,,,,,,,,,,,,,,,77.3,,,,7.998,,,,,,,4.568,,,,,,,,,,,,,,,,,,,,,,,,,,,,,,,,1.36280000,103.76720000,1173.8,,,,,,,,,,,,,,,,,,,,,,,,,,,,Mini 4 Pro,SYNPBEP9TBJNPGFDD,CAMCE35MXBHKSSTHD,RCSGDXPKDBDQ6GVTD,BATJEQLCDCPKHB2TP,,,,,,,,Mini 4 Pro,SYNPBEP9TBJNPGFDD,,,,DJI Fly,,1.13.5,8F3B622D-68CA-56D9-A81E-F7EE06B8FE14,,,,,,,,,,
1773848556,1m 36.0s,96.0,1.36567783,103.76576068,164.0,164.0,30.0,344.0,1209.9,0.000,14.540,0.000,,0.000,,-0.000,,0.00,0.00,319.4,319.4,,P-GPS,,,18,4,TRUE,,Mini 4 Pro,,,,,,FALSE,TRUE,,,,,,,,,,,,,,,,,,,,,,,,,,,,,,,,,,,,,,,,,,,,,,,,77.2,,,,7.997,,,,,,,4.568,,,,,,,,,,,,,,,,,,,,,,,,,,,,,,,,1.36280000,103.76720000,1173.8,,,,,,,,,,,,,,,,,,,,,,,,,,,,Mini 4 Pro,SYNPBEP9TBJNPGFDD,CAMCE35MXBHKSSTHD,RCSGDXPKDBDQ6GVTD,BATJEQLCDCPKHB2TP,,,,,,,,Mini 4 Pro,SYNPBEP9TBJNPGFDD,,,,DJI Fly,,1.13.5,8F3B622D-68CA-56D9-A81E-F7EE06B8FE14,,,,,,,,,,
1773848557,1m 37.0s,97.0,1.36567783,103.76576068,164.0,164.0,30.0,344.0,1209.9,0.000,14.540,0.000,,0.000,,-0.000,,0.00,0.00,319.4,319.4,,P-GPS,,,18,4,TRUE,,Mini 4 Pro,,,,,,FALSE,TRUE,,,,,,,,,,,,,,,,,,,,,,,,,,,,,,,,,,,,,,,,,,,,,,,,77.2,,,,7.996,,,,,,,4.568,,,,,,,,,,,,,,,,,,,,,,,,,,,,,,,,1.36280000,103.76720000,1173.8,,,,,,,,,,,,,,,,,,,,,,,,,,,,Mini 4 Pro,SYNPBEP9TBJNPGFDD,CAMCE35MXBHKSSTHD,RCSGDXPKDBDQ6GVTD,BATJEQLCDCPKHB2TP,,,,,,,,Mini 4 Pro,SYNPBEP9TBJNPGFDD,,,,DJI Fly,,1.13.5,8F3B622D-68CA-56D9-A81E-F7EE06B8FE14,,,,,,,,,,
1773848558,1m 38.0s,98.0,1.36567783,103.76576068,164.0,164.0,30.0,344.0,1209.9,0.000,14.540,0.000,,0.000,,-0.000,,0.00,0.00,319.4,319.4,,P-GPS,,,18,4,TRUE,,Mini 4 Pro,,,,,,FALSE,TRUE,,,,,,,,,,,,,,,,,,,,,,,,,,,,,,,,,,,,,,,,,,,,,,,,77.1,,,,7.996,,,,,,,4.568,,,,,,,,,,,,,,,,,,,,,,,,,,,,,,,,1.36280000,103.76720000,1173.8,,,,,,,,,,,,,,,,,,,,,,,,,,,,Mini 4 Pro,SYNPBEP9TBJNPGFDD,CAMCE35MXBHKSSTHD,RCSGDXPKDBDQ6GVTD,BATJEQLCDCPKHB2TP,,,,,,,,Mini 4 Pro,SYNPBEP9TBJNPGFDD,,,,DJI Fly,,1.13.5,8F3B622D-68CA-56D9-A81E-F7EE06B8FE14,,,,,,,,,,
1773848559,1m 39.0s,99.0,1.36567783,103.76576068,164.0,164.0,30.0,344.0,1209.9,0.000,14.540,0.000,,0.000,,-0.000,,0.00,0.00,319.4,319.4,,P-GPS,,,18,4,TRUE,,Mini 4 Pro,,,,,,FALSE,TRUE,,,,,,,,,,,,,,,,,,,,,,,,,,,,,,,,,,,,,,,,,,,,,,,,77.1,,,,7.995,,,,,,,4.568,,,,,,,,,,,,,,,,,,,,,,,,,,,,,,,,1.36280000,103.76720000,1173.8,,,,,,,,,,,,,,,,,,,,,,,,,,,,Mini 4 Pro,SYNPBEP9TBJNPGFDD,CAMCE35MXBHKSSTHD,RCSGDXPKDBDQ6GVTD,BATJEQLCDCPKHB2TP,,,,,,,,Mini 4 Pro,SYNPBEP9TBJNPGFDD,,,,DJI Fly,,1.13.5,8F3B622D-68CA-56D9-A81E-F7EE06B8FE14,,,,,,,,,,
1773848560,1m 40.0s,100.0,1.36567783,103.76576068,164.0,164.0,30.0,344.0,1209.9,0.000,14.540,0.000,,0.000,,-0.000,,0.00,0.00,319.4,319.4,,P-GPS,,,18,4,TRUE,,Mini 4 Pro,,,,,,FALSE,TRUE,,,,,,,,,,,,,,,,,,,,,,,,,,,,,,,,,,,,,,,,,,,,,,,,77.0,,,,7.994,,,,,,,4.568,,,,,,,,,,,,,,,,,,,,,,,,,,,,,,,,1.36280000,103.76720000,1173.8,,,,,,,,,,,,,,,,,,,,,,,,,,,,Mini 4 Pro,SYNPBEP9TBJNPGFDD,CAMCE35MXBHKSSTHD,RCSGDXPKDBDQ6GVTD,BATJEQLCDCPKHB2TP,,,,,,,,Mini 4 Pro,SYNPBEP9TBJNPGFDD,,,,DJI Fly,,1.13.5,8F3B622D-68CA-56D9-A81E-F7EE06B8FE14,,,,,,,,,,
1773848561,1m 41.0s,101.0,1.36567783,103.76576068,164.0,164.0,30.0,344.0,1209.9,0.000,14.540,0.000,,0.000,,-0.000,,0.00,0.00,319.4,319.4,,P-GPS,,,18,4,TRUE,,Mini 4 Pro,,,,,,FALSE,TRUE,,,,,,,,,,,,,,,,,,,,,,,,,,,,,,,,,,,,,,,,,,,,,,,,77.0,,,,7.993,,,,,,,4.568,,,,,,,,,,,,,,,,,,,,,,,,,,,,,,,,1.36280000,103.76720000,1173.8,,,,,,,,,,,,,,,,,,,,,,,,,,,,Mini 4 Pro,SYNPBEP9TBJNPGFDD,CAMCE35MXBHKSSTHD,RCSGDXPKDBDQ6GVTD,BATJEQLCDCPKHB2TP,,,,,,,,Mini 4 Pro,SYNPBEP9TBJNPGFDD,,,,DJI Fly,,1.13.5,8F3B622D-68CA-56D9-A81E-F7EE06B8FE14,,,,,,,,,,
1773848562,1m 42.0s,102.0,1.36567783,103.76576068,164.0,164.0,30.0,344.0,1209.9,0.000,14.540,0.000,,0.000,,-0.000,,0.00,0.00,319.4,319.4,,P-GPS,,,18,4,TRUE,,Mini 4 Pro,,,,,,FALSE,TRUE,,,,,,,,,,,,,,,,,,,,,,,,,,,,,,,,,,,,,,,,,,,,,,,,76.9,,,,7.993,,,,,,,4.568,,,,,,,,,,,,,,,,,,,,,,,,,,,,,,,,1.36280000,103.76720000,1173.8,,,,,,,,,,,,,,,,,,,,,,,,,,,,Mini 4 Pro,SYNPBEP9TBJNPGFDD,CAMCE35MXBHKSSTHD,RCSGDXPKDBDQ6GVTD,BATJEQLCDCPKHB2TP,,,,,,,,Mini 4 Pro,SYNPBEP9TBJNPGFDD,,,,DJI Fly,,1.13.5,8F3B622D-68CA-56D9-A81E-F7EE06B8FE14,,,,,,,,,,
1773848563,1m 43.0s,103.0,1.36567783,103.76576068,164.0,164.0,30.0,344.0,1209.9,0.000,14.540,0.000,,0.000,,-0.000,,0.00,0.00,319.4,319.4,,P-GPS,,,18,4,TRUE,,Mini 4 Pro,,,,,,FALSE,TRUE,,,,,,,,,,,,,,,,,,,,,,,,,,,,,,,,,,,,,,,,,,,,,,,,76.9,,,,7.992,,,,,,,4.568,,,,,,,,,,,,,,,,,,,,,,,,,,,,,,,,1.36280000,103.76720000,1173.8,,,,,,,,,,,,,,,,,,,,,,,,,,,,Mini 4 Pro,SYNPBEP9TBJNPGFDD,CAMCE35MXBHKSSTHD,RCSGDXPKDBDQ6GVTD,BATJEQLCDCPKHB2TP,,,,,,,,Mini 4 Pro,SYNPBEP9TBJNPGFDD,,,,DJI Fly,,1.13.5,8F3B622D-68CA-56D9-A81E-F7EE06B8FE14,,,,,,,,,,
1773848564,1m 44.0s,104.0,1.36567783,103.76576068,164.0,164.0,30.0,344.0,1209.9,0.000,14.540,0.000,,0.000,,-0.000,,0.00,0.00,319.4,319.4,,P-GPS,,,18,4,TRUE,,Mini 4 Pro,,,,,,FALSE,TRUE,,,,,,,,,,,,,,,,,,,,,,,,,,,,,,,,,,,,,,,,,,,,,,,,76.8,,,,7.991,,,,,,,4.568,,,,,,,,,,,,,,,,,,,,,,,,,,,,,,,,1.36280000,103.76720000,1173.8,,,,,,,,,,,,,,,,,,,,,,,,,,,,Mini 4 Pro,SYNPBEP9TBJNPGFDD,CAMCE35MXBHKSSTHD,RCSGDXPKDBDQ6GVTD,BATJEQLCDCPKHB2TP,,,,,,,,Mini 4 Pro,SYNPBEP9TBJNPGFDD,,,,DJI Fly,,1.13.5,8F3B622D-68CA-56D9-A81E-F7EE06B8FE14,,,,,,,,,,
1773848565,1m 45.0s,105.0,1.36567783,103.76576068,164.0,164.0,30.0,344.0,1209.9,0.000,14.540,0.000,,0.000,,-0.000,,0.00,0.00,319.4,319.4,,P-GPS,,,18,4,TRUE,,Mini 4 Pro,,,,,,FALSE,TRUE,,,,,,,,,,,,,,,,,,,,,,,,,,,,,,,,,,,,,,,,,,,,,,,,76.8,,,,7.990,,,,,,,4.568,,,,,,,,,,,,,,,,,,,,,,,,,,,,,,,,1.36280000,103.76720000,1173.8,,,,,,,,,,,,,,,,,,,,,,,,,,,,Mini 4 Pro,SYNPBEP9TBJNPGFDD,CAMCE35MXBHKSSTHD,RCSGDXPKDBDQ6GVTD,BATJEQLCDCPKHB2TP,,,,,,,,Mini 4 Pro,SYNPBEP9TBJNPGFDD,,,,DJI Fly,,1.13.5,8F3B622D-68CA-56D9-A81E-F7EE06B8FE14,,,,,,,,,,
1773848566,1m 46.0s,106.0,1.36562673,103.76573228,164.0,164.0,30.0,344.0,1231.2,14.540,14.540,-12.710,,-7.061,,-0.000,,2.27,-25.00,209.1,209.1,,P-GPS,,,18,4,TRUE,,Mini 4 Pro,,,,,,FALSE,TRUE,,,,,,,,,,,,,,,,,,,,,,,,,,,,,,,,,,,,,,,,,,,,,,,,76.7,,,,7.990,,,,,,,8.143,,,,,,,,,,,,,,,,,,,,,,,,,,,,,,,,1.36280000,103.76720000,1161.9,,,,,,,,,,,,,,,,,,,,,,,,,,,,Mini 4 Pro,SYNPBEP9TBJNPGFDD,CAMCE35MXBHKSSTHD,RCSGDXPKDBDQ6GVTD,BATJEQLCDCPKHB2TP,,,,,,,,Mini 4 Pro,SYNPBEP9TBJNPGFDD,,,,DJI Fly,,1.13.5,8F3B622D-68CA-56D9-A81E-F7EE06B8FE14,,,,,,,,,,
1773848567,1m 47.0s,107.0,1.36557563,103.76570388,164.0,164.0,30.0,344.0,1252.6,14.540,14.540,-12.710,,-7.061,,-0.000,,2.28,0.00,209.1,209.1,,P-GPS,,,18,4,TRUE,,Mini 4 Pro,,,,,,FALSE,TRUE,,,,,,,,,,,,,,,,,,,,,,,,,,,,,,,,,,,,,,,,,,,,,,,,76.7,,,,7.989,,,,,,,8.143,,,,,,,,,,,,,,,,,,,,,,,,,,,,,,,,1.36280000,103.76720000,1150.2,,,,,,,,,,,,,,,,,,,,,,,,,,,,Mini 4 Pro,SYNPBEP9TBJNPGFDD,CAMCE35MXBHKSSTHD,RCSGDXPKDBDQ6GVTD,BATJEQLCDCPKHB2TP,,,,,,,,Mini 4 Pro,SYNPBEP9TBJNPGFDD,,,,DJI Fly,,1.13.5,8F3B622D-68CA-56D9-A81E-F7EE06B8FE14,,,,,,,,,,
1773848568,1m 48.0s,108.0,1.36552453,103.76567549,164.0,164.0,30.0,344.0,1273.9,14.540,14.540,-12.710,,-7.061,,-0.000,,2.28,0.00,209.1,209.1,,P-GPS,,,18,4,TRUE,,Mini 4 Pro,,,,,,FALSE,TRUE,,,,,,,,,,,,,,,,,,,,,,,,,,,,,,,,,,,,,,,,,,,,,,,,76.6,,,,7.988,,,,,,,8.143,,,,,,,,,,,,,,,,,,,,,,,,,,,,,,,,1.36280000,103.76720000,1138.9,,,,,,,,,,,,,,,,,,,,,,,,,,,,Mini 4 Pro,SYNPBEP9TBJNPGFDD,CAMCE35MXBHKSSTHD,RCSGDXPKDBDQ6GVTD,BATJEQLCDCPKHB2TP,,,,,,,,Mini 4 Pro,SYNPBEP9TBJNPGFDD,,,,DJI Fly,,1.13.5,8F3B622D-68CA-56D9-A81E-F7EE06B8FE14,,,,,,,,,,
1773848569,1m 49.0s,109.0,1.36547343,103.76564709,164.0,164.0,30.0,344.0,1295.2,14.540,14.540,-12.710,,-7.061,,-0.000,,2.27,0.00,209.1,209.1,,P-GPS,,,18,4,TRUE,,Mini 4 Pro,,,,,,FALSE,TRUE,,,,,,,,,,,,,,,,,,,,,,,,,,,,,,,,,,,,,,,,,,,,,,,,76.6,,,,7.987,,,,,,,8.143,,,,,,,,,,,,,,,,,,,,,,,,,,,,,,,,1.36280000,103.76720000,1127.8,,,,,,,,,,,,,,,,,,,,,,,,,,,,Mini 4 Pro,SYNPBEP9TBJNPGFDD,CAMCE35MXBHKSSTHD,RCSGDXPKDBDQ6GVTD,BATJEQLCDCPKHB2TP,,,,,,,,Mini 4 Pro,SYNPBEP9TBJNPGFDD,,,,DJI Fly,,1.13.5,8F3B622D-68CA-56D9-A81E-F7EE06B8FE14,,,,,,,,,,
1773848588,2m 8.0s,128.0,1.36542233,103.76561869,164.0,164.0,30.0,344.0,1316.5,14.540,14.540,-12.710,,-7.061,,-0.000,,2.28,0.00,209.1,209.1,,P-GPS,,,18,4,TRUE,,Mini 4 Pro,,,,,,FALSE,TRUE,,,,,,,,,,,,,,,,,,,,,,,,,,,,,,,,,,,,,,,,,,,,,,,,75.7,,,,7.973,,,,,,,8.143,,,,,,,,,,,,,,,,,,,,,,,,,,,,,,,,1.36280000,103.76720000,1117.0,,,,,,,,,,,,,,,,,,,,,,,,,,,,Mini 4 Pro,SYNPBEP9TBJNPGFDD,CAMCE35MXBHKSSTHD,RCSGDXPKDBDQ6GVTD,BATJEQLCDCPKHB2TP,,,,,,,,Mini 4 Pro,SYNPBEP9TBJNPGFDD,,,,DJI Fly,,1.13.5,8F3B622D-68CA-56D9-A81E-F7EE06B8FE14,,,,,,,,,,
1773848589,2m 9.0s,129.0,1.36537123,103.76559030,164.0,164.0,30.0,344.0,1337.9,14.540,14.540,-12.710,,-7.061,,-0.000,,2.28,0.00,209.1,209.1,,P-GPS,,,18,4,TRUE,,Mini 4 Pro,,,,,,FALSE,TRUE,,,,,,,,,,,,,,,,,,,,,,,,,,,,,,,,,,,,,,,,,,,,,,,,75.6,,,,7.972,,,,,,,8.143,,,,,,,,,,,,,,,,,,,,,,,,,,,,,,,,1.36280000,103.76720000,1106.6,,,,,,,,,,,,,,,,,,,,,,,,,,,,Mini 4 Pro,SYNPBEP9TBJNPGFDD,CAMCE35MXBHKSSTHD,RCSGDXPKDBDQ6GVTD,BATJEQLCDCPKHB2TP,,,,,,,,Mini 4 Pro,SYNPBEP9TBJNPGFDD,,,,DJI Fly,,1.13.5,8F3B622D-68CA-56D9-A81E-F7EE06B8FE14,,,,,,,,,,
1773848590,2m 10.0s,130.0,1.36532013,103.76556190,164.0,164.0,30.0,344.0,1359.2,14.540,14.540,-12.710,,-7.061,,-0.000,,2.28,0.00,209.1,209.1,,P-GPS,,,18,4,TRUE,,Mini 4 Pro,,,,,,FALSE,TRUE,,,,,,,,,,,,,,,,,,,,,,,,,,,,,,,,,,,,,,,,,,,,,,,,75.6,,,,7.971,,,,,,,8.143,,,,,,,,,,,,,,,,,,,,,,,,,,,,,,,,1.36280000,103.76720000,1096.4,,,,,,,,,,,,,,,,,,,,,,,,,,,,Mini 4 Pro,SYNPBEP9TBJNPGFDD,CAMCE35MXBHKSSTHD,RCSGDXPKDBDQ6GVTD,BATJEQLCDCPKHB2TP,,,,,,,,Mini 4 Pro,SYNPBEP9TBJNPGFDD,,,,DJI Fly,,1.13.5,8F3B622D-68CA-56D9-A81E-F7EE06B8FE14,,,,,,,,,,
1773848591,2m 11.0s,131.0,1.36526903,103.76553350,164.0,164.0,30.0,344.0,1380.5,14.540,14.540,-12.710,,-7.061,,-0.000,,2.27,0.00,209.1,209.1,,P-GPS,,,18,4,TRUE,,Mini 4 Pro,,,,,,FALSE,TRUE,,,,,,,,,,,,,,,,,,,,,,,,,,,,,,,,,,,,,,,,,,,,,,,,75.5,,,,7.970,,,,,,,8.143,,,,,,,,,,,,,,,,,,,,,,,,,,,,,,,,1.36280000,103.76720000,1086.6,,,,,,,,,,,,,,,,,,,,,,,,,,,,Mini 4 Pro,SYNPBEP9TBJNPGFDD,CAMCE35MXBHKSSTHD,RCSGDXPKDBDQ6GVTD,BATJEQLCDCPKHB2TP,,,,,,,,Mini 4 Pro,SYNPBEP9TBJNPGFDD,,,,DJI Fly,,1.13.5,8F3B622D-68CA-56D9-A81E-F7EE06B8FE14,,,,,,,,,,
1773848592,2m 12.0s,132.0,1.36521793,103.76550511,164.0,164.0,30.0,344.0,1401.8,14.540,14.540,-12.710,,-7.061,,-0.000,,2.28,0.00,209.1,209.1,,P-GPS,,,18,4,TRUE,,Mini 4 Pro,,,,,,FALSE,TRUE,,,,,,,,,,,,,,,,,,,,,,,,,,,,,,,,,,,,,,,,,,,,,,,,75.5,,,,7.970,,,,,,,8.143,,,,,,,,,,,,,,,,,,,,,,,,,,,,,,,,1.36280000,103.76720000,1077.1,,,,,,,,,,,,,,,,,,,,,,,,,,,,Mini 4 Pro,SYNPBEP9TBJNPGFDD,CAMCE35MXBHKSSTHD,RCSGDXPKDBDQ6GVTD,BATJEQLCDCPKHB2TP,,,,,,,,Mini 4 Pro,SYNPBEP9TBJNPGFDD,,,,DJI Fly,,1.13.5,8F3B622D-68CA-56D9-A81E-F7EE06B8FE14,,,,,,,,,,
1773848593,2m 13.0s,133.0,1.36516683,103.76547671,164.0,164.0,30.0,344.0,1423.2,14.540,14.540,-12.710,,-7.061,,-0.000,,2.28,0.00,209.1,209.1,,P-GPS,,,18,4,TRUE,,Mini 4 Pro,,,,,,FALSE,TRUE,,,,,,,,,,,,,,,,,,,,,,,,,,,,,,,,,,,,,,,,,,,,,,,,75.4,,,,7.969,,,,,,,8.143,,,,,,,,,,,,,,,,,,,,,,,,,,,,,,,,1.36280000,103.76720000,1068.0,,,,,,,,,,,,,,,,,,,,,,,,,,,,Mini 4 Pro,SYNPBEP9TBJNPGFDD,CAMCE35MXBHKSSTHD,RCSGDXPKDBDQ6GVTD,BATJEQLCDCPKHB2TP,,,,,,,,Mini 4 Pro,SYNPBEP9TBJNPGFDD,,,,DJI Fly,,1.13.5,8F3B622D-68CA-56D9-A81E-F7EE06B8FE14,,,,,,,,,,
1773848594,2m 14.0s,134.0,1.36511573,103.76544831,164.0,164.0,30.0,344.0,1444.5,14.540,14.540,-12.710,,-7.061,,-0.000,,2.27,0.00,209.1,209.1,,P-GPS,,,18,4,TRUE,,Mini 4 Pro,,,,,,FALSE,TRUE,,,,,,,,,,,,,,,,,,,,,,,,,,,,,,,,,,,,,,,,,,,,,,,,75.4,,,,7.968,,,,,,,8.143,,,,,,,,,,,,,,,,,,,,,,,,,,,,,,,,1.36280000,103.76720000,1059.2,,,,,,,,,,,,,,,,,,,,,,,,,,,,Mini 4 Pro,SYNPBEP9TBJNPGFDD,CAMCE35MXBHKSSTHD,RCSGDXPKDBDQ6GVTD,BATJEQLCDCPKHB2TP,,,,,,,,Mini 4 Pro,SYNPBEP9TBJNPGFDD,,,,DJI Fly,,1.13.5,8F3B622D-68CA-56D9-A81E-F7EE06B8FE14,,,,,,,,,,
1773848595,2m 15.0s,135.0,1.36506463,103.76541992,164.0,164.0,30.0,344.0,1465.8,14.540,14.540,-12.710,,-7.061,,-0.000,,2.27,0.00,209.1,209.1,,P-GPS,,,18,4,TRUE,,Mini 4 Pro,,,,,,FALSE,TRUE,,,,,,,,,,,,,,,,,,,,,,,,,,,,,,,,,,,,,,,,,,,,,,,,75.3,,,,7.967,,,,,,,8.143,,,,,,,,,,,,,,,,,,,,,,,,,,,,,,,,1.36280000,103.76720000,1050.7,,,,,,,,,,,,,,,,,,,,,,,,,,,,Mini 4 Pro,SYNPBEP9TBJNPGFDD,CAMCE35MXBHKSSTHD,RCSGDXPKDBDQ6GVTD,BATJEQLCDCPKHB2TP,,,,,,,,Mini 4 Pro,SYNPBEP9TBJNPGFDD,,,,DJI Fly,,1.13.5,8F3B622D-68CA-56D9-A81E-F7EE06B8FE14,,,,,,,,,,
1773848596,2m 16.0s,136.0,1.36501353,103.76539152,164.0,164.0,30.0,344.0,1487.1,14.540,14.540,-12.710,,-7.061,,-0.000,,2.27,0.00,209.1,209.1,,P-GPS,,,18,4,TRUE,,Mini 4 Pro,,,,,,FALSE,TRUE,,,,,,,,,,,,,,,,,,,,,,,,,,,,,,,,,,,,,,,,,,,,,,,,75.3,,,,7.966,,,,,,,8.143,,,,,,,,,,,,,,,,,,,,,,,,,,,,,,,,1.36280000,103.76720000,1042.7,,,,,,,,,,,,,,,,,,,,,,,,,,,,Mini 4 Pro,SYNPBEP9TBJNPGFDD,CAMCE35MXBHKSSTHD,RCSGDXPKDBDQ6GVTD,BATJEQLCDCPKHB2TP,,,,,,,,Mini 4 Pro,SYNPBEP9TBJNPGFDD,,,,DJI Fly,,1.13.5,8F3B622D-68CA-56D9-A81E-F7EE06B8FE14,,,,,,,,,,
1773848597,2m 17.0s,137.0,1.36496243,103.76536312,164.0,164.0,30.0,344.0,1508.5,14.540,14.540,-12.710,,-7.061,,-0.000,,2.27,0.00,209.1,209.1,,P-GPS,,,18,4,TRUE,,Mini 4 Pro,,,,,,FALSE,TRUE,,,,,,,,,,,,,,,,,,,,,,,,,,,,,,,,,,,,,,,,,,,,,,,,75.2,,,,7.966,,,,,,,8.143,,,,,,,,,,,,,,,,,,,,,,,,,,,,,,,,1.36280000,103.76720000,1035.0,,,,,,,,,,,,,,,,,,,,,,,,,,,,Mini 4 Pro,SYNPBEP9TBJNPGFDD,CAMCE35MXBHKSSTHD,RCSGDXPKDBDQ6GVTD,BATJEQLCDCPKHB2TP,,,,,,,,Mini 4 Pro,SYNPBEP9TBJNPGFDD,,,,DJI Fly,,1.13.5,8F3B622D-68CA-56D9-A81E-F7EE06B8FE14,,,,,,,,,,
1773848598,2m 18.0s,138.0,1.36491133,103.76533473,164.0,164.0,30.0,344.0,1529.8,14.540,14.540,-12.710,,-7.061,,-0.000,,2.28,0.00,209.1,209.1,,P-GPS,,,18,4,TRUE,,Mini 4 Pro,,,,,,FALSE,TRUE,,,,,,,,,,,,,,,,,,,,,,,,,,,,,,,,,,,,,,,,,,,,,,,,75.2,,,,7.965,,,,,,,8.143,,,,,,,,,,,,,,,,,,,,,,,,,,,,,,,,1.36280000,103.76720000,1027.6,,,,,,,,,,,,,,,,,,,,,,,,,,,,Mini 4 Pro,SYNPBEP9TBJNPGFDD,CAMCE35MXBHKSSTHD,RCSGDXPKDBDQ6GVTD,BATJEQLCDCPKHB2TP,,,,,,,,Mini 4 Pro,SYNPBEP9TBJNPGFDD,,,,DJI Fly,,1.13.5,8F3B622D-68CA-56D9-A81E-F7EE06B8FE14,,,,,,,,,,
1773848599,2m 19.0s,139.0,1.36486023,103.76530633,164.0,164.0,30.0,344.0,1551.1,14.540,14.540,-12.710,,-7.061,,-0.000,,2.28,0.00,209.1,209.1,,P-GPS,,,18,4,TRUE,,Mini 4 Pro,,,,,,FALSE,TRUE,,,,,,,,,,,,,,,,,,,,,,,,,,,,,,,,,,,,,,,,,,,,,,,,75.1,,,,7.964,,,,,,,8.143,,,,,,,,,,,,,,,,,,,,,,,,,,,,,,,,1.36280000,103.76720000,1020.7,,,,,,,,,,,,,,,,,,,,,,,,,,,,Mini 4 Pro,SYNPBEP9TBJNPGFDD,CAMCE35MXBHKSSTHD,RCSGDXPKDBDQ6GVTD,BATJEQLCDCPKHB2TP,,,,,,,,Mini 4 Pro,SYNPBEP9TBJNPGFDD,,,,DJI Fly,,1.13.5,8F3B622D-68CA-56D9-A81E-F7EE06B8FE14,,,,,,,,,,
1773848600,2m 20.0s,140.0,1.36480914,103.76527793,164.0,164.0,30.0,344.0,1572.4,14.540,14.540,-12.710,,-7.061,,-0.000,,2.27,0.00,209.1,209.1,,P-GPS,,,18,4,TRUE,,Mini 4 Pro,,,,,,FALSE,TRUE,,,,,,,,,,,,,,,,,,,,,,,,,,,,,,,,,,,,,,,,,,,,,,,,75.1,,,,7.963,,,,,,,8.143,,,,,,,,,,,,,,,,,,,,,,,,,,,,,,,,1.36280000,103.76720000,1014.2,,,,,,,,,,,,,,,,,,,,,,,,,,,,Mini 4 Pro,SYNPBEP9TBJNPGFDD,CAMCE35MXBHKSSTHD,RCSGDXPKDBDQ6GVTD,BATJEQLCDCPKHB2TP,,,,,,,,Mini 4 Pro,SYNPBEP9TBJNPGFDD,,,,DJI Fly,,1.13.5,8F3B622D-68CA-56D9-A81E-F7EE06B8FE14,,,,,,,,,,
1773848601,2m 21.0s,141.0,1.36475804,103.76524954,164.0,164.0,30.0,344.0,1593.8,14.540,14.540,-12.710,,-7.061,,-0.000,,2.27,0.00,209.1,209.1,,P-GPS,,,18,4,TRUE,,Mini 4 Pro,,,,,,FALSE,TRUE,,,,,,,,,,,,,,,,,,,,,,,,,,,,,,,,,,,,,,,,,,,,,,,,75.0,,,,7.963,,,,,,,8.143,,,,,,,,,,,,,,,,,,,,,,,,,,,,,,,,1.36280000,103.76720000,1008.1,,,,,,,,,,,,,,,,,,,,,,,,,,,,Mini 4 Pro,SYNPBEP9TBJNPGFDD,CAMCE35MXBHKSSTHD,RCSGDXPKDBDQ6GVTD,BATJEQLCDCPKHB2TP,,,,,,,,Mini 4 Pro,SYNPBEP9TBJNPGFDD,,,,DJI Fly,,1.13.5,8F3B622D-68CA-56D9-A81E-F7EE06B8FE14,,,,,,,,,,
1773848602,2m 22.0s,142.0,1.36470694,103.76522114,164.0,164.0,30.0,344.0,1615.1,14.540,14.540,-12.710,,-7.061,,-0.000,,2.27,0.00,209.1,209.1,,P-GPS,,,18,4,TRUE,,Mini 4 Pro,,,,,,FALSE,TRUE,,,,,,,,,,,,,,,,,,,,,,,,,,,,,,,,,,,,,,,,,,,,,,,,75.0,,,,7.962,,,,,,,8.143,,,,,,,,,,,,,,,,,,,,,,,,,,,,,,,,1.36280000,103.76720000,1002.4,,,,,,,,,,,,,,,,,,,,,,,,,,,,Mini 4 Pro,SYNPBEP9TBJNPGFDD,CAMCE35MXBHKSSTHD,RCSGDXPKDBDQ6GVTD,BATJEQLCDCPKHB2TP,,,,,,,,Mini 4 Pro,SYNPBEP9TBJNPGFDD,,,,DJI Fly,,1.13.5,8F3B622D-68CA-56D9-A81E-F7EE06B8FE14,,,,,,,,,,
1773848603,2m 23.0s,143.0,1.36465584,103.76519274,164.0,164.0,30.0,344.0,1636.4,14.540,14.540,-12.710,,-7.061,,-0.000,,2.28,0.00,209.1,209.1,,P-GPS,,,18,4,TRUE,,Mini 4 Pro,,,,,,FALSE,TRUE,,,,,,,,,,,,,,,,,,,,,,,,,,,,,,,,,,,,,,,,,,,,,,,,74.9,,,,7.961,,,,,,,8.143,,,,,,,,,,,,,,,,,,,,,,,,,,,,,,,,1.36280000,103.76720000,997.1,,,,,,,,,,,,,,,,,,,,,,,,,,,,Mini 4 Pro,SYNPBEP9TBJNPGFDD,CAMCE35MXBHKSSTHD,RCSGDXPKDBDQ6GVTD,BATJEQLCDCPKHB2TP,,,,,,,,Mini 4 Pro,SYNPBEP9TBJNPGFDD,,,,DJI Fly,,1.13.5,8F3B622D-68CA-56D9-A81E-F7EE06B8FE14,,,,,,,,,,
1773848604,2m 24.0s,144.0,1.36460474,103.76516435,164.0,164.0,30.0,344.0,1657.7,14.540,14.540,-12.710,,-7.061,,-0.000,,2.27,0.00,209.1,209.1,,P-GPS,,,18,4,TRUE,,Mini 4 Pro,,,,,,FALSE,TRUE,,,,,,,,,,,,,,,,,,,,,,,,,,,,,,,,,,,,,,,,,,,,,,,,74.9,,,,7.960,,,,,,,8.143,,,,,,,,,,,,,,,,,,,,,,,,,,,,,,,,1.36280000,103.76720000,992.3,,,,,,,,,,,,,,,,,,,,,,,,,,,,Mini 4 Pro,SYNPBEP9TBJNPGFDD,CAMCE35MXBHKSSTHD,RCSGDXPKDBDQ6GVTD,BATJEQLCDCPKHB2TP,,,,,,,,Mini 4 Pro,SYNPBEP9TBJNPGFDD,,,,DJI Fly,,1.13.5,8F3B622D-68CA-56D9-A81E-F7EE06B8FE14,,,,,,,,,,
1773848605,2m 25.0s,145.0,1.36455364,103.76513595,164.0,164.0,30.0,344.0,1679.1,14.540,14.540,-12.710,,-7.061,,-0.000,,2.27,0.00,209.1,209.1,,P-GPS,,,18,4,TRUE,,Mini 4 Pro,,,,,,FALSE,TRUE,,,,,,,,,,,,,,,,,,,,,,,,,,,,,,,,,,,,,,,,,,,,,,,,74.8,,,,7.960,,,,,,,8.143,,,,,,,,,,,,,,,,,,,,,,,,,,,,,,,,1.36280000,103.76720000,987.9,,,,,,,,,,,,,,,,,,,,,,,,,,,,Mini 4 Pro,SYNPBEP9TBJNPGFDD,CAMCE35MXBHKSSTHD,RCSGDXPKDBDQ6GVTD,BATJEQLCDCPKHB2TP,,,,,,,,Mini 4 Pro,SYNPBEP9TBJNPGFDD,,,,DJI Fly,,1.13.5,8F3B622D-68CA-56D9-A81E-F7EE06B8FE14,,,,,,,,,,
1773848606,2m 26.0s,146.0,1.36450254,103.76510755,164.0,164.0,30.0,344.0,1700.4,14.540,14.540,-12.710,,-7.061,,-0.000,,2.28,0.00,209.1,209.1,,P-GPS,,,18,4,TRUE,,Mini 4 Pro,,,,,,FALSE,TRUE,,,,,,,,,,,,,,,,,,,,,,,,,,,,,,,,,,,,,,,,,,,,,,,,74.8,,,,7.959,,,,,,,8.143,,,,,,,,,,,,,,,,,,,,,,,,,,,,,,,,1.36280000,103.76720000,983.9,,,,,,,,,,,,,,,,,,,,,,,,,,,,Mini 4 Pro,SYNPBEP9TBJNPGFDD,CAMCE35MXBHKSSTHD,RCSGDXPKDBDQ6GVTD,BATJEQLCDCPKHB2TP,,,,,,,,Mini 4 Pro,SYNPBEP9TBJNPGFDD,,,,DJI Fly,,1.13.5,8F3B622D-68CA-56D9-A81E-F7EE06B8FE14,,,,,,,,,,
1773848607,2m 27.0s,147.0,1.36445144,103.76507916,164.0,164.0,30.0,344.0,1721.7,14.540,14.540,-12.710,,-7.061,,-0.000,,2.28,0.00,209.1,209.1,,P-GPS,,,18,4,TRUE,,Mini 4 Pro,,,,,,FALSE,TRUE,,,,,,,,,,,,,,,,,,,,,,,,,,,,,,,,,,,,,,,,,,,,,,,,74.7,,,,7.958,,,,,,,8.143,,,,,,,,,,,,,,,,,,,,,,,,,,,,,,,,1.36280000,103.76720000,980.4,,,,,,,,,,,,,,,,,,,,,,,,,,,,Mini 4 Pro,SYNPBEP9TBJNPGFDD,CAMCE35MXBHKSSTHD,RCSGDXPKDBDQ6GVTD,BATJEQLCDCPKHB2TP,,,,,,,,Mini 4 Pro,SYNPBEP9TBJNPGFDD,,,,DJI Fly,,1.13.5,8F3B622D-68CA-56D9-A81E-F7EE06B8FE14,,,,,,,,,,
1773848608,2m 28.0s,148.0,1.36440034,103.76505076,164.0,164.0,30.0,344.0,1743.1,14.540,14.540,-12.710,,-7.061,,-0.000,,2.27,0.00,209.1,209.1,,P-GPS,,,18,4,TRUE,,Mini 4 Pro,,,,,,FALSE,TRUE,,,,,,,,,,,,,,,,,,,,,,,,,,,,,,,,,,,,,,,,,,,,,,,,74.7,,,,7.957,,,,,,,8.143,,,,,,,,,,,,,,,,,,,,,,,,,,,,,,,,1.36280000,103.76720000,977.4,,,,,,,,,,,,,,,,,,,,,,,,,,,,Mini 4 Pro,SYNPBEP9TBJNPGFDD,CAMCE35MXBHKSSTHD,RCSGDXPKDBDQ6GVTD,BATJEQLCDCPKHB2TP,,,,,,,,Mini 4 Pro,SYNPBEP9TBJNPGFDD,,,,DJI Fly,,1.13.5,8F3B622D-68CA-56D9-A81E-F7EE06B8FE14,,,,,,,,,,
1773848609,2m 29.0s,149.0,1.36434924,103.76502236,164.0,164.0,30.0,344.0,1764.4,14.540,14.540,-12.710,,-7.061,,-0.000,,2.28,0.00,209.1,209.1,,P-GPS,,,18,4,TRUE,,Mini 4 Pro,,,,,,FALSE,TRUE,,,,,,,,,,,,,,,,,,,,,,,,,,,,,,,,,,,,,,,,,,,,,,,,74.6,,,,7.956,,,,,,,8.143,,,,,,,,,,,,,,,,,,,,,,,,,,,,,,,,1.36280000,103.76720000,974.8,,,,,,,,,,,,,,,,,,,,,,,,,,,,Mini 4 Pro,SYNPBEP9TBJNPGFDD,CAMCE35MXBHKSSTHD,RCSGDXPKDBDQ6GVTD,BATJEQLCDCPKHB2TP,,,,,,,,Mini 4 Pro,SYNPBEP9TBJNPGFDD,,,,DJI Fly,,1.13.5,8F3B622D-68CA-56D9-A81E-F7EE06B8FE14,,,,,,,,,,
1773848610,2m 30.0s,150.0,1.36429814,103.76499397,164.0,164.0,30.0,344.0,1785.7,14.540,14.540,-12.710,,-7.061,,-0.000,,2.28,0.00,209.1,209.1,,P-GPS,,,18,4,TRUE,,Mini 4 Pro,,,,,,FALSE,TRUE,,,,,,,,,,,,,,,,,,,,,,,,,,,,,,,,,,,,,,,,,,,,,,,,74.6,,,,7.956,,,,,,,8.143,,,,,,,,,,,,,,,,,,,,,,,,,,,,,,,,1.36280000,103.76720000,972.6,,,,,,,,,,,,,,,,,,,,,,,,,,,,Mini 4 Pro,SYNPBEP9TBJNPGFDD,CAMCE35MXBHKSSTHD,RCSGDXPKDBDQ6GVTD,BATJEQLCDCPKHB2TP,,,,,,,,Mini 4 Pro,SYNPBEP9TBJNPGFDD,,,,DJI Fly,,1.13.5,8F3B622D-68CA-56D9-A81E-F7EE06B8FE14,,,,,,,,,,
1773848611,2m 31.0s,151.0,1.36424704,103.76496557,164.0,164.0,30.0,344.0,1807.0,14.540,14.540,-12.710,,-7.061,,-0.000,,2.27,0.00,209.1,209.1,,P-GPS,,,18,4,TRUE,,Mini 4 Pro,,,,,,FALSE,TRUE,,,,,,,,,,,,,,,,,,,,,,,,,,,,,,,,,,,,,,,,,,,,,,,,74.5,,,,7.955,,,,,,,8.143,,,,,,,,,,,,,,,,,,,,,,,,,,,,,,,,1.36280000,103.76720000,971.0,,,,,,,,,,,,,,,,,,,,,,,,,,,,Mini 4 Pro,SYNPBEP9TBJNPGFDD,CAMCE35MXBHKSSTHD,RCSGDXPKDBDQ6GVTD,BATJEQLCDCPKHB2TP,,,,,,,,Mini 4 Pro,SYNPBEP9TBJNPGFDD,,,,DJI Fly,,1.13.5,8F3B622D-68CA-56D9-A81E-F7EE06B8FE14,,,,,,,,,,
1773848612,2m 32.0s,152.0,1.36419594,103.76493717,164.0,164.0,30.0,344.0,1828.4,14.540,14.540,-12.710,,-7.061,,-0.000,,2.27,0.00,209.1,209.1,,P-GPS,,,18,4,TRUE,,Mini 4 Pro,,,,,,FALSE,TRUE,,,,,,,,,,,,,,,,,,,,,,,,,,,,,,,,,,,,,,,,,,,,,,,,74.5,,,,7.954,,,,,,,8.143,,,,,,,,,,,,,,,,,,,,,,,,,,,,,,,,1.36280000,103.76720000,969.8,,,,,,,,,,,,,,,,,,,,,,,,,,,,Mini 4 Pro,SYNPBEP9TBJNPGFDD,CAMCE35MXBHKSSTHD,RCSGDXPKDBDQ6GVTD,BATJEQLCDCPKHB2TP,,,,,,,,Mini 4 Pro,SYNPBEP9TBJNPGFDD,,,,DJI Fly,,1.13.5,8F3B622D-68CA-56D9-A81E-F7EE06B8FE14,,,,,,,,,,
1773848613,2m 33.0s,153.0,1.36414484,103.76490878,164.0,164.0,30.0,344.0,1849.7,14.540,14.540,-12.710,,-7.061,,-0.000,,2.28,0.00,209.1,209.1,,P-GPS,,,18,4,TRUE,,Mini 4 Pro,,,,,,FALSE,TRUE,,,,,,,,,,,,,,,,,,,,,,,,,,,,,,,,,,,,,,,,,,,,,,,,74.4,,,,7.953,,,,,,,8.143,,,,,,,,,,,,,,,,,,,,,,,,,,,,,,,,1.36280000,103.76720000,969.0,,,,,,,,,,,,,,,,,,,,,,,,,,,,Mini 4 Pro,SYNPBEP9TBJNPGFDD,CAMCE35MXBHKSSTHD,RCSGDXPKDBDQ6GVTD,BATJEQLCDCPKHB2TP,,,,,,,,Mini 4 Pro,SYNPBEP9TBJNPGFDD,,,,DJI Fly,,1.13.5,8F3B622D-68CA-56D9-A81E-F7EE06B8FE14,,,,,,,,,,
1773848614,2m 34.0s,154.0,1.36409374,103.76488038,164.0,164.0,30.0,344.0,1871.0,14.540,14.540,-12.710,,-7.061,,-0.000,,2.27,0.00,209.1,209.1,,P-GPS,,,18,4,TRUE,,Mini 4 Pro,,,,,,FALSE,TRUE,,,,,,,,,,,,,,,,,,,,,,,,,,,,,,,,,,,,,,,,,,,,,,,,74.4,,,,7.953,,,,,,,8.143,,,,,,,,,,,,,,,,,,,,,,,,,,,,,,,,1.36280000,103.76720000,968.7,,,,,,,,,,,,,,,,,,,,,,,,,,,,Mini 4 Pro,SYNPBEP9TBJNPGFDD,CAMCE35MXBHKSSTHD,RCSGDXPKDBDQ6GVTD,BATJEQLCDCPKHB2TP,,,,,,,,Mini 4 Pro,SYNPBEP9TBJNPGFDD,,,,DJI Fly,,1.13.5,8F3B622D-68CA-56D9-A81E-F7EE06B8FE14,,,,,,,,,,
1773848615,2m 35.0s,155.0,1.36405905,103.76486110,164.0,164.0,30.0,344.0,1885.5,9.871,14.540,-8.629,,-4.794,,-0.000,,1.54,0.00,209.1,209.1,,P-GPS,,,18,4,TRUE,,Mini 4 Pro,,,,,,FALSE,TRUE,,,,,,,,,,,,,,,,,,,,,,,,,,,,,,,,,,,,,,,,,,,,,,,,74.3,,,,7.952,,,,,,,6.995,,,,,,,,,,,,,,,,,,,,,,,,,,,,,,,,1.36280000,103.76720000,968.8,,,,,,,,,,,,,,,,,,,,,,,,,,,,Mini 4 Pro,SYNPBEP9TBJNPGFDD,CAMCE35MXBHKSSTHD,RCSGDXPKDBDQ6GVTD,BATJEQLCDCPKHB2TP,,,,,,,,Mini 4 Pro,SYNPBEP9TBJNPGFDD,,,,DJI Fly,,1.13.5,8F3B622D-68CA-56D9-A81E-F7EE06B8FE14,,,,,,,,,,
1773848616,2m 36.0s,156.0,1.36405905,103.76486110,164.0,164.0,30.0,344.0,1885.5,0.000,14.540,0.000,,0.000,,-0.000,,0.00,0.00,209.1,209.1,,P-GPS,,,18,4,TRUE,,Mini 4 Pro,,,,,,FALSE,TRUE,,,,,,,,,,,,,,,,,,,,,,,,,,,,,,,,,,,,,,,,,,,,,,,,74.3,,,,7.951,,,,,,,4.568,,,,,,,,,,,,,,,,,,,,,,,,,,,,,,,,1.36280000,103.76720000,968.8,,,,,,,,,,,,,,,,,,,,,,,,,,,,Mini 4 Pro,SYNPBEP9TBJNPGFDD,CAMCE35MXBHKSSTHD,RCSGDXPKDBDQ6GVTD,BATJEQLCDCPKHB2TP,,,,,,,,Mini 4 Pro,SYNPBEP9TBJNPGFDD,,,,DJI Fly,,1.13.5,8F3B622D-68CA-56D9-A81E-F7EE06B8FE14,,,,,,,,,,
1773848617,2m 37.0s,157.0,1.36405905,103.76486110,164.0,164.0,30.0,344.0,1885.5,0.000,14.540,0.000,,0.000,,-0.000,,0.00,0.00,209.1,209.1,,P-GPS,,,18,4,TRUE,,Mini 4 Pro,,,,,,FALSE,TRUE,,,,,,,,,,,,,,,,,,,,,,,,,,,,,,,,,,,,,,,,,,,,,,,,74.2,,,,7.950,,,,,,,4.568,,,,,,,,,,,,,,,,,,,,,,,,,,,,,,,,1.36280000,103.76720000,968.8,,,,,,,,,,,,,,,,,,,,,,,,,,,,Mini 4 Pro,SYNPBEP9TBJNPGFDD,CAMCE35MXBHKSSTHD,RCSGDXPKDBDQ6GVTD,BATJEQLCDCPKHB2TP,,,,,,,,Mini 4 Pro,SYNPBEP9TBJNPGFDD,,,,DJI Fly,,1.13.5,8F3B622D-68CA-56D9-A81E-F7EE06B8FE14,,,,,,,,,,
1773848618,2m 38.0s,158.0,1.36403531,103.76491454,164.0,164.0,30.0,344.0,1906.8,14.540,14.540,-5.905,,13.287,,-0.000,,2.27,-25.00,114.0,114.0,,P-GPS,,,18,4,TRUE,,Mini 4 Pro,,,,,,FALSE,TRUE,,,,,,,,,,,,,,,,,,,,,,,,,,,,,,,,,,,,,,,,,,,,,,,,74.2,,,,7.950,,,,,,,8.143,,,,,,,,,,,,,,,,,,,,,,,,,,,,,,,,1.36280000,103.76720000,947.6,,,,,,,,,,,,,,,,,,,,,,,,,,,,Mini 4 Pro,SYNPBEP9TBJNPGFDD,CAMCE35MXBHKSSTHD,RCSGDXPKDBDQ6GVTD,BATJEQLCDCPKHB2TP,,,,,,,,Mini 4 Pro,SYNPBEP9TBJNPGFDD,,,,DJI Fly,,1.13.5,8F3B622D-68CA-56D9-A81E-F7EE06B8FE14,,,,,,,,,,
1773848619,2m 39.0s,159.0,1.36401157,103.76496797,164.0,164.0,30.0,344.0,1928.1,14.540,14.540,-5.905,,13.287,,-0.000,,2.27,0.00,114.0,114.0,,P-GPS,,,18,4,TRUE,,Mini 4 Pro,,,,,,FALSE,TRUE,,,,,,,,,,,,,,,,,,,,,,,,,,,,,,,,,,,,,,,,,,,,,,,,74.1,,,,7.949,,,,,,,8.143,,,,,,,,,,,,,,,,,,,,,,,,,,,,,,,,1.36280000,103.76720000,926.3,,,,,,,,,,,,,,,,,,,,,,,,,,,,Mini 4 Pro,SYNPBEP9TBJNPGFDD,CAMCE35MXBHKSSTHD,RCSGDXPKDBDQ6GVTD,BATJEQLCDCPKHB2TP,,,,,,,,Mini 4 Pro,SYNPBEP9TBJNPGFDD,,,,DJI Fly,,1.13.5,8F3B622D-68CA-56D9-A81E-F7EE06B8FE14,,,,,,,,,,
1773848620,2m 40.0s,160.0,1.36398783,103.76502140,164.0,164.0,30.0,344.0,1949.5,14.540,14.540,-5.905,,13.287,,-0.000,,2.27,0.00,114.0,114.0,,P-GPS,,,18,4,TRUE,,Mini 4 Pro,,,,,,FALSE,TRUE,,,,,,,,,,,,,,,,,,,,,,,,,,,,,,,,,,,,,,,,,,,,,,,,74.1,,,,7.948,,,,,,,8.143,,,,,,,,,,,,,,,,,,,,,,,,,,,,,,,,1.36280000,103.76720000,905.0,,,,,,,,,,,,,,,,,,,,,,,,,,,,Mini 4 Pro,SYNPBEP9TBJNPGFDD,CAMCE35MXBHKSSTHD,RCSGDXPKDBDQ6GVTD,BATJEQLCDCPKHB2TP,,,,,,,,Mini 4 Pro,SYNPBEP9TBJNPGFDD,,,,DJI Fly,,1.13.5,8F3B622D-68CA-56D9-A81E-F7EE06B8FE14,,,,,,,,,,
1773848621,2m 41.0s,161.0,1.36396409,103.76507483,164.0,164.0,30.0,344.0,1970.8,14.540,14.540,-5.905,,13.287,,-0.000,,2.27,-0.00,114.0,114.0,,P-GPS,,,18,4,TRUE,,Mini 4 Pro,,,,,,FALSE,TRUE,,,,,,,,,,,,,,,,,,,,,,,,,,,,,,,,,,,,,,,,,,,,,,,,74.0,,,,7.947,,,,,,,8.143,,,,,,,,,,,,,,,,,,,,,,,,,,,,,,,,1.36280000,103.76720000,883.8,,,,,,,,,,,,,,,,,,,,,,,,,,,,Mini 4 Pro,SYNPBEP9TBJNPGFDD,CAMCE35MXBHKSSTHD,RCSGDXPKDBDQ6GVTD,BATJEQLCDCPKHB2TP,,,,,,,,Mini 4 Pro,SYNPBEP9TBJNPGFDD,,,,DJI Fly,,1.13.5,8F3B622D-68CA-56D9-A81E-F7EE06B8FE14,,,,,,,,,,
1773848622,2m 42.0s,162.0,1.36394034,103.76512827,164.0,164.0,30.0,344.0,1992.1,14.540,14.540,-5.905,,13.287,,-0.000,,2.27,0.00,114.0,114.0,,P-GPS,,,18,4,TRUE,,Mini 4 Pro,,,,,,FALSE,TRUE,,,,,,,,,,,,,,,,,,,,,,,,,,,,,,,,,,,,,,,,,,,,,,,,74.0,,,,7.946,,,,,,,8.143,,,,,,,,,,,,,,,,,,,,,,,,,,,,,,,,1.36280000,103.76720000,862.5,,,,,,,,,,,,,,,,,,,,,,,,,,,,Mini 4 Pro,SYNPBEP9TBJNPGFDD,CAMCE35MXBHKSSTHD,RCSGDXPKDBDQ6GVTD,BATJEQLCDCPKHB2TP,,,,,,,,Mini 4 Pro,SYNPBEP9TBJNPGFDD,,,,DJI Fly,,1.13.5,8F3B622D-68CA-56D9-A81E-F7EE06B8FE14,,,,,,,,,,
1773848623,2m 43.0s,163.0,1.36391660,103.76518170,164.0,164.0,30.0,344.0,2013.4,14.540,14.540,-5.905,,13.287,,-0.000,,2.27,0.00,114.0,114.0,,P-GPS,,,18,4,TRUE,,Mini 4 Pro,,,,,,FALSE,TRUE,,,,,,,,,,,,,,,,,,,,,,,,,,,,,,,,,,,,,,,,,,,,,,,,73.9,,,,7.946,,,,,,,8.143,,,,,,,,,,,,,,,,,,,,,,,,,,,,,,,,1.36280000,103.76720000,841.3,,,,,,,,,,,,,,,,,,,,,,,,,,,,Mini 4 Pro,SYNPBEP9TBJNPGFDD,CAMCE35MXBHKSSTHD,RCSGDXPKDBDQ6GVTD,BATJEQLCDCPKHB2TP,,,,,,,,Mini 4 Pro,SYNPBEP9TBJNPGFDD,,,,DJI Fly,,1.13.5,8F3B622D-68CA-56D9-A81E-F7EE06B8FE14,,,,,,,,,,
1773848624,2m 44.0s,164.0,1.36389286,103.76523513,164.0,164.0,30.0,344.0,2034.8,14.540,14.540,-5.905,,13.287,,-0.000,,2.27,0.00,114.0,114.0,,P-GPS,,,18,4,TRUE,,Mini 4 Pro,,,,,,FALSE,TRUE,,,,,,,,,,,,,,,,,,,,,,,,,,,,,,,,,,,,,,,,,,,,,,,,73.9,,,,7.945,,,,,,,8.143,,,,,,,,,,,,,,,,,,,,,,,,,,,,,,,,1.36280000,103.76720000,820.0,,,,,,,,,,,,,,,,,,,,,,,,,,,,Mini 4 Pro,SYNPBEP9TBJNPGFDD,CAMCE35MXBHKSSTHD,RCSGDXPKDBDQ6GVTD,BATJEQLCDCPKHB2TP,,,,,,,,Mini 4 Pro,SYNPBEP9TBJNPGFDD,,,,DJI Fly,,1.13.5,8F3B622D-68CA-56D9-A81E-F7EE06B8FE14,,,,,,,,,,
1773848625,2m 45.0s,165.0,1.36386912,103.76528856,164.0,164.0,30.0,344.0,2056.1,14.540,14.540,-5.905,,13.287,,-0.000,,2.27,0.00,114.0,114.0,,P-GPS,,,18,4,TRUE,,Mini 4 Pro,,,,,,FALSE,TRUE,,,,,,,,,,,,,,,,,,,,,,,,,,,,,,,,,,,,,,,,,,,,,,,,73.8,,,,7.944,,,,,,,8.143,,,,,,,,,,,,,,,,,,,,,,,,,,,,,,,,1.36280000,103.76720000,798.8,,,,,,,,,,,,,,,,,,,,,,,,,,,,Mini 4 Pro,SYNPBEP9TBJNPGFDD,CAMCE35MXBHKSSTHD,RCSGDXPKDBDQ6GVTD,BATJEQLCDCPKHB2TP,,,,,,,,Mini 4 Pro,SYNPBEP9TBJNPGFDD,,,,DJI Fly,,1.13.5,8F3B622D-68CA-56D9-A81E-F7EE06B8FE14,,,,,,,,,,
1773848626,2m 46.0s,166.0,1.36384538,103.76534200,164.0,164.0,30.0,344.0,2077.4,14.540,14.540,-5.905,,13.287,,-0.000,,2.27,0.00,114.0,114.0,,P-GPS,,,18,4,TRUE,,Mini 4 Pro,,,,,,FALSE,TRUE,,,,,,,,,,,,,,,,,,,,,,,,,,,,,,,,,,,,,,,,,,,,,,,,73.8,,,,7.943,,,,,,,8.143,,,,,,,,,,,,,,,,,,,,,,,,,,,,,,,,1.36280000,103.76720000,777.6,,,,,,,,,,,,,,,,,,,,,,,,,,,,Mini 4 Pro,SYNPBEP9TBJNPGFDD,CAMCE35MXBHKSSTHD,RCSGDXPKDBDQ6GVTD,BATJEQLCDCPKHB2TP,,,,,,,,Mini 4 Pro,SYNPBEP9TBJNPGFDD,,,,DJI Fly,,1.13.5,8F3B622D-68CA-56D9-A81E-F7EE06B8FE14,,,,,,,,,,
1773848627,2m 47.0s,167.0,1.36382164,103.76539543,164.0,164.0,30.0,344.0,2098.7,14.540,14.540,-5.905,,13.287,,-0.000,,2.27,0.00,114.0,114.0,,P-GPS,,,18,4,TRUE,,Mini 4 Pro,,,,,,FALSE,TRUE,,,,,,,,,,,,,,,,,,,,,,,,,,,,,,,,,,,,,,,,,,,,,,,,73.7,,,,7.943,,,,,,,8.143,,,,,,,,,,,,,,,,,,,,,,,,,,,,,,,,1.36280000,103.76720000,756.3,,,,,,,,,,,,,,,,,,,,,,,,,,,,Mini 4 Pro,SYNPBEP9TBJNPGFDD,CAMCE35MXBHKSSTHD,RCSGDXPKDBDQ6GVTD,BATJEQLCDCPKHB2TP,,,,,,,,Mini 4 Pro,SYNPBEP9TBJNPGFDD,,,,DJI Fly,,1.13.5,8F3B622D-68CA-56D9-A81E-F7EE06B8FE14,,,,,,,,,,
1773848628,2m 48.0s,168.0,1.36379790,103.76544886,164.0,164.0,30.0,344.0,2120.1,14.540,14.540,-5.905,,13.287,,-0.000,,2.27,0.00,114.0,114.0,,P-GPS,,,18,4,TRUE,,Mini 4 Pro,,,,,,FALSE,TRUE,,,,,,,,,,,,,,,,,,,,,,,,,,,,,,,,,,,,,,,,,,,,,,,,73.7,,,,7.942,,,,,,,8.143,,,,,,,,,,,,,,,,,,,,,,,,,,,,,,,,1.36280000,103.76720000,735.1,,,,,,,,,,,,,,,,,,,,,,,,,,,,Mini 4 Pro,SYNPBEP9TBJNPGFDD,CAMCE35MXBHKSSTHD,RCSGDXPKDBDQ6GVTD,BATJEQLCDCPKHB2TP,,,,,,,,Mini 4 Pro,SYNPBEP9TBJNPGFDD,,,,DJI Fly,,1.13.5,8F3B622D-68CA-56D9-A81E-F7EE06B8FE14,,,,,,,,,,
1773848629,2m 49.0s,169.0,1.36377416,103.76550230,164.0,164.0,30.0,344.0,2141.4,14.540,14.540,-5.905,,13.287,,-0.000,,2.27,0.00,114.0,114.0,,P-GPS,,,18,4,TRUE,,Mini 4 Pro,,,,,,FALSE,TRUE,,,,,,,,,,,,,,,,,,,,,,,,,,,,,,,,,,,,,,,,,,,,,,,,73.6,,,,7.941,,,,,,,8.143,,,,,,,,,,,,,,,,,,,,,,,,,,,,,,,,1.36280000,103.76720000,713.9,,,,,,,,,,,,,,,,,,,,,,,,,,,,Mini 4 Pro,SYNPBEP9TBJNPGFDD,CAMCE35MXBHKSSTHD,RCSGDXPKDBDQ6GVTD,BATJEQLCDCPKHB2TP,,,,,,,,Mini 4 Pro,SYNPBEP9TBJNPGFDD,,,,DJI Fly,,1.13.5,8F3B622D-68CA-56D9-A81E-F7EE06B8FE14,,,,,,,,,,
1773848630,2m 50.0s,170.0,1.36375041,103.76555573,164.0,164.0,30.0,344.0,2162.7,14.540,14.540,-5.905,,13.287,,-0.000,,2.28,-0.00,114.0,114.0,,P-GPS,,,18,4,TRUE,,Mini 4 Pro,,,,,,FALSE,TRUE,,,,,,,,,,,,,,,,,,,,,,,,,,,,,,,,,,,,,,,,,,,,,,,,73.6,,,,7.940,,,,,,,8.143,,,,,,,,,,,,,,,,,,,,,,,,,,,,,,,,1.36280000,103.76720000,692.7,,,,,,,,,,,,,,,,,,,,,,,,,,,,Mini 4 Pro,SYNPBEP9TBJNPGFDD,CAMCE35MXBHKSSTHD,RCSGDXPKDBDQ6GVTD,BATJEQLCDCPKHB2TP,,,,,,,,Mini 4 Pro,SYNPBEP9TBJNPGFDD,,,,DJI Fly,,1.13.5,8F3B622D-68CA-56D9-A81E-F7EE06B8FE14,,,,,,,,,,
1773848631,2m 51.0s,171.0,1.36372667,103.76560916,164.0,164.0,30.0,344.0,2184.0,14.540,14.540,-5.905,,13.287,,-0.000,,2.27,0.00,114.0,114.0,,P-GPS,,,18,4,TRUE,,Mini 4 Pro,,,,,,FALSE,TRUE,,,,,,,,,,,,,,,,,,,,,,,,,,,,,,,,,,,,,,,,,,,,,,,,73.5,,,,7.940,,,,,,,8.143,,,,,,,,,,,,,,,,,,,,,,,,,,,,,,,,1.36280000,103.76720000,671.5,,,,,,,,,,,,,,,,,,,,,,,,,,,,Mini 4 Pro,SYNPBEP9TBJNPGFDD,CAMCE35MXBHKSSTHD,RCSGDXPKDBDQ6GVTD,BATJEQLCDCPKHB2TP,,,,,,,,Mini 4 Pro,SYNPBEP9TBJNPGFDD,,,,DJI Fly,,1.13.5,8F3B622D-68CA-56D9-A81E-F7EE06B8FE14,,,,,,,,,,
1773848632,2m 52.0s,172.0,1.36370293,103.76566259,164.0,164.0,30.0,344.0,2205.4,14.540,14.540,-5.905,,13.287,,-0.000,,2.28,0.00,114.0,114.0,,P-GPS,,,18,4,TRUE,,Mini 4 Pro,,,,,,FALSE,TRUE,,,,,,,,,,,,,,,,,,,,,,,,,,,,,,,,,,,,,,,,,,,,,,,,73.5,,,,7.939,,,,,,,8.143,,,,,,,,,,,,,,,,,,,,,,,,,,,,,,,,1.36280000,103.76720000,650.3,,,,,,,,,,,,,,,,,,,,,,,,,,,,Mini 4 Pro,SYNPBEP9TBJNPGFDD,CAMCE35MXBHKSSTHD,RCSGDXPKDBDQ6GVTD,BATJEQLCDCPKHB2TP,,,,,,,,Mini 4 Pro,SYNPBEP9TBJNPGFDD,,,,DJI Fly,,1.13.5,8F3B622D-68CA-56D9-A81E-F7EE06B8FE14,,,,,,,,,,
1773848633,2m 53.0s,173.0,1.36367919,103.76571603,164.0,164.0,30.0,344.0,2226.7,14.540,14.540,-5.905,,13.287,,-0.000,,2.27,0.00,114.0,114.0,,P-GPS,,,18,4,TRUE,,Mini 4 Pro,,,,,,FALSE,TRUE,,,,,,,,,,,,,,,,,,,,,,,,,,,,,,,,,,,,,,,,,,,,,,,,73.4,,,,7.938,,,,,,,8.143,,,,,,,,,,,,,,,,,,,,,,,,,,,,,,,,1.36280000,103.76720000,629.1,,,,,,,,,,,,,,,,,,,,,,,,,,,,Mini 4 Pro,SYNPBEP9TBJNPGFDD,CAMCE35MXBHKSSTHD,RCSGDXPKDBDQ6GVTD,BATJEQLCDCPKHB2TP,,,,,,,,Mini 4 Pro,SYNPBEP9TBJNPGFDD,,,,DJI Fly,,1.13.5,8F3B622D-68CA-56D9-A81E-F7EE06B8FE14,,,,,,,,,,
1773848634,2m 54.0s,174.0,1.36365545,103.76576946,164.0,164.0,30.0,344.0,2248.0,14.540,14.540,-5.905,,13.287,,-0.000,,2.28,-0.00,114.0,114.0,,P-GPS,,,18,4,TRUE,,Mini 4 Pro,,,,,,FALSE,TRUE,,,,,,,,,,,,,,,,,,,,,,,,,,,,,,,,,,,,,,,,,,,,,,,,73.4,,,,7.937,,,,,,,8.143,,,,,,,,,,,,,,,,,,,,,,,,,,,,,,,,1.36280000,103.76720000,607.9,,,,,,,,,,,,,,,,,,,,,,,,,,,,Mini 4 Pro,SYNPBEP9TBJNPGFDD,CAMCE35MXBHKSSTHD,RCSGDXPKDBDQ6GVTD,BATJEQLCDCPKHB2TP,,,,,,,,Mini 4 Pro,SYNPBEP9TBJNPGFDD,,,,DJI Fly,,1.13.5,8F3B622D-68CA-56D9-A81E-F7EE06B8FE14,,,,,,,,,,
1773848635,2m 55.0s,175.0,1.36363171,103.76582289,164.0,164.0,30.0,344.0,2269.3,14.540,14.540,-5.905,,13.287,,-0.000,,2.28,0.00,114.0,114.0,,P-GPS,,,18,4,TRUE,,Mini 4 Pro,,,,,,FALSE,TRUE,,,,,,,,,,,,,,,,,,,,,,,,,,,,,,,,,,,,,,,,,,,,,,,,73.3,,,,7.936,,,,,,,8.143,,,,,,,,,,,,,,,,,,,,,,,,,,,,,,,,1.36280000,103.76720000,586.8,,,,,,,,,,,,,,,,,,,,,,,,,,,,Mini 4 Pro,SYNPBEP9TBJNPGFDD,CAMCE35MXBHKSSTHD,RCSGDXPKDBDQ6GVTD,BATJEQLCDCPKHB2TP,,,,,,,,Mini 4 Pro,SYNPBEP9TBJNPGFDD,,,,DJI Fly,,1.13.5,8F3B622D-68CA-56D9-A81E-F7EE06B8FE14,,,,,,,,,,
1773848636,2m 56.0s,176.0,1.36360797,103.76587633,164.0,164.0,30.0,344.0,2290.7,14.540,14.540,-5.905,,13.287,,-0.000,,2.27,0.00,114.0,114.0,,P-GPS,,,18,4,TRUE,,Mini 4 Pro,,,,,,FALSE,TRUE,,,,,,,,,,,,,,,,,,,,,,,,,,,,,,,,,,,,,,,,,,,,,,,,73.3,,,,7.936,,,,,,,8.143,,,,,,,,,,,,,,,,,,,,,,,,,,,,,,,,1.36280000,103.76720000,565.6,,,,,,,,,,,,,,,,,,,,,,,,,,,,Mini 4 Pro,SYNPBEP9TBJNPGFDD,CAMCE35MXBHKSSTHD,RCSGDXPKDBDQ6GVTD,BATJEQLCDCPKHB2TP,,,,,,,,Mini 4 Pro,SYNPBEP9TBJNPGFDD,,,,DJI Fly,,1.13.5,8F3B622D-68CA-56D9-A81E-F7EE06B8FE14,,,,,,,,,,
1773848637,2m 57.0s,177.0,1.36358423,103.76592976,164.0,164.0,30.0,344.0,2312.0,14.540,14.540,-5.905,,13.287,,-0.000,,2.27,0.00,114.0,114.0,,P-GPS,,,18,4,TRUE,,Mini 4 Pro,,,,,,FALSE,TRUE,,,,,,,,,,,,,,,,,,,,,,,,,,,,,,,,,,,,,,,,,,,,,,,,73.2,,,,7.935,,,,,,,8.143,,,,,,,,,,,,,,,,,,,,,,,,,,,,,,,,1.36280000,103.76720000,544.5,,,,,,,,,,,,,,,,,,,,,,,,,,,,Mini 4 Pro,SYNPBEP9TBJNPGFDD,CAMCE35MXBHKSSTHD,RCSGDXPKDBDQ6GVTD,BATJEQLCDCPKHB2TP,,,,,,,,Mini 4 Pro,SYNPBEP9TBJNPGFDD,,,,DJI Fly,,1.13.5,8F3B622D-68CA-56D9-A81E-F7EE06B8FE14,,,,,,,,,,
1773848638,2m 58.0s,178.0,1.36356049,103.76598319,164.0,164.0,30.0,344.0,2333.3,14.540,14.540,-5.905,,13.287,,-0.000,,2.28,-0.00,114.0,114.0,,P-GPS,,,18,4,TRUE,,Mini 4 Pro,,,,,,FALSE,TRUE,,,,,,,,,,,,,,,,,,,,,,,,,,,,,,,,,,,,,,,,,,,,,,,,73.2,,,,7.934,,,,,,,8.143,,,,,,,,,,,,,,,,,,,,,,,,,,,,,,,,1.36280000,103.76720000,523.4,,,,,,,,,,,,,,,,,,,,,,,,,,,,Mini 4 Pro,SYNPBEP9TBJNPGFDD,CAMCE35MXBHKSSTHD,RCSGDXPKDBDQ6GVTD,BATJEQLCDCPKHB2TP,,,,,,,,Mini 4 Pro,SYNPBEP9TBJNPGFDD,,,,DJI Fly,,1.13.5,8F3B622D-68CA-56D9-A81E-F7EE06B8FE14,,,,,,,,,,
1773848639,2m 59.0s,179.0,1.36353674,103.76603662,164.0,164.0,30.0,344.0,2354.6,14.540,14.540,-5.905,,13.287,,-0.000,,2.28,0.00,114.0,114.0,,P-GPS,,,18,4,TRUE,,Mini 4 Pro,,,,,,FALSE,TRUE,,,,,,,,,,,,,,,,,,,,,,,,,,,,,,,,,,,,,,,,,,,,,,,,73.1,,,,7.933,,,,,,,8.143,,,,,,,,,,,,,,,,,,,,,,,,,,,,,,,,1.36280000,103.76720000,502.3,,,,,,,,,,,,,,,,,,,,,,,,,,,,Mini 4 Pro,SYNPBEP9TBJNPGFDD,CAMCE35MXBHKSSTHD,RCSGDXPKDBDQ6GVTD,BATJEQLCDCPKHB2TP,,,,,,,,Mini 4 Pro,SYNPBEP9TBJNPGFDD,,,,DJI Fly,,1.13.5,8F3B622D-68CA-56D9-A81E-F7EE06B8FE14,,,,,,,,,,
1773848640,3m 0.0s,180.0,1.36351300,103.76609006,164.0,164.0,30.0,344.0,2376.0,14.540,14.540,-5.905,,13.287,,-0.000,,2.27,0.00,114.0,114.0,,P-GPS,,,18,4,TRUE,,Mini 4 Pro,,,,,,FALSE,TRUE,,,,,,,,,,,,,,,,,,,,,,,,,,,,,,,,,,,,,,,,,,,,,,,,73.1,,,,7.933,,,,,,,8.143,,,,,,,,,,,,,,,,,,,,,,,,,,,,,,,,1.36280000,103.76720000,481.2,,,,,,,,,,,,,,,,,,,,,,,,,,,,Mini 4 Pro,SYNPBEP9TBJNPGFDD,CAMCE35MXBHKSSTHD,RCSGDXPKDBDQ6GVTD,BATJEQLCDCPKHB2TP,,,,,,,,Mini 4 Pro,SYNPBEP9TBJNPGFDD,,,,DJI Fly,,1.13.5,8F3B622D-68CA-56D9-A81E-F7EE06B8FE14,,,,,,,,,,
1773848641,3m 1.0s,181.0,1.36348926,103.76614349,164.0,164.0,30.0,344.0,2397.3,14.540,14.540,-5.905,,13.287,,-0.000,,2.27,0.00,114.0,114.0,,P-GPS,,,18,4,TRUE,,Mini 4 Pro,,,,,,FALSE,TRUE,,,,,,,,,,,,,,,,,,,,,,,,,,,,,,,,,,,,,,,,,,,,,,,,73.0,,,,7.932,,,,,,,8.143,,,,,,,,,,,,,,,,,,,,,,,,,,,,,,,,1.36280000,103.76720000,460.1,,,,,,,,,,,,,,,,,,,,,,,,,,,,Mini 4 Pro,SYNPBEP9TBJNPGFDD,CAMCE35MXBHKSSTHD,RCSGDXPKDBDQ6GVTD,BATJEQLCDCPKHB2TP,,,,,,,,Mini 4 Pro,SYNPBEP9TBJNPGFDD,,,,DJI Fly,,1.13.5,8F3B622D-68CA-56D9-A81E-F7EE06B8FE14,,,,,,,,,,
1773848642,3m 2.0s,182.0,1.36346552,103.76619692,164.0,164.0,30.0,344.0,2418.6,14.540,14.540,-5.905,,13.287,,-0.000,,2.27,-0.00,114.0,114.0,,P-GPS,,,18,4,TRUE,,Mini 4 Pro,,,,,,FALSE,TRUE,,,,,,,,,,,,,,,,,,,,,,,,,,,,,,,,,,,,,,,,,,,,,,,,73.0,,,,7.931,,,,,,,8.143,,,,,,,,,,,,,,,,,,,,,,,,,,,,,,,,1.36280000,103.76720000,439.1,,,,,,,,,,,,,,,,,,,,,,,,,,,,Mini 4 Pro,SYNPBEP9TBJNPGFDD,CAMCE35MXBHKSSTHD,RCSGDXPKDBDQ6GVTD,BATJEQLCDCPKHB2TP,,,,,,,,Mini 4 Pro,SYNPBEP9TBJNPGFDD,,,,DJI Fly,,1.13.5,8F3B622D-68CA-56D9-A81E-F7EE06B8FE14,,,,,,,,,,
1773848643,3m 3.0s,183.0,1.36344178,103.76625035,164.0,164.0,30.0,344.0,2439.9,14.540,14.540,-5.905,,13.287,,-0.000,,2.27,0.00,114.0,114.0,,P-GPS,,,18,4,TRUE,,Mini 4 Pro,,,,,,FALSE,TRUE,,,,,,,,,,,,,,,,,,,,,,,,,,,,,,,,,,,,,,,,,,,,,,,,72.9,,,,7.930,,,,,,,8.143,,,,,,,,,,,,,,,,,,,,,,,,,,,,,,,,1.36280000,103.76720000,418.1,,,,,,,,,,,,,,,,,,,,,,,,,,,,Mini 4 Pro,SYNPBEP9TBJNPGFDD,CAMCE35MXBHKSSTHD,RCSGDXPKDBDQ6GVTD,BATJEQLCDCPKHB2TP,,,,,,,,Mini 4 Pro,SYNPBEP9TBJNPGFDD,,,,DJI Fly,,1.13.5,8F3B622D-68CA-56D9-A81E-F7EE06B8FE14,,,,,,,,,,
1773848644,3m 4.0s,184.0,1.36341804,103.76630379,164.0,164.0,30.0,344.0,2461.3,14.540,14.540,-5.905,,13.287,,-0.000,,2.28,-0.00,114.0,114.0,,P-GPS,,,18,4,TRUE,,Mini 4 Pro,,,,,,FALSE,TRUE,,,,,,,,,,,,,,,,,,,,,,,,,,,,,,,,,,,,,,,,,,,,,,,,72.9,,,,7.930,,,,,,,8.143,,,,,,,,,,,,,,,,,,,,,,,,,,,,,,,,1.36280000,103.76720000,397.1,,,,,,,,,,,,,,,,,,,,,,,,,,,,Mini 4 Pro,SYNPBEP9TBJNPGFDD,CAMCE35MXBHKSSTHD,RCSGDXPKDBDQ6GVTD,BATJEQLCDCPKHB2TP,,,,,,,,Mini 4 Pro,SYNPBEP9TBJNPGFDD,,,,DJI Fly,,1.13.5,8F3B622D-68CA-56D9-A81E-F7EE06B8FE14,,,,,,,,,,
1773848645,3m 5.0s,185.0,1.36339430,103.76635722,164.0,164.0,30.0,344.0,2482.6,14.540,14.540,-5.905,,13.287,,-0.000,,2.27,0.00,114.0,114.0,,P-GPS,,,18,4,TRUE,,Mini 4 Pro,,,,,,FALSE,TRUE,,,,,,,,,,,,,,,,,,,,,,,,,,,,,,,,,,,,,,,,,,,,,,,,72.8,,,,7.929,,,,,,,8.143,,,,,,,,,,,,,,,,,,,,,,,,,,,,,,,,1.36280000,103.76720000,376.1,,,,,,,,,,,,,,,,,,,,,,,,,,,,Mini 4 Pro,SYNPBEP9TBJNPGFDD,CAMCE35MXBHKSSTHD,RCSGDXPKDBDQ6GVTD,BATJEQLCDCPKHB2TP,,,,,,,,Mini 4 Pro,SYNPBEP9TBJNPGFDD,,,,DJI Fly,,1.13.5,8F3B622D-68CA-56D9-A81E-F7EE06B8FE14,,,,,,,,,,
1773848646,3m 6.0s,186.0,1.36337056,103.76641065,164.0,164.0,30.0,344.0,2503.9,14.540,14.540,-5.905,,13.287,,-0.000,,2.27,-0.00,114.0,114.0,,P-GPS,,,18,4,TRUE,,Mini 4 Pro,,,,,,FALSE,TRUE,,,,,,,,,,,,,,,,,,,,,,,,,,,,,,,,,,,,,,,,,,,,,,,,72.8,,,,7.928,,,,,,,8.143,,,,,,,,,,,,,,,,,,,,,,,,,,,,,,,,1.36280000,103.76720000,355.2,,,,,,,,,,,,,,,,,,,,,,,,,,,,Mini 4 Pro,SYNPBEP9TBJNPGFDD,CAMCE35MXBHKSSTHD,RCSGDXPKDBDQ6GVTD,BATJEQLCDCPKHB2TP,,,,,,,,Mini 4 Pro,SYNPBEP9TBJNPGFDD,,,,DJI Fly,,1.13.5,8F3B622D-68CA-56D9-A81E-F7EE06B8FE14,,,,,,,,,,
1773848647,3m 7.0s,187.0,1.36334681,103.76646409,164.0,164.0,30.0,344.0,2525.2,14.540,14.540,-5.905,,13.287,,-0.000,,2.28,0.00,114.0,114.0,,P-GPS,,,18,4,TRUE,,Mini 4 Pro,,,,,,FALSE,TRUE,,,,,,,,,,,,,,,,,,,,,,,,,,,,,,,,,,,,,,,,,,,,,,,,72.7,,,,7.927,,,,,,,8.143,,,,,,,,,,,,,,,,,,,,,,,,,,,,,,,,1.36280000,103.76720000,334.4,,,,,,,,,,,,,,,,,,,,,,,,,,,,Mini 4 Pro,SYNPBEP9TBJNPGFDD,CAMCE35MXBHKSSTHD,RCSGDXPKDBDQ6GVTD,BATJEQLCDCPKHB2TP,,,,,,,,Mini 4 Pro,SYNPBEP9TBJNPGFDD,,,,DJI Fly,,1.13.5,8F3B622D-68CA-56D9-A81E-F7EE06B8FE14,,,,,,,,,,
1773848648,3m 8.0s,188.0,1.36333959,103.76648034,164.0,164.0,30.0,344.0,2531.7,4.423,14.540,-1.796,,4.042,,-0.000,,0.69,-0.00,114.0,114.0,,P-GPS,,,18,4,TRUE,,Mini 4 Pro,,,,,,FALSE,TRUE,,,,,,,,,,,,,,,,,,,,,,,,,,,,,,,,,,,,,,,,,,,,,,,,72.7,,,,7.927,,,,,,,5.655,,,,,,,,,,,,,,,,,,,,,,,,,,,,,,,,1.36280000,103.76720000,328.1,,,,,,,,,,,,,,,,,,,,,,,,,,,,Mini 4 Pro,SYNPBEP9TBJNPGFDD,CAMCE35MXBHKSSTHD,RCSGDXPKDBDQ6GVTD,BATJEQLCDCPKHB2TP,,,,,,,,Mini 4 Pro,SYNPBEP9TBJNPGFDD,,,,DJI Fly,,1.13.5,8F3B622D-68CA-56D9-A81E-F7EE06B8FE14,,,,,,,,,,
1773848649,3m 9.0s,189.0,1.36333959,103.76648034,164.0,164.0,30.0,344.0,2531.7,0.000,14.540,0.000,,0.000,,-0.000,,0.00,0.00,114.0,114.0,,P-GPS,,,18,4,TRUE,,Mini 4 Pro,,,,,,FALSE,TRUE,,,,,,,,,,,,,,,,,,,,,,,,,,,,,,,,,,,,,,,,,,,,,,,,72.6,,,,7.926,,,,,,,4.568,,,,,,,,,,,,,,,,,,,,,,,,,,,,,,,,1.36280000,103.76720000,328.1,,,,,,,,,,,,,,,,,,,,,,,,,,,,Mini 4 Pro,SYNPBEP9TBJNPGFDD,CAMCE35MXBHKSSTHD,RCSGDXPKDBDQ6GVTD,BATJEQLCDCPKHB2TP,,,,,,,,Mini 4 Pro,SYNPBEP9TBJNPGFDD,,,,DJI Fly,,1.13.5,8F3B622D-68CA-56D9-A81E-F7EE06B8FE14,,,,,,,,,,
1773848650,3m 10.0s,190.0,1.36330722,103.76652352,164.0,164.0,30.0,344.0,2551.4,13.422,14.540,-8.053,,10.737,,-0.000,,2.10,23.23,126.9,126.9,,SMART_RTH,,,18,4,TRUE,,Mini 4 Pro,,,,,,FALSE,TRUE,,,,,,,,,,,,,,,,,,,,,,,,,,,,,,,,,,,,,,,,,,,,,,,,72.6,,,,7.925,,,,,,,7.868,,,,,,,,,,,,,,,,,,,,,,,,,,,,,,,,1.36280000,103.76720000,308.4,,,,,,,,,,,,,,,,,,,,,,,,,,,,Mini 4 Pro,SYNPBEP9TBJNPGFDD,CAMCE35MXBHKSSTHD,RCSGDXPKDBDQ6GVTD,BATJEQLCDCPKHB2TP,,,,,,,,Mini 4 Pro,SYNPBEP9TBJNPGFDD,,,,DJI Fly,,1.13.5,8F3B622D-68CA-56D9-A81E-F7EE06B8FE14,,,,,,,,,,
1773848651,3m 11.0s,191.0,1.36327484,103.76656670,164.0,164.0,30.0,344.0,2571.1,13.422,14.540,-8.053,,10.737,,-0.000,,2.10,0.00,126.9,126.9,,SMART_RTH,,,18,4,TRUE,,Mini 4 Pro,,,,,,FALSE,TRUE,,,,,,,,,,,,,,,,,,,,,,,,,,,,,,,,,,,,,,,,,,,,,,,,72.5,,,,7.924,,,,,,,7.868,,,,,,,,,,,,,,,,,,,,,,,,,,,,,,,,1.36280000,103.76720000,288.7,,,,,,,,,,,,,,,,,,,,,,,,,,,,Mini 4 Pro,SYNPBEP9TBJNPGFDD,CAMCE35MXBHKSSTHD,RCSGDXPKDBDQ6GVTD,BATJEQLCDCPKHB2TP,,,,,,,,Mini 4 Pro,SYNPBEP9TBJNPGFDD,,,,DJI Fly,,1.13.5,8F3B622D-68CA-56D9-A81E-F7EE06B8FE14,,,,,,,,,,
1773848652,3m 12.0s,192.0,1.36324247,103.76660988,164.0,164.0,30.0,344.0,2590.8,13.422,14.540,-8.053,,10.737,,-0.000,,2.10,0.00,126.9,126.9,,SMART_RTH,,,18,4,TRUE,,Mini 4 Pro,,,,,,FALSE,TRUE,,,,,,,,,,,,,,,,,,,,,,,,,,,,,,,,,,,,,,,,,,,,,,,,72.5,,,,7.923,,,,,,,7.868,,,,,,,,,,,,,,,,,,,,,,,,,,,,,,,,1.36280000,103.76720000,269.0,,,,,,,,,,,,,,,,,,,,,,,,,,,,Mini 4 Pro,SYNPBEP9TBJNPGFDD,CAMCE35MXBHKSSTHD,RCSGDXPKDBDQ6GVTD,BATJEQLCDCPKHB2TP,,,,,,,,Mini 4 Pro,SYNPBEP9TBJNPGFDD,,,,DJI Fly,,1.13.5,8F3B622D-68CA-56D9-A81E-F7EE06B8FE14,,,,,,,,,,
1773848653,3m 13.0s,193.0,1.36321009,103.76665306,164.0,164.0,30.0,344.0,2610.5,13.422,14.540,-8.053,,10.737,,-0.000,,2.10,0.00,126.9,126.9,,SMART_RTH,,,18,4,TRUE,,Mini 4 Pro,,,,,,FALSE,TRUE,,,,,,,,,,,,,,,,,,,,,,,,,,,,,,,,,,,,,,,,,,,,,,,,72.4,,,,7.923,,,,,,,7.868,,,,,,,,,,,,,,,,,,,,,,,,,,,,,,,,1.36280000,103.76720000,249.3,,,,,,,,,,,,,,,,,,,,,,,,,,,,Mini 4 Pro,SYNPBEP9TBJNPGFDD,CAMCE35MXBHKSSTHD,RCSGDXPKDBDQ6GVTD,BATJEQLCDCPKHB2TP,,,,,,,,Mini 4 Pro,SYNPBEP9TBJNPGFDD,,,,DJI Fly,,1.13.5,8F3B622D-68CA-56D9-A81E-F7EE06B8FE14,,,,,,,,,,
1773848654,3m 14.0s,194.0,1.36317772,103.76669624,164.0,164.0,30.0,344.0,2630.2,13.422,14.540,-8.053,,10.737,,-0.000,,2.10,0.00,126.9,126.9,,SMART_RTH,,,18,4,TRUE,,Mini 4 Pro,,,,,,FALSE,TRUE,,,,,,,,,,,,,,,,,,,,,,,,,,,,,,,,,,,,,,,,,,,,,,,,72.4,,,,7.922,,,,,,,7.868,,,,,,,,,,,,,,,,,,,,,,,,,,,,,,,,1.36280000,103.76720000,229.7,,,,,,,,,,,,,,,,,,,,,,,,,,,,Mini 4 Pro,SYNPBEP9TBJNPGFDD,CAMCE35MXBHKSSTHD,RCSGDXPKDBDQ6GVTD,BATJEQLCDCPKHB2TP,,,,,,,,Mini 4 Pro,SYNPBEP9TBJNPGFDD,,,,DJI Fly,,1.13.5,8F3B622D-68CA-56D9-A81E-F7EE06B8FE14,,,,,,,,,,
1773848655,3m 15.0s,195.0,1.36314534,103.76673942,164.0,164.0,30.0,344.0,2649.8,13.422,14.540,-8.053,,10.737,,-0.000,,2.10,0.00,126.9,126.9,,SMART_RTH,,,18,4,TRUE,,Mini 4 Pro,,,,,,FALSE,TRUE,,,,,,,,,,,,,,,,,,,,,,,,,,,,,,,,,,,,,,,,,,,,,,,,72.3,,,,7.921,,,,,,,7.868,,,,,,,,,,,,,,,,,,,,,,,,,,,,,,,,1.36280000,103.76720000,210.0,,,,,,,,,,,,,,,,,,,,,,,,,,,,Mini 4 Pro,SYNPBEP9TBJNPGFDD,CAMCE35MXBHKSSTHD,RCSGDXPKDBDQ6GVTD,BATJEQLCDCPKHB2TP,,,,,,,,Mini 4 Pro,SYNPBEP9TBJNPGFDD,,,,DJI Fly,,1.13.5,8F3B622D-68CA-56D9-A81E-F7EE06B8FE14,,,,,,,,,,
1773848656,3m 16.0s,196.0,1.36311296,103.76678260,164.0,164.0,30.0,344.0,2669.5,13.422,14.540,-8.053,,10.737,,-0.000,,2.10,0.00,126.9,126.9,,SMART_RTH,,,18,4,TRUE,,Mini 4 Pro,,,,,,FALSE,TRUE,,,,,,,,,,,,,,,,,,,,,,,,,,,,,,,,,,,,,,,,,,,,,,,,72.3,,,,7.920,,,,,,,7.868,,,,,,,,,,,,,,,,,,,,,,,,,,,,,,,,1.36280000,103.76720000,190.3,,,,,,,,,,,,,,,,,,,,,,,,,,,,Mini 4 Pro,SYNPBEP9TBJNPGFDD,CAMCE35MXBHKSSTHD,RCSGDXPKDBDQ6GVTD,BATJEQLCDCPKHB2TP,,,,,,,,Mini 4 Pro,SYNPBEP9TBJNPGFDD,,,,DJI Fly,,1.13.5,8F3B622D-68CA-56D9-A81E-F7EE06B8FE14,,,,,,,,,,
1773848657,3m 17.0s,197.0,1.36308059,103.76682578,164.0,164.0,30.0,344.0,2689.2,13.422,14.540,-8.053,,10.737,,-0.000,,2.10,0.00,126.9,126.9,,SMART_RTH,,,18,4,TRUE,,Mini 4 Pro,,,,,,FALSE,TRUE,,,,,,,,,,,,,,,,,,,,,,,,,,,,,,,,,,,,,,,,,,,,,,,,72.2,,,,7.920,,,,,,,7.868,,,,,,,,,,,,,,,,,,,,,,,,,,,,,,,,1.36280000,103.76720000,170.6,,,,,,,,,,,,,,,,,,,,,,,,,,,,Mini 4 Pro,SYNPBEP9TBJNPGFDD,CAMCE35MXBHKSSTHD,RCSGDXPKDBDQ6GVTD,BATJEQLCDCPKHB2TP,,,,,,,,Mini 4 Pro,SYNPBEP9TBJNPGFDD,,,,DJI Fly,,1.13.5,8F3B622D-68CA-56D9-A81E-F7EE06B8FE14,,,,,,,,,,
1773848658,3m 18.0s,198.0,1.36304821,103.76686896,164.0,164.0,30.0,344.0,2708.9,13.422,14.540,-8.053,,10.737,,-0.000,,2.10,0.00,126.9,126.9,,SMART_RTH,,,18,4,TRUE,,Mini 4 Pro,,,,,,FALSE,TRUE,,,,,,,,,,,,,,,,,,,,,,,,,,,,,,,,,,,,,,,,,,,,,,,,72.2,,,,7.919,,,,,,,7.868,,,,,,,,,,,,,,,,,,,,,,,,,,,,,,,,1.36280000,103.76720000,150.9,,,,,,,,,,,,,,,,,,,,,,,,,,,,Mini 4 Pro,SYNPBEP9TBJNPGFDD,CAMCE35MXBHKSSTHD,RCSGDXPKDBDQ6GVTD,BATJEQLCDCPKHB2TP,,,,,,,,Mini 4 Pro,SYNPBEP9TBJNPGFDD,,,,DJI Fly,,1.13.5,8F3B622D-68CA-56D9-A81E-F7EE06B8FE14,,,,,,,,,,
1773848659,3m 19.0s,199.0,1.36301584,103.76691214,164.0,164.0,30.0,344.0,2728.6,13.422,14.540,-8.053,,10.737,,-0.000,,2.10,0.00,126.9,126.9,,SMART_RTH,,,18,4,TRUE,,Mini 4 Pro,,,,,,FALSE,TRUE,,,,,,,,,,,,,,,,,,,,,,,,,,,,,,,,,,,,,,,,,,,,,,,,72.1,,,,7.918,,,,,,,7.868,,,,,,,,,,,,,,,,,,,,,,,,,,,,,,,,1.36280000,103.76720000,131.2,,,,,,,,,,,,,,,,,,,,,,,,,,,,Mini 4 Pro,SYNPBEP9TBJNPGFDD,CAMCE35MXBHKSSTHD,RCSGDXPKDBDQ6GVTD,BATJEQLCDCPKHB2TP,,,,,,,,Mini 4 Pro,SYNPBEP9TBJNPGFDD,,,,DJI Fly,,1.13.5,8F3B622D-68CA-56D9-A81E-F7EE06B8FE14,,,,,,,,,,
1773848660,3m 20.0s,200.0,1.36298346,103.76695532,164.0,164.0,30.0,344.0,2748.3,13.422,14.540,-8.053,,10.737,,-0.000,,2.10,0.00,126.9,126.9,,SMART_RTH,,,18,4,TRUE,,Mini 4 Pro,,,,,,FALSE,TRUE,,,,,,,,,,,,,,,,,,,,,,,,,,,,,,,,,,,,,,,,,,,,,,,,72.1,,,,7.917,,,,,,,7.868,,,,,,,,,,,,,,,,,,,,,,,,,,,,,,,,1.36280000,103.76720000,111.5,,,,,,,,,,,,,,,,,,,,,,,,,,,,Mini 4 Pro,SYNPBEP9TBJNPGFDD,CAMCE35MXBHKSSTHD,RCSGDXPKDBDQ6GVTD,BATJEQLCDCPKHB2TP,,,,,,,,Mini 4 Pro,SYNPBEP9TBJNPGFDD,,,,DJI Fly,,1.13.5,8F3B622D-68CA-56D9-A81E-F7EE06B8FE14,,,,,,,,,,
1773848661,3m 21.0s,201.0,1.36295109,103.76699849,164.0,164.0,30.0,344.0,2768.0,13.422,14.540,-8.053,,10.737,,-0.000,,2.10,0.00,126.9,126.9,,SMART_RTH,,,18,4,TRUE,,Mini 4 Pro,,,,,,FALSE,TRUE,,,,,,,,,,,,,,,,,,,,,,,,,,,,,,,,,,,,,,,,,,,,,,,,72.0,,,,7.917,,,,,,,7.868,,,,,,,,,,,,,,,,,,,,,,,,,,,,,,,,1.36280000,103.76720000,91.9,,,,,,,,,,,,,,,,,,,,,,,,,,,,Mini 4 Pro,SYNPBEP9TBJNPGFDD,CAMCE35MXBHKSSTHD,RCSGDXPKDBDQ6GVTD,BATJEQLCDCPKHB2TP,,,,,,,,Mini 4 Pro,SYNPBEP9TBJNPGFDD,,,,DJI Fly,,1.13.5,8F3B622D-68CA-56D9-A81E-F7EE06B8FE14,,,,,,,,,,
1773848662,3m 22.0s,202.0,1.36291871,103.76704167,164.0,164.0,30.0,344.0,2787.6,13.422,14.540,-8.053,,10.737,,-0.000,,2.10,0.00,126.9,126.9,,SMART_RTH,,,18,4,TRUE,,Mini 4 Pro,,,,,,FALSE,TRUE,,,,,,,,,,,,,,,,,,,,,,,,,,,,,,,,,,,,,,,,,,,,,,,,72.0,,,,7.916,,,,,,,7.868,,,,,,,,,,,,,,,,,,,,,,,,,,,,,,,,1.36280000,103.76720000,72.2,,,,,,,,,,,,,,,,,,,,,,,,,,,,Mini 4 Pro,SYNPBEP9TBJNPGFDD,CAMCE35MXBHKSSTHD,RCSGDXPKDBDQ6GVTD,BATJEQLCDCPKHB2TP,,,,,,,,Mini 4 Pro,SYNPBEP9TBJNPGFDD,,,,DJI Fly,,1.13.5,8F3B622D-68CA-56D9-A81E-F7EE06B8FE14,,,,,,,,,,
1773848663,3m 23.0s,203.0,1.36288633,103.76708485,164.0,164.0,30.0,344.0,2807.3,13.422,14.540,-8.053,,10.737,,-0.000,,2.10,0.00,126.9,126.9,,SMART_RTH,,,18,4,TRUE,,Mini 4 Pro,,,,,,FALSE,TRUE,,,,,,,,,,,,,,,,,,,,,,,,,,,,,,,,,,,,,,,,,,,,,,,,71.9,,,,7.915,,,,,,,7.868,,,,,,,,,,,,,,,,,,,,,,,,,,,,,,,,1.36280000,103.76720000,52.5,,,,,,,,,,,,,,,,,,,,,,,,,,,,Mini 4 Pro,SYNPBEP9TBJNPGFDD,CAMCE35MXBHKSSTHD,RCSGDXPKDBDQ6GVTD,BATJEQLCDCPKHB2TP,,,,,,,,Mini 4 Pro,SYNPBEP9TBJNPGFDD,,,,DJI Fly,,1.13.5,8F3B622D-68CA-56D9-A81E-F7EE06B8FE14,,,,,,,,,,
1773848664,3m 24.0s,204.0,1.36285396,103.76712803,164.0,164.0,30.0,344.0,2827.0,13.422,14.540,-8.053,,10.737,,-0.000,,2.10,0.00,126.9,126.9,,SMART_RTH,,,18,4,TRUE,,Mini 4 Pro,,,,,,FALSE,TRUE,,,,,,,,,,,,,,,,,,,,,,,,,,,,,,,,,,,,,,,,,,,,,,,,71.9,,,,7.914,,,,,,,7.868,,,,,,,,,,,,,,,,,,,,,,,,,,,,,,,,1.36280000,103.76720000,32.8,,,,,,,,,,,,,,,,,,,,,,,,,,,,Mini 4 Pro,SYNPBEP9TBJNPGFDD,CAMCE35MXBHKSSTHD,RCSGDXPKDBDQ6GVTD,BATJEQLCDCPKHB2TP,,,,,,,,Mini 4 Pro,SYNPBEP9TBJNPGFDD,,,,DJI Fly,,1.13.5,8F3B622D-68CA-56D9-A81E-F7EE06B8FE14,,,,,,,,,,
1773848665,3m 25.0s,205.0,1.36282158,103.76717121,164.0,164.0,30.0,344.0,2846.7,13.422,14.540,-8.053,,10.737,,-0.000,,2.10,0.00,126.9,126.9,,SMART_RTH,,,18,4,TRUE,,Mini 4 Pro,,,,,,FALSE,TRUE,,,,,,,,,,,,,,,,,,,,,,,,,,,,,,,,,,,,,,,,,,,,,,,,71.8,,,,7.913,,,,,,,7.868,,,,,,,,,,,,,,,,,,,,,,,,,,,,,,,,1.36280000,103.76720000,13.1,,,,,,,,,,,,,,,,,,,,,,,,,,,,Mini 4 Pro,SYNPBEP9TBJNPGFDD,CAMCE35MXBHKSSTHD,RCSGDXPKDBDQ6GVTD,BATJEQLCDCPKHB2TP,,,,,,,,Mini 4 Pro,SYNPBEP9TBJNPGFDD,,,,DJI Fly,,1.13.5,8F3B622D-68CA-56D9-A81E-F7EE06B8FE14,,,,,,,,,,
1773848666,3m 26.0s,206.0,1.36280000,103.76720000,164.0,164.0,30.0,344.0,2859.8,8.948,14.540,-5.369,,7.158,,-0.000,,1.40,0.00,126.9,126.9,,SMART_RTH,,,18,4,TRUE,,Mini 4 Pro,,,,,,FALSE,TRUE,,,,,,,,,,,,,,,,,,,,,,,,,,,,,,,,,,,,,,,,,,,,,,,,71.8,,,,7.913,,,,,,,6.768,,,,,,,,,,,,,,,,,,,,,,,,,,,,,,,,1.36280000,103.76720000,0.0,,,,,,,,,,,,,,,,,,,,,,,,,,,,Mini 4 Pro,SYNPBEP9TBJNPGFDD,CAMCE35MXBHKSSTHD,RCSGDXPKDBDQ6GVTD,BATJEQLCDCPKHB2TP,,,,,,,,Mini 4 Pro,SYNPBEP9TBJNPGFDD,,,,DJI Fly,,1.13.5,8F3B622D-68CA-56D9-A81E-F7EE06B8FE14,,,,,,,,,,
1773848667,3m 27.0s,207.0,1.36280000,103.76720000,164.0,164.0,30.0,344.0,2859.8,0.000,14.540,0.000,,0.000,,-0.000,,0.00,0.00,126.9,126.9,,SMART_RTH,,,18,4,TRUE,,Mini 4 Pro,,,,,,FALSE,TRUE,,,,,,,,,,,,,,,,,,,,,,,,,,,,,,,,,,,,,,,,,,,,,,,,71.7,,,,7.912,,,,,,,4.568,,,,,,,,,,,,,,,,,,,,,,,,,,,,,,,,1.36280000,103.76720000,0.0,,,,,,,,,,,,,,,,,,,,,,,,,,,,Mini 4 Pro,SYNPBEP9TBJNPGFDD,CAMCE35MXBHKSSTHD,RCSGDXPKDBDQ6GVTD,BATJEQLCDCPKHB2TP,,,,,,,,Mini 4 Pro,SYNPBEP9TBJNPGFDD,,,,DJI Fly,,1.13.5,8F3B622D-68CA-56D9-A81E-F7EE06B8FE14,,,,,,,,,,
1773848668,3m 28.0s,208.0,1.36280000,103.76720000,164.0,164.0,30.0,344.0,2859.8,0.000,14.540,0.000,,0.000,,-0.000,,0.00,0.00,126.9,126.9,,SMART_RTH,,,18,4,TRUE,,Mini 4 Pro,,,,,,FALSE,TRUE,,,,,,,,,,,,,,,,,,,,,,,,,,,,,,,,,,,,,,,,,,,,,,,,71.7,,,,7.911,,,,,,,4.568,,,,,,,,,,,,,,,,,,,,,,,,,,,,,,,,1.36280000,103.76720000,0.0,,,,,,,,,,,,,,,,,,,,,,,,,,,,Mini 4 Pro,SYNPBEP9TBJNPGFDD,CAMCE35MXBHKSSTHD,RCSGDXPKDBDQ6GVTD,BATJEQLCDCPKHB2TP,,,,,,,,Mini 4 Pro,SYNPBEP9TBJNPGFDD,,,,DJI Fly,,1.13.5,8F3B622D-68CA-56D9-A81E-F7EE06B8FE14,,,,,,,,,,
1773848669,3m 29.0s,209.0,1.36280000,103.76720000,164.0,164.0,30.0,344.0,2859.8,0.000,14.540,0.000,,0.000,,-0.000,,0.00,0.00,126.9,126.9,,SMART_RTH,,,18,4,TRUE,,Mini 4 Pro,,,,,,FALSE,TRUE,,,,,,,,,,,,,,,,,,,,,,,,,,,,,,,,,,,,,,,,,,,,,,,,71.6,,,,7.910,,,,,,,4.568,,,,,,,,,,,,,,,,,,,,,,,,,,,,,,,,1.36280000,103.76720000,0.0,,,,,,,,,,,,,,,,,,,,,,,,,,,,Mini 4 Pro,SYNPBEP9TBJNPGFDD,CAMCE35MXBHKSSTHD,RCSGDXPKDBDQ6GVTD,BATJEQLCDCPKHB2TP,,,,,,,,Mini 4 Pro,SYNPBEP9TBJNPGFDD,,,,DJI Fly,,1.13.5,8F3B622D-68CA-56D9-A81E-F7EE06B8FE14,,,,,,,,,,
1773848670,3m 30.0s,210.0,1.36280000,103.76720000,164.0,164.0,30.0,344.0,2859.8,0.000,14.540,0.000,,0.000,,-0.000,,0.00,0.00,126.9,126.9,,SMART_RTH,,,18,4,TRUE,,Mini 4 Pro,,,,,,FALSE,TRUE,,,,,,,,,,,,,,,,,,,,,,,,,,,,,,,,,,,,,,,,,,,,,,,,71.6,,,,7.910,,,,,,,4.568,,,,,,,,,,,,,,,,,,,,,,,,,,,,,,,,1.36280000,103.76720000,0.0,,,,,,,,,,,,,,,,,,,,,,,,,,,,Mini 4 Pro,SYNPBEP9TBJNPGFDD,CAMCE35MXBHKSSTHD,RCSGDXPKDBDQ6GVTD,BATJEQLCDCPKHB2TP,,,,,,,,Mini 4 Pro,SYNPBEP9TBJNPGFDD,,,,DJI Fly,,1.13.5,8F3B622D-68CA-56D9-A81E-F7EE06B8FE14,,,,,,,,,,
1773848671,3m 31.0s,211.0,1.36280000,103.76720000,164.0,164.0,30.0,344.0,2859.8,0.000,14.540,0.000,,0.000,,-0.000,,0.00,0.00,126.9,126.9,,SMART_RTH,,,18,4,TRUE,,Mini 4 Pro,,,,,,FALSE,TRUE,,,,,,,,,,,,,,,,,,,,,,,,,,,,,,,,,,,,,,,,,,,,,,,,71.5,,,,7.909,,,,,,,4.568,,,,,,,,,,,,,,,,,,,,,,,,,,,,,,,,1.36280000,103.76720000,0.0,,,,,,,,,,,,,,,,,,,,,,,,,,,,Mini 4 Pro,SYNPBEP9TBJNPGFDD,CAMCE35MXBHKSSTHD,RCSGDXPKDBDQ6GVTD,BATJEQLCDCPKHB2TP,,,,,,,,Mini 4 Pro,SYNPBEP9TBJNPGFDD,,,,DJI Fly,,1.13.5,8F3B622D-68CA-56D9-A81E-F7EE06B8FE14,,,,,,,,,,
1773848672,3m 32.0s,212.0,1.36280000,103.76720000,164.0,164.0,30.0,344.0,2859.8,0.000,14.540,0.000,,0.000,,-0.000,,0.00,0.00,126.9,126.9,,SMART_RTH,,,18,4,TRUE,,Mini 4 Pro,,,,,,FALSE,TRUE,,,,,,,,,,,,,,,,,,,,,,,,,,,,,,,,,,,,,,,,,,,,,,,,71.5,,,,7.908,,,,,,,4.568,,,,,,,,,,,,,,,,,,,,,,,,,,,,,,,,1.36280000,103.76720000,0.0,,,,,,,,,,,,,,,,,,,,,,,,,,,,Mini 4 Pro,SYNPBEP9TBJNPGFDD,CAMCE35MXBHKSSTHD,RCSGDXPKDBDQ6GVTD,BATJEQLCDCPKHB2TP,,,,,,,,Mini 4 Pro,SYNPBEP9TBJNPGFDD,,,,DJI Fly,,1.13.5,8F3B622D-68CA-56D9-A81E-F7EE06B8FE14,,,,,,,,,,
1773848673,3m 33.0s,213.0,1.36280000,103.76720000,164.0,164.0,30.0,344.0,2859.8,0.000,14.540,0.000,,0.000,,-0.000,,0.00,0.00,126.9,126.9,,SMART_RTH,,,18,4,TRUE,,Mini 4 Pro,,,,,,FALSE,TRUE,,,,,,,,,,,,,,,,,,,,,,,,,,,,,,,,,,,,,,,,,,,,,,,,71.4,,,,7.907,,,,,,,4.568,,,,,,,,,,,,,,,,,,,,,,,,,,,,,,,,1.36280000,103.76720000,0.0,,,,,,,,,,,,,,,,,,,,,,,,,,,,Mini 4 Pro,SYNPBEP9TBJNPGFDD,CAMCE35MXBHKSSTHD,RCSGDXPKDBDQ6GVTD,BATJEQLCDCPKHB2TP,,,,,,,,Mini 4 Pro,SYNPBEP9TBJNPGFDD,,,,DJI Fly,,1.13.5,8F3B622D-68CA-56D9-A81E-F7EE06B8FE14,,,,,,,,,,
1773848674,3m 34.0s,214.0,1.36280000,103.76720000,164.0,164.0,30.0,344.0,2859.8,0.000,14.540,0.000,,0.000,,-0.000,,0.00,0.00,126.9,126.9,,SMART_RTH,,,18,4,TRUE,,Mini 4 Pro,,,,,,FALSE,TRUE,,,,,,,,,,,,,,,,,,,,,,,,,,,,,,,,,,,,,,,,,,,,,,,,71.4,,,,7.907,,,,,,,4.568,,,,,,,,,,,,,,,,,,,,,,,,,,,,,,,,1.36280000,103.76720000,0.0,,,,,,,,,,,,,,,,,,,,,,,,,,,,Mini 4 Pro,SYNPBEP9TBJNPGFDD,CAMCE35MXBHKSSTHD,RCSGDXPKDBDQ6GVTD,BATJEQLCDCPKHB2TP,,,,,,,,Mini 4 Pro,SYNPBEP9TBJNPGFDD,,,,DJI Fly,,1.13.5,8F3B622D-68CA-56D9-A81E-F7EE06B8FE14,,,,,,,,,,
1773848675,3m 35.0s,215.0,1.36280000,103.76720000,164.0,164.0,30.0,344.0,2859.8,0.000,14.540,0.000,,0.000,,-0.000,,0.00,0.00,126.9,126.9,,SMART_RTH,,,18,4,TRUE,,Mini 4 Pro,,,,,,FALSE,TRUE,,,,,,,,,,,,,,,,,,,,,,,,,,,,,,,,,,,,,,,,,,,,,,,,71.3,,,,7.906,,,,,,,4.568,,,,,,,,,,,,,,,,,,,,,,,,,,,,,,,,1.36280000,103.76720000,0.0,,,,,,,,,,,,,,,,,,,,,,,,,,,,Mini 4 Pro,SYNPBEP9TBJNPGFDD,CAMCE35MXBHKSSTHD,RCSGDXPKDBDQ6GVTD,BATJEQLCDCPKHB2TP,,,,,,,,Mini 4 Pro,SYNPBEP9TBJNPGFDD,,,,DJI Fly,,1.13.5,8F3B622D-68CA-56D9-A81E-F7EE06B8FE14,,,,,,,,,,
1773848676,3m 36.0s,216.0,1.36280000,103.76720000,164.0,164.0,30.0,344.0,2859.8,0.000,14.540,0.000,,0.000,,-0.000,,0.00,0.00,126.9,126.9,,SMART_RTH,,,18,4,TRUE,,Mini 4 Pro,,,,,,FALSE,TRUE,,,,,,,,,,,,,,,,,,,,,,,,,,,,,,,,,,,,,,,,,,,,,,,,71.3,,,,7.905,,,,,,,4.568,,,,,,,,,,,,,,,,,,,,,,,,,,,,,,,,1.36280000,103.76720000,0.0,,,,,,,,,,,,,,,,,,,,,,,,,,,,Mini 4 Pro,SYNPBEP9TBJNPGFDD,CAMCE35MXBHKSSTHD,RCSGDXPKDBDQ6GVTD,BATJEQLCDCPKHB2TP,,,,,,,,Mini 4 Pro,SYNPBEP9TBJNPGFDD,,,,DJI Fly,,1.13.5,8F3B622D-68CA-56D9-A81E-F7EE06B8FE14,,,,,,,,,,
1773848677,3m 37.0s,217.0,1.36280000,103.76720000,164.0,164.0,30.0,344.0,2859.8,0.000,14.540,0.000,,0.000,,-0.000,,0.00,0.00,126.9,126.9,,SMART_RTH,,,18,4,TRUE,,Mini 4 Pro,,,,,,FALSE,TRUE,,,,,,,,,,,,,,,,,,,,,,,,,,,,,,,,,,,,,,,,,,,,,,,,71.2,,,,7.904,,,,,,,4.568,,,,,,,,,,,,,,,,,,,,,,,,,,,,,,,,1.36280000,103.76720000,0.0,,,,,,,,,,,,,,,,,,,,,,,,,,,,Mini 4 Pro,SYNPBEP9TBJNPGFDD,CAMCE35MXBHKSSTHD,RCSGDXPKDBDQ6GVTD,BATJEQLCDCPKHB2TP,,,,,,,,Mini 4 Pro,SYNPBEP9TBJNPGFDD,,,,DJI Fly,,1.13.5,8F3B622D-68CA-56D9-A81E-F7EE06B8FE14,,,,,,,,,,
1773848678,3m 38.0s,218.0,1.36280000,103.76720000,164.0,164.0,30.0,344.0,2859.8,0.000,14.540,0.000,,0.000,,-0.000,,0.00,0.00,126.9,126.9,,SMART_RTH,,,18,4,TRUE,,Mini 4 Pro,,,,,,FALSE,TRUE,,,,,,,,,,,,,,,,,,,,,,,,,,,,,,,,,,,,,,,,,,,,,,,,71.2,,,,7.903,,,,,,,4.568,,,,,,,,,,,,,,,,,,,,,,,,,,,,,,,,1.36280000,103.76720000,0.0,,,,,,,,,,,,,,,,,,,,,,,,,,,,Mini 4 Pro,SYNPBEP9TBJNPGFDD,CAMCE35MXBHKSSTHD,RCSGDXPKDBDQ6GVTD,BATJEQLCDCPKHB2TP,,,,,,,,Mini 4 Pro,SYNPBEP9TBJNPGFDD,,,,DJI Fly,,1.13.5,8F3B622D-68CA-56D9-A81E-F7EE06B8FE14,,,,,,,,,,
1773848679,3m 39.0s,219.0,1.36280000,103.76720000,164.0,164.0,30.0,344.0,2859.8,0.000,14.540,0.000,,0.000,,-0.000,,0.00,0.00,126.9,126.9,,SMART_RTH,,,18,4,TRUE,,Mini 4 Pro,,,,,,FALSE,TRUE,,,,,,,,,,,,,,,,,,,,,,,,,,,,,,,,,,,,,,,,,,,,,,,,71.1,,,,7.903,,,,,,,4.568,,,,,,,,,,,,,,,,,,,,,,,,,,,,,,,,1.36280000,103.76720000,0.0,,,,,,,,,,,,,,,,,,,,,,,,,,,,Mini 4 Pro,SYNPBEP9TBJNPGFDD,CAMCE35MXBHKSSTHD,RCSGDXPKDBDQ6GVTD,BATJEQLCDCPKHB2TP,,,,,,,,Mini 4 Pro,SYNPBEP9TBJNPGFDD,,,,DJI Fly,,1.13.5,8F3B622D-68CA-56D9-A81E-F7EE06B8FE14,,,,,,,,,,
1773848680,3m 40.0s,220.0,1.36280000,103.76720000,164.0,164.0,30.0,344.0,2859.8,0.000,14.540,0.000,,0.000,,-0.000,,0.00,0.00,126.9,126.9,,SMART_RTH,,,18,4,TRUE,,Mini 4 Pro,,,,,,FALSE,TRUE,,,,,,,,,,,,,,,,,,,,,,,,,,,,,,,,,,,,,,,,,,,,,,,,71.1,,,,7.902,,,,,,,4.568,,,,,,,,,,,,,,,,,,,,,,,,,,,,,,,,1.36280000,103.76720000,0.0,,,,,,,,,,,,,,,,,,,,,,,,,,,,Mini 4 Pro,SYNPBEP9TBJNPGFDD,CAMCE35MXBHKSSTHD,RCSGDXPKDBDQ6GVTD,BATJEQLCDCPKHB2TP,,,,,,,,Mini 4 Pro,SYNPBEP9TBJNPGFDD,,,,DJI Fly,,1.13.5,8F3B622D-68CA-56D9-A81E-F7EE06B8FE14,,,,,,,,,,
1773848681,3m 41.0s,221.0,1.36280000,103.76720000,164.0,164.0,30.0,344.0,2859.8,0.000,14.540,0.000,,0.000,,-0.000,,0.00,0.00,126.9,126.9,,SMART_RTH,,,18,4,TRUE,,Mini 4 Pro,,,,,,FALSE,TRUE,,,,,,,,,,,,,,,,,,,,,,,,,,,,,,,,,,,,,,,,,,,,,,,,71.0,,,,7.901,,,,,,,4.568,,,,,,,,,,,,,,,,,,,,,,,,,,,,,,,,1.36280000,103.76720000,0.0,,,,,,,,,,,,,,,,,,,,,,,,,,,,Mini 4 Pro,SYNPBEP9TBJNPGFDD,CAMCE35MXBHKSSTHD,RCSGDXPKDBDQ6GVTD,BATJEQLCDCPKHB2TP,,,,,,,,Mini 4 Pro,SYNPBEP9TBJNPGFDD,,,,DJI Fly,,1.13.5,8F3B622D-68CA-56D9-A81E-F7EE06B8FE14,,,,,,,,,,
1773848682,3m 42.0s,222.0,1.36280000,103.76720000,164.0,164.0,30.0,344.0,2859.8,0.000,14.540,0.000,,0.000,,-0.000,,0.00,0.00,126.9,126.9,,SMART_RTH,,,18,4,TRUE,,Mini 4 Pro,,,,,,FALSE,TRUE,,,,,,,,,,,,,,,,,,,,,,,,,,,,,,,,,,,,,,,,,,,,,,,,71.0,,,,7.900,,,,,,,4.568,,,,,,,,,,,,,,,,,,,,,,,,,,,,,,,,1.36280000,103.76720000,0.0,,,,,,,,,,,,,,,,,,,,,,,,,,,,Mini 4 Pro,SYNPBEP9TBJNPGFDD,CAMCE35MXBHKSSTHD,RCSGDXPKDBDQ6GVTD,BATJEQLCDCPKHB2TP,,,,,,,,Mini 4 Pro,SYNPBEP9TBJNPGFDD,,,,DJI Fly,,1.13.5,8F3B622D-68CA-56D9-A81E-F7EE06B8FE14,,,,,,,,,,
1773848683,3m 43.0s,223.0,1.36280000,103.76720000,164.0,164.0,30.0,344.0,2859.8,0.000,14.540,0.000,,0.000,,-0.000,,0.00,0.00,126.9,126.9,,SMART_RTH,,,18,4,TRUE,,Mini 4 Pro,,,,,,FALSE,TRUE,,,,,,,,,,,,,,,,,,,,,,,,,,,,,,,,,,,,,,,,,,,,,,,,70.9,,,,7.900,,,,,,,4.568,,,,,,,,,,,,,,,,,,,,,,,,,,,,,,,,1.36280000,103.76720000,0.0,,,,,,,,,,,,,,,,,,,,,,,,,,,,Mini 4 Pro,SYNPBEP9TBJNPGFDD,CAMCE35MXBHKSSTHD,RCSGDXPKDBDQ6GVTD,BATJEQLCDCPKHB2TP,,,,,,,,Mini 4 Pro,SYNPBEP9TBJNPGFDD,,,,DJI Fly,,1.13.5,8F3B622D-68CA-56D9-A81E-F7EE06B8FE14,,,,,,,,,,
1773848684,3m 44.0s,224.0,1.36280000,103.76720000,164.0,164.0,30.0,344.0,2859.8,0.000,14.540,0.000,,0.000,,-0.000,,0.00,0.00,126.9,126.9,,SMART_RTH,,,18,4,TRUE,,Mini 4 Pro,,,,,,FALSE,TRUE,,,,,,,,,,,,,,,,,,,,,,,,,,,,,,,,,,,,,,,,,,,,,,,,70.9,,,,7.899,,,,,,,4.568,,,,,,,,,,,,,,,,,,,,,,,,,,,,,,,,1.36280000,103.76720000,0.0,,,,,,,,,,,,,,,,,,,,,,,,,,,,Mini 4 Pro,SYNPBEP9TBJNPGFDD,CAMCE35MXBHKSSTHD,RCSGDXPKDBDQ6GVTD,BATJEQLCDCPKHB2TP,,,,,,,,Mini 4 Pro,SYNPBEP9TBJNPGFDD,,,,DJI Fly,,1.13.5,8F3B622D-68CA-56D9-A81E-F7EE06B8FE14,,,,,,,,,,
1773848685,3m 45.0s,225.0,1.36280000,103.76720000,164.0,164.0,30.0,344.0,2859.8,0.000,14.540,0.000,,0.000,,-0.000,,0.00,0.00,126.9,126.9,,SMART_RTH,,,18,4,TRUE,,Mini 4 Pro,,,,,,FALSE,TRUE,,,,,,,,,,,,,,,,,,,,,,,,,,,,,,,,,,,,,,,,,,,,,,,,70.8,,,,7.898,,,,,,,4.568,,,,,,,,,,,,,,,,,,,,,,,,,,,,,,,,1.36280000,103.76720000,0.0,,,,,,,,,,,,,,,,,,,,,,,,,,,,Mini 4 Pro,SYNPBEP9TBJNPGFDD,CAMCE35MXBHKSSTHD,RCSGDXPKDBDQ6GVTD,BATJEQLCDCPKHB2TP,,,,,,,,Mini 4 Pro,SYNPBEP9TBJNPGFDD,,,,DJI Fly,,1.13.5,8F3B622D-68CA-56D9-A81E-F7EE06B8FE14,,,,,,,,,,
1773848686,3m 46.0s,226.0,1.36280000,103.76720000,158.8,164.0,30.0,338.8,2859.8,0.000,14.540,0.000,,0.000,,3.579,,-6.40,0.00,126.9,126.9,,LANDING,,,18,4,TRUE,,Mini 4 Pro,,,,,,FALSE,TRUE,,,,,,,,,,,,,,,,,,,,,,,,,,,,,,,,,,,,,,,,,,,,,,,,70.8,,,,7.897,,,,,,,4.568,,,,,,,,,,,,,,,,,,,,,,,,,,,,,,,,1.36280000,103.76720000,0.0,,,,,,,,,,,,,,,,,,,,,,,,,,,,Mini 4 Pro,SYNPBEP9TBJNPGFDD,CAMCE35MXBHKSSTHD,RCSGDXPKDBDQ6GVTD,BATJEQLCDCPKHB2TP,,,,,,,,Mini 4 Pro,SYNPBEP9TBJNPGFDD,,,,DJI Fly,,1.13.5,8F3B622D-68CA-56D9-A81E-F7EE06B8FE14,,,,,,,,,,
1773848687,3m 47.0s,227.0,1.36280000,103.76720000,153.5,164.0,30.0,333.5,2859.8,0.000,14.540,0.000,,0.000,,3.579,,-6.40,0.00,126.9,126.9,,LANDING,,,18,4,TRUE,,Mini 4 Pro,,,,,,FALSE,TRUE,,,,,,,,,,,,,,,,,,,,,,,,,,,,,,,,,,,,,,,,,,,,,,,,70.7,,,,7.897,,,,,,,4.568,,,,,,,,,,,,,,,,,,,,,,,,,,,,,,,,1.36280000,103.76720000,0.0,,,,,,,,,,,,,,,,,,,,,,,,,,,,Mini 4 Pro,SYNPBEP9TBJNPGFDD,CAMCE35MXBHKSSTHD,RCSGDXPKDBDQ6GVTD,BATJEQLCDCPKHB2TP,,,,,,,,Mini 4 Pro,SYNPBEP9TBJNPGFDD,,,,DJI Fly,,1.13.5,8F3B622D-68CA-56D9-A81E-F7EE06B8FE14,,,,,,,,,,
1773848688,3m 48.0s,228.0,1.36280000,103.76720000,148.3,164.0,30.0,328.3,2859.8,0.000,14.540,0.000,,0.000,,3.579,,-6.40,0.00,126.9,126.9,,LANDING,,,18,4,TRUE,,Mini 4 Pro,,,,,,FALSE,TRUE,,,,,,,,,,,,,,,,,,,,,,,,,,,,,,,,,,,,,,,,,,,,,,,,70.7,,,,7.896,,,,,,,4.568,,,,,,,,,,,,,,,,,,,,,,,,,,,,,,,,1.36280000,103.76720000,0.0,,,,,,,,,,,,,,,,,,,,,,,,,,,,Mini 4 Pro,SYNPBEP9TBJNPGFDD,CAMCE35MXBHKSSTHD,RCSGDXPKDBDQ6GVTD,BATJEQLCDCPKHB2TP,,,,,,,,Mini 4 Pro,SYNPBEP9TBJNPGFDD,,,,DJI Fly,,1.13.5,8F3B622D-68CA-56D9-A81E-F7EE06B8FE14,,,,,,,,,,
1773848689,3m 49.0s,229.0,1.36280000,103.76720000,143.0,164.0,30.0,323.0,2859.8,0.000,14.540,0.000,,0.000,,3.579,,-6.40,0.00,126.9,126.9,,LANDING,,,18,4,TRUE,,Mini 4 Pro,,,,,,FALSE,TRUE,,,,,,,,,,,,,,,,,,,,,,,,,,,,,,,,,,,,,,,,,,,,,,,,70.6,,,,7.895,,,,,,,4.568,,,,,,,,,,,,,,,,,,,,,,,,,,,,,,,,1.36280000,103.76720000,0.0,,,,,,,,,,,,,,,,,,,,,,,,,,,,Mini 4 Pro,SYNPBEP9TBJNPGFDD,CAMCE35MXBHKSSTHD,RCSGDXPKDBDQ6GVTD,BATJEQLCDCPKHB2TP,,,,,,,,Mini 4 Pro,SYNPBEP9TBJNPGFDD,,,,DJI Fly,,1.13.5,8F3B622D-68CA-56D9-A81E-F7EE06B8FE14,,,,,,,,,,
1773848690,3m 50.0s,230.0,1.36280000,103.76720000,137.8,164.0,30.0,317.8,2859.8,0.000,14.540,0.000,,0.000,,3.579,,-6.40,0.00,126.9,126.9,,LANDING,,,18,4,TRUE,,Mini 4 Pro,,,,,,FALSE,TRUE,,,,,,,,,,,,,,,,,,,,,,,,,,,,,,,,,,,,,,,,,,,,,,,,70.6,,,,7.894,,,,,,,4.568,,,,,,,,,,,,,,,,,,,,,,,,,,,,,,,,1.36280000,103.76720000,0.0,,,,,,,,,,,,,,,,,,,,,,,,,,,,Mini 4 Pro,SYNPBEP9TBJNPGFDD,CAMCE35MXBHKSSTHD,RCSGDXPKDBDQ6GVTD,BATJEQLCDCPKHB2TP,,,,,,,,Mini 4 Pro,SYNPBEP9TBJNPGFDD,,,,DJI Fly,,1.13.5,8F3B622D-68CA-56D9-A81E-F7EE06B8FE14,,,,,,,,,,
1773848691,3m 51.0s,231.0,1.36280000,103.76720000,132.5,164.0,30.0,312.5,2859.8,0.000,14.540,0.000,,0.000,,3.579,,-6.40,0.00,126.9,126.9,,LANDING,,,18,4,TRUE,,Mini 4 Pro,,,,,,FALSE,TRUE,,,,,,,,,,,,,,,,,,,,,,,,,,,,,,,,,,,,,,,,,,,,,,,,70.5,,,,7.893,,,,,,,4.568,,,,,,,,,,,,,,,,,,,,,,,,,,,,,,,,1.36280000,103.76720000,0.0,,,,,,,,,,,,,,,,,,,,,,,,,,,,Mini 4 Pro,SYNPBEP9TBJNPGFDD,CAMCE35MXBHKSSTHD,RCSGDXPKDBDQ6GVTD,BATJEQLCDCPKHB2TP,,,,,,,,Mini 4 Pro,SYNPBEP9TBJNPGFDD,,,,DJI Fly,,1.13.5,8F3B622D-68CA-56D9-A81E-F7EE06B8FE14,,,,,,,,,,
1773848692,3m 52.0s,232.0,1.36280000,103.76720000,127.3,164.0,30.0,307.3,2859.8,0.000,14.540,0.000,,0.000,,3.579,,-6.40,0.00,126.9,126.9,,LANDING,,,18,4,TRUE,,Mini 4 Pro,,,,,,FALSE,TRUE,,,,,,,,,,,,,,,,,,,,,,,,,,,,,,,,,,,,,,,,,,,,,,,,70.5,,,,7.893,,,,,,,4.568,,,,,,,,,,,,,,,,,,,,,,,,,,,,,,,,1.36280000,103.76720000,0.0,,,,,,,,,,,,,,,,,,,,,,,,,,,,Mini 4 Pro,SYNPBEP9TBJNPGFDD,CAMCE35MXBHKSSTHD,RCSGDXPKDBDQ6GVTD,BATJEQLCDCPKHB2TP,,,,,,,,Mini 4 Pro,SYNPBEP9TBJNPGFDD,,,,DJI Fly,,1.13.5,8F3B622D-68CA-56D9-A81E-F7EE06B8FE14,,,,,,,,,,
1773848693,3m 53.0s,233.0,1.36280000,103.76720000,122.0,164.0,30.0,302.0,2859.8,0.000,14.540,0.000,,0.000,,3.579,,-6.40,0.00,126.9,126.9,,LANDING,,,18,4,TRUE,,Mini 4 Pro,,,,,,FALSE,TRUE,,,,,,,,,,,,,,,,,,,,,,,,,,,,,,,,,,,,,,,,,,,,,,,,70.4,,,,7.892,,,,,,,4.568,,,,,,,,,,,,,,,,,,,,,,,,,,,,,,,,1.36280000,103.76720000,0.0,,,,,,,,,,,,,,,,,,,,,,,,,,,,Mini 4 Pro,SYNPBEP9TBJNPGFDD,CAMCE35MXBHKSSTHD,RCSGDXPKDBDQ6GVTD,BATJEQLCDCPKHB2TP,,,,,,,,Mini 4 Pro,SYNPBEP9TBJNPGFDD,,,,DJI Fly,,1.13.5,8F3B622D-68CA-56D9-A81E-F7EE06B8FE14,,,,,,,,,,
1773848694,3m 54.0s,234.0,1.36280000,103.76720000,116.8,164.0,30.0,296.8,2859.8,0.000,14.540,0.000,,0.000,,3.579,,-6.40,0.00,126.9,126.9,,LANDING,,,18,4,TRUE,,Mini 4 Pro,,,,,,FALSE,TRUE,,,,,,,,,,,,,,,,,,,,,,,,,,,,,,,,,,,,,,,,,,,,,,,,70.4,,,,7.891,,,,,,,4.568,,,,,,,,,,,,,,,,,,,,,,,,,,,,,,,,1.36280000,103.76720000,0.0,,,,,,,,,,,,,,,,,,,,,,,,,,,,Mini 4 Pro,SYNPBEP9TBJNPGFDD,CAMCE35MXBHKSSTHD,RCSGDXPKDBDQ6GVTD,BATJEQLCDCPKHB2TP,,,,,,,,Mini 4 Pro,SYNPBEP9TBJNPGFDD,,,,DJI Fly,,1.13.5,8F3B622D-68CA-56D9-A81E-F7EE06B8FE14,,,,,,,,,,
1773848695,3m 55.0s,235.0,1.36280000,103.76720000,111.5,164.0,30.0,291.5,2859.8,0.000,14.540,0.000,,0.000,,3.579,,-6.40,0.00,126.9,126.9,,LANDING,,,18,4,TRUE,,Mini 4 Pro,,,,,,FALSE,TRUE,,,,,,,,,,,,,,,,,,,,,,,,,,,,,,,,,,,,,,,,,,,,,,,,70.3,,,,7.890,,,,,,,4.568,,,,,,,,,,,,,,,,,,,,,,,,,,,,,,,,1.36280000,103.76720000,0.0,,,,,,,,,,,,,,,,,,,,,,,,,,,,Mini 4 Pro,SYNPBEP9TBJNPGFDD,CAMCE35MXBHKSSTHD,RCSGDXPKDBDQ6GVTD,BATJEQLCDCPKHB2TP,,,,,,,,Mini 4 Pro,SYNPBEP9TBJNPGFDD,,,,DJI Fly,,1.13.5,8F3B622D-68CA-56D9-A81E-F7EE06B8FE14,,,,,,,,,,
1773848696,3m 56.0s,236.0,1.36280000,103.76720000,106.3,164.0,30.0,286.3,2859.8,0.000,14.540,0.000,,0.000,,3.579,,-6.40,0.00,126.9,126.9,,LANDING,,,18,4,TRUE,,Mini 4 Pro,,,,,,FALSE,TRUE,,,,,,,,,,,,,,,,,,,,,,,,,,,,,,,,,,,,,,,,,,,,,,,,70.3,,,,7.890,,,,,,,4.568,,,,,,,,,,,,,,,,,,,,,,,,,,,,,,,,1.36280000,103.76720000,0.0,,,,,,,,,,,,,,,,,,,,,,,,,,,,Mini 4 Pro,SYNPBEP9TBJNPGFDD,CAMCE35MXBHKSSTHD,RCSGDXPKDBDQ6GVTD,BATJEQLCDCPKHB2TP,,,,,,,,Mini 4 Pro,SYNPBEP9TBJNPGFDD,,,,DJI Fly,,1.13.5,8F3B622D-68CA-56D9-A81E-F7EE06B8FE14,,,,,,,,,,
1773848697,3m 57.0s,237.0,1.36280000,103.76720000,101.0,164.0,30.0,281.0,2859.8,0.000,14.540,0.000,,0.000,,3.579,,-6.40,0.00,126.9,126.9,,LANDING,,,18,4,TRUE,,Mini 4 Pro,,,,,,FALSE,TRUE,,,,,,,,,,,,,,,,,,,,,,,,,,,,,,,,,,,,,,,,,,,,,,,,70.2,,,,7.889,,,,,,,4.568,,,,,,,,,,,,,,,,,,,,,,,,,,,,,,,,1.36280000,103.76720000,0.0,,,,,,,,,,,,,,,,,,,,,,,,,,,,Mini 4 Pro,SYNPBEP9TBJNPGFDD,CAMCE35MXBHKSSTHD,RCSGDXPKDBDQ6GVTD,BATJEQLCDCPKHB2TP,,,,,,,,Mini 4 Pro,SYNPBEP9TBJNPGFDD,,,,DJI Fly,,1.13.5,8F3B622D-68CA-56D9-A81E-F7EE06B8FE14,,,,,,,,,,
1773848698,3m 58.0s,238.0,1.36280000,103.76720000,95.8,164.0,30.0,275.8,2859.8,0.000,14.540,0.000,,0.000,,3.579,,-6.40,0.00,126.9,126.9,,LANDING,,,18,4,TRUE,,Mini 4 Pro,,,,,,FALSE,TRUE,,,,,,,,,,,,,,,,,,,,,,,,,,,,,,,,,,,,,,,,,,,,,,,,70.2,,,,7.888,,,,,,,4.568,,,,,,,,,,,,,,,,,,,,,,,,,,,,,,,,1.36280000,103.76720000,0.0,,,,,,,,,,,,,,,,,,,,,,,,,,,,Mini 4 Pro,SYNPBEP9TBJNPGFDD,CAMCE35MXBHKSSTHD,RCSGDXPKDBDQ6GVTD,BATJEQLCDCPKHB2TP,,,,,,,,Mini 4 Pro,SYNPBEP9TBJNPGFDD,,,,DJI Fly,,1.13.5,8F3B622D-68CA-56D9-A81E-F7EE06B8FE14,,,,,,,,,,
1773848699,3m 59.0s,239.0,1.36280000,103.76720000,90.6,164.0,30.0,270.6,2859.8,0.000,14.540,0.000,,0.000,,3.579,,-6.40,0.00,126.9,126.9,,LANDING,,,18,4,TRUE,,Mini 4 Pro,,,,,,FALSE,TRUE,,,,,,,,,,,,,,,,,,,,,,,,,,,,,,,,,,,,,,,,,,,,,,,,70.1,,,,7.887,,,,,,,4.568,,,,,,,,,,,,,,,,,,,,,,,,,,,,,,,,1.36280000,103.76720000,0.0,,,,,,,,,,,,,,,,,,,,,,,,,,,,Mini 4 Pro,SYNPBEP9TBJNPGFDD,CAMCE35MXBHKSSTHD,RCSGDXPKDBDQ6GVTD,BATJEQLCDCPKHB2TP,,,,,,,,Mini 4 Pro,SYNPBEP9TBJNPGFDD,,,,DJI Fly,,1.13.5,8F3B622D-68CA-56D9-A81E-F7EE06B8FE14,,,,,,,,,,
1773848700,4m 0.0s,240.0,1.36280000,103.76720000,85.3,164.0,30.0,265.3,2859.8,0.000,14.540,0.000,,0.000,,3.579,,-6.40,0.00,126.9,126.9,,LANDING,,,18,4,TRUE,,Mini 4 Pro,,,,,,FALSE,TRUE,,,,,,,,,,,,,,,,,,,,,,,,,,,,,,,,,,,,,,,,,,,,,,,,70.1,,,,7.887,,,,,,,4.568,,,,,,,,,,,,,,,,,,,,,,,,,,,,,,,,1.36280000,103.76720000,0.0,,,,,,,,,,,,,,,,,,,,,,,,,,,,Mini 4 Pro,SYNPBEP9TBJNPGFDD,CAMCE35MXBHKSSTHD,RCSGDXPKDBDQ6GVTD,BATJEQLCDCPKHB2TP,,,,,,,,Mini 4 Pro,SYNPBEP9TBJNPGFDD,,,,DJI Fly,,1.13.5,8F3B622D-68CA-56D9-A81E-F7EE06B8FE14,,,,,,,,,,
1773848701,4m 1.0s,241.0,1.36280000,103.76720000,80.1,164.0,30.0,260.1,2859.8,0.000,14.540,0.000,,0.000,,3.579,,-6.40,0.00,126.9,126.9,,LANDING,,,18,4,TRUE,,Mini 4 Pro,,,,,,FALSE,TRUE,,,,,,,,,,,,,,,,,,,,,,,,,,,,,,,,,,,,,,,,,,,,,,,,70.0,,,,7.886,,,,,,,4.568,,,,,,,,,,,,,,,,,,,,,,,,,,,,,,,,1.36280000,103.76720000,0.0,,,,,,,,,,,,,,,,,,,,,,,,,,,,Mini 4 Pro,SYNPBEP9TBJNPGFDD,CAMCE35MXBHKSSTHD,RCSGDXPKDBDQ6GVTD,BATJEQLCDCPKHB2TP,,,,,,,,Mini 4 Pro,SYNPBEP9TBJNPGFDD,,,,DJI Fly,,1.13.5,8F3B622D-68CA-56D9-A81E-F7EE06B8FE14,,,,,,,,,,
1773848702,4m 2.0s,242.0,1.36280000,103.76720000,74.8,164.0,30.0,254.8,2859.8,0.000,14.540,0.000,,0.000,,3.579,,-6.40,0.00,126.9,126.9,,LANDING,,,18,4,TRUE,,Mini 4 Pro,,,,,,FALSE,TRUE,,,,,,,,,,,,,,,,,,,,,,,,,,,,,,,,,,,,,,,,,,,,,,,,70.0,,,,7.885,,,,,,,4.568,,,,,,,,,,,,,,,,,,,,,,,,,,,,,,,,1.36280000,103.76720000,0.0,,,,,,,,,,,,,,,,,,,,,,,,,,,,Mini 4 Pro,SYNPBEP9TBJNPGFDD,CAMCE35MXBHKSSTHD,RCSGDXPKDBDQ6GVTD,BATJEQLCDCPKHB2TP,,,,,,,,Mini 4 Pro,SYNPBEP9TBJNPGFDD,,,,DJI Fly,,1.13.5,8F3B622D-68CA-56D9-A81E-F7EE06B8FE14,,,,,,,,,,
1773848703,4m 3.0s,243.0,1.36280000,103.76720000,69.6,164.0,30.0,249.6,2859.8,0.000,14.540,0.000,,0.000,,3.579,,-6.40,0.00,126.9,126.9,,LANDING,,,18,4,TRUE,,Mini 4 Pro,,,,,,FALSE,TRUE,,,,,,,,,,,,,,,,,,,,,,,,,,,,,,,,,,,,,,,,,,,,,,,,70.0,,,,7.885,,,,,,,4.568,,,,,,,,,,,,,,,,,,,,,,,,,,,,,,,,1.36280000,103.76720000,0.0,,,,,,,,,,,,,,,,,,,,,,,,,,,,Mini 4 Pro,SYNPBEP9TBJNPGFDD,CAMCE35MXBHKSSTHD,RCSGDXPKDBDQ6GVTD,BATJEQLCDCPKHB2TP,,,,,,,,Mini 4 Pro,SYNPBEP9TBJNPGFDD,,,,DJI Fly,,1.13.5,8F3B622D-68CA-56D9-A81E-F7EE06B8FE14,,,,,,,,,,
1773848704,4m 4.0s,244.0,1.36280000,103.76720000,64.3,164.0,30.0,244.3,2859.8,0.000,14.540,0.000,,0.000,,3.579,,-6.40,0.00,126.9,126.9,,LANDING,,,18,4,TRUE,,Mini 4 Pro,,,,,,FALSE,TRUE,,,,,,,,,,,,,,,,,,,,,,,,,,,,,,,,,,,,,,,,,,,,,,,,70.0,,,,7.885,,,,,,,4.568,,,,,,,,,,,,,,,,,,,,,,,,,,,,,,,,1.36280000,103.76720000,0.0,,,,,,,,,,,,,,,,,,,,,,,,,,,,Mini 4 Pro,SYNPBEP9TBJNPGFDD,CAMCE35MXBHKSSTHD,RCSGDXPKDBDQ6GVTD,BATJEQLCDCPKHB2TP,,,,,,,,Mini 4 Pro,SYNPBEP9TBJNPGFDD,,,,DJI Fly,,1.13.5,8F3B622D-68CA-56D9-A81E-F7EE06B8FE14,,,,,,,,,,
1773848705,4m 5.0s,245.0,1.36280000,103.76720000,59.1,164.0,30.0,239.1,2859.8,0.000,14.540,0.000,,0.000,,3.579,,-6.40,0.00,126.9,126.9,,LANDING,,,18,4,TRUE,,Mini 4 Pro,,,,,,FALSE,TRUE,,,,,,,,,,,,,,,,,,,,,,,,,,,,,,,,,,,,,,,,,,,,,,,,70.0,,,,7.885,,,,,,,4.568,,,,,,,,,,,,,,,,,,,,,,,,,,,,,,,,1.36280000,103.76720000,0.0,,,,,,,,,,,,,,,,,,,,,,,,,,,,Mini 4 Pro,SYNPBEP9TBJNPGFDD,CAMCE35MXBHKSSTHD,RCSGDXPKDBDQ6GVTD,BATJEQLCDCPKHB2TP,,,,,,,,Mini 4 Pro,SYNPBEP9TBJNPGFDD,,,,DJI Fly,,1.13.5,8F3B622D-68CA-56D9-A81E-F7EE06B8FE14,,,,,,,,,,
1773848706,4m 6.0s,246.0,1.36280000,103.76720000,53.8,164.0,30.0,233.8,2859.8,0.000,14.540,0.000,,0.000,,3.579,,-6.40,0.00,126.9,126.9,,LANDING,,,18,4,TRUE,,Mini 4 Pro,,,,,,FALSE,TRUE,,,,,,,,,,,,,,,,,,,,,,,,,,,,,,,,,,,,,,,,,,,,,,,,70.0,,,,7.885,,,,,,,4.568,,,,,,,,,,,,,,,,,,,,,,,,,,,,,,,,1.36280000,103.76720000,0.0,,,,,,,,,,,,,,,,,,,,,,,,,,,,Mini 4 Pro,SYNPBEP9TBJNPGFDD,CAMCE35MXBHKSSTHD,RCSGDXPKDBDQ6GVTD,BATJEQLCDCPKHB2TP,,,,,,,,Mini 4 Pro,SYNPBEP9TBJNPGFDD,,,,DJI Fly,,1.13.5,8F3B622D-68CA-56D9-A81E-F7EE06B8FE14,,,,,,,,,,
1773848707,4m 7.0s,247.0,1.36280000,103.76720000,48.6,164.0,30.0,228.6,2859.8,0.000,14.540,0.000,,0.000,,3.579,,-6.40,0.00,126.9,126.9,,LANDING,,,18,4,TRUE,,Mini 4 Pro,,,,,,FALSE,TRUE,,,,,,,,,,,,,,,,,,,,,,,,,,,,,,,,,,,,,,,,,,,,,,,,70.0,,,,7.885,,,,,,,4.568,,,,,,,,,,,,,,,,,,,,,,,,,,,,,,,,1.36280000,103.76720000,0.0,,,,,,,,,,,,,,,,,,,,,,,,,,,,Mini 4 Pro,SYNPBEP9TBJNPGFDD,CAMCE35MXBHKSSTHD,RCSGDXPKDBDQ6GVTD,BATJEQLCDCPKHB2TP,,,,,,,,Mini 4 Pro,SYNPBEP9TBJNPGFDD,,,,DJI Fly,,1.13.5,8F3B622D-68CA-56D9-A81E-F7EE06B8FE14,,,,,,,,,,
1773848708,4m 8.0s,248.0,1.36280000,103.76720000,43.3,164.0,30.0,223.3,2859.8,0.000,14.540,0.000,,0.000,,3.579,,-6.40,0.00,126.9,126.9,,LANDING,,,18,4,TRUE,,Mini 4 Pro,,,,,,FALSE,TRUE,,,,,,,,,,,,,,,,,,,,,,,,,,,,,,,,,,,,,,,,,,,,,,,,70.0,,,,7.885,,,,,,,4.568,,,,,,,,,,,,,,,,,,,,,,,,,,,,,,,,1.36280000,103.76720000,0.0,,,,,,,,,,,,,,,,,,,,,,,,,,,,Mini 4 Pro,SYNPBEP9TBJNPGFDD,CAMCE35MXBHKSSTHD,RCSGDXPKDBDQ6GVTD,BATJEQLCDCPKHB2TP,,,,,,,,Mini 4 Pro,SYNPBEP9TBJNPGFDD,,,,DJI Fly,,1.13.5,8F3B622D-68CA-56D9-A81E-F7EE06B8FE14,,,,,,,,,,
1773848709,4m 9.0s,249.0,1.36280000,103.76720000,38.1,164.0,30.0,218.1,2859.8,0.000,14.540,0.000,,0.000,,3.579,,-6.40,0.00,126.9,126.9,,LANDING,,,18,4,TRUE,,Mini 4 Pro,,,,,,FALSE,TRUE,,,,,,,,,,,,,,,,,,,,,,,,,,,,,,,,,,,,,,,,,,,,,,,,70.0,,,,7.885,,,,,,,4.568,,,,,,,,,,,,,,,,,,,,,,,,,,,,,,,,1.36280000,103.76720000,0.0,,,,,,,,,,,,,,,,,,,,,,,,,,,,Mini 4 Pro,SYNPBEP9TBJNPGFDD,CAMCE35MXBHKSSTHD,RCSGDXPKDBDQ6GVTD,BATJEQLCDCPKHB2TP,,,,,,,,Mini 4 Pro,SYNPBEP9TBJNPGFDD,,,,DJI Fly,,1.13.5,8F3B622D-68CA-56D9-A81E-F7EE06B8FE14,,,,,,,,,,
1773848710,4m 10.0s,250.0,1.36280000,103.76720000,32.8,164.0,30.0,212.8,2859.8,0.000,14.540,0.000,,0.000,,3.579,,-6.40,0.00,126.9,126.9,,LANDING,,,18,4,TRUE,,Mini 4 Pro,,,,,,FALSE,TRUE,,,,,,,,,,,,,,,,,,,,,,,,,,,,,,,,,,,,,,,,,,,,,,,,70.0,,,,7.885,,,,,,,4.568,,,,,,,,,,,,,,,,,,,,,,,,,,,,,,,,1.36280000,103.76720000,0.0,,,,,,,,,,,,,,,,,,,,,,,,,,,,Mini 4 Pro,SYNPBEP9TBJNPGFDD,CAMCE35MXBHKSSTHD,RCSGDXPKDBDQ6GVTD,BATJEQLCDCPKHB2TP,,,,,,,,Mini 4 Pro,SYNPBEP9TBJNPGFDD,,,,DJI Fly,,1.13.5,8F3B622D-68CA-56D9-A81E-F7EE06B8FE14,,,,,,,,,,
1773848711,4m 11.0s,251.0,1.36280000,103.76720000,27.6,164.0,27.6,207.6,2859.8,0.000,14.540,0.000,,0.000,,3.579,,-6.40,0.00,126.9,126.9,,LANDING,,,18,4,TRUE,,Mini 4 Pro,,,,,,FALSE,TRUE,,,,,,,,,,,,,,,,,,,,,,,,,,,,,,,,,,,,,,,,,,,,,,,,70.0,,,,7.885,,,,,,,4.568,,,,,,,,,,,,,,,,,,,,,,,,,,,,,,,,1.36280000,103.76720000,0.0,,,,,,,,,,,,,,,,,,,,,,,,,,,,Mini 4 Pro,SYNPBEP9TBJNPGFDD,CAMCE35MXBHKSSTHD,RCSGDXPKDBDQ6GVTD,BATJEQLCDCPKHB2TP,,,,,,,,Mini 4 Pro,SYNPBEP9TBJNPGFDD,,,,DJI Fly,,1.13.5,8F3B622D-68CA-56D9-A81E-F7EE06B8FE14,,,,,,,,,,
1773848712,4m 12.0s,252.0,1.36280000,103.76720000,22.3,164.0,22.3,202.3,2859.8,0.000,14.540,0.000,,0.000,,3.579,,-6.40,0.00,126.9,126.9,,LANDING,,,18,4,TRUE,,Mini 4 Pro,,,,,,FALSE,TRUE,,,,,,,,,,,,,,,,,,,,,,,,,,,,,,,,,,,,,,,,,,,,,,,,70.0,,,,7.885,,,,,,,4.568,,,,,,,,,,,,,,,,,,,,,,,,,,,,,,,,1.36280000,103.76720000,0.0,,,,,,,,,,,,,,,,,,,,,,,,,,,,Mini 4 Pro,SYNPBEP9TBJNPGFDD,CAMCE35MXBHKSSTHD,RCSGDXPKDBDQ6GVTD,BATJEQLCDCPKHB2TP,,,,,,,,Mini 4 Pro,SYNPBEP9TBJNPGFDD,,,,DJI Fly,,1.13.5,8F3B622D-68CA-56D9-A81E-F7EE06B8FE14,,,,,,,,,,
1773848713,4m 13.0s,253.0,1.36280000,103.76720000,17.1,164.0,17.1,197.1,2859.8,0.000,14.540,0.000,,0.000,,3.579,,-6.40,0.00,126.9,126.9,,LANDING,,,18,4,TRUE,,Mini 4 Pro,,,,,,FALSE,TRUE,,,,,,,,,,,,,,,,,,,,,,,,,,,,,,,,,,,,,,,,,,,,,,,,70.0,,,,7.885,,,,,,,4.568,,,,,,,,,,,,,,,,,,,,,,,,,,,,,,,,1.36280000,103.76720000,0.0,,,,,,,,,,,,,,,,,,,,,,,,,,,,Mini 4 Pro,SYNPBEP9TBJNPGFDD,CAMCE35MXBHKSSTHD,RCSGDXPKDBDQ6GVTD,BATJEQLCDCPKHB2TP,,,,,,,,Mini 4 Pro,SYNPBEP9TBJNPGFDD,,,,DJI Fly,,1.13.5,8F3B622D-68CA-56D9-A81E-F7EE06B8FE14,,,,,,,,,,
1773848714,4m 14.0s,254.0,1.36280000,103.76720000,11.8,164.0,11.8,191.8,2859.8,0.000,14.540,0.000,,0.000,,3.579,,-6.40,0.00,126.9,126.9,,LANDING,,,18,4,TRUE,,Mini 4 Pro,,,,,,FALSE,TRUE,,,,,,,,,,,,,,,,,,,,,,,,,,,,,,,,,,,,,,,,,,,,,,,,70.0,,,,7.885,,,,,,,4.568,,,,,,,,,,,,,,,,,,,,,,,,,,,,,,,,1.36280000,103.76720000,0.0,,,,,,,,,,,,,,,,,,,,,,,,,,,,Mini 4 Pro,SYNPBEP9TBJNPGFDD,CAMCE35MXBHKSSTHD,RCSGDXPKDBDQ6GVTD,BATJEQLCDCPKHB2TP,,,,,,,,Mini 4 Pro,SYNPBEP9TBJNPGFDD,,,,DJI Fly,,1.13.5,8F3B622D-68CA-56D9-A81E-F7EE06B8FE14,,,,,,,,,,
1773848715,4m 15.0s,255.0,1.36280000,103.76720000,6.6,164.0,6.6,186.6,2859.8,0.000,14.540,0.000,,0.000,,3.579,,-6.40,0.00,126.9,126.9,,LANDING,,,18,4,TRUE,,Mini 4 Pro,,,,,,FALSE,TRUE,,,,,,,,,,,,,,,,,,,,,,,,,,,,,,,,,,,,,,,,,,,,,,,,70.0,,,,7.885,,,,,,,4.568,,,,,,,,,,,,,,,,,,,,,,,,,,,,,,,,1.36280000,103.76720000,0.0,,,,,,,,,,,,,,,,,,,,,,,,,,,,Mini 4 Pro,SYNPBEP9TBJNPGFDD,CAMCE35MXBHKSSTHD,RCSGDXPKDBDQ6GVTD,BATJEQLCDCPKHB2TP,,,,,,,,Mini 4 Pro,SYNPBEP9TBJNPGFDD,,,,DJI Fly,,1.13.5,8F3B622D-68CA-56D9-A81E-F7EE06B8FE14,,,,,,,,,,
1773848716,4m 16.0s,256.0,1.36280000,103.76720000,1.3,164.0,1.3,181.3,2859.8,0.000,14.540,0.000,,0.000,,3.579,,-6.40,0.00,126.9,126.9,,LANDING,,,18,4,TRUE,,Mini 4 Pro,,,,,,FALSE,TRUE,,,,,,,,,,,,,,,,,,,,,,,,,,,,,,,,,,,,,,,,,,,,,,,,70.0,,,,7.885,,,,,,,4.568,,,,,,,,,,,,,,,,,,,,,,,,,,,,,,,,1.36280000,103.76720000,0.0,,,,,,,,,,,,,,,,,,,,,,,,,,,,Mini 4 Pro,SYNPBEP9TBJNPGFDD,CAMCE35MXBHKSSTHD,RCSGDXPKDBDQ6GVTD,BATJEQLCDCPKHB2TP,,,,,,,,Mini 4 Pro,SYNPBEP9TBJNPGFDD,,,,DJI Fly,,1.13.5,8F3B622D-68CA-56D9-A81E-F7EE06B8FE14,,,,,,,,,,
1773848717,4m 17.0s,257.0,1.36280000,103.76720000,0.0,164.0,0.0,180.0,2859.8,0.000,14.540,0.000,,0.000,,-0.000,,0.20,0.10,126.9,126.9,,LAND,,,18,4,TRUE,,Mini 4 Pro,,,,,,TRUE,TRUE,,,,,,,,,,,,,,,,,,,,,,,,,,,,,,,,,,,,,,,,,,,,,,,,70.0,,,,7.885,,,,,,,4.568,,,,,,,,,,,,,,,,,,,,,,,,,,,,,,,,1.36280000,103.76720000,0.0,,,,,,,,,,,,,,,,,,,,,,,,,,,,Mini 4 Pro,SYNPBEP9TBJNPGFDD,CAMCE35MXBHKSSTHD,RCSGDXPKDBDQ6GVTD,BATJEQLCDCPKHB2TP,,,,,,,,Mini 4 Pro,SYNPBEP9TBJNPGFDD,,,,DJI Fly,,1.13.5,8F3B622D-68CA-56D9-A81E-F7EE06B8FE14,,,,,,,,,,
1773848718,4m 18.0s,258.0,1.36280000,103.76720000,0.0,164.0,0.0,180.0,2859.8,0.000,14.540,0.000,,0.000,,-0.000,,0.20,0.10,126.9,126.9,,LAND,,,18,4,TRUE,,Mini 4 Pro,,,,,,TRUE,TRUE,,,,,,,,,,,,,,,,,,,,,,,,,,,,,,,,,,,,,,,,,,,,,,,,70.0,,,,7.885,,,,,,,4.568,,,,,,,,,,,,,,,,,,,,,,,,,,,,,,,,1.36280000,103.76720000,0.0,,,,,,,,,,,,,,,,,,,,,,,,,,,,Mini 4 Pro,SYNPBEP9TBJNPGFDD,CAMCE35MXBHKSSTHD,RCSGDXPKDBDQ6GVTD,BATJEQLCDCPKHB2TP,,,,,,,,Mini 4 Pro,SYNPBEP9TBJNPGFDD,,,,DJI Fly,,1.13.5,8F3B622D-68CA-56D9-A81E-F7EE06B8FE14,,,,,,,,,,
1773848719,4m 19.0s,259.0,1.36280000,103.76720000,0.0,164.0,0.0,180.0,2859.8,0.000,14.540,0.000,,0.000,,-0.000,,0.20,0.10,126.9,126.9,,LAND,,,18,4,TRUE,,Mini 4 Pro,,,,,,TRUE,TRUE,,,,,,,,,,,,,,,,,,,,,,,,,,,,,,,,,,,,,,,,,,,,,,,,70.0,,,,7.885,,,,,,,4.568,,,,,,,,,,,,,,,,,,,,,,,,,,,,,,,,1.36280000,103.76720000,0.0,,,,,,,,,,,,,,,,,,,,,,,,,,,,Mini 4 Pro,SYNPBEP9TBJNPGFDD,CAMCE35MXBHKSSTHD,RCSGDXPKDBDQ6GVTD,BATJEQLCDCPKHB2TP,,,,,,,,Mini 4 Pro,SYNPBEP9TBJNPGFDD,,,,DJI Fly,,1.13.5,8F3B622D-68CA-56D9-A81E-F7EE06B8FE14,,,,,,,,,,
