timestamps,OSD.flyTime,OSD.flyTime [s],OSD.latitude,OSD.longitude,OSD.height [ft],OSD.heightMax [ft],OSD.vpsHeight [ft],OSD.altitude [ft],OSD.mileage [ft],OSD.hSpeed [MPH],OSD.hSpeedMax [MPH],OSD.xSpeed [MPH],OSD.xSpeedMax [MPH],OSD.ySpeed [MPH],OSD.ySpeedMax [MPH],OSD.zSpeed [MPH],OSD.zSpeedMax [MPH],OSD.pitch,OSD.roll,OSD.yaw,OSD.yaw [360],OSD.directionOfTravel,OSD.flycState,OSD.flycCommand,OSD.flightAction,OSD.gpsNum,OSD.gpsLevel,OSD.isGPSUsed,OSD.nonGPSCause,OSD.droneType,OSD.isSwaveWork,OSD.waveError,OSD.goHomeStatus,OSD.batteryType,OSD.ctrlDevice,OSD.isOnGround,OSD.isMotorOn,OSD.isMotorBlocked,OSD.motorStartFailedCause,OSD.motorFailReason,OSD.isImuPreheated,OSD.imuInitFailReason,OSD.isAcceletorOverRange,OSD.isBarometerDeadInAir,OSD.isCompassError,OSD.isGoHomeHeightModified,OSD.canIOCWork,OSD.isNotEnoughForce,OSD.isOutOfLimit,OSD.isPropellerCatapult,OSD.isVibrating,OSD.isVisionUsed,OSD.voltageWarning,GIMBAL.mode,GIMBAL.pitch,GIMBAL.roll,GIMBAL.yaw,GIMBAL.yaw [360],GIMBAL.isPitchAtLimit,GIMBAL.isRollAtLimit,GIMBAL.isYawAtLimit,GIMBAL.isStuck,CAMERA.isPhoto,CAMERA.isVideo,CAMERA.filename,CAMERA.sdCardIsInserted,CAMERA.sdCardState,RC.downlinkSignal,RC.uplinkSignal,RC.aileron,RC.elevator,RC.throttle,RC.rudder,RC.mode,RC.goHomeDepressed,RC.recordDepressed,RC.shutterDepressed,RC.playbackDepressed,RC.wheelDepressed,RC.wheelOffset,RC.custom1Depressed,RC.custom2Depressed,RC.custom3Depressed,RC.custom4Depressed,BATTERY.chargeLevel,BATTERY.currentPV [V],BATTERY.currentCapacity [mAh],BATTERY.fullCapacity [mAh],BATTERY.voltage [V],BATTERY.isCellVoltageEstimated,BATTERY.cellVoltage1 [V],BATTERY.cellVoltage2 [V],BATTERY.maxCellVoltageDeviation,BATTERY.isCellVoltageDeviationHigh,BATTERY.isVoltageLow,BATTERY.current [A],BATTERY.temperature [F],BATTERY.minTemperature [F],BATTERY.maxTemperature [F],BATTERY.usefulTime [s],BATTERY.goHomeTime [s],BATTERY.landTime [s],BATTERY.goHomeBattery,BATTERY.landBattery,BATTERY.safeFlyRadius,BATTERY.volumeConsume,BATTERY.status,BATTERY.goHomeStatus,BATTERY.goHomeCountdown,BATTERY.lowWarning,BATTERY.lowWarningGoHome,BATTERY.seriousLowWarning,BATTERY.seriousLowWarningLanding,BATTERY.timesCharged,MC.failSafeAction,MC.isObstacleAvoidanceEnabled,MC.isCollisionAvoidanceEnabled,MC.isRthObstacleAvoidanceEnabled,MC.isBraking,MC.isAvoidingObstacle,MC.isAvoidingActiveObstacle,MC.isAscentLimitedByObstacle,MC.isLandingConfirmationNeeded,MC.atLowAltitudeLimit,MC.atDistanceLimit,MC.atAirportAltitudeLimit,MC.atAirportBoundary,HOME.latitude,HOME.longitude,HOME.distance [ft],HOME.height [ft],HOME.heightLimit [ft],HOME.isHomeRecord,HOME.goHomeMode,HOME.aircraftHeadDirection,HOME.isDynamicHomePointEnabled,HOME.isReachedLimitDistance,HOME.isReachedLimitHeight,HOME.isCompassCalibrating,HOME.compassCalibrationState,HOME.isMultipleFlightModeEnabled,HOME.isBeginnerMode,HOME.isIOCEnabled,HOME.iocMode,HOME.goHomeHeight [ft],HOME.courseLockAngle,HOME.forceLandingHeight [ft],HOME.dataRecorderFileIndex,WEATHER.windDirection,WEATHER.windRelativeDirection,WEATHER.windSpeed [MPH],WEATHER.maxWindSpeed [MPH],WEATHER.windStrength,WEATHER.isFacingWind,WEATHER.isFlyingIntoWind,RECOVER.appType,RECOVER.appVersion,RECOVER.aircraftName,RECOVER.aircraftSerial,RECOVER.cameraSerial,RECOVER.rcSerial,RECOVER.batterySerial,DETAILS.totalTime [s],DETAILS.totalDistance [ft],DETAILS.maxHeight [ft],DETAILS.maxHorizontalSpeed [MPH],DETAILS.maxVerticalSpeed [MPH],DETAILS.photoNum,DETAILS.videoTime [s],DETAILS.aircraftName,DETAILS.aircraftSerial,DETAILS.cameraSerial,DETAILS.rcSerial,DETAILS.batterySerial,DETAILS.appName,DETAILS.appType,DETAILS.appVersion,DETAILS.guid,SERIAL.flightController,SERIAL.camera,SERIAL.gimbal,SERIAL.rc,SERIAL.battery,APPGPS.latitude,APPGPS.longitude,APPGPS.accuracy,APP.tip,APP.warning
1773844860,0m 0.0s,0.0,1.40500000,103.70000000,0.0,0.0,0.0,180.0,0.0,0.000,0.000,0.000,,0.000,,-0.000,,0.20,0.10,45.0,45.0,,Starting Motors,,,18,4,TRUE,,Mini 4 Pro,,,,,,TRUE,TRUE,,,,,,,,,,,,,,,,,,,,,,,,,,,,,,,,,,,,,,,,,,,,,,,,88.0,,,,8.164,,,,,,,1.100,,,,,,,,,,,,,,,,,,,,,,,,,,,,,,,,1.40500000,103.70000000,0.0,,,,,,,,,,,,,,,,,,,,,,,,,,,,Mini 4 Pro,SYNHBTYP3DCN27ZMB,CAM6DGF46D3QRQAQB,RCSAK6RX8DFEXERNB,BATCE5VSLHKU2L2CH,,,,,,,,Mini 4 Pro,SYNHBTYP3DCN27ZMB,,,,DJI Fly,,1.13.5,606506D4-8CA6-50D1-AD4F-F7F7ED2A7646,,,,,,,,,,
1773844861,0m 1.0s,1.0,1.40500000,103.70000000,0.0,0.0,0.0,180.0,0.0,0.000,0.000,0.000,,0.000,,-0.000,,0.20,0.10,45.0,45.0,,Starting Motors,,,18,4,TRUE,,Mini 4 Pro,,,,,,TRUE,TRUE,,,,,,,,,,,,,,,,,,,,,,,,,,,,,,,,,,,,,,,,,,,,,,,,88.0,,,,8.164,,,,,,,1.100,,,,,,,,,,,,,,,,,,,,,,,,,,,,,,,,1.40500000,103.70000000,0.0,,,,,,,,,,,,,,,,,,,,,,,,,,,,Mini 4 Pro,SYNHBTYP3DCN27ZMB,CAM6DGF46D3QRQAQB,RCSAK6RX8DFEXERNB,BATCE5VSLHKU2L2CH,,,,,,,,Mini 4 Pro,SYNHBTYP3DCN27ZMB,,,,DJI Fly,,1.13.5,606506D4-8CA6-50D1-AD4F-F7F7ED2A7646,,,,,,,,,,
1773844862,0m 2.0s,2.0,1.40500000,103.70000000,0.0,0.0,0.0,180.0,0.0,0.000,0.000,0.000,,0.000,,-0.000,,0.20,0.10,45.0,45.0,,Starting Motors,,,18,4,TRUE,,Mini 4 Pro,,,,,,TRUE,TRUE,,,,,,,,,,,,,,,,,,,,,,,,,,,,,,,,,,,,,,,,,,,,,,,,87.9,,,,8.163,,,,,,,1.100,,,,,,,,,,,,,,,,,,,,,,,,,,,,,,,,1.40500000,103.70000000,0.0,,,,,,,,,,,,,,,,,,,,,,,,,,,,Mini 4 Pro,SYNHBTYP3DCN27ZMB,CAM6DGF46D3QRQAQB,RCSAK6RX8DFEXERNB,BATCE5VSLHKU2L2CH,,,,,,,,Mini 4 Pro,SYNHBTYP3DCN27ZMB,,,,DJI Fly,,1.13.5,606506D4-8CA6-50D1-AD4F-F7F7ED2A7646,,,,,,,,,,
1773844863,0m 3.0s,3.0,1.40500000,103.70000000,0.0,0.0,0.0,180.0,0.0,0.000,0.000,0.000,,0.000,,-0.000,,0.20,0.10,45.0,45.0,,Starting Motors,,,18,4,TRUE,,Mini 4 Pro,,,,,,TRUE,TRUE,,,,,,,,,,,,,,,,,,,,,,,,,,,,,,,,,,,,,,,,,,,,,,,,87.9,,,,8.163,,,,,,,1.100,,,,,,,,,,,,,,,,,,,,,,,,,,,,,,,,1.40500000,103.70000000,0.0,,,,,,,,,,,,,,,,,,,,,,,,,,,,Mini 4 Pro,SYNHBTYP3DCN27ZMB,CAM6DGF46D3QRQAQB,RCSAK6RX8DFEXERNB,BATCE5VSLHKU2L2CH,,,,,,,,Mini 4 Pro,SYNHBTYP3DCN27ZMB,,,,DJI Fly,,1.13.5,606506D4-8CA6-50D1-AD4F-F7F7ED2A7646,,,,,,,,,,
1773844864,0m 4.0s,4.0,1.40500000,103.70000000,0.0,0.0,0.0,180.0,0.0,0.000,0.000,0.000,,0.000,,-0.000,,0.20,0.10,45.0,45.0,,Starting Motors,,,18,4,TRUE,,Mini 4 Pro,,,,,,TRUE,TRUE,,,,,,,,,,,,,,,,,,,,,,,,,,,,,,,,,,,,,,,,,,,,,,,,87.9,,,,8.162,,,,,,,1.100,,,,,,,,,,,,,,,,,,,,,,,,,,,,,,,,1.40500000,103.70000000,0.0,,,,,,,,,,,,,,,,,,,,,,,,,,,,Mini 4 Pro,SYNHBTYP3DCN27ZMB,CAM6DGF46D3QRQAQB,RCSAK6RX8DFEXERNB,BATCE5VSLHKU2L2CH,,,,,,,,Mini 4 Pro,SYNHBTYP3DCN27ZMB,,,,DJI Fly,,1.13.5,606506D4-8CA6-50D1-AD4F-F7F7ED2A7646,,,,,,,,,,
1773844865,0m 5.0s,5.0,1.40500000,103.70000000,0.0,0.0,0.0,180.0,0.0,0.000,0.000,0.000,,0.000,,-0.000,,0.20,0.10,45.0,45.0,,Starting Motors,,,18,4,TRUE,,Mini 4 Pro,,,,,,TRUE,TRUE,,,,,,,,,,,,,,,,,,,,,,,,,,,,,,,,,,,,,,,,,,,,,,,,87.9,,,,8.162,,,,,,,1.100,,,,,,,,,,,,,,,,,,,,,,,,,,,,,,,,1.40500000,103.70000000,0.0,,,,,,,,,,,,,,,,,,,,,,,,,,,,Mini 4 Pro,SYNHBTYP3DCN27ZMB,CAM6DGF46D3QRQAQB,RCSAK6RX8DFEXERNB,BATCE5VSLHKU2L2CH,,,,,,,,Mini 4 Pro,SYNHBTYP3DCN27ZMB,,,,DJI Fly,,1.13.5,606506D4-8CA6-50D1-AD4F-F7F7ED2A7646,,,,,,,,,,
1773844866,0m 6.0s,6.0,1.40500000,103.70000000,0.0,0.0,0.0,180.0,0.0,0.000,0.000,0.000,,0.000,,-0.000,,0.20,0.10,45.0,45.0,,Starting Motors,,,18,4,TRUE,,Mini 4 Pro,,,,,,TRUE,TRUE,,,,,,,,,,,,,,,,,,,,,,,,,,,,,,,,,,,,,,,,,,,,,,,,87.8,,,,8.161,,,,,,,1.100,,,,,,,,,,,,,,,,,,,,,,,,,,,,,,,,1.40500000,103.70000000,0.0,,,,,,,,,,,,,,,,,,,,,,,,,,,,Mini 4 Pro,SYNHBTYP3DCN27ZMB,CAM6DGF46D3QRQAQB,RCSAK6RX8DFEXERNB,BATCE5VSLHKU2L2CH,,,,,,,,Mini 4 Pro,SYNHBTYP3DCN27ZMB,,,,DJI Fly,,1.13.5,606506D4-8CA6-50D1-AD4F-F7F7ED2A7646,,,,,,,,,,
1773844867,0m 7.0s,7.0,1.40500000,103.70000000,0.0,0.0,0.0,180.0,0.0,0.000,0.000,0.000,,0.000,,-0.000,,0.20,0.10,45.0,45.0,,Starting Motors,,,18,4,TRUE,,Mini 4 Pro,,,,,,TRUE,TRUE,,,,,,,,,,,,,,,,,,,,,,,,,,,,,,,,,,,,,,,,,,,,,,,,87.8,,,,8.161,,,,,,,1.100,,,,,,,,,,,,,,,,,,,,,,,,,,,,,,,,1.40500000,103.70000000,0.0,,,,,,,,,,,,,,,,,,,,,,,,,,,,Mini 4 Pro,SYNHBTYP3DCN27ZMB,CAM6DGF46D3QRQAQB,RCSAK6RX8DFEXERNB,BATCE5VSLHKU2L2CH,,,,,,,,Mini 4 Pro,SYNHBTYP3DCN27ZMB,,,,DJI Fly,,1.13.5,606506D4-8CA6-50D1-AD4F-F7F7ED2A7646,,,,,,,,,,
1773844868,0m 8.0s,8.0,1.40500000,103.70000000,7.9,7.9,7.9,187.9,0.0,0.000,0.000,0.000,,0.000,,-5.369,,9.60,0.00,45.0,45.0,,Auto Takeoff,,,18,4,TRUE,,Mini 4 Pro,,,,,,FALSE,TRUE,,,,,,,,,,,,,,,,,,,,,,,,,,,,,,,,,,,,,,,,,,,,,,,,87.8,,,,8.160,,,,,,,12.252,,,,,,,,,,,,,,,,,,,,,,,,,,,,,,,,1.40500000,103.70000000,0.0,,,,,,,,,,,,,,,,,,,,,,,,,,,,Mini 4 Pro,SYNHBTYP3DCN27ZMB,CAM6DGF46D3QRQAQB,RCSAK6RX8DFEXERNB,BATCE5VSLHKU2L2CH,,,,,,,,Mini 4 Pro,SYNHBTYP3DCN27ZMB,,,,DJI Fly,,1.13.5,606506D4-8CA6-50D1-AD4F-F7F7ED2A7646,,,,,,,,,,
1773844869,0m 9.0s,9.0,1.40500000,103.70000000,15.7,15.7,15.7,195.7,0.0,0.000,0.000,0.000,,0.000,,-5.369,,9.60,0.00,45.0,45.0,,Auto Takeoff,,,18,4,TRUE,,Mini 4 Pro,,,,,,FALSE,TRUE,,,,,,,,,,,,,,,,,,,,,,,,,,,,,,,,,,,,,,,,,,,,,,,,87.7,,,,8.160,,,,,,,12.252,,,,,,,,,,,,,,,,,,,,,,,,,,,,,,,,1.40500000,103.70000000,0.0,,,,,,,,,,,,,,,,,,,,,,,,,,,,Mini 4 Pro,SYNHBTYP3DCN27ZMB,CAM6DGF46D3QRQAQB,RCSAK6RX8DFEXERNB,BATCE5VSLHKU2L2CH,,,,,,,,Mini 4 Pro,SYNHBTYP3DCN27ZMB,,,,DJI Fly,,1.13.5,606506D4-8CA6-50D1-AD4F-F7F7ED2A7646,,,,,,,,,,
1773844870,0m 10.0s,10.0,1.40500000,103.70000000,23.6,23.6,23.6,203.6,0.0,0.000,0.000,0.000,,0.000,,-5.369,,9.60,0.00,45.0,45.0,,Auto Takeoff,,,18,4,TRUE,,Mini 4 Pro,,,,,,FALSE,TRUE,,,,,,,,,,,,,,,,,,,,,,,,,,,,,,,,,,,,,,,,,,,,,,,,87.7,,,,8.159,,,,,,,12.252,,,,,,,,,,,,,,,,,,,,,,,,,,,,,,,,1.40500000,103.70000000,0.0,,,,,,,,,,,,,,,,,,,,,,,,,,,,Mini 4 Pro,SYNHBTYP3DCN27ZMB,CAM6DGF46D3QRQAQB,RCSAK6RX8DFEXERNB,BATCE5VSLHKU2L2CH,,,,,,,,Mini 4 Pro,SYNHBTYP3DCN27ZMB,,,,DJI Fly,,1.13.5,606506D4-8CA6-50D1-AD4F-F7F7ED2A7646,,,,,,,,,,
1773844871,0m 11.0s,11.0,1.40500000,103.70000000,31.5,31.5,30.0,211.5,0.0,0.000,0.000,0.000,,0.000,,-5.369,,9.60,0.00,45.0,45.0,,Auto Takeoff,,,18,4,TRUE,,Mini 4 Pro,,,,,,FALSE,TRUE,,,,,,,,,,,,,,,,,,,,,,,,,,,,,,,,,,,,,,,,,,,,,,,,87.7,,,,8.159,,,,,,,12.252,,,,,,,,,,,,,,,,,,,,,,,,,,,,,,,,1.40500000,103.70000000,0.0,,,,,,,,,,,,,,,,,,,,,,,,,,,,Mini 4 Pro,SYNHBTYP3DCN27ZMB,CAM6DGF46D3QRQAQB,RCSAK6RX8DFEXERNB,BATCE5VSLHKU2L2CH,,,,,,,,Mini 4 Pro,SYNHBTYP3DCN27ZMB,,,,DJI Fly,,1.13.5,606506D4-8CA6-50D1-AD4F-F7F7ED2A7646,,,,,,,,,,
1773844872,0m 12.0s,12.0,1.40500000,103.70000000,39.4,39.4,30.0,219.4,0.0,0.000,0.000,0.000,,0.000,,-5.369,,9.60,0.00,45.0,45.0,,Auto Takeoff,,,18,4,TRUE,,Mini 4 Pro,,,,,,FALSE,TRUE,,,,,,,,,,,,,,,,,,,,,,,,,,,,,,,,,,,,,,,,,,,,,,,,87.6,,,,8.159,,,,,,,12.252,,,,,,,,,,,,,,,,,,,,,,,,,,,,,,,,1.40500000,103.70000000,0.0,,,,,,,,,,,,,,,,,,,,,,,,,,,,Mini 4 Pro,SYNHBTYP3DCN27ZMB,CAM6DGF46D3QRQAQB,RCSAK6RX8DFEXERNB,BATCE5VSLHKU2L2CH,,,,,,,,Mini 4 Pro,SYNHBTYP3DCN27ZMB,,,,DJI Fly,,1.13.5,606506D4-8CA6-50D1-AD4F-F7F7ED2A7646,,,,,,,,,,
1773844873,0m 13.0s,13.0,1.40500000,103.70000000,47.2,47.2,30.0,227.2,0.0,0.000,0.000,0.000,,0.000,,-5.369,,9.60,0.00,45.0,45.0,,Auto Takeoff,,,18,4,TRUE,,Mini 4 Pro,,,,,,FALSE,TRUE,,,,,,,,,,,,,,,,,,,,,,,,,,,,,,,,,,,,,,,,,,,,,,,,87.6,,,,8.158,,,,,,,12.252,,,,,,,,,,,,,,,,,,,,,,,,,,,,,,,,1.40500000,103.70000000,0.0,,,,,,,,,,,,,,,,,,,,,,,,,,,,Mini 4 Pro,SYNHBTYP3DCN27ZMB,CAM6DGF46D3QRQAQB,RCSAK6RX8DFEXERNB,BATCE5VSLHKU2L2CH,,,,,,,,Mini 4 Pro,SYNHBTYP3DCN27ZMB,,,,DJI Fly,,1.13.5,606506D4-8CA6-50D1-AD4F-F7F7ED2A7646,,,,,,,,,,
1773844874,0m 14.0s,14.0,1.40500000,103.70000000,55.1,55.1,30.0,235.1,0.0,0.000,0.000,0.000,,0.000,,-5.369,,9.60,0.00,45.0,45.0,,Auto Takeoff,,,18,4,TRUE,,Mini 4 Pro,,,,,,FALSE,TRUE,,,,,,,,,,,,,,,,,,,,,,,,,,,,,,,,,,,,,,,,,,,,,,,,87.6,,,,8.158,,,,,,,12.252,,,,,,,,,,,,,,,,,,,,,,,,,,,,,,,,1.40500000,103.70000000,0.0,,,,,,,,,,,,,,,,,,,,,,,,,,,,Mini 4 Pro,SYNHBTYP3DCN27ZMB,CAM6DGF46D3QRQAQB,RCSAK6RX8DFEXERNB,BATCE5VSLHKU2L2CH,,,,,,,,Mini 4 Pro,SYNHBTYP3DCN27ZMB,,,,DJI Fly,,1.13.5,606506D4-8CA6-50D1-AD4F-F7F7ED2A7646,,,,,,,,,,
1773844875,0m 15.0s,15.0,1.40500000,103.70000000,63.0,63.0,30.0,243.0,0.0,0.000,0.000,0.000,,0.000,,-5.369,,9.60,0.00,45.0,45.0,,Auto Takeoff,,,18,4,TRUE,,Mini 4 Pro,,,,,,FALSE,TRUE,,,,,,,,,,,,,,,,,,,,,,,,,,,,,,,,,,,,,,,,,,,,,,,,87.6,,,,8.157,,,,,,,12.252,,,,,,,,,,,,,,,,,,,,,,,,,,,,,,,,1.40500000,103.70000000,0.0,,,,,,,,,,,,,,,,,,,,,,,,,,,,Mini 4 Pro,SYNHBTYP3DCN27ZMB,CAM6DGF46D3QRQAQB,RCSAK6RX8DFEXERNB,BATCE5VSLHKU2L2CH,,,,,,,,Mini 4 Pro,SYNHBTYP3DCN27ZMB,,,,DJI Fly,,1.13.5,606506D4-8CA6-50D1-AD4F-F7F7ED2A7646,,,,,,,,,,
1773844876,0m 16.0s,16.0,1.40500000,103.70000000,70.9,70.9,30.0,250.9,0.0,0.000,0.000,0.000,,0.000,,-5.369,,9.60,0.00,45.0,45.0,,Auto Takeoff,,,18,4,TRUE,,Mini 4 Pro,,,,,,FALSE,TRUE,,,,,,,,,,,,,,,,,,,,,,,,,,,,,,,,,,,,,,,,,,,,,,,,87.5,,,,8.157,,,,,,,12.252,,,,,,,,,,,,,,,,,,,,,,,,,,,,,,,,1.40500000,103.70000000,0.0,,,,,,,,,,,,,,,,,,,,,,,,,,,,Mini 4 Pro,SYNHBTYP3DCN27ZMB,CAM6DGF46D3QRQAQB,RCSAK6RX8DFEXERNB,BATCE5VSLHKU2L2CH,,,,,,,,Mini 4 Pro,SYNHBTYP3DCN27ZMB,,,,DJI Fly,,1.13.5,606506D4-8CA6-50D1-AD4F-F7F7ED2A7646,,,,,,,,,,
1773844877,0m 17.0s,17.0,1.40500000,103.70000000,78.7,78.7,30.0,258.7,0.0,0.000,0.000,0.000,,0.000,,-5.369,,9.60,0.00,45.0,45.0,,Auto Takeoff,,,18,4,TRUE,,Mini 4 Pro,,,,,,FALSE,TRUE,,,,,,,,,,,,,,,,,,,,,,,,,,,,,,,,,,,,,,,,,,,,,,,,87.5,,,,8.156,,,,,,,12.252,,,,,,,,,,,,,,,,,,,,,,,,,,,,,,,,1.40500000,103.70000000,0.0,,,,,,,,,,,,,,,,,,,,,,,,,,,,Mini 4 Pro,SYNHBTYP3DCN27ZMB,CAM6DGF46D3QRQAQB,RCSAK6RX8DFEXERNB,BATCE5VSLHKU2L2CH,,,,,,,,Mini 4 Pro,SYNHBTYP3DCN27ZMB,,,,DJI Fly,,1.13.5,606506D4-8CA6-50D1-AD4F-F7F7ED2A7646,,,,,,,,,,
1773844878,0m 18.0s,18.0,1.40500000,103.70000000,86.6,86.6,30.0,266.6,0.0,0.000,0.000,0.000,,0.000,,-5.369,,9.60,0.00,45.0,45.0,,Auto Takeoff,,,18,4,TRUE,,Mini 4 Pro,,,,,,FALSE,TRUE,,,,,,,,,,,,,,,,,,,,,,,,,,,,,,,,,,,,,,,,,,,,,,,,87.5,,,,8.156,,,,,,,12.252,,,,,,,,,,,,,,,,,,,,,,,,,,,,,,,,1.40500000,103.70000000,0.0,,,,,,,,,,,,,,,,,,,,,,,,,,,,Mini 4 Pro,SYNHBTYP3DCN27ZMB,CAM6DGF46D3QRQAQB,RCSAK6RX8DFEXERNB,BATCE5VSLHKU2L2CH,,,,,,,,Mini 4 Pro,SYNHBTYP3DCN27ZMB,,,,DJI Fly,,1.13.5,606506D4-8CA6-50D1-AD4F-F7F7ED2A7646,,,,,,,,,,
1773844879,0m 19.0s,19.0,1.40500000,103.70000000,94.5,94.5,30.0,274.5,0.0,0.000,0.000,0.000,,0.000,,-5.369,,9.60,0.00,45.0,45.0,,Auto Takeoff,,,18,4,TRUE,,Mini 4 Pro,,,,,,FALSE,TRUE,,,,,,,,,,,,,,,,,,,,,,,,,,,,,,,,,,,,,,,,,,,,,,,,87.4,,,,8.155,,,,,,,12.252,,,,,,,,,,,,,,,,,,,,,,,,,,,,,,,,1.40500000,103.70000000,0.0,,,,,,,,,,,,,,,,,,,,,,,,,,,,Mini 4 Pro,SYNHBTYP3DCN27ZMB,CAM6DGF46D3QRQAQB,RCSAK6RX8DFEXERNB,BATCE5VSLHKU2L2CH,,,,,,,,Mini 4 Pro,SYNHBTYP3DCN27ZMB,,,,DJI Fly,,1.13.5,606506D4-8CA6-50D1-AD4F-F7F7ED2A7646,,,,,,,,,,
1773844880,0m 20.0s,20.0,1.40500000,103.70000000,102.4,102.4,30.0,282.4,0.0,0.000,0.000,0.000,,0.000,,-5.369,,9.60,0.00,45.0,45.0,,Auto Takeoff,,,18,4,TRUE,,Mini 4 Pro,,,,,,FALSE,TRUE,,,,,,,,,,,,,,,,,,,,,,,,,,,,,,,,,,,,,,,,,,,,,,,,87.4,,,,8.155,,,,,,,12.252,,,,,,,,,,,,,,,,,,,,,,,,,,,,,,,,1.40500000,103.70000000,0.0,,,,,,,,,,,,,,,,,,,,,,,,,,,,Mini 4 Pro,SYNHBTYP3DCN27ZMB,CAM6DGF46D3QRQAQB,RCSAK6RX8DFEXERNB,BATCE5VSLHKU2L2CH,,,,,,,,Mini 4 Pro,SYNHBTYP3DCN27ZMB,,,,DJI Fly,,1.13.5,606506D4-8CA6-50D1-AD4F-F7F7ED2A7646,,,,,,,,,,
1773844881,0m 21.0s,21.0,1.40500000,103.70000000,110.2,110.2,30.0,290.2,0.0,0.000,0.000,0.000,,0.000,,-5.369,,9.60,0.00,45.0,45.0,,Auto Takeoff,,,18,4,TRUE,,Mini 4 Pro,,,,,,FALSE,TRUE,,,,,,,,,,,,,,,,,,,,,,,,,,,,,,,,,,,,,,,,,,,,,,,,87.4,,,,8.154,,,,,,,12.252,,,,,,,,,,,,,,,,,,,,,,,,,,,,,,,,1.40500000,103.70000000,0.0,,,,,,,,,,,,,,,,,,,,,,,,,,,,Mini 4 Pro,SYNHBTYP3DCN27ZMB,CAM6DGF46D3QRQAQB,RCSAK6RX8DFEXERNB,BATCE5VSLHKU2L2CH,,,,,,,,Mini 4 Pro,SYNHBTYP3DCN27ZMB,,,,DJI Fly,,1.13.5,606506D4-8CA6-50D1-AD4F-F7F7ED2A7646,,,,,,,,,,
1773844882,0m 22.0s,22.0,1.40500000,103.70000000,118.1,118.1,30.0,298.1,0.0,0.000,0.000,0.000,,0.000,,-5.369,,9.60,0.00,45.0,45.0,,Auto Takeoff,,,18,4,TRUE,,Mini 4 Pro,,,,,,FALSE,TRUE,,,,,,,,,,,,,,,,,,,,,,,,,,,,,,,,,,,,,,,,,,,,,,,,87.4,,,,8.154,,,,,,,12.252,,,,,,,,,,,,,,,,,,,,,,,,,,,,,,,,1.40500000,103.70000000,0.0,,,,,,,,,,,,,,,,,,,,,,,,,,,,Mini 4 Pro,SYNHBTYP3DCN27ZMB,CAM6DGF46D3QRQAQB,RCSAK6RX8DFEXERNB,BATCE5VSLHKU2L2CH,,,,,,,,Mini 4 Pro,SYNHBTYP3DCN27ZMB,,,,DJI Fly,,1.13.5,606506D4-8CA6-50D1-AD4F-F7F7ED2A7646,,,,,,,,,,
1773844883,0m 23.0s,23.0,1.40500000,103.70000000,126.0,126.0,30.0,306.0,0.0,0.000,0.000,0.000,,0.000,,-5.369,,9.60,0.00,45.0,45.0,,Auto Takeoff,,,18,4,TRUE,,Mini 4 Pro,,,,,,FALSE,TRUE,,,,,,,,,,,,,,,,,,,,,,,,,,,,,,,,,,,,,,,,,,,,,,,,87.3,,,,8.154,,,,,,,12.252,,,,,,,,,,,,,,,,,,,,,,,,,,,,,,,,1.40500000,103.70000000,0.0,,,,,,,,,,,,,,,,,,,,,,,,,,,,Mini 4 Pro,SYNHBTYP3DCN27ZMB,CAM6DGF46D3QRQAQB,RCSAK6RX8DFEXERNB,BATCE5VSLHKU2L2CH,,,,,,,,Mini 4 Pro,SYNHBTYP3DCN27ZMB,,,,DJI Fly,,1.13.5,606506D4-8CA6-50D1-AD4F-F7F7ED2A7646,,,,,,,,,,
1773844884,0m 24.0s,24.0,1.40500000,103.70000000,133.9,133.9,30.0,313.9,0.0,0.000,0.000,0.000,,0.000,,-5.369,,9.60,0.00,45.0,45.0,,Auto Takeoff,,,18,4,TRUE,,Mini 4 Pro,,,,,,FALSE,TRUE,,,,,,,,,,,,,,,,,,,,,,,,,,,,,,,,,,,,,,,,,,,,,,,,87.3,,,,8.153,,,,,,,12.252,,,,,,,,,,,,,,,,,,,,,,,,,,,,,,,,1.40500000,103.70000000,0.0,,,,,,,,,,,,,,,,,,,,,,,,,,,,Mini 4 Pro,SYNHBTYP3DCN27ZMB,CAM6DGF46D3QRQAQB,RCSAK6RX8DFEXERNB,BATCE5VSLHKU2L2CH,,,,,,,,Mini 4 Pro,SYNHBTYP3DCN27ZMB,,,,DJI Fly,,1.13.5,606506D4-8CA6-50D1-AD4F-F7F7ED2A7646,,,,,,,,,,
1773844885,0m 25.0s,25.0,1.40500000,103.70000000,141.7,141.7,30.0,321.7,0.0,0.000,0.000,0.000,,0.000,,-5.369,,9.60,0.00,45.0,45.0,,Auto Takeoff,,,18,4,TRUE,,Mini 4 Pro,,,,,,FALSE,TRUE,,,,,,,,,,,,,,,,,,,,,,,,,,,,,,,,,,,,,,,,,,,,,,,,87.3,,,,8.153,,,,,,,12.252,,,,,,,,,,,,,,,,,,,,,,,,,,,,,,,,1.40500000,103.70000000,0.0,,,,,,,,,,,,,,,,,,,,,,,,,,,,Mini 4 Pro,SYNHBTYP3DCN27ZMB,CAM6DGF46D3QRQAQB,RCSAK6RX8DFEXERNB,BATCE5VSLHKU2L2CH,,,,,,,,Mini 4 Pro,SYNHBTYP3DCN27ZMB,,,,DJI Fly,,1.13.5,606506D4-8CA6-50D1-AD4F-F7F7ED2A7646,,,,,,,,,,
1773844886,0m 26.0s,26.0,1.40500000,103.70000000,149.6,149.6,30.0,329.6,0.0,0.000,0.000,0.000,,0.000,,-5.369,,9.60,0.00,45.0,45.0,,Auto Takeoff,,,18,4,TRUE,,Mini 4 Pro,,,,,,FALSE,TRUE,,,,,,,,,,,,,,,,,,,,,,,,,,,,,,,,,,,,,,,,,,,,,,,,87.2,,,,8.152,,,,,,,12.252,,,,,,,,,,,,,,,,,,,,,,,,,,,,,,,,1.40500000,103.70000000,0.0,,,,,,,,,,,,,,,,,,,,,,,,,,,,Mini 4 Pro,SYNHBTYP3DCN27ZMB,CAM6DGF46D3QRQAQB,RCSAK6RX8DFEXERNB,BATCE5VSLHKU2L2CH,,,,,,,,Mini 4 Pro,SYNHBTYP3DCN27ZMB,,,,DJI Fly,,1.13.5,606506D4-8CA6-50D1-AD4F-F7F7ED2A7646,,,,,,,,,,
1773844887,0m 27.0s,27.0,1.40500000,103.70000000,157.5,157.5,30.0,337.5,0.0,0.000,0.000,0.000,,0.000,,-5.369,,9.60,0.00,45.0,45.0,,Auto Takeoff,,,18,4,TRUE,,Mini 4 Pro,,,,,,FALSE,TRUE,,,,,,,,,,,,,,,,,,,,,,,,,,,,,,,,,,,,,,,,,,,,,,,,87.2,,,,8.152,,,,,,,12.252,,,,,,,,,,,,,,,,,,,,,,,,,,,,,,,,1.40500000,103.70000000,0.0,,,,,,,,,,,,,,,,,,,,,,,,,,,,Mini 4 Pro,SYNHBTYP3DCN27ZMB,CAM6DGF46D3QRQAQB,RCSAK6RX8DFEXERNB,BATCE5VSLHKU2L2CH,,,,,,,,Mini 4 Pro,SYNHBTYP3DCN27ZMB,,,,DJI Fly,,1.13.5,606506D4-8CA6-50D1-AD4F-F7F7ED2A7646,,,,,,,,,,
1773844888,0m 28.0s,28.0,1.40500000,103.70000000,165.4,165.4,30.0,345.4,0.0,0.000,0.000,0.000,,0.000,,-5.369,,9.60,0.00,45.0,45.0,,Auto Takeoff,,,18,4,TRUE,,Mini 4 Pro,,,,,,FALSE,TRUE,,,,,,,,,,,,,,,,,,,,,,,,,,,,,,,,,,,,,,,,,,,,,,,,87.2,,,,8.151,,,,,,,12.252,,,,,,,,,,,,,,,,,,,,,,,,,,,,,,,,1.40500000,103.70000000,0.0,,,,,,,,,,,,,,,,,,,,,,,,,,,,Mini 4 Pro,SYNHBTYP3DCN27ZMB,CAM6DGF46D3QRQAQB,RCSAK6RX8DFEXERNB,BATCE5VSLHKU2L2CH,,,,,,,,Mini 4 Pro,SYNHBTYP3DCN27ZMB,,,,DJI Fly,,1.13.5,606506D4-8CA6-50D1-AD4F-F7F7ED2A7646,,,,,,,,,,
1773844889,0m 29.0s,29.0,1.40500000,103.70000000,173.2,173.2,30.0,353.2,0.0,0.000,0.000,0.000,,0.000,,-5.369,,9.60,0.00,45.0,45.0,,Auto Takeoff,,,18,4,TRUE,,Mini 4 Pro,,,,,,FALSE,TRUE,,,,,,,,,,,,,,,,,,,,,,,,,,,,,,,,,,,,,,,,,,,,,,,,87.1,,,,8.151,,,,,,,12.252,,,,,,,,,,,,,,,,,,,,,,,,,,,,,,,,1.40500000,103.70000000,0.0,,,,,,,,,,,,,,,,,,,,,,,,,,,,Mini 4 Pro,SYNHBTYP3DCN27ZMB,CAM6DGF46D3QRQAQB,RCSAK6RX8DFEXERNB,BATCE5VSLHKU2L2CH,,,,,,,,Mini 4 Pro,SYNHBTYP3DCN27ZMB,,,,DJI Fly,,1.13.5,606506D4-8CA6-50D1-AD4F-F7F7ED2A7646,,,,,,,,,,
1773844890,0m 30.0s,30.0,1.40500000,103.70000000,181.1,181.1,30.0,361.1,0.0,0.000,0.000,0.000,,0.000,,-5.369,,9.60,0.00,45.0,45.0,,Auto Takeoff,,,18,4,TRUE,,Mini 4 Pro,,,,,,FALSE,TRUE,,,,,,,,,,,,,,,,,,,,,,,,,,,,,,,,,,,,,,,,,,,,,,,,87.1,,,,8.150,,,,,,,12.252,,,,,,,,,,,,,,,,,,,,,,,,,,,,,,,,1.40500000,103.70000000,0.0,,,,,,,,,,,,,,,,,,,,,,,,,,,,Mini 4 Pro,SYNHBTYP3DCN27ZMB,CAM6DGF46D3QRQAQB,RCSAK6RX8DFEXERNB,BATCE5VSLHKU2L2CH,,,,,,,,Mini 4 Pro,SYNHBTYP3DCN27ZMB,,,,DJI Fly,,1.13.5,606506D4-8CA6-50D1-AD4F-F7F7ED2A7646,,,,,,,,,,
1773844891,0m 31.0s,31.0,1.40500000,103.70000000,189.0,189.0,30.0,369.0,0.0,0.000,0.000,0.000,,0.000,,-5.369,,9.60,0.00,45.0,45.0,,Auto Takeoff,,,18,4,TRUE,,Mini 4 Pro,,,,,,FALSE,TRUE,,,,,,,,,,,,,,,,,,,,,,,,,,,,,,,,,,,,,,,,,,,,,,,,87.1,,,,8.150,,,,,,,12.252,,,,,,,,,,,,,,,,,,,,,,,,,,,,,,,,1.40500000,103.70000000,0.0,,,,,,,,,,,,,,,,,,,,,,,,,,,,Mini 4 Pro,SYNHBTYP3DCN27ZMB,CAM6DGF46D3QRQAQB,RCSAK6RX8DFEXERNB,BATCE5VSLHKU2L2CH,,,,,,,,Mini 4 Pro,SYNHBTYP3DCN27ZMB,,,,DJI Fly,,1.13.5,606506D4-8CA6-50D1-AD4F-F7F7ED2A7646,,,,,,,,,,
1773844892,0m 32.0s,32.0,1.40500000,103.70000000,196.9,196.9,30.0,376.9,0.0,0.000,0.000,0.000,,0.000,,-5.369,,9.60,0.00,45.0,45.0,,Auto Takeoff,,,18,4,TRUE,,Mini 4 Pro,,,,,,FALSE,TRUE,,,,,,,,,,,,,,,,,,,,,,,,,,,,,,,,,,,,,,,,,,,,,,,,87.1,,,,8.149,,,,,,,12.252,,,,,,,,,,,,,,,,,,,,,,,,,,,,,,,,1.40500000,103.70000000,0.0,,,,,,,,,,,,,,,,,,,,,,,,,,,,Mini 4 Pro,SYNHBTYP3DCN27ZMB,CAM6DGF46D3QRQAQB,RCSAK6RX8DFEXERNB,BATCE5VSLHKU2L2CH,,,,,,,,Mini 4 Pro,SYNHBTYP3DCN27ZMB,,,,DJI Fly,,1.13.5,606506D4-8CA6-50D1-AD4F-F7F7ED2A7646,,,,,,,,,,
1773844893,0m 33.0s,33.0,1.40500000,103.70000000,196.9,196.9,30.0,376.9,0.0,0.000,0.000,0.000,,0.000,,-0.000,,0.00,0.00,45.0,45.0,,Auto Takeoff,,,18,4,TRUE,,Mini 4 Pro,,,,,,FALSE,TRUE,,,,,,,,,,,,,,,,,,,,,,,,,,,,,,,,,,,,,,,,,,,,,,,,87.0,,,,8.149,,,,,,,4.572,,,,,,,,,,,,,,,,,,,,,,,,,,,,,,,,1.40500000,103.70000000,0.0,,,,,,,,,,,,,,,,,,,,,,,,,,,,Mini 4 Pro,SYNHBTYP3DCN27ZMB,CAM6DGF46D3QRQAQB,RCSAK6RX8DFEXERNB,BATCE5VSLHKU2L2CH,,,,,,,,Mini 4 Pro,SYNHBTYP3DCN27ZMB,,,,DJI Fly,,1.13.5,606506D4-8CA6-50D1-AD4F-F7F7ED2A7646,,,,,,,,,,
1773844894,0m 34.0s,34.0,1.40494537,103.69995316,196.9,196.9,30.0,376.9,26.2,17.895,17.895,-13.587,,-11.646,,-0.000,,2.80,25.00,220.6,220.6,,P-GPS,,,18,4,TRUE,,Mini 4 Pro,,,,,,FALSE,TRUE,,,,,,,,,,,,,,,,,,,,,,,,,,,,,,,,,,,,,,,,,,,,,,,,87.0,,,,8.149,,,,,,,8.972,,,,,,,,,,,,,,,,,,,,,,,,,,,,,,,,1.40500000,103.70000000,26.2,,,,,,,,,,,,,,,,,,,,,,,,,,,,Mini 4 Pro,SYNHBTYP3DCN27ZMB,CAM6DGF46D3QRQAQB,RCSAK6RX8DFEXERNB,BATCE5VSLHKU2L2CH,,,,,,,,Mini 4 Pro,SYNHBTYP3DCN27ZMB,,,,DJI Fly,,1.13.5,606506D4-8CA6-50D1-AD4F-F7F7ED2A7646,,,,,,,,,,
1773844895,0m 35.0s,35.0,1.40489075,103.69990633,196.9,196.9,30.0,376.9,52.5,17.895,17.895,-13.587,,-11.646,,-0.000,,2.80,0.00,220.6,220.6,,P-GPS,,,18,4,TRUE,,Mini 4 Pro,,,,,,FALSE,TRUE,,,,,,,,,,,,,,,,,,,,,,,,,,,,,,,,,,,,,,,,,,,,,,,,87.0,,,,8.148,,,,,,,8.972,,,,,,,,,,,,,,,,,,,,,,,,,,,,,,,,1.40500000,103.70000000,52.5,,,,,,,,,,,,,,,,,,,,,,,,,,,,Mini 4 Pro,SYNHBTYP3DCN27ZMB,CAM6DGF46D3QRQAQB,RCSAK6RX8DFEXERNB,BATCE5VSLHKU2L2CH,,,,,,,,Mini 4 Pro,SYNHBTYP3DCN27ZMB,,,,DJI Fly,,1.13.5,606506D4-8CA6-50D1-AD4F-F7F7ED2A7646,,,,,,,,,,
1773844896,0m 36.0s,36.0,1.40483612,103.69985949,196.9,196.9,30.0,376.9,78.7,17.895,17.895,-13.587,,-11.646,,-0.000,,2.80,0.00,220.6,220.6,,P-GPS,,,18,4,TRUE,,Mini 4 Pro,,,,,,FALSE,TRUE,,,,,,,,,,,,,,,,,,,,,,,,,,,,,,,,,,,,,,,,,,,,,,,,86.9,,,,8.148,,,,,,,8.972,,,,,,,,,,,,,,,,,,,,,,,,,,,,,,,,1.40500000,103.70000000,78.7,,,,,,,,,,,,,,,,,,,,,,,,,,,,Mini 4 Pro,SYNHBTYP3DCN27ZMB,CAM6DGF46D3QRQAQB,RCSAK6RX8DFEXERNB,BATCE5VSLHKU2L2CH,,,,,,,,Mini 4 Pro,SYNHBTYP3DCN27ZMB,,,,DJI Fly,,1.13.5,606506D4-8CA6-50D1-AD4F-F7F7ED2A7646,,,,,,,,,,
1773844897,0m 37.0s,37.0,1.40478150,103.69981266,196.9,196.9,30.0,376.9,105.0,17.895,17.895,-13.587,,-11.646,,-0.000,,2.80,0.00,220.6,220.6,,P-GPS,,,18,4,TRUE,,Mini 4 Pro,,,,,,FALSE,TRUE,,,,,,,,,,,,,,,,,,,,,,,,,,,,,,,,,,,,,,,,,,,,,,,,86.9,,,,8.147,,,,,,,8.972,,,,,,,,,,,,,,,,,,,,,,,,,,,,,,,,1.40500000,103.70000000,105.0,,,,,,,,,,,,,,,,,,,,,,,,,,,,Mini 4 Pro,SYNHBTYP3DCN27ZMB,CAM6DGF46D3QRQAQB,RCSAK6RX8DFEXERNB,BATCE5VSLHKU2L2CH,,,,,,,,Mini 4 Pro,SYNHBTYP3DCN27ZMB,,,,DJI Fly,,1.13.5,606506D4-8CA6-50D1-AD4F-F7F7ED2A7646,,,,,,,,,,
1773844898,0m 38.0s,38.0,1.40472687,103.69976582,196.9,196.9,30.0,376.9,131.2,17.895,17.895,-13.587,,-11.646,,-0.000,,2.80,0.00,220.6,220.6,,P-GPS,,,18,4,TRUE,,Mini 4 Pro,,,,,,FALSE,TRUE,,,,,,,,,,,,,,,,,,,,,,,,,,,,,,,,,,,,,,,,,,,,,,,,86.9,,,,8.147,,,,,,,8.972,,,,,,,,,,,,,,,,,,,,,,,,,,,,,,,,1.40500000,103.70000000,131.2,,,,,,,,,,,,,,,,,,,,,,,,,,,,Mini 4 Pro,SYNHBTYP3DCN27ZMB,CAM6DGF46D3QRQAQB,RCSAK6RX8DFEXERNB,BATCE5VSLHKU2L2CH,,,,,,,,Mini 4 Pro,SYNHBTYP3DCN27ZMB,,,,DJI Fly,,1.13.5,606506D4-8CA6-50D1-AD4F-F7F7ED2A7646,,,,,,,,,,
1773844899,0m 39.0s,39.0,1.40467225,103.69971899,196.9,196.9,30.0,376.9,157.5,17.895,17.895,-13.587,,-11.646,,-0.000,,2.80,-0.00,220.6,220.6,,P-GPS,,,18,4,TRUE,,Mini 4 Pro,,,,,,FALSE,TRUE,,,,,,,,,,,,,,,,,,,,,,,,,,,,,,,,,,,,,,,,,,,,,,,,86.9,,,,8.146,,,,,,,8.972,,,,,,,,,,,,,,,,,,,,,,,,,,,,,,,,1.40500000,103.70000000,157.5,,,,,,,,,,,,,,,,,,,,,,,,,,,,Mini 4 Pro,SYNHBTYP3DCN27ZMB,CAM6DGF46D3QRQAQB,RCSAK6RX8DFEXERNB,BATCE5VSLHKU2L2CH,,,,,,,,Mini 4 Pro,SYNHBTYP3DCN27ZMB,,,,DJI Fly,,1.13.5,606506D4-8CA6-50D1-AD4F-F7F7ED2A7646,,,,,,,,,,
1773844900,0m 40.0s,40.0,1.40461762,103.69967215,196.9,196.9,30.0,376.9,183.7,17.895,17.895,-13.587,,-11.646,,-0.000,,2.80,0.00,220.6,220.6,,P-GPS,,,18,4,TRUE,,Mini 4 Pro,,,,,,FALSE,TRUE,,,,,,,,,,,,,,,,,,,,,,,,,,,,,,,,,,,,,,,,,,,,,,,,86.8,,,,8.146,,,,,,,8.972,,,,,,,,,,,,,,,,,,,,,,,,,,,,,,,,1.40500000,103.70000000,183.7,,,,,,,,,,,,,,,,,,,,,,,,,,,,Mini 4 Pro,SYNHBTYP3DCN27ZMB,CAM6DGF46D3QRQAQB,RCSAK6RX8DFEXERNB,BATCE5VSLHKU2L2CH,,,,,,,,Mini 4 Pro,SYNHBTYP3DCN27ZMB,,,,DJI Fly,,1.13.5,606506D4-8CA6-50D1-AD4F-F7F7ED2A7646,,,,,,,,,,
1773844901,0m 41.0s,41.0,1.40456300,103.69962531,196.9,196.9,30.0,376.9,210.0,17.895,17.895,-13.587,,-11.646,,-0.000,,2.80,0.00,220.6,220.6,,P-GPS,,,18,4,TRUE,,Mini 4 Pro,,,,,,FALSE,TRUE,,,,,,,,,,,,,,,,,,,,,,,,,,,,,,,,,,,,,,,,,,,,,,,,86.8,,,,8.145,,,,,,,8.972,,,,,,,,,,,,,,,,,,,,,,,,,,,,,,,,1.40500000,103.70000000,210.0,,,,,,,,,,,,,,,,,,,,,,,,,,,,Mini 4 Pro,SYNHBTYP3DCN27ZMB,CAM6DGF46D3QRQAQB,RCSAK6RX8DFEXERNB,BATCE5VSLHKU2L2CH,,,,,,,,Mini 4 Pro,SYNHBTYP3DCN27ZMB,,,,DJI Fly,,1.13.5,606506D4-8CA6-50D1-AD4F-F7F7ED2A7646,,,,,,,,,,
1773844902,0m 42.0s,42.0,1.40450837,103.69957848,196.9,196.9,30.0,376.9,236.2,17.895,17.895,-13.587,,-11.646,,-0.000,,2.80,0.00,220.6,220.6,,P-GPS,,,18,4,TRUE,,Mini 4 Pro,,,,,,FALSE,TRUE,,,,,,,,,,,,,,,,,,,,,,,,,,,,,,,,,,,,,,,,,,,,,,,,86.8,,,,8.145,,,,,,,8.972,,,,,,,,,,,,,,,,,,,,,,,,,,,,,,,,1.40500000,103.70000000,236.2,,,,,,,,,,,,,,,,,,,,,,,,,,,,Mini 4 Pro,SYNHBTYP3DCN27ZMB,CAM6DGF46D3QRQAQB,RCSAK6RX8DFEXERNB,BATCE5VSLHKU2L2CH,,,,,,,,Mini 4 Pro,SYNHBTYP3DCN27ZMB,,,,DJI Fly,,1.13.5,606506D4-8CA6-50D1-AD4F-F7F7ED2A7646,,,,,,,,,,
1773844903,0m 43.0s,43.0,1.40445375,103.69953164,196.9,196.9,30.0,376.9,262.5,17.895,17.895,-13.587,,-11.646,,-0.000,,2.80,-0.00,220.6,220.6,,P-GPS,,,18,4,TRUE,,Mini 4 Pro,,,,,,FALSE,TRUE,,,,,,,,,,,,,,,,,,,,,,,,,,,,,,,,,,,,,,,,,,,,,,,,86.7,,,,8.144,,,,,,,8.972,,,,,,,,,,,,,,,,,,,,,,,,,,,,,,,,1.40500000,103.70000000,262.5,,,,,,,,,,,,,,,,,,,,,,,,,,,,Mini 4 Pro,SYNHBTYP3DCN27ZMB,CAM6DGF46D3QRQAQB,RCSAK6RX8DFEXERNB,BATCE5VSLHKU2L2CH,,,,,,,,Mini 4 Pro,SYNHBTYP3DCN27ZMB,,,,DJI Fly,,1.13.5,606506D4-8CA6-50D1-AD4F-F7F7ED2A7646,,,,,,,,,,
1773844904,0m 44.0s,44.0,1.40439912,103.69948481,196.9,196.9,30.0,376.9,288.7,17.895,17.895,-13.587,,-11.646,,-0.000,,2.80,0.00,220.6,220.6,,P-GPS,,,18,4,TRUE,,Mini 4 Pro,,,,,,FALSE,TRUE,,,,,,,,,,,,,,,,,,,,,,,,,,,,,,,,,,,,,,,,,,,,,,,,86.7,,,,8.144,,,,,,,8.972,,,,,,,,,,,,,,,,,,,,,,,,,,,,,,,,1.40500000,103.70000000,288.7,,,,,,,,,,,,,,,,,,,,,,,,,,,,Mini 4 Pro,SYNHBTYP3DCN27ZMB,CAM6DGF46D3QRQAQB,RCSAK6RX8DFEXERNB,BATCE5VSLHKU2L2CH,,,,,,,,Mini 4 Pro,SYNHBTYP3DCN27ZMB,,,,DJI Fly,,1.13.5,606506D4-8CA6-50D1-AD4F-F7F7ED2A7646,,,,,,,,,,
1773844905,0m 45.0s,45.0,1.40434450,103.69943797,196.9,196.9,30.0,376.9,315.0,17.895,17.895,-13.587,,-11.646,,-0.000,,2.80,0.00,220.6,220.6,,P-GPS,,,18,4,TRUE,,Mini 4 Pro,,,,,,FALSE,TRUE,,,,,,,,,,,,,,,,,,,,,,,,,,,,,,,,,,,,,,,,,,,,,,,,86.7,,,,8.143,,,,,,,8.972,,,,,,,,,,,,,,,,,,,,,,,,,,,,,,,,1.40500000,103.70000000,315.0,,,,,,,,,,,,,,,,,,,,,,,,,,,,Mini 4 Pro,SYNHBTYP3DCN27ZMB,CAM6DGF46D3QRQAQB,RCSAK6RX8DFEXERNB,BATCE5VSLHKU2L2CH,,,,,,,,Mini 4 Pro,SYNHBTYP3DCN27ZMB,,,,DJI Fly,,1.13.5,606506D4-8CA6-50D1-AD4F-F7F7ED2A7646,,,,,,,,,,
1773844906,0m 46.0s,46.0,1.40428987,103.69939114,196.9,196.9,30.0,376.9,341.2,17.895,17.895,-13.587,,-11.646,,-0.000,,2.80,0.00,220.6,220.6,,P-GPS,,,18,4,TRUE,,Mini 4 Pro,,,,,,FALSE,TRUE,,,,,,,,,,,,,,,,,,,,,,,,,,,,,,,,,,,,,,,,,,,,,,,,86.6,,,,8.143,,,,,,,8.972,,,,,,,,,,,,,,,,,,,,,,,,,,,,,,,,1.40500000,103.70000000,341.2,,,,,,,,,,,,,,,,,,,,,,,,,,,,Mini 4 Pro,SYNHBTYP3DCN27ZMB,CAM6DGF46D3QRQAQB,RCSAK6RX8DFEXERNB,BATCE5VSLHKU2L2CH,,,,,,,,Mini 4 Pro,SYNHBTYP3DCN27ZMB,,,,DJI Fly,,1.13.5,606506D4-8CA6-50D1-AD4F-F7F7ED2A7646,,,,,,,,,,
1773844907,0m 47.0s,47.0,1.40423525,103.69934430,196.9,196.9,30.0,376.9,367.5,17.895,17.895,-13.587,,-11.646,,-0.000,,2.80,0.00,220.6,220.6,,P-GPS,,,18,4,TRUE,,Mini 4 Pro,,,,,,FALSE,TRUE,,,,,,,,,,,,,,,,,,,,,,,,,,,,,,,,,,,,,,,,,,,,,,,,86.6,,,,8.143,,,,,,,8.972,,,,,,,,,,,,,,,,,,,,,,,,,,,,,,,,1.40500000,103.70000000,367.5,,,,,,,,,,,,,,,,,,,,,,,,,,,,Mini 4 Pro,SYNHBTYP3DCN27ZMB,CAM6DGF46D3QRQAQB,RCSAK6RX8DFEXERNB,BATCE5VSLHKU2L2CH,,,,,,,,Mini 4 Pro,SYNHBTYP3DCN27ZMB,,,,DJI Fly,,1.13.5,606506D4-8CA6-50D1-AD4F-F7F7ED2A7646,,,,,,,,,,
1773844908,0m 48.0s,48.0,1.40418062,103.69929746,196.9,196.9,30.0,376.9,393.7,17.895,17.895,-13.587,,-11.646,,-0.000,,2.80,0.00,220.6,220.6,,P-GPS,,,18,4,TRUE,,Mini 4 Pro,,,,,,FALSE,TRUE,,,,,,,,,,,,,,,,,,,,,,,,,,,,,,,,,,,,,,,,,,,,,,,,86.6,,,,8.142,,,,,,,8.972,,,,,,,,,,,,,,,,,,,,,,,,,,,,,,,,1.40500000,103.70000000,393.7,,,,,,,,,,,,,,,,,,,,,,,,,,,,Mini 4 Pro,SYNHBTYP3DCN27ZMB,CAM6DGF46D3QRQAQB,RCSAK6RX8DFEXERNB,BATCE5VSLHKU2L2CH,,,,,,,,Mini 4 Pro,SYNHBTYP3DCN27ZMB,,,,DJI Fly,,1.13.5,606506D4-8CA6-50D1-AD4F-F7F7ED2A7646,,,,,,,,,,
1773844909,0m 49.0s,49.0,1.40412600,103.69925063,196.9,196.9,30.0,376.9,419.9,17.895,17.895,-13.587,,-11.646,,-0.000,,2.80,-0.00,220.6,220.6,,P-GPS,,,18,4,TRUE,,Mini 4 Pro,,,,,,FALSE,TRUE,,,,,,,,,,,,,,,,,,,,,,,,,,,,,,,,,,,,,,,,,,,,,,,,86.6,,,,8.142,,,,,,,8.972,,,,,,,,,,,,,,,,,,,,,,,,,,,,,,,,1.40500000,103.70000000,419.9,,,,,,,,,,,,,,,,,,,,,,,,,,,,Mini 4 Pro,SYNHBTYP3DCN27ZMB,CAM6DGF46D3QRQAQB,RCSAK6RX8DFEXERNB,BATCE5VSLHKU2L2CH,,,,,,,,Mini 4 Pro,SYNHBTYP3DCN27ZMB,,,,DJI Fly,,1.13.5,606506D4-8CA6-50D1-AD4F-F7F7ED2A7646,,,,,,,,,,
1773844910,0m 50.0s,50.0,1.40407137,103.69920379,196.9,196.9,30.0,376.9,446.2,17.895,17.895,-13.587,,-11.646,,-0.000,,2.80,0.00,220.6,220.6,,P-GPS,,,18,4,TRUE,,Mini 4 Pro,,,,,,FALSE,TRUE,,,,,,,,,,,,,,,,,,,,,,,,,,,,,,,,,,,,,,,,,,,,,,,,86.5,,,,8.141,,,,,,,8.972,,,,,,,,,,,,,,,,,,,,,,,,,,,,,,,,1.40500000,103.70000000,446.2,,,,,,,,,,,,,,,,,,,,,,,,,,,,Mini 4 Pro,SYNHBTYP3DCN27ZMB,CAM6DGF46D3QRQAQB,RCSAK6RX8DFEXERNB,BATCE5VSLHKU2L2CH,,,,,,,,Mini 4 Pro,SYNHBTYP3DCN27ZMB,,,,DJI Fly,,1.13.5,606506D4-8CA6-50D1-AD4F-F7F7ED2A7646,,,,,,,,,,
1773844911,0m 51.0s,51.0,1.40401675,103.69915696,196.9,196.9,30.0,376.9,472.4,17.895,17.895,-13.587,,-11.646,,-0.000,,2.80,0.00,220.6,220.6,,P-GPS,,,18,4,TRUE,,Mini 4 Pro,,,,,,FALSE,TRUE,,,,,,,,,,,,,,,,,,,,,,,,,,,,,,,,,,,,,,,,,,,,,,,,86.5,,,,8.141,,,,,,,8.972,,,,,,,,,,,,,,,,,,,,,,,,,,,,,,,,1.40500000,103.70000000,472.4,,,,,,,,,,,,,,,,,,,,,,,,,,,,Mini 4 Pro,SYNHBTYP3DCN27ZMB,CAM6DGF46D3QRQAQB,RCSAK6RX8DFEXERNB,BATCE5VSLHKU2L2CH,,,,,,,,Mini 4 Pro,SYNHBTYP3DCN27ZMB,,,,DJI Fly,,1.13.5,606506D4-8CA6-50D1-AD4F-F7F7ED2A7646,,,,,,,,,,
1773844912,0m 52.0s,52.0,1.40396212,103.69911012,196.9,196.9,30.0,376.9,498.7,17.895,17.895,-13.587,,-11.646,,-0.000,,2.80,0.00,220.6,220.6,,P-GPS,,,18,4,TRUE,,Mini 4 Pro,,,,,,FALSE,TRUE,,,,,,,,,,,,,,,,,,,,,,,,,,,,,,,,,,,,,,,,,,,,,,,,86.5,,,,8.140,,,,,,,8.972,,,,,,,,,,,,,,,,,,,,,,,,,,,,,,,,1.40500000,103.70000000,498.7,,,,,,,,,,,,,,,,,,,,,,,,,,,,Mini 4 Pro,SYNHBTYP3DCN27ZMB,CAM6DGF46D3QRQAQB,RCSAK6RX8DFEXERNB,BATCE5VSLHKU2L2CH,,,,,,,,Mini 4 Pro,SYNHBTYP3DCN27ZMB,,,,DJI Fly,,1.13.5,606506D4-8CA6-50D1-AD4F-F7F7ED2A7646,,,,,,,,,,
1773844913,0m 53.0s,53.0,1.40390749,103.69906329,196.9,196.9,30.0,376.9,524.9,17.895,17.895,-13.587,,-11.646,,-0.000,,2.80,0.00,220.6,220.6,,P-GPS,,,18,4,TRUE,,Mini 4 Pro,,,,,,FALSE,TRUE,,,,,,,,,,,,,,,,,,,,,,,,,,,,,,,,,,,,,,,,,,,,,,,,86.4,,,,8.140,,,,,,,8.972,,,,,,,,,,,,,,,,,,,,,,,,,,,,,,,,1.40500000,103.70000000,524.9,,,,,,,,,,,,,,,,,,,,,,,,,,,,Mini 4 Pro,SYNHBTYP3DCN27ZMB,CAM6DGF46D3QRQAQB,RCSAK6RX8DFEXERNB,BATCE5VSLHKU2L2CH,,,,,,,,Mini 4 Pro,SYNHBTYP3DCN27ZMB,,,,DJI Fly,,1.13.5,606506D4-8CA6-50D1-AD4F-F7F7ED2A7646,,,,,,,,,,
1773844914,0m 54.0s,54.0,1.40385287,103.69901645,196.9,196.9,30.0,376.9,551.2,17.895,17.895,-13.587,,-11.646,,-0.000,,2.80,0.00,220.6,220.6,,P-GPS,,,18,4,TRUE,,Mini 4 Pro,,,,,,FALSE,TRUE,,,,,,,,,,,,,,,,,,,,,,,,,,,,,,,,,,,,,,,,,,,,,,,,86.4,,,,8.139,,,,,,,8.972,,,,,,,,,,,,,,,,,,,,,,,,,,,,,,,,1.40500000,103.70000000,551.2,,,,,,,,,,,,,,,,,,,,,,,,,,,,Mini 4 Pro,SYNHBTYP3DCN27ZMB,CAM6DGF46D3QRQAQB,RCSAK6RX8DFEXERNB,BATCE5VSLHKU2L2CH,,,,,,,,Mini 4 Pro,SYNHBTYP3DCN27ZMB,,,,DJI Fly,,1.13.5,606506D4-8CA6-50D1-AD4F-F7F7ED2A7646,,,,,,,,,,
1773844915,0m 55.0s,55.0,1.40379824,103.69896961,196.9,196.9,30.0,376.9,577.4,17.895,17.895,-13.587,,-11.646,,-0.000,,2.80,0.00,220.6,220.6,,P-GPS,,,18,4,TRUE,,Mini 4 Pro,,,,,,FALSE,TRUE,,,,,,,,,,,,,,,,,,,,,,,,,,,,,,,,,,,,,,,,,,,,,,,,86.4,,,,8.139,,,,,,,8.972,,,,,,,,,,,,,,,,,,,,,,,,,,,,,,,,1.40500000,103.70000000,577.4,,,,,,,,,,,,,,,,,,,,,,,,,,,,Mini 4 Pro,SYNHBTYP3DCN27ZMB,CAM6DGF46D3QRQAQB,RCSAK6RX8DFEXERNB,BATCE5VSLHKU2L2CH,,,,,,,,Mini 4 Pro,SYNHBTYP3DCN27ZMB,,,,DJI Fly,,1.13.5,606506D4-8CA6-50D1-AD4F-F7F7ED2A7646,,,,,,,,,,
1773844916,0m 56.0s,56.0,1.40374362,103.69892278,196.9,196.9,30.0,376.9,603.7,17.895,17.895,-13.587,,-11.646,,-0.000,,2.80,0.00,220.6,220.6,,P-GPS,,,18,4,TRUE,,Mini 4 Pro,,,,,,FALSE,TRUE,,,,,,,,,,,,,,,,,,,,,,,,,,,,,,,,,,,,,,,,,,,,,,,,86.4,,,,8.138,,,,,,,8.972,,,,,,,,,,,,,,,,,,,,,,,,,,,,,,,,1.40500000,103.70000000,603.7,,,,,,,,,,,,,,,,,,,,,,,,,,,,Mini 4 Pro,SYNHBTYP3DCN27ZMB,CAM6DGF46D3QRQAQB,RCSAK6RX8DFEXERNB,BATCE5VSLHKU2L2CH,,,,,,,,Mini 4 Pro,SYNHBTYP3DCN27ZMB,,,,DJI Fly,,1.13.5,606506D4-8CA6-50D1-AD4F-F7F7ED2A7646,,,,,,,,,,
1773844917,0m 57.0s,57.0,1.40368899,103.69887594,196.9,196.9,30.0,376.9,629.9,17.895,17.895,-13.587,,-11.646,,-0.000,,2.80,0.00,220.6,220.6,,P-GPS,,,18,4,TRUE,,Mini 4 Pro,,,,,,FALSE,TRUE,,,,,,,,,,,,,,,,,,,,,,,,,,,,,,,,,,,,,,,,,,,,,,,,86.3,,,,8.138,,,,,,,8.972,,,,,,,,,,,,,,,,,,,,,,,,,,,,,,,,1.40500000,103.70000000,629.9,,,,,,,,,,,,,,,,,,,,,,,,,,,,Mini 4 Pro,SYNHBTYP3DCN27ZMB,CAM6DGF46D3QRQAQB,RCSAK6RX8DFEXERNB,BATCE5VSLHKU2L2CH,,,,,,,,Mini 4 Pro,SYNHBTYP3DCN27ZMB,,,,DJI Fly,,1.13.5,606506D4-8CA6-50D1-AD4F-F7F7ED2A7646,,,,,,,,,,
1773844918,0m 58.0s,58.0,1.40363437,103.69882911,196.9,196.9,30.0,376.9,656.2,17.895,17.895,-13.587,,-11.646,,-0.000,,2.80,0.00,220.6,220.6,,P-GPS,,,18,4,TRUE,,Mini 4 Pro,,,,,,FALSE,TRUE,,,,,,,,,,,,,,,,,,,,,,,,,,,,,,,,,,,,,,,,,,,,,,,,86.3,,,,8.138,,,,,,,8.972,,,,,,,,,,,,,,,,,,,,,,,,,,,,,,,,1.40500000,103.70000000,656.2,,,,,,,,,,,,,,,,,,,,,,,,,,,,Mini 4 Pro,SYNHBTYP3DCN27ZMB,CAM6DGF46D3QRQAQB,RCSAK6RX8DFEXERNB,BATCE5VSLHKU2L2CH,,,,,,,,Mini 4 Pro,SYNHBTYP3DCN27ZMB,,,,DJI Fly,,1.13.5,606506D4-8CA6-50D1-AD4F-F7F7ED2A7646,,,,,,,,,,
1773844919,0m 59.0s,59.0,1.40357974,103.69878227,196.9,196.9,30.0,376.9,682.4,17.895,17.895,-13.587,,-11.646,,-0.000,,2.80,0.00,220.6,220.6,,P-GPS,,,18,4,TRUE,,Mini 4 Pro,,,,,,FALSE,TRUE,,,,,,,,,,,,,,,,,,,,,,,,,,,,,,,,,,,,,,,,,,,,,,,,86.3,,,,8.137,,,,,,,8.972,,,,,,,,,,,,,,,,,,,,,,,,,,,,,,,,1.40500000,103.70000000,682.4,,,,,,,,,,,,,,,,,,,,,,,,,,,,Mini 4 Pro,SYNHBTYP3DCN27ZMB,CAM6DGF46D3QRQAQB,RCSAK6RX8DFEXERNB,BATCE5VSLHKU2L2CH,,,,,,,,Mini 4 Pro,SYNHBTYP3DCN27ZMB,,,,DJI Fly,,1.13.5,606506D4-8CA6-50D1-AD4F-F7F7ED2A7646,,,,,,,,,,
1773844920,1m 0.0s,60.0,1.40352512,103.69873544,196.9,196.9,30.0,376.9,708.7,17.895,17.895,-13.587,,-11.646,,-0.000,,2.80,0.00,220.6,220.6,,P-GPS,,,18,4,TRUE,,Mini 4 Pro,,,,,,FALSE,TRUE,,,,,,,,,,,,,,,,,,,,,,,,,,,,,,,,,,,,,,,,,,,,,,,,86.2,,,,8.137,,,,,,,8.972,,,,,,,,,,,,,,,,,,,,,,,,,,,,,,,,1.40500000,103.70000000,708.7,,,,,,,,,,,,,,,,,,,,,,,,,,,,Mini 4 Pro,SYNHBTYP3DCN27ZMB,CAM6DGF46D3QRQAQB,RCSAK6RX8DFEXERNB,BATCE5VSLHKU2L2CH,,,,,,,,Mini 4 Pro,SYNHBTYP3DCN27ZMB,,,,DJI Fly,,1.13.5,606506D4-8CA6-50D1-AD4F-F7F7ED2A7646,,,,,,,,,,
1773844921,1m 1.0s,61.0,1.40347049,103.69868860,196.9,196.9,30.0,376.9,734.9,17.895,17.895,-13.587,,-11.646,,-0.000,,2.80,0.00,220.6,220.6,,P-GPS,,,18,4,TRUE,,Mini 4 Pro,,,,,,FALSE,TRUE,,,,,,,,,,,,,,,,,,,,,,,,,,,,,,,,,,,,,,,,,,,,,,,,86.2,,,,8.136,,,,,,,8.972,,,,,,,,,,,,,,,,,,,,,,,,,,,,,,,,1.40500000,103.70000000,734.9,,,,,,,,,,,,,,,,,,,,,,,,,,,,Mini 4 Pro,SYNHBTYP3DCN27ZMB,CAM6DGF46D3QRQAQB,RCSAK6RX8DFEXERNB,BATCE5VSLHKU2L2CH,,,,,,,,Mini 4 Pro,SYNHBTYP3DCN27ZMB,,,,DJI Fly,,1.13.5,606506D4-8CA6-50D1-AD4F-F7F7ED2A7646,,,,,,,,,,
1773844922,1m 2.0s,62.0,1.40342619,103.69865061,196.9,196.9,30.0,376.9,756.2,14.515,17.895,-11.020,,-9.446,,-0.000,,2.27,0.00,220.6,220.6,,P-GPS,,,18,4,TRUE,,Mini 4 Pro,,,,,,FALSE,TRUE,,,,,,,,,,,,,,,,,,,,,,,,,,,,,,,,,,,,,,,,,,,,,,,,86.2,,,,8.136,,,,,,,8.141,,,,,,,,,,,,,,,,,,,,,,,,,,,,,,,,1.40500000,103.70000000,756.2,,,,,,,,,,,,,,,,,,,,,,,,,,,,Mini 4 Pro,SYNHBTYP3DCN27ZMB,CAM6DGF46D3QRQAQB,RCSAK6RX8DFEXERNB,BATCE5VSLHKU2L2CH,,,,,,,,Mini 4 Pro,SYNHBTYP3DCN27ZMB,,,,DJI Fly,,1.13.5,606506D4-8CA6-50D1-AD4F-F7F7ED2A7646,,,,,,,,,,
1773844923,1m 3.0s,63.0,1.40342619,103.69865061,196.9,196.9,30.0,376.9,756.2,0.000,17.895,0.000,,0.000,,-0.000,,0.00,0.00,220.6,220.6,,P-GPS,,,18,4,TRUE,,Mini 4 Pro,,,,,,FALSE,TRUE,,,,,,,,,,,,,,,,,,,,,,,,,,,,,,,,,,,,,,,,,,,,,,,,86.1,,,,8.135,,,,,,,4.572,,,,,,,,,,,,,,,,,,,,,,,,,,,,,,,,1.40500000,103.70000000,756.2,,,,,,,,,,,,,,,,,,,,,,,,,,,,Mini 4 Pro,SYNHBTYP3DCN27ZMB,CAM6DGF46D3QRQAQB,RCSAK6RX8DFEXERNB,BATCE5VSLHKU2L2CH,,,,,,,,Mini 4 Pro,SYNHBTYP3DCN27ZMB,,,,DJI Fly,,1.13.5,606506D4-8CA6-50D1-AD4F-F7F7ED2A7646,,,,,,,,,,
1773844924,1m 4.0s,64.0,1.40342619,103.69865061,196.9,196.9,30.0,376.9,756.2,0.000,17.895,0.000,,0.000,,-0.000,,0.00,0.00,220.6,220.6,,P-GPS,,,18,4,TRUE,,Mini 4 Pro,,,,,,FALSE,TRUE,,,,,,,,,,,,,,,,,,,,,,,,,,,,,,,,,,,,,,,,,,,,,,,,86.1,,,,8.135,,,,,,,4.572,,,,,,,,,,,,,,,,,,,,,,,,,,,,,,,,1.40500000,103.70000000,756.2,,,,,,,,,,,,,,,,,,,,,,,,,,,,Mini 4 Pro,SYNHBTYP3DCN27ZMB,CAM6DGF46D3QRQAQB,RCSAK6RX8DFEXERNB,BATCE5VSLHKU2L2CH,,,,,,,,Mini 4 Pro,SYNHBTYP3DCN27ZMB,,,,DJI Fly,,1.13.5,606506D4-8CA6-50D1-AD4F-F7F7ED2A7646,,,,,,,,,,
1773844925,1m 5.0s,65.0,1.40342619,103.69865061,196.9,196.9,30.0,376.9,756.2,0.000,17.895,0.000,,0.000,,-0.000,,0.00,0.00,220.6,220.6,,P-GPS,,,18,4,TRUE,,Mini 4 Pro,,,,,,FALSE,TRUE,,,,,,,,,,,,,,,,,,,,,,,,,,,,,,,,,,,,,,,,,,,,,,,,86.1,,,,8.134,,,,,,,4.572,,,,,,,,,,,,,,,,,,,,,,,,,,,,,,,,1.40500000,103.70000000,756.2,,,,,,,,,,,,,,,,,,,,,,,,,,,,Mini 4 Pro,SYNHBTYP3DCN27ZMB,CAM6DGF46D3QRQAQB,RCSAK6RX8DFEXERNB,BATCE5VSLHKU2L2CH,,,,,,,,Mini 4 Pro,SYNHBTYP3DCN27ZMB,,,,DJI Fly,,1.13.5,606506D4-8CA6-50D1-AD4F-F7F7ED2A7646,,,,,,,,,,
1773844926,1m 6.0s,66.0,1.40349813,103.69865061,196.9,196.9,30.0,376.9,782.4,17.895,17.895,17.895,,0.000,,-0.000,,2.80,25.00,0.0,0.0,,P-GPS,,,18,4,TRUE,,Mini 4 Pro,,,,,,FALSE,TRUE,,,,,,,,,,,,,,,,,,,,,,,,,,,,,,,,,,,,,,,,,,,,,,,,86.1,,,,8.134,,,,,,,8.972,,,,,,,,,,,,,,,,,,,,,,,,,,,,,,,,1.40500000,103.70000000,736.5,,,,,,,,,,,,,,,,,,,,,,,,,,,,Mini 4 Pro,SYNHBTYP3DCN27ZMB,CAM6DGF46D3QRQAQB,RCSAK6RX8DFEXERNB,BATCE5VSLHKU2L2CH,,,,,,,,Mini 4 Pro,SYNHBTYP3DCN27ZMB,,,,DJI Fly,,1.13.5,606506D4-8CA6-50D1-AD4F-F7F7ED2A7646,,,,,,,,,,
1773844927,1m 7.0s,67.0,1.40357008,103.69865061,196.9,196.9,30.0,376.9,808.7,17.895,17.895,17.895,,0.000,,-0.000,,2.80,0.00,0.0,0.0,,P-GPS,,,18,4,TRUE,,Mini 4 Pro,,,,,,FALSE,TRUE,,,,,,,,,,,,,,,,,,,,,,,,,,,,,,,,,,,,,,,,,,,,,,,,86.0,,,,8.133,,,,,,,8.972,,,,,,,,,,,,,,,,,,,,,,,,,,,,,,,,1.40500000,103.70000000,717.2,,,,,,,,,,,,,,,,,,,,,,,,,,,,Mini 4 Pro,SYNHBTYP3DCN27ZMB,CAM6DGF46D3QRQAQB,RCSAK6RX8DFEXERNB,BATCE5VSLHKU2L2CH,,,,,,,,Mini 4 Pro,SYNHBTYP3DCN27ZMB,,,,DJI Fly,,1.13.5,606506D4-8CA6-50D1-AD4F-F7F7ED2A7646,,,,,,,,,,
1773844928,1m 8.0s,68.0,1.40364202,103.69865061,196.9,196.9,30.0,376.9,834.9,17.895,17.895,17.895,,0.000,,-0.000,,2.80,0.00,0.0,0.0,,P-GPS,,,18,4,TRUE,,Mini 4 Pro,,,,,,FALSE,TRUE,,,,,,,,,,,,,,,,,,,,,,,,,,,,,,,,,,,,,,,,,,,,,,,,86.0,,,,8.133,,,,,,,8.972,,,,,,,,,,,,,,,,,,,,,,,,,,,,,,,,1.40500000,103.70000000,698.3,,,,,,,,,,,,,,,,,,,,,,,,,,,,Mini 4 Pro,SYNHBTYP3DCN27ZMB,CAM6DGF46D3QRQAQB,RCSAK6RX8DFEXERNB,BATCE5VSLHKU2L2CH,,,,,,,,Mini 4 Pro,SYNHBTYP3DCN27ZMB,,,,DJI Fly,,1.13.5,606506D4-8CA6-50D1-AD4F-F7F7ED2A7646,,,,,,,,,,
1773844929,1m 9.0s,69.0,1.40371397,103.69865061,196.9,196.9,30.0,376.9,861.2,17.895,17.895,17.895,,0.000,,-0.000,,2.80,0.00,0.0,0.0,,P-GPS,,,18,4,TRUE,,Mini 4 Pro,,,,,,FALSE,TRUE,,,,,,,,,,,,,,,,,,,,,,,,,,,,,,,,,,,,,,,,,,,,,,,,86.0,,,,8.133,,,,,,,8.972,,,,,,,,,,,,,,,,,,,,,,,,,,,,,,,,1.40500000,103.70000000,679.9,,,,,,,,,,,,,,,,,,,,,,,,,,,,Mini 4 Pro,SYNHBTYP3DCN27ZMB,CAM6DGF46D3QRQAQB,RCSAK6RX8DFEXERNB,BATCE5VSLHKU2L2CH,,,,,,,,Mini 4 Pro,SYNHBTYP3DCN27ZMB,,,,DJI Fly,,1.13.5,606506D4-8CA6-50D1-AD4F-F7F7ED2A7646,,,,,,,,,,
1773844930,1m 10.0s,70.0,1.40378592,103.69865061,196.9,196.9,30.0,376.9,887.4,17.895,17.895,17.895,,0.000,,-0.000,,2.80,0.00,0.0,0.0,,P-GPS,,,18,4,TRUE,,Mini 4 Pro,,,,,,FALSE,TRUE,,,,,,,,,,,,,,,,,,,,,,,,,,,,,,,,,,,,,,,,,,,,,,,,85.9,,,,8.132,,,,,,,8.972,,,,,,,,,,,,,,,,,,,,,,,,,,,,,,,,1.40500000,103.70000000,662.1,,,,,,,,,,,,,,,,,,,,,,,,,,,,Mini 4 Pro,SYNHBTYP3DCN27ZMB,CAM6DGF46D3QRQAQB,RCSAK6RX8DFEXERNB,BATCE5VSLHKU2L2CH,,,,,,,,Mini 4 Pro,SYNHBTYP3DCN27ZMB,,,,DJI Fly,,1.13.5,606506D4-8CA6-50D1-AD4F-F7F7ED2A7646,,,,,,,,,,
1773844931,1m 11.0s,71.0,1.40385786,103.69865061,196.9,196.9,30.0,376.9,913.7,17.895,17.895,17.895,,0.000,,-0.000,,2.80,0.00,0.0,0.0,,P-GPS,,,18,4,TRUE,,Mini 4 Pro,,,,,,FALSE,TRUE,,,,,,,,,,,,,,,,,,,,,,,,,,,,,,,,,,,,,,,,,,,,,,,,85.9,,,,8.132,,,,,,,8.972,,,,,,,,,,,,,,,,,,,,,,,,,,,,,,,,1.40500000,103.70000000,644.8,,,,,,,,,,,,,,,,,,,,,,,,,,,,Mini 4 Pro,SYNHBTYP3DCN27ZMB,CAM6DGF46D3QRQAQB,RCSAK6RX8DFEXERNB,BATCE5VSLHKU2L2CH,,,,,,,,Mini 4 Pro,SYNHBTYP3DCN27ZMB,,,,DJI Fly,,1.13.5,606506D4-8CA6-50D1-AD4F-F7F7ED2A7646,,,,,,,,,,
1773844932,1m 12.0s,72.0,1.40392981,103.69865061,196.9,196.9,30.0,376.9,939.9,17.895,17.895,17.895,,0.000,,-0.000,,2.80,0.00,0.0,0.0,,P-GPS,,,18,4,TRUE,,Mini 4 Pro,,,,,,FALSE,TRUE,,,,,,,,,,,,,,,,,,,,,,,,,,,,,,,,,,,,,,,,,,,,,,,,85.9,,,,8.131,,,,,,,8.972,,,,,,,,,,,,,,,,,,,,,,,,,,,,,,,,1.40500000,103.70000000,628.2,,,,,,,,,,,,,,,,,,,,,,,,,,,,Mini 4 Pro,SYNHBTYP3DCN27ZMB,CAM6DGF46D3QRQAQB,RCSAK6RX8DFEXERNB,BATCE5VSLHKU2L2CH,,,,,,,,Mini 4 Pro,SYNHBTYP3DCN27ZMB,,,,DJI Fly,,1.13.5,606506D4-8CA6-50D1-AD4F-F7F7ED2A7646,,,,,,,,,,
1773844933,1m 13.0s,73.0,1.40400175,103.69865061,196.9,196.9,30.0,376.9,966.2,17.895,17.895,17.895,,0.000,,-0.000,,2.80,0.00,0.0,0.0,,P-GPS,,,18,4,TRUE,,Mini 4 Pro,,,,,,FALSE,TRUE,,,,,,,,,,,,,,,,,,,,,,,,,,,,,,,,,,,,,,,,,,,,,,,,85.9,,,,8.131,,,,,,,8.972,,,,,,,,,,,,,,,,,,,,,,,,,,,,,,,,1.40500000,103.70000000,612.2,,,,,,,,,,,,,,,,,,,,,,,,,,,,Mini 4 Pro,SYNHBTYP3DCN27ZMB,CAM6DGF46D3QRQAQB,RCSAK6RX8DFEXERNB,BATCE5VSLHKU2L2CH,,,,,,,,Mini 4 Pro,SYNHBTYP3DCN27ZMB,,,,DJI Fly,,1.13.5,606506D4-8CA6-50D1-AD4F-F7F7ED2A7646,,,,,,,,,,
1773844934,1m 14.0s,74.0,1.40407370,103.69865061,196.9,196.9,30.0,376.9,992.4,17.895,17.895,17.895,,0.000,,-0.000,,2.80,0.00,0.0,0.0,,P-GPS,,,18,4,TRUE,,Mini 4 Pro,,,,,,FALSE,TRUE,,,,,,,,,,,,,,,,,,,,,,,,,,,,,,,,,,,,,,,,,,,,,,,,85.8,,,,8.130,,,,,,,8.972,,,,,,,,,,,,,,,,,,,,,,,,,,,,,,,,1.40500000,103.70000000,597.0,,,,,,,,,,,,,,,,,,,,,,,,,,,,Mini 4 Pro,SYNHBTYP3DCN27ZMB,CAM6DGF46D3QRQAQB,RCSAK6RX8DFEXERNB,BATCE5VSLHKU2L2CH,,,,,,,,Mini 4 Pro,SYNHBTYP3DCN27ZMB,,,,DJI Fly,,1.13.5,606506D4-8CA6-50D1-AD4F-F7F7ED2A7646,,,,,,,,,,
1773844935,1m 15.0s,75.0,1.40414564,103.69865061,196.9,196.9,30.0,376.9,1018.7,17.895,17.895,17.895,,0.000,,-0.000,,2.80,0.00,0.0,0.0,,P-GPS,,,18,4,TRUE,,Mini 4 Pro,,,,,,FALSE,TRUE,,,,,,,,,,,,,,,,,,,,,,,,,,,,,,,,,,,,,,,,,,,,,,,,85.8,,,,8.130,,,,,,,8.972,,,,,,,,,,,,,,,,,,,,,,,,,,,,,,,,1.40500000,103.70000000,582.5,,,,,,,,,,,,,,,,,,,,,,,,,,,,Mini 4 Pro,SYNHBTYP3DCN27ZMB,CAM6DGF46D3QRQAQB,RCSAK6RX8DFEXERNB,BATCE5VSLHKU2L2CH,,,,,,,,Mini 4 Pro,SYNHBTYP3DCN27ZMB,,,,DJI Fly,,1.13.5,606506D4-8CA6-50D1-AD4F-F7F7ED2A7646,,,,,,,,,,
1773844936,1m 16.0s,76.0,1.40421759,103.69865061,196.9,196.9,30.0,376.9,1044.9,17.895,17.895,17.895,,0.000,,-0.000,,2.80,0.00,0.0,0.0,,P-GPS,,,18,4,TRUE,,Mini 4 Pro,,,,,,FALSE,TRUE,,,,,,,,,,,,,,,,,,,,,,,,,,,,,,,,,,,,,,,,,,,,,,,,85.8,,,,8.129,,,,,,,8.972,,,,,,,,,,,,,,,,,,,,,,,,,,,,,,,,1.40500000,103.70000000,568.9,,,,,,,,,,,,,,,,,,,,,,,,,,,,Mini 4 Pro,SYNHBTYP3DCN27ZMB,CAM6DGF46D3QRQAQB,RCSAK6RX8DFEXERNB,BATCE5VSLHKU2L2CH,,,,,,,,Mini 4 Pro,SYNHBTYP3DCN27ZMB,,,,DJI Fly,,1.13.5,606506D4-8CA6-50D1-AD4F-F7F7ED2A7646,,,,,,,,,,
1773844937,1m 17.0s,77.0,1.40428954,103.69865061,196.9,196.9,30.0,376.9,1071.2,17.895,17.895,17.895,,0.000,,-0.000,,2.80,0.00,0.0,0.0,,P-GPS,,,18,4,TRUE,,Mini 4 Pro,,,,,,FALSE,TRUE,,,,,,,,,,,,,,,,,,,,,,,,,,,,,,,,,,,,,,,,,,,,,,,,85.7,,,,8.129,,,,,,,8.972,,,,,,,,,,,,,,,,,,,,,,,,,,,,,,,,1.40500000,103.70000000,556.2,,,,,,,,,,,,,,,,,,,,,,,,,,,,Mini 4 Pro,SYNHBTYP3DCN27ZMB,CAM6DGF46D3QRQAQB,RCSAK6RX8DFEXERNB,BATCE5VSLHKU2L2CH,,,,,,,,Mini 4 Pro,SYNHBTYP3DCN27ZMB,,,,DJI Fly,,1.13.5,606506D4-8CA6-50D1-AD4F-F7F7ED2A7646,,,,,,,,,,
1773844938,1m 18.0s,78.0,1.40436148,103.69865061,196.9,196.9,30.0,376.9,1097.4,17.895,17.895,17.895,,0.000,,-0.000,,2.80,0.00,0.0,0.0,,P-GPS,,,18,4,TRUE,,Mini 4 Pro,,,,,,FALSE,TRUE,,,,,,,,,,,,,,,,,,,,,,,,,,,,,,,,,,,,,,,,,,,,,,,,85.7,,,,8.128,,,,,,,8.972,,,,,,,,,,,,,,,,,,,,,,,,,,,,,,,,1.40500000,103.70000000,544.5,,,,,,,,,,,,,,,,,,,,,,,,,,,,Mini 4 Pro,SYNHBTYP3DCN27ZMB,CAM6DGF46D3QRQAQB,RCSAK6RX8DFEXERNB,BATCE5VSLHKU2L2CH,,,,,,,,Mini 4 Pro,SYNHBTYP3DCN27ZMB,,,,DJI Fly,,1.13.5,606506D4-8CA6-50D1-AD4F-F7F7ED2A7646,,,,,,,,,,
1773844939,1m 19.0s,79.0,1.40443343,103.69865061,196.9,196.9,30.0,376.9,1123.7,17.895,17.895,17.895,,0.000,,-0.000,,2.80,0.00,0.0,0.0,,P-GPS,,,18,4,TRUE,,Mini 4 Pro,,,,,,FALSE,TRUE,,,,,,,,,,,,,,,,,,,,,,,,,,,,,,,,,,,,,,,,,,,,,,,,85.7,,,,8.128,,,,,,,8.972,,,,,,,,,,,,,,,,,,,,,,,,,,,,,,,,1.40500000,103.70000000,533.8,,,,,,,,,,,,,,,,,,,,,,,,,,,,Mini 4 Pro,SYNHBTYP3DCN27ZMB,CAM6DGF46D3QRQAQB,RCSAK6RX8DFEXERNB,BATCE5VSLHKU2L2CH,,,,,,,,Mini 4 Pro,SYNHBTYP3DCN27ZMB,,,,DJI Fly,,1.13.5,606506D4-8CA6-50D1-AD4F-F7F7ED2A7646,,,,,,,,,,
1773844940,1m 20.0s,80.0,1.40450537,103.69865061,196.9,196.9,30.0,376.9,1149.9,17.895,17.895,17.895,,0.000,,-0.000,,2.80,0.00,0.0,0.0,,P-GPS,,,18,4,TRUE,,Mini 4 Pro,,,,,,FALSE,TRUE,,,,,,,,,,,,,,,,,,,,,,,,,,,,,,,,,,,,,,,,,,,,,,,,85.6,,,,8.128,,,,,,,8.972,,,,,,,,,,,,,,,,,,,,,,,,,,,,,,,,1.40500000,103.70000000,524.2,,,,,,,,,,,,,,,,,,,,,,,,,,,,Mini 4 Pro,SYNHBTYP3DCN27ZMB,CAM6DGF46D3QRQAQB,RCSAK6RX8DFEXERNB,BATCE5VSLHKU2L2CH,,,,,,,,Mini 4 Pro,SYNHBTYP3DCN27ZMB,,,,DJI Fly,,1.13.5,606506D4-8CA6-50D1-AD4F-F7F7ED2A7646,,,,,,,,,,
1773844941,1m 21.0s,81.0,1.40457732,103.69865061,196.9,196.9,30.0,376.9,1176.1,17.895,17.895,17.895,,0.000,,-0.000,,2.80,0.00,0.0,0.0,,P-GPS,,,18,4,TRUE,,Mini 4 Pro,,,,,,FALSE,TRUE,,,,,,,,,,,,,,,,,,,,,,,,,,,,,,,,,,,,,,,,,,,,,,,,85.6,,,,8.127,,,,,,,8.972,,,,,,,,,,,,,,,,,,,,,,,,,,,,,,,,1.40500000,103.70000000,515.7,,,,,,,,,,,,,,,,,,,,,,,,,,,,Mini 4 Pro,SYNHBTYP3DCN27ZMB,CAM6DGF46D3QRQAQB,RCSAK6RX8DFEXERNB,BATCE5VSLHKU2L2CH,,,,,,,,Mini 4 Pro,SYNHBTYP3DCN27ZMB,,,,DJI Fly,,1.13.5,606506D4-8CA6-50D1-AD4F-F7F7ED2A7646,,,,,,,,,,
1773844942,1m 22.0s,82.0,1.40464926,103.69865061,196.9,196.9,30.0,376.9,1202.4,17.895,17.895,17.895,,0.000,,-0.000,,2.80,0.00,0.0,0.0,,P-GPS,,,18,4,TRUE,,Mini 4 Pro,,,,,,FALSE,TRUE,,,,,,,,,,,,,,,,,,,,,,,,,,,,,,,,,,,,,,,,,,,,,,,,85.6,,,,8.127,,,,,,,8.972,,,,,,,,,,,,,,,,,,,,,,,,,,,,,,,,1.40500000,103.70000000,508.5,,,,,,,,,,,,,,,,,,,,,,,,,,,,Mini 4 Pro,SYNHBTYP3DCN27ZMB,CAM6DGF46D3QRQAQB,RCSAK6RX8DFEXERNB,BATCE5VSLHKU2L2CH,,,,,,,,Mini 4 Pro,SYNHBTYP3DCN27ZMB,,,,DJI Fly,,1.13.5,606506D4-8CA6-50D1-AD4F-F7F7ED2A7646,,,,,,,,,,
1773844943,1m 23.0s,83.0,1.40472121,103.69865061,196.9,196.9,30.0,376.9,1228.6,17.895,17.895,17.895,,0.000,,-0.000,,2.80,0.00,0.0,0.0,,P-GPS,,,18,4,TRUE,,Mini 4 Pro,,,,,,FALSE,TRUE,,,,,,,,,,,,,,,,,,,,,,,,,,,,,,,,,,,,,,,,,,,,,,,,85.6,,,,8.126,,,,,,,8.972,,,,,,,,,,,,,,,,,,,,,,,,,,,,,,,,1.40500000,103.70000000,502.5,,,,,,,,,,,,,,,,,,,,,,,,,,,,Mini 4 Pro,SYNHBTYP3DCN27ZMB,CAM6DGF46D3QRQAQB,RCSAK6RX8DFEXERNB,BATCE5VSLHKU2L2CH,,,,,,,,Mini 4 Pro,SYNHBTYP3DCN27ZMB,,,,DJI Fly,,1.13.5,606506D4-8CA6-50D1-AD4F-F7F7ED2A7646,,,,,,,,,,
1773844944,1m 24.0s,84.0,1.40479316,103.69865061,196.9,196.9,30.0,376.9,1254.9,17.895,17.895,17.895,,0.000,,-0.000,,2.80,0.00,0.0,0.0,,P-GPS,,,18,4,TRUE,,Mini 4 Pro,,,,,,FALSE,TRUE,,,,,,,,,,,,,,,,,,,,,,,,,,,,,,,,,,,,,,,,,,,,,,,,85.5,,,,8.126,,,,,,,8.972,,,,,,,,,,,,,,,,,,,,,,,,,,,,,,,,1.40500000,103.70000000,497.9,,,,,,,,,,,,,,,,,,,,,,,,,,,,Mini 4 Pro,SYNHBTYP3DCN27ZMB,CAM6DGF46D3QRQAQB,RCSAK6RX8DFEXERNB,BATCE5VSLHKU2L2CH,,,,,,,,Mini 4 Pro,SYNHBTYP3DCN27ZMB,,,,DJI Fly,,1.13.5,606506D4-8CA6-50D1-AD4F-F7F7ED2A7646,,,,,,,,,,
1773844945,1m 25.0s,85.0,1.40486510,103.69865061,196.9,196.9,30.0,376.9,1281.1,17.895,17.895,17.895,,0.000,,-0.000,,2.80,0.00,0.0,0.0,,P-GPS,,,18,4,TRUE,,Mini 4 Pro,,,,,,FALSE,TRUE,,,,,,,,,,,,,,,,,,,,,,,,,,,,,,,,,,,,,,,,,,,,,,,,85.5,,,,8.125,,,,,,,8.972,,,,,,,,,,,,,,,,,,,,,,,,,,,,,,,,1.40500000,103.70000000,494.6,,,,,,,,,,,,,,,,,,,,,,,,,,,,Mini 4 Pro,SYNHBTYP3DCN27ZMB,CAM6DGF46D3QRQAQB,RCSAK6RX8DFEXERNB,BATCE5VSLHKU2L2CH,,,,,,,,Mini 4 Pro,SYNHBTYP3DCN27ZMB,,,,DJI Fly,,1.13.5,606506D4-8CA6-50D1-AD4F-F7F7ED2A7646,,,,,,,,,,
1773844946,1m 26.0s,86.0,1.40493705,103.69865061,196.9,196.9,30.0,376.9,1307.4,17.895,17.895,17.895,,0.000,,-0.000,,2.80,0.00,0.0,0.0,,P-GPS,,,18,4,TRUE,,Mini 4 Pro,,,,,,FALSE,TRUE,,,,,,,,,,,,,,,,,,,,,,,,,,,,,,,,,,,,,,,,,,,,,,,,85.5,,,,8.125,,,,,,,8.972,,,,,,,,,,,,,,,,,,,,,,,,,,,,,,,,1.40500000,103.70000000,492.7,,,,,,,,,,,,,,,,,,,,,,,,,,,,Mini 4 Pro,SYNHBTYP3DCN27ZMB,CAM6DGF46D3QRQAQB,RCSAK6RX8DFEXERNB,BATCE5VSLHKU2L2CH,,,,,,,,Mini 4 Pro,SYNHBTYP3DCN27ZMB,,,,DJI Fly,,1.13.5,606506D4-8CA6-50D1-AD4F-F7F7ED2A7646,,,,,,,,,,
1773844947,1m 27.0s,87.0,1.40500899,103.69865061,196.9,196.9,30.0,376.9,1333.6,17.895,17.895,17.895,,0.000,,-0.000,,2.80,0.00,0.0,0.0,,P-GPS,,,18,4,TRUE,,Mini 4 Pro,,,,,,FALSE,TRUE,,,,,,,,,,,,,,,,,,,,,,,,,,,,,,,,,,,,,,,,,,,,,,,,85.4,,,,8.124,,,,,,,8.972,,,,,,,,,,,,,,,,,,,,,,,,,,,,,,,,1.40500000,103.70000000,492.1,,,,,,,,,,,,,,,,,,,,,,,,,,,,Mini 4 Pro,SYNHBTYP3DCN27ZMB,CAM6DGF46D3QRQAQB,RCSAK6RX8DFEXERNB,BATCE5VSLHKU2L2CH,,,,,,,,Mini 4 Pro,SYNHBTYP3DCN27ZMB,,,,DJI Fly,,1.13.5,606506D4-8CA6-50D1-AD4F-F7F7ED2A7646,,,,,,,,,,
1773844948,1m 28.0s,88.0,1.40508094,103.69865061,196.9,196.9,30.0,376.9,1359.9,17.895,17.895,17.895,,0.000,,-0.000,,2.80,0.00,0.0,0.0,,P-GPS,,,18,4,TRUE,,Mini 4 Pro,,,,,,FALSE,TRUE,,,,,,,,,,,,,,,,,,,,,,,,,,,,,,,,,,,,,,,,,,,,,,,,85.4,,,,8.124,,,,,,,8.972,,,,,,,,,,,,,,,,,,,,,,,,,,,,,,,,1.40500000,103.70000000,493.0,,,,,,,,,,,,,,,,,,,,,,,,,,,,Mini 4 Pro,SYNHBTYP3DCN27ZMB,CAM6DGF46D3QRQAQB,RCSAK6RX8DFEXERNB,BATCE5VSLHKU2L2CH,,,,,,,,Mini 4 Pro,SYNHBTYP3DCN27ZMB,,,,DJI Fly,,1.13.5,606506D4-8CA6-50D1-AD4F-F7F7ED2A7646,,,,,,,,,,
1773844949,1m 29.0s,89.0,1.40515288,103.69865061,196.9,196.9,30.0,376.9,1386.1,17.895,17.895,17.895,,0.000,,-0.000,,2.80,0.00,0.0,0.0,,P-GPS,,,18,4,TRUE,,Mini 4 Pro,,,,,,FALSE,TRUE,,,,,,,,,,,,,,,,,,,,,,,,,,,,,,,,,,,,,,,,,,,,,,,,85.4,,,,8.123,,,,,,,8.972,,,,,,,,,,,,,,,,,,,,,,,,,,,,,,,,1.40500000,103.70000000,495.3,,,,,,,,,,,,,,,,,,,,,,,,,,,,Mini 4 Pro,SYNHBTYP3DCN27ZMB,CAM6DGF46D3QRQAQB,RCSAK6RX8DFEXERNB,BATCE5VSLHKU2L2CH,,,,,,,,Mini 4 Pro,SYNHBTYP3DCN27ZMB,,,,DJI Fly,,1.13.5,606506D4-8CA6-50D1-AD4F-F7F7ED2A7646,,,,,,,,,,
1773844950,1m 30.0s,90.0,1.40522483,103.69865061,196.9,196.9,30.0,376.9,1412.4,17.895,17.895,17.895,,0.000,,-0.000,,2.80,0.00,0.0,0.0,,P-GPS,,,18,4,TRUE,,Mini 4 Pro,,,,,,FALSE,TRUE,,,,,,,,,,,,,,,,,,,,,,,,,,,,,,,,,,,,,,,,,,,,,,,,85.4,,,,8.123,,,,,,,8.972,,,,,,,,,,,,,,,,,,,,,,,,,,,,,,,,1.40500000,103.70000000,498.9,,,,,,,,,,,,,,,,,,,,,,,,,,,,Mini 4 Pro,SYNHBTYP3DCN27ZMB,CAM6DGF46D3QRQAQB,RCSAK6RX8DFEXERNB,BATCE5VSLHKU2L2CH,,,,,,,,Mini 4 Pro,SYNHBTYP3DCN27ZMB,,,,DJI Fly,,1.13.5,606506D4-8CA6-50D1-AD4F-F7F7ED2A7646,,,,,,,,,,
1773844951,1m 31.0s,91.0,1.40529678,103.69865061,196.9,196.9,30.0,376.9,1438.6,17.895,17.895,17.895,,0.000,,-0.000,,2.80,0.00,0.0,0.0,,P-GPS,,,18,4,TRUE,,Mini 4 Pro,,,,,,FALSE,TRUE,,,,,,,,,,,,,,,,,,,,,,,,,,,,,,,,,,,,,,,,,,,,,,,,85.3,,,,8.123,,,,,,,8.972,,,,,,,,,,,,,,,,,,,,,,,,,,,,,,,,1.40500000,103.70000000,503.9,,,,,,,,,,,,,,,,,,,,,,,,,,,,Mini 4 Pro,SYNHBTYP3DCN27ZMB,CAM6DGF46D3QRQAQB,RCSAK6RX8DFEXERNB,BATCE5VSLHKU2L2CH,,,,,,,,Mini 4 Pro,SYNHBTYP3DCN27ZMB,,,,DJI Fly,,1.13.5,606506D4-8CA6-50D1-AD4F-F7F7ED2A7646,,,,,,,,,,
1773844952,1m 32.0s,92.0,1.40536872,103.69865061,196.9,196.9,30.0,376.9,1464.9,17.895,17.895,17.895,,0.000,,-0.000,,2.80,0.00,0.0,0.0,,P-GPS,,,18,4,TRUE,,Mini 4 Pro,,,,,,FALSE,TRUE,,,,,,,,,,,,,,,,,,,,,,,,,,,,,,,,,,,,,,,,,,,,,,,,85.3,,,,8.122,,,,,,,8.972,,,,,,,,,,,,,,,,,,,,,,,,,,,,,,,,1.40500000,103.70000000,510.2,,,,,,,,,,,,,,,,,,,,,,,,,,,,Mini 4 Pro,SYNHBTYP3DCN27ZMB,CAM6DGF46D3QRQAQB,RCSAK6RX8DFEXERNB,BATCE5VSLHKU2L2CH,,,,,,,,Mini 4 Pro,SYNHBTYP3DCN27ZMB,,,,DJI Fly,,1.13.5,606506D4-8CA6-50D1-AD4F-F7F7ED2A7646,,,,,,,,,,
1773844953,1m 33.0s,93.0,1.40544067,103.69865061,196.9,196.9,30.0,376.9,1491.1,17.895,17.895,17.895,,0.000,,-0.000,,2.80,0.00,0.0,0.0,,P-GPS,,,18,4,TRUE,,Mini 4 Pro,,,,,,FALSE,TRUE,,,,,,,,,,,,,,,,,,,,,,,,,,,,,,,,,,,,,,,,,,,,,,,,85.3,,,,8.122,,,,,,,8.972,,,,,,,,,,,,,,,,,,,,,,,,,,,,,,,,1.40500000,103.70000000,517.7,,,,,,,,,,,,,,,,,,,,,,,,,,,,Mini 4 Pro,SYNHBTYP3DCN27ZMB,CAM6DGF46D3QRQAQB,RCSAK6RX8DFEXERNB,BATCE5VSLHKU2L2CH,,,,,,,,Mini 4 Pro,SYNHBTYP3DCN27ZMB,,,,DJI Fly,,1.13.5,606506D4-8CA6-50D1-AD4F-F7F7ED2A7646,,,,,,,,,,
1773844954,1m 34.0s,94.0,1.40551261,103.69865061,196.9,196.9,30.0,376.9,1517.4,17.895,17.895,17.895,,0.000,,-0.000,,2.80,0.00,0.0,0.0,,P-GPS,,,18,4,TRUE,,Mini 4 Pro,,,,,,FALSE,TRUE,,,,,,,,,,,,,,,,,,,,,,,,,,,,,,,,,,,,,,,,,,,,,,,,85.2,,,,8.121,,,,,,,8.972,,,,,,,,,,,,,,,,,,,,,,,,,,,,,,,,1.40500000,103.70000000,526.5,,,,,,,,,,,,,,,,,,,,,,,,,,,,Mini 4 Pro,SYNHBTYP3DCN27ZMB,CAM6DGF46D3QRQAQB,RCSAK6RX8DFEXERNB,BATCE5VSLHKU2L2CH,,,,,,,,Mini 4 Pro,SYNHBTYP3DCN27ZMB,,,,DJI Fly,,1.13.5,606506D4-8CA6-50D1-AD4F-F7F7ED2A7646,,,,,,,,,,
1773844955,1m 35.0s,95.0,1.40558456,103.69865061,196.9,196.9,30.0,376.9,1543.6,17.895,17.895,17.895,,0.000,,-0.000,,2.80,0.00,0.0,0.0,,P-GPS,,,18,4,TRUE,,Mini 4 Pro,,,,,,FALSE,TRUE,,,,,,,,,,,,,,,,,,,,,,,,,,,,,,,,,,,,,,,,,,,,,,,,85.2,,,,8.121,,,,,,,8.972,,,,,,,,,,,,,,,,,,,,,,,,,,,,,,,,1.40500000,103.70000000,536.3,,,,,,,,,,,,,,,,,,,,,,,,,,,,Mini 4 Pro,SYNHBTYP3DCN27ZMB,CAM6DGF46D3QRQAQB,RCSAK6RX8DFEXERNB,BATCE5VSLHKU2L2CH,,,,,,,,Mini 4 Pro,SYNHBTYP3DCN27ZMB,,,,DJI Fly,,1.13.5,606506D4-8CA6-50D1-AD4F-F7F7ED2A7646,,,,,,,,,,
1773844956,1m 36.0s,96.0,1.40565650,103.69865061,196.9,196.9,30.0,376.9,1569.8,17.895,17.895,17.895,,0.000,,-0.000,,2.80,0.00,0.0,0.0,,P-GPS,,,18,4,TRUE,,Mini 4 Pro,,,,,,FALSE,TRUE,,,,,,,,,,,,,,,,,,,,,,,,,,,,,,,,,,,,,,,,,,,,,,,,85.2,,,,8.120,,,,,,,8.972,,,,,,,,,,,,,,,,,,,,,,,,,,,,,,,,1.40500000,103.70000000,547.3,,,,,,,,,,,,,,,,,,,,,,,,,,,,Mini 4 Pro,SYNHBTYP3DCN27ZMB,CAM6DGF46D3QRQAQB,RCSAK6RX8DFEXERNB,BATCE5VSLHKU2L2CH,,,,,,,,Mini 4 Pro,SYNHBTYP3DCN27ZMB,,,,DJI Fly,,1.13.5,606506D4-8CA6-50D1-AD4F-F7F7ED2A7646,,,,,,,,,,
1773844957,1m 37.0s,97.0,1.40572845,103.69865061,196.9,196.9,30.0,376.9,1596.1,17.895,17.895,17.895,,0.000,,-0.000,,2.80,0.00,0.0,0.0,,P-GPS,,,18,4,TRUE,,Mini 4 Pro,,,,,,FALSE,TRUE,,,,,,,,,,,,,,,,,,,,,,,,,,,,,,,,,,,,,,,,,,,,,,,,85.1,,,,8.120,,,,,,,8.972,,,,,,,,,,,,,,,,,,,,,,,,,,,,,,,,1.40500000,103.70000000,559.3,,,,,,,,,,,,,,,,,,,,,,,,,,,,Mini 4 Pro,SYNHBTYP3DCN27ZMB,CAM6DGF46D3QRQAQB,RCSAK6RX8DFEXERNB,BATCE5VSLHKU2L2CH,,,,,,,,Mini 4 Pro,SYNHBTYP3DCN27ZMB,,,,DJI Fly,,1.13.5,606506D4-8CA6-50D1-AD4F-F7F7ED2A7646,,,,,,,,,,
1773844958,1m 38.0s,98.0,1.40580040,103.69865061,196.9,196.9,30.0,376.9,1622.3,17.895,17.895,17.895,,0.000,,-0.000,,2.80,0.00,0.0,0.0,,P-GPS,,,18,4,TRUE,,Mini 4 Pro,,,,,,FALSE,TRUE,,,,,,,,,,,,,,,,,,,,,,,,,,,,,,,,,,,,,,,,,,,,,,,,85.1,,,,8.119,,,,,,,8.972,,,,,,,,,,,,,,,,,,,,,,,,,,,,,,,,1.40500000,103.70000000,572.2,,,,,,,,,,,,,,,,,,,,,,,,,,,,Mini 4 Pro,SYNHBTYP3DCN27ZMB,CAM6DGF46D3QRQAQB,RCSAK6RX8DFEXERNB,BATCE5VSLHKU2L2CH,,,,,,,,Mini 4 Pro,SYNHBTYP3DCN27ZMB,,,,DJI Fly,,1.13.5,606506D4-8CA6-50D1-AD4F-F7F7ED2A7646,,,,,,,,,,
1773844959,1m 39.0s,99.0,1.40587234,103.69865061,196.9,196.9,30.0,376.9,1648.6,17.895,17.895,17.895,,0.000,,-0.000,,2.80,0.00,0.0,0.0,,P-GPS,,,18,4,TRUE,,Mini 4 Pro,,,,,,FALSE,TRUE,,,,,,,,,,,,,,,,,,,,,,,,,,,,,,,,,,,,,,,,,,,,,,,,85.1,,,,8.119,,,,,,,8.972,,,,,,,,,,,,,,,,,,,,,,,,,,,,,,,,1.40500000,103.70000000,586.1,,,,,,,,,,,,,,,,,,,,,,,,,,,,Mini 4 Pro,SYNHBTYP3DCN27ZMB,CAM6DGF46D3QRQAQB,RCSAK6RX8DFEXERNB,BATCE5VSLHKU2L2CH,,,,,,,,Mini 4 Pro,SYNHBTYP3DCN27ZMB,,,,DJI Fly,,1.13.5,606506D4-8CA6-50D1-AD4F-F7F7ED2A7646,,,,,,,,,,
1773844960,1m 40.0s,100.0,1.40594429,103.69865061,196.9,196.9,30.0,376.9,1674.8,17.895,17.895,17.895,,0.000,,-0.000,,2.80,0.00,0.0,0.0,,P-GPS,,,18,4,TRUE,,Mini 4 Pro,,,,,,FALSE,TRUE,,,,,,,,,,,,,,,,,,,,,,,,,,,,,,,,,,,,,,,,,,,,,,,,85.1,,,,8.118,,,,,,,8.972,,,,,,,,,,,,,,,,,,,,,,,,,,,,,,,,1.40500000,103.70000000,600.7,,,,,,,,,,,,,,,,,,,,,,,,,,,,Mini 4 Pro,SYNHBTYP3DCN27ZMB,CAM6DGF46D3QRQAQB,RCSAK6RX8DFEXERNB,BATCE5VSLHKU2L2CH,,,,,,,,Mini 4 Pro,SYNHBTYP3DCN27ZMB,,,,DJI Fly,,1.13.5,606506D4-8CA6-50D1-AD4F-F7F7ED2A7646,,,,,,,,,,
1773844961,1m 41.0s,101.0,1.40601623,103.69865061,196.9,196.9,30.0,376.9,1701.1,17.895,17.895,17.895,,0.000,,-0.000,,2.80,0.00,0.0,0.0,,P-GPS,,,18,4,TRUE,,Mini 4 Pro,,,,,,FALSE,TRUE,,,,,,,,,,,,,,,,,,,,,,,,,,,,,,,,,,,,,,,,,,,,,,,,85.0,,,,8.118,,,,,,,8.972,,,,,,,,,,,,,,,,,,,,,,,,,,,,,,,,1.40500000,103.70000000,616.1,,,,,,,,,,,,,,,,,,,,,,,,,,,,Mini 4 Pro,SYNHBTYP3DCN27ZMB,CAM6DGF46D3QRQAQB,RCSAK6RX8DFEXERNB,BATCE5VSLHKU2L2CH,,,,,,,,Mini 4 Pro,SYNHBTYP3DCN27ZMB,,,,DJI Fly,,1.13.5,606506D4-8CA6-50D1-AD4F-F7F7ED2A7646,,,,,,,,,,
1773844962,1m 42.0s,102.0,1.40608818,103.69865061,196.9,196.9,30.0,376.9,1727.3,17.895,17.895,17.895,,0.000,,-0.000,,2.80,0.00,0.0,0.0,,P-GPS,,,18,4,TRUE,,Mini 4 Pro,,,,,,FALSE,TRUE,,,,,,,,,,,,,,,,,,,,,,,,,,,,,,,,,,,,,,,,,,,,,,,,85.0,,,,8.117,,,,,,,8.972,,,,,,,,,,,,,,,,,,,,,,,,,,,,,,,,1.40500000,103.70000000,632.3,,,,,,,,,,,,,,,,,,,,,,,,,,,,Mini 4 Pro,SYNHBTYP3DCN27ZMB,CAM6DGF46D3QRQAQB,RCSAK6RX8DFEXERNB,BATCE5VSLHKU2L2CH,,,,,,,,Mini 4 Pro,SYNHBTYP3DCN27ZMB,,,,DJI Fly,,1.13.5,606506D4-8CA6-50D1-AD4F-F7F7ED2A7646,,,,,,,,,,
1773844963,1m 43.0s,103.0,1.40616012,103.69865061,196.9,196.9,30.0,376.9,1753.6,17.895,17.895,17.895,,0.000,,-0.000,,2.80,0.00,0.0,0.0,,P-GPS,,,18,4,TRUE,,Mini 4 Pro,,,,,,FALSE,TRUE,,,,,,,,,,,,,,,,,,,,,,,,,,,,,,,,,,,,,,,,,,,,,,,,85.0,,,,8.117,,,,,,,8.972,,,,,,,,,,,,,,,,,,,,,,,,,,,,,,,,1.40500000,103.70000000,649.1,,,,,,,,,,,,,,,,,,,,,,,,,,,,Mini 4 Pro,SYNHBTYP3DCN27ZMB,CAM6DGF46D3QRQAQB,RCSAK6RX8DFEXERNB,BATCE5VSLHKU2L2CH,,,,,,,,Mini 4 Pro,SYNHBTYP3DCN27ZMB,,,,DJI Fly,,1.13.5,606506D4-8CA6-50D1-AD4F-F7F7ED2A7646,,,,,,,,,,
1773844964,1m 44.0s,104.0,1.40623207,103.69865061,196.9,196.9,30.0,376.9,1779.8,17.895,17.895,17.895,,0.000,,-0.000,,2.80,0.00,0.0,0.0,,P-GPS,,,18,4,TRUE,,Mini 4 Pro,,,,,,FALSE,TRUE,,,,,,,,,,,,,,,,,,,,,,,,,,,,,,,,,,,,,,,,,,,,,,,,84.9,,,,8.117,,,,,,,8.972,,,,,,,,,,,,,,,,,,,,,,,,,,,,,,,,1.40500000,103.70000000,666.5,,,,,,,,,,,,,,,,,,,,,,,,,,,,Mini 4 Pro,SYNHBTYP3DCN27ZMB,CAM6DGF46D3QRQAQB,RCSAK6RX8DFEXERNB,BATCE5VSLHKU2L2CH,,,,,,,,Mini 4 Pro,SYNHBTYP3DCN27ZMB,,,,DJI Fly,,1.13.5,606506D4-8CA6-50D1-AD4F-F7F7ED2A7646,,,,,,,,,,
1773844965,1m 45.0s,105.0,1.40630402,103.69865061,196.9,196.9,30.0,376.9,1806.1,17.895,17.895,17.895,,0.000,,-0.000,,2.80,0.00,0.0,0.0,,P-GPS,,,18,4,TRUE,,Mini 4 Pro,,,,,,FALSE,TRUE,,,,,,,,,,,,,,,,,,,,,,,,,,,,,,,,,,,,,,,,,,,,,,,,84.9,,,,8.116,,,,,,,8.972,,,,,,,,,,,,,,,,,,,,,,,,,,,,,,,,1.40500000,103.70000000,684.5,,,,,,,,,,,,,,,,,,,,,,,,,,,,Mini 4 Pro,SYNHBTYP3DCN27ZMB,CAM6DGF46D3QRQAQB,RCSAK6RX8DFEXERNB,BATCE5VSLHKU2L2CH,,,,,,,,Mini 4 Pro,SYNHBTYP3DCN27ZMB,,,,DJI Fly,,1.13.5,606506D4-8CA6-50D1-AD4F-F7F7ED2A7646,,,,,,,,,,
1773844966,1m 46.0s,106.0,1.40637596,103.69865061,196.9,196.9,30.0,376.9,1832.3,17.895,17.895,17.895,,0.000,,-0.000,,2.80,0.00,0.0,0.0,,P-GPS,,,18,4,TRUE,,Mini 4 Pro,,,,,,FALSE,TRUE,,,,,,,,,,,,,,,,,,,,,,,,,,,,,,,,,,,,,,,,,,,,,,,,84.9,,,,8.116,,,,,,,8.972,,,,,,,,,,,,,,,,,,,,,,,,,,,,,,,,1.40500000,103.70000000,703.0,,,,,,,,,,,,,,,,,,,,,,,,,,,,Mini 4 Pro,SYNHBTYP3DCN27ZMB,CAM6DGF46D3QRQAQB,RCSAK6RX8DFEXERNB,BATCE5VSLHKU2L2CH,,,,,,,,Mini 4 Pro,SYNHBTYP3DCN27ZMB,,,,DJI Fly,,1.13.5,606506D4-8CA6-50D1-AD4F-F7F7ED2A7646,,,,,,,,,,
1773844967,1m 47.0s,107.0,1.40644791,103.69865061,196.9,196.9,30.0,376.9,1858.6,17.895,17.895,17.895,,0.000,,-0.000,,2.80,0.00,0.0,0.0,,P-GPS,,,18,4,TRUE,,Mini 4 Pro,,,,,,FALSE,TRUE,,,,,,,,,,,,,,,,,,,,,,,,,,,,,,,,,,,,,,,,,,,,,,,,84.9,,,,8.115,,,,,,,8.972,,,,,,,,,,,,,,,,,,,,,,,,,,,,,,,,1.40500000,103.70000000,721.9,,,,,,,,,,,,,,,,,,,,,,,,,,,,Mini 4 Pro,SYNHBTYP3DCN27ZMB,CAM6DGF46D3QRQAQB,RCSAK6RX8DFEXERNB,BATCE5VSLHKU2L2CH,,,,,,,,Mini 4 Pro,SYNHBTYP3DCN27ZMB,,,,DJI Fly,,1.13.5,606506D4-8CA6-50D1-AD4F-F7F7ED2A7646,,,,,,,,,,
1773844968,1m 48.0s,108.0,1.40651985,103.69865061,196.9,196.9,30.0,376.9,1884.8,17.895,17.895,17.895,,0.000,,-0.000,,2.80,0.00,0.0,0.0,,P-GPS,,,18,4,TRUE,,Mini 4 Pro,,,,,,FALSE,TRUE,,,,,,,,,,,,,,,,,,,,,,,,,,,,,,,,,,,,,,,,,,,,,,,,84.8,,,,8.115,,,,,,,8.972,,,,,,,,,,,,,,,,,,,,,,,,,,,,,,,,1.40500000,103.70000000,741.4,,,,,,,,,,,,,,,,,,,,,,,,,,,,Mini 4 Pro,SYNHBTYP3DCN27ZMB,CAM6DGF46D3QRQAQB,RCSAK6RX8DFEXERNB,BATCE5VSLHKU2L2CH,,,,,,,,Mini 4 Pro,SYNHBTYP3DCN27ZMB,,,,DJI Fly,,1.13.5,606506D4-8CA6-50D1-AD4F-F7F7ED2A7646,,,,,,,,,,
1773844969,1m 49.0s,109.0,1.40657381,103.69865061,196.9,196.9,30.0,376.9,1904.5,13.422,17.895,13.422,,0.000,,-0.000,,2.10,0.00,0.0,0.0,,P-GPS,,,18,4,TRUE,,Mini 4 Pro,,,,,,FALSE,TRUE,,,,,,,,,,,,,,,,,,,,,,,,,,,,,,,,,,,,,,,,,,,,,,,,84.8,,,,8.114,,,,,,,7.872,,,,,,,,,,,,,,,,,,,,,,,,,,,,,,,,1.40500000,103.70000000,756.2,,,,,,,,,,,,,,,,,,,,,,,,,,,,Mini 4 Pro,SYNHBTYP3DCN27ZMB,CAM6DGF46D3QRQAQB,RCSAK6RX8DFEXERNB,BATCE5VSLHKU2L2CH,,,,,,,,Mini 4 Pro,SYNHBTYP3DCN27ZMB,,,,DJI Fly,,1.13.5,606506D4-8CA6-50D1-AD4F-F7F7ED2A7646,,,,,,,,,,
1773844970,1m 50.0s,110.0,1.40657381,103.69865061,196.9,196.9,30.0,376.9,1904.5,0.000,17.895,0.000,,0.000,,-0.000,,0.00,0.00,0.0,0.0,,P-GPS,,,18,4,TRUE,,Mini 4 Pro,,,,,,FALSE,TRUE,,,,,,,,,,,,,,,,,,,,,,,,,,,,,,,,,,,,,,,,,,,,,,,,84.8,,,,8.114,,,,,,,4.572,,,,,,,,,,,,,,,,,,,,,,,,,,,,,,,,1.40500000,103.70000000,756.2,,,,,,,,,,,,,,,,,,,,,,,,,,,,Mini 4 Pro,SYNHBTYP3DCN27ZMB,CAM6DGF46D3QRQAQB,RCSAK6RX8DFEXERNB,BATCE5VSLHKU2L2CH,,,,,,,,Mini 4 Pro,SYNHBTYP3DCN27ZMB,,,,DJI Fly,,1.13.5,606506D4-8CA6-50D1-AD4F-F7F7ED2A7646,,,,,,,,,,
1773844971,1m 51.0s,111.0,1.40657381,103.69870459,196.9,196.9,30.0,376.9,1924.2,13.422,17.895,0.000,,13.422,,-0.000,,2.10,25.00,90.0,90.0,,P-GPS,,,18,4,TRUE,,Mini 4 Pro,,,,,,FALSE,TRUE,,,,,,,,,,,,,,,,,,,,,,,,,,,,,,,,,,,,,,,,,,,,,,,,84.7,,,,8.113,,,,,,,7.872,,,,,,,,,,,,,,,,,,,,,,,,,,,,,,,,1.40500000,103.70000000,743.5,,,,,,,,,,,,,,,,,,,,,,,,,,,,Mini 4 Pro,SYNHBTYP3DCN27ZMB,CAM6DGF46D3QRQAQB,RCSAK6RX8DFEXERNB,BATCE5VSLHKU2L2CH,,,,,,,,Mini 4 Pro,SYNHBTYP3DCN27ZMB,,,,DJI Fly,,1.13.5,606506D4-8CA6-50D1-AD4F-F7F7ED2A7646,,,,,,,,,,
1773844972,1m 52.0s,112.0,1.40657381,103.69875856,196.9,196.9,30.0,376.9,1943.9,13.422,17.895,0.000,,13.422,,-0.000,,2.10,0.00,90.0,90.0,,P-GPS,,,18,4,TRUE,,Mini 4 Pro,,,,,,FALSE,TRUE,,,,,,,,,,,,,,,,,,,,,,,,,,,,,,,,,,,,,,,,,,,,,,,,84.7,,,,8.113,,,,,,,7.872,,,,,,,,,,,,,,,,,,,,,,,,,,,,,,,,1.40500000,103.70000000,731.2,,,,,,,,,,,,,,,,,,,,,,,,,,,,Mini 4 Pro,SYNHBTYP3DCN27ZMB,CAM6DGF46D3QRQAQB,RCSAK6RX8DFEXERNB,BATCE5VSLHKU2L2CH,,,,,,,,Mini 4 Pro,SYNHBTYP3DCN27ZMB,,,,DJI Fly,,1.13.5,606506D4-8CA6-50D1-AD4F-F7F7ED2A7646,,,,,,,,,,
1773844973,1m 53.0s,113.0,1.40657381,103.69881254,196.9,196.9,30.0,376.9,1963.5,13.422,17.895,0.000,,13.422,,-0.000,,2.10,0.00,90.0,90.0,,P-GPS,,,18,4,TRUE,,Mini 4 Pro,,,,,,FALSE,TRUE,,,,,,,,,,,,,,,,,,,,,,,,,,,,,,,,,,,,,,,,,,,,,,,,84.7,,,,8.112,,,,,,,7.872,,,,,,,,,,,,,,,,,,,,,,,,,,,,,,,,1.40500000,103.70000000,719.2,,,,,,,,,,,,,,,,,,,,,,,,,,,,Mini 4 Pro,SYNHBTYP3DCN27ZMB,CAM6DGF46D3QRQAQB,RCSAK6RX8DFEXERNB,BATCE5VSLHKU2L2CH,,,,,,,,Mini 4 Pro,SYNHBTYP3DCN27ZMB,,,,DJI Fly,,1.13.5,606506D4-8CA6-50D1-AD4F-F7F7ED2A7646,,,,,,,,,,
1773844974,1m 54.0s,114.0,1.40657381,103.69886651,196.9,196.9,30.0,376.9,1983.2,13.422,17.895,0.000,,13.422,,-0.000,,2.10,0.00,90.0,90.0,,P-GPS,,,18,4,TRUE,,Mini 4 Pro,,,,,,FALSE,TRUE,,,,,,,,,,,,,,,,,,,,,,,,,,,,,,,,,,,,,,,,,,,,,,,,84.6,,,,8.112,,,,,,,7.872,,,,,,,,,,,,,,,,,,,,,,,,,,,,,,,,1.40500000,103.70000000,707.5,,,,,,,,,,,,,,,,,,,,,,,,,,,,Mini 4 Pro,SYNHBTYP3DCN27ZMB,CAM6DGF46D3QRQAQB,RCSAK6RX8DFEXERNB,BATCE5VSLHKU2L2CH,,,,,,,,Mini 4 Pro,SYNHBTYP3DCN27ZMB,,,,DJI Fly,,1.13.5,606506D4-8CA6-50D1-AD4F-F7F7ED2A7646,,,,,,,,,,
1773844975,1m 55.0s,115.0,1.40657381,103.69892049,196.9,196.9,30.0,376.9,2002.9,13.422,17.895,0.000,,13.422,,-0.000,,2.10,0.00,90.0,90.0,,P-GPS,,,18,4,TRUE,,Mini 4 Pro,,,,,,FALSE,TRUE,,,,,,,,,,,,,,,,,,,,,,,,,,,,,,,,,,,,,,,,,,,,,,,,84.6,,,,8.112,,,,,,,7.872,,,,,,,,,,,,,,,,,,,,,,,,,,,,,,,,1.40500000,103.70000000,696.2,,,,,,,,,,,,,,,,,,,,,,,,,,,,Mini 4 Pro,SYNHBTYP3DCN27ZMB,CAM6DGF46D3QRQAQB,RCSAK6RX8DFEXERNB,BATCE5VSLHKU2L2CH,,,,,,,,Mini 4 Pro,SYNHBTYP3DCN27ZMB,,,,DJI Fly,,1.13.5,606506D4-8CA6-50D1-AD4F-F7F7ED2A7646,,,,,,,,,,
1773844976,1m 56.0s,116.0,1.40657381,103.69897447,196.9,196.9,30.0,376.9,2022.6,13.422,17.895,0.000,,13.422,,-0.000,,2.10,0.00,90.0,90.0,,P-GPS,,,18,4,TRUE,,Mini 4 Pro,,,,,,FALSE,TRUE,,,,,,,,,,,,,,,,,,,,,,,,,,,,,,,,,,,,,,,,,,,,,,,,84.6,,,,8.111,,,,,,,7.872,,,,,,,,,,,,,,,,,,,,,,,,,,,,,,,,1.40500000,103.70000000,685.2,,,,,,,,,,,,,,,,,,,,,,,,,,,,Mini 4 Pro,SYNHBTYP3DCN27ZMB,CAM6DGF46D3QRQAQB,RCSAK6RX8DFEXERNB,BATCE5VSLHKU2L2CH,,,,,,,,Mini 4 Pro,SYNHBTYP3DCN27ZMB,,,,DJI Fly,,1.13.5,606506D4-8CA6-50D1-AD4F-F7F7ED2A7646,,,,,,,,,,
1773844977,1m 57.0s,117.0,1.40657381,103.69902844,196.9,196.9,30.0,376.9,2042.3,13.422,17.895,0.000,,13.422,,-0.000,,2.10,0.00,90.0,90.0,,P-GPS,,,18,4,TRUE,,Mini 4 Pro,,,,,,FALSE,TRUE,,,,,,,,,,,,,,,,,,,,,,,,,,,,,,,,,,,,,,,,,,,,,,,,84.6,,,,8.111,,,,,,,7.872,,,,,,,,,,,,,,,,,,,,,,,,,,,,,,,,1.40500000,103.70000000,674.7,,,,,,,,,,,,,,,,,,,,,,,,,,,,Mini 4 Pro,SYNHBTYP3DCN27ZMB,CAM6DGF46D3QRQAQB,RCSAK6RX8DFEXERNB,BATCE5VSLHKU2L2CH,,,,,,,,Mini 4 Pro,SYNHBTYP3DCN27ZMB,,,,DJI Fly,,1.13.5,606506D4-8CA6-50D1-AD4F-F7F7ED2A7646,,,,,,,,,,
1773844978,1m 58.0s,118.0,1.40657381,103.69908242,196.9,196.9,30.0,376.9,2062.0,13.422,17.895,0.000,,13.422,,-0.000,,2.10,0.00,90.0,90.0,,P-GPS,,,18,4,TRUE,,Mini 4 Pro,,,,,,FALSE,TRUE,,,,,,,,,,,,,,,,,,,,,,,,,,,,,,,,,,,,,,,,,,,,,,,,84.5,,,,8.110,,,,,,,7.872,,,,,,,,,,,,,,,,,,,,,,,,,,,,,,,,1.40500000,103.70000000,664.6,,,,,,,,,,,,,,,,,,,,,,,,,,,,Mini 4 Pro,SYNHBTYP3DCN27ZMB,CAM6DGF46D3QRQAQB,RCSAK6RX8DFEXERNB,BATCE5VSLHKU2L2CH,,,,,,,,Mini 4 Pro,SYNHBTYP3DCN27ZMB,,,,DJI Fly,,1.13.5,606506D4-8CA6-50D1-AD4F-F7F7ED2A7646,,,,,,,,,,
1773844979,1m 59.0s,119.0,1.40657381,103.69913639,196.9,196.9,30.0,376.9,2081.7,13.422,17.895,0.000,,13.422,,-0.000,,2.10,0.00,90.0,90.0,,P-GPS,,,18,4,TRUE,,Mini 4 Pro,,,,,,FALSE,TRUE,,,,,,,,,,,,,,,,,,,,,,,,,,,,,,,,,,,,,,,,,,,,,,,,84.5,,,,8.110,,,,,,,7.872,,,,,,,,,,,,,,,,,,,,,,,,,,,,,,,,1.40500000,103.70000000,654.9,,,,,,,,,,,,,,,,,,,,,,,,,,,,Mini 4 Pro,SYNHBTYP3DCN27ZMB,CAM6DGF46D3QRQAQB,RCSAK6RX8DFEXERNB,BATCE5VSLHKU2L2CH,,,,,,,,Mini 4 Pro,SYNHBTYP3DCN27ZMB,,,,DJI Fly,,1.13.5,606506D4-8CA6-50D1-AD4F-F7F7ED2A7646,,,,,,,,,,
1773844980,2m 0.0s,120.0,1.40657381,103.69919037,196.9,196.9,30.0,376.9,2101.3,13.422,17.895,0.000,,13.422,,-0.000,,2.10,0.00,90.0,90.0,,P-GPS,,,18,4,TRUE,,Mini 4 Pro,,,,,,FALSE,TRUE,,,,,,,,,,,,,,,,,,,,,,,,,,,,,,,,,,,,,,,,,,,,,,,,84.5,,,,8.109,,,,,,,7.872,,,,,,,,,,,,,,,,,,,,,,,,,,,,,,,,1.40500000,103.70000000,645.6,,,,,,,,,,,,,,,,,,,,,,,,,,,,Mini 4 Pro,SYNHBTYP3DCN27ZMB,CAM6DGF46D3QRQAQB,RCSAK6RX8DFEXERNB,BATCE5VSLHKU2L2CH,,,,,,,,Mini 4 Pro,SYNHBTYP3DCN27ZMB,,,,DJI Fly,,1.13.5,606506D4-8CA6-50D1-AD4F-F7F7ED2A7646,,,,,,,,,,
1773844981,2m 1.0s,121.0,1.40650187,103.69919037,196.9,196.9,30.0,376.9,2127.6,17.895,17.895,-17.895,,0.000,,-0.000,,2.80,25.00,180.0,180.0,,P-GPS,,,18,4,TRUE,,Mini 4 Pro,,,,,,FALSE,TRUE,,,,,,,,,,,,,,,,,,,,,,,,,,,,,,,,,,,,,,,,,,,,,,,,84.4,,,,8.109,,,,,,,8.972,,,,,,,,,,,,,,,,,,,,,,,,,,,,,,,,1.40500000,103.70000000,622.4,,,,,,,,,,,,,,,,,,,,,,,,,,,,Mini 4 Pro,SYNHBTYP3DCN27ZMB,CAM6DGF46D3QRQAQB,RCSAK6RX8DFEXERNB,BATCE5VSLHKU2L2CH,,,,,,,,Mini 4 Pro,SYNHBTYP3DCN27ZMB,,,,DJI Fly,,1.13.5,606506D4-8CA6-50D1-AD4F-F7F7ED2A7646,,,,,,,,,,
1773844982,2m 2.0s,122.0,1.40642992,103.69919037,196.9,196.9,30.0,376.9,2153.8,17.895,17.895,-17.895,,0.000,,-0.000,,2.80,0.00,180.0,180.0,,P-GPS,,,18,4,TRUE,,Mini 4 Pro,,,,,,FALSE,TRUE,,,,,,,,,,,,,,,,,,,,,,,,,,,,,,,,,,,,,,,,,,,,,,,,84.4,,,,8.108,,,,,,,8.972,,,,,,,,,,,,,,,,,,,,,,,,,,,,,,,,1.40500000,103.70000000,599.4,,,,,,,,,,,,,,,,,,,,,,,,,,,,Mini 4 Pro,SYNHBTYP3DCN27ZMB,CAM6DGF46D3QRQAQB,RCSAK6RX8DFEXERNB,BATCE5VSLHKU2L2CH,,,,,,,,Mini 4 Pro,SYNHBTYP3DCN27ZMB,,,,DJI Fly,,1.13.5,606506D4-8CA6-50D1-AD4F-F7F7ED2A7646,,,,,,,,,,
1773844983,2m 3.0s,123.0,1.40635798,103.69919037,196.9,196.9,30.0,376.9,2180.1,17.895,17.895,-17.895,,0.000,,-0.000,,2.80,0.00,180.0,180.0,,P-GPS,,,18,4,TRUE,,Mini 4 Pro,,,,,,FALSE,TRUE,,,,,,,,,,,,,,,,,,,,,,,,,,,,,,,,,,,,,,,,,,,,,,,,84.4,,,,8.108,,,,,,,8.972,,,,,,,,,,,,,,,,,,,,,,,,,,,,,,,,1.40500000,103.70000000,576.7,,,,,,,,,,,,,,,,,,,,,,,,,,,,Mini 4 Pro,SYNHBTYP3DCN27ZMB,CAM6DGF46D3QRQAQB,RCSAK6RX8DFEXERNB,BATCE5VSLHKU2L2CH,,,,,,,,Mini 4 Pro,SYNHBTYP3DCN27ZMB,,,,DJI Fly,,1.13.5,606506D4-8CA6-50D1-AD4F-F7F7ED2A7646,,,,,,,,,,
1773844984,2m 4.0s,124.0,1.40628603,103.69919037,196.9,196.9,30.0,376.9,2206.3,17.895,17.895,-17.895,,0.000,,-0.000,,2.80,0.00,180.0,180.0,,P-GPS,,,18,4,TRUE,,Mini 4 Pro,,,,,,FALSE,TRUE,,,,,,,,,,,,,,,,,,,,,,,,,,,,,,,,,,,,,,,,,,,,,,,,84.4,,,,8.107,,,,,,,8.972,,,,,,,,,,,,,,,,,,,,,,,,,,,,,,,,1.40500000,103.70000000,554.3,,,,,,,,,,,,,,,,,,,,,,,,,,,,Mini 4 Pro,SYNHBTYP3DCN27ZMB,CAM6DGF46D3QRQAQB,RCSAK6RX8DFEXERNB,BATCE5VSLHKU2L2CH,,,,,,,,Mini 4 Pro,SYNHBTYP3DCN27ZMB,,,,DJI Fly,,1.13.5,606506D4-8CA6-50D1-AD4F-F7F7ED2A7646,,,,,,,,,,
1773844985,2m 5.0s,125.0,1.40621408,103.69919037,196.9,196.9,30.0,376.9,2232.6,17.895,17.895,-17.895,,0.000,,-0.000,,2.80,0.00,180.0,180.0,,P-GPS,,,18,4,TRUE,,Mini 4 Pro,,,,,,FALSE,TRUE,,,,,,,,,,,,,,,,,,,,,,,,,,,,,,,,,,,,,,,,,,,,,,,,84.3,,,,8.107,,,,,,,8.972,,,,,,,,,,,,,,,,,,,,,,,,,,,,,,,,1.40500000,103.70000000,532.3,,,,,,,,,,,,,,,,,,,,,,,,,,,,Mini 4 Pro,SYNHBTYP3DCN27ZMB,CAM6DGF46D3QRQAQB,RCSAK6RX8DFEXERNB,BATCE5VSLHKU2L2CH,,,,,,,,Mini 4 Pro,SYNHBTYP3DCN27ZMB,,,,DJI Fly,,1.13.5,606506D4-8CA6-50D1-AD4F-F7F7ED2A7646,,,,,,,,,,
1773844986,2m 6.0s,126.0,1.40614214,103.69919037,196.9,196.9,30.0,376.9,2258.8,17.895,17.895,-17.895,,0.000,,-0.000,,2.80,0.00,180.0,180.0,,P-GPS,,,18,4,TRUE,,Mini 4 Pro,,,,,,FALSE,TRUE,,,,,,,,,,,,,,,,,,,,,,,,,,,,,,,,,,,,,,,,,,,,,,,,84.3,,,,8.107,,,,,,,8.972,,,,,,,,,,,,,,,,,,,,,,,,,,,,,,,,1.40500000,103.70000000,510.7,,,,,,,,,,,,,,,,,,,,,,,,,,,,Mini 4 Pro,SYNHBTYP3DCN27ZMB,CAM6DGF46D3QRQAQB,RCSAK6RX8DFEXERNB,BATCE5VSLHKU2L2CH,,,,,,,,Mini 4 Pro,SYNHBTYP3DCN27ZMB,,,,DJI Fly,,1.13.5,606506D4-8CA6-50D1-AD4F-F7F7ED2A7646,,,,,,,,,,
1773844987,2m 7.0s,127.0,1.40607019,103.69919037,196.9,196.9,30.0,376.9,2285.1,17.895,17.895,-17.895,,0.000,,-0.000,,2.80,0.00,180.0,180.0,,P-GPS,,,18,4,TRUE,,Mini 4 Pro,,,,,,FALSE,TRUE,,,,,,,,,,,,,,,,,,,,,,,,,,,,,,,,,,,,,,,,,,,,,,,,84.3,,,,8.106,,,,,,,8.972,,,,,,,,,,,,,,,,,,,,,,,,,,,,,,,,1.40500000,103.70000000,489.5,,,,,,,,,,,,,,,,,,,,,,,,,,,,Mini 4 Pro,SYNHBTYP3DCN27ZMB,CAM6DGF46D3QRQAQB,RCSAK6RX8DFEXERNB,BATCE5VSLHKU2L2CH,,,,,,,,Mini 4 Pro,SYNHBTYP3DCN27ZMB,,,,DJI Fly,,1.13.5,606506D4-8CA6-50D1-AD4F-F7F7ED2A7646,,,,,,,,,,
1773844988,2m 8.0s,128.0,1.40599825,103.69919037,196.9,196.9,30.0,376.9,2311.3,17.895,17.895,-17.895,,0.000,,-0.000,,2.80,0.00,180.0,180.0,,P-GPS,,,18,4,TRUE,,Mini 4 Pro,,,,,,FALSE,TRUE,,,,,,,,,,,,,,,,,,,,,,,,,,,,,,,,,,,,,,,,,,,,,,,,84.2,,,,8.106,,,,,,,8.972,,,,,,,,,,,,,,,,,,,,,,,,,,,,,,,,1.40500000,103.70000000,468.8,,,,,,,,,,,,,,,,,,,,,,,,,,,,Mini 4 Pro,SYNHBTYP3DCN27ZMB,CAM6DGF46D3QRQAQB,RCSAK6RX8DFEXERNB,BATCE5VSLHKU2L2CH,,,,,,,,Mini 4 Pro,SYNHBTYP3DCN27ZMB,,,,DJI Fly,,1.13.5,606506D4-8CA6-50D1-AD4F-F7F7ED2A7646,,,,,,,,,,
1773844989,2m 9.0s,129.0,1.40592630,103.69919037,196.9,196.9,30.0,376.9,2337.6,17.895,17.895,-17.895,,0.000,,-0.000,,2.80,0.00,180.0,180.0,,P-GPS,,,18,4,TRUE,,Mini 4 Pro,,,,,,FALSE,TRUE,,,,,,,,,,,,,,,,,,,,,,,,,,,,,,,,,,,,,,,,,,,,,,,,84.2,,,,8.105,,,,,,,8.972,,,,,,,,,,,,,,,,,,,,,,,,,,,,,,,,1.40500000,103.70000000,448.8,,,,,,,,,,,,,,,,,,,,,,,,,,,,Mini 4 Pro,SYNHBTYP3DCN27ZMB,CAM6DGF46D3QRQAQB,RCSAK6RX8DFEXERNB,BATCE5VSLHKU2L2CH,,,,,,,,Mini 4 Pro,SYNHBTYP3DCN27ZMB,,,,DJI Fly,,1.13.5,606506D4-8CA6-50D1-AD4F-F7F7ED2A7646,,,,,,,,,,
1773844990,2m 10.0s,130.0,1.40585436,103.69919037,196.9,196.9,30.0,376.9,2363.8,17.895,17.895,-17.895,,0.000,,-0.000,,2.80,0.00,180.0,180.0,,P-GPS,,,18,4,TRUE,,Mini 4 Pro,,,,,,FALSE,TRUE,,,,,,,,,,,,,,,,,,,,,,,,,,,,,,,,,,,,,,,,,,,,,,,,84.2,,,,8.105,,,,,,,8.972,,,,,,,,,,,,,,,,,,,,,,,,,,,,,,,,1.40500000,103.70000000,429.3,,,,,,,,,,,,,,,,,,,,,,,,,,,,Mini 4 Pro,SYNHBTYP3DCN27ZMB,CAM6DGF46D3QRQAQB,RCSAK6RX8DFEXERNB,BATCE5VSLHKU2L2CH,,,,,,,,Mini 4 Pro,SYNHBTYP3DCN27ZMB,,,,DJI Fly,,1.13.5,606506D4-8CA6-50D1-AD4F-F7F7ED2A7646,,,,,,,,,,
1773844991,2m 11.0s,131.0,1.40578241,103.69919037,196.9,196.9,30.0,376.9,2390.1,17.895,17.895,-17.895,,0.000,,-0.000,,2.80,0.00,180.0,180.0,,P-GPS,,,18,4,TRUE,,Mini 4 Pro,,,,,,FALSE,TRUE,,,,,,,,,,,,,,,,,,,,,,,,,,,,,,,,,,,,,,,,,,,,,,,,84.1,,,,8.104,,,,,,,8.972,,,,,,,,,,,,,,,,,,,,,,,,,,,,,,,,1.40500000,103.70000000,410.7,,,,,,,,,,,,,,,,,,,,,,,,,,,,Mini 4 Pro,SYNHBTYP3DCN27ZMB,CAM6DGF46D3QRQAQB,RCSAK6RX8DFEXERNB,BATCE5VSLHKU2L2CH,,,,,,,,Mini 4 Pro,SYNHBTYP3DCN27ZMB,,,,DJI Fly,,1.13.5,606506D4-8CA6-50D1-AD4F-F7F7ED2A7646,,,,,,,,,,
1773844992,2m 12.0s,132.0,1.40571046,103.69919037,196.9,196.9,30.0,376.9,2416.3,17.895,17.895,-17.895,,0.000,,-0.000,,2.80,0.00,180.0,180.0,,P-GPS,,,18,4,TRUE,,Mini 4 Pro,,,,,,FALSE,TRUE,,,,,,,,,,,,,,,,,,,,,,,,,,,,,,,,,,,,,,,,,,,,,,,,84.1,,,,8.104,,,,,,,8.972,,,,,,,,,,,,,,,,,,,,,,,,,,,,,,,,1.40500000,103.70000000,392.9,,,,,,,,,,,,,,,,,,,,,,,,,,,,Mini 4 Pro,SYNHBTYP3DCN27ZMB,CAM6DGF46D3QRQAQB,RCSAK6RX8DFEXERNB,BATCE5VSLHKU2L2CH,,,,,,,,Mini 4 Pro,SYNHBTYP3DCN27ZMB,,,,DJI Fly,,1.13.5,606506D4-8CA6-50D1-AD4F-F7F7ED2A7646,,,,,,,,,,
1773844993,2m 13.0s,133.0,1.40563852,103.69919037,196.9,196.9,30.0,376.9,2442.5,17.895,17.895,-17.895,,0.000,,-0.000,,2.80,0.00,180.0,180.0,,P-GPS,,,18,4,TRUE,,Mini 4 Pro,,,,,,FALSE,TRUE,,,,,,,,,,,,,,,,,,,,,,,,,,,,,,,,,,,,,,,,,,,,,,,,84.1,,,,8.103,,,,,,,8.972,,,,,,,,,,,,,,,,,,,,,,,,,,,,,,,,1.40500000,103.70000000,376.1,,,,,,,,,,,,,,,,,,,,,,,,,,,,Mini 4 Pro,SYNHBTYP3DCN27ZMB,CAM6DGF46D3QRQAQB,RCSAK6RX8DFEXERNB,BATCE5VSLHKU2L2CH,,,,,,,,Mini 4 Pro,SYNHBTYP3DCN27ZMB,,,,DJI Fly,,1.13.5,606506D4-8CA6-50D1-AD4F-F7F7ED2A7646,,,,,,,,,,
1773844994,2m 14.0s,134.0,1.40556657,103.69919037,196.9,196.9,30.0,376.9,2468.8,17.895,17.895,-17.895,,0.000,,-0.000,,2.80,0.00,180.0,180.0,,P-GPS,,,18,4,TRUE,,Mini 4 Pro,,,,,,FALSE,TRUE,,,,,,,,,,,,,,,,,,,,,,,,,,,,,,,,,,,,,,,,,,,,,,,,84.1,,,,8.103,,,,,,,8.972,,,,,,,,,,,,,,,,,,,,,,,,,,,,,,,,1.40500000,103.70000000,360.4,,,,,,,,,,,,,,,,,,,,,,,,,,,,Mini 4 Pro,SYNHBTYP3DCN27ZMB,CAM6DGF46D3QRQAQB,RCSAK6RX8DFEXERNB,BATCE5VSLHKU2L2CH,,,,,,,,Mini 4 Pro,SYNHBTYP3DCN27ZMB,,,,DJI Fly,,1.13.5,606506D4-8CA6-50D1-AD4F-F7F7ED2A7646,,,,,,,,,,
1773844995,2m 15.0s,135.0,1.40549463,103.69919037,196.9,196.9,30.0,376.9,2495.0,17.895,17.895,-17.895,,0.000,,-0.000,,2.80,0.00,180.0,180.0,,P-GPS,,,18,4,TRUE,,Mini 4 Pro,,,,,,FALSE,TRUE,,,,,,,,,,,,,,,,,,,,,,,,,,,,,,,,,,,,,,,,,,,,,,,,84.0,,,,8.102,,,,,,,8.972,,,,,,,,,,,,,,,,,,,,,,,,,,,,,,,,1.40500000,103.70000000,346.0,,,,,,,,,,,,,,,,,,,,,,,,,,,,Mini 4 Pro,SYNHBTYP3DCN27ZMB,CAM6DGF46D3QRQAQB,RCSAK6RX8DFEXERNB,BATCE5VSLHKU2L2CH,,,,,,,,Mini 4 Pro,SYNHBTYP3DCN27ZMB,,,,DJI Fly,,1.13.5,606506D4-8CA6-50D1-AD4F-F7F7ED2A7646,,,,,,,,,,
1773844996,2m 16.0s,136.0,1.40542268,103.69919037,196.9,196.9,30.0,376.9,2521.3,17.895,17.895,-17.895,,0.000,,-0.000,,2.80,0.00,180.0,180.0,,P-GPS,,,18,4,TRUE,,Mini 4 Pro,,,,,,FALSE,TRUE,,,,,,,,,,,,,,,,,,,,,,,,,,,,,,,,,,,,,,,,,,,,,,,,84.0,,,,8.102,,,,,,,8.972,,,,,,,,,,,,,,,,,,,,,,,,,,,,,,,,1.40500000,103.70000000,333.1,,,,,,,,,,,,,,,,,,,,,,,,,,,,Mini 4 Pro,SYNHBTYP3DCN27ZMB,CAM6DGF46D3QRQAQB,RCSAK6RX8DFEXERNB,BATCE5VSLHKU2L2CH,,,,,,,,Mini 4 Pro,SYNHBTYP3DCN27ZMB,,,,DJI Fly,,1.13.5,606506D4-8CA6-50D1-AD4F-F7F7ED2A7646,,,,,,,,,,
1773844997,2m 17.0s,137.0,1.40535074,103.69919037,196.9,196.9,30.0,376.9,2547.5,17.895,17.895,-17.895,,0.000,,-0.000,,2.80,0.00,180.0,180.0,,P-GPS,,,18,4,TRUE,,Mini 4 Pro,,,,,,FALSE,TRUE,,,,,,,,,,,,,,,,,,,,,,,,,,,,,,,,,,,,,,,,,,,,,,,,84.0,,,,8.102,,,,,,,8.972,,,,,,,,,,,,,,,,,,,,,,,,,,,,,,,,1.40500000,103.70000000,321.8,,,,,,,,,,,,,,,,,,,,,,,,,,,,Mini 4 Pro,SYNHBTYP3DCN27ZMB,CAM6DGF46D3QRQAQB,RCSAK6RX8DFEXERNB,BATCE5VSLHKU2L2CH,,,,,,,,Mini 4 Pro,SYNHBTYP3DCN27ZMB,,,,DJI Fly,,1.13.5,606506D4-8CA6-50D1-AD4F-F7F7ED2A7646,,,,,,,,,,
1773844998,2m 18.0s,138.0,1.40527879,103.69919037,196.9,196.9,30.0,376.9,2573.8,17.895,17.895,-17.895,,0.000,,-0.000,,2.80,0.00,180.0,180.0,,P-GPS,,,18,4,TRUE,,Mini 4 Pro,,,,,,FALSE,TRUE,,,,,,,,,,,,,,,,,,,,,,,,,,,,,,,,,,,,,,,,,,,,,,,,83.9,,,,8.101,,,,,,,8.972,,,,,,,,,,,,,,,,,,,,,,,,,,,,,,,,1.40500000,103.70000000,312.3,,,,,,,,,,,,,,,,,,,,,,,,,,,,Mini 4 Pro,SYNHBTYP3DCN27ZMB,CAM6DGF46D3QRQAQB,RCSAK6RX8DFEXERNB,BATCE5VSLHKU2L2CH,,,,,,,,Mini 4 Pro,SYNHBTYP3DCN27ZMB,,,,DJI Fly,,1.13.5,606506D4-8CA6-50D1-AD4F-F7F7ED2A7646,,,,,,,,,,
1773844999,2m 19.0s,139.0,1.40520684,103.69919037,196.9,196.9,30.0,376.9,2600.0,17.895,17.895,-17.895,,0.000,,-0.000,,2.80,0.00,180.0,180.0,,P-GPS,,,18,4,TRUE,,Mini 4 Pro,,,,,,FALSE,TRUE,,,,,,,,,,,,,,,,,,,,,,,,,,,,,,,,,,,,,,,,,,,,,,,,83.9,,,,8.101,,,,,,,8.972,,,,,,,,,,,,,,,,,,,,,,,,,,,,,,,,1.40500000,103.70000000,304.8,,,,,,,,,,,,,,,,,,,,,,,,,,,,Mini 4 Pro,SYNHBTYP3DCN27ZMB,CAM6DGF46D3QRQAQB,RCSAK6RX8DFEXERNB,BATCE5VSLHKU2L2CH,,,,,,,,Mini 4 Pro,SYNHBTYP3DCN27ZMB,,,,DJI Fly,,1.13.5,606506D4-8CA6-50D1-AD4F-F7F7ED2A7646,,,,,,,,,,
1773845000,2m 20.0s,140.0,1.40513490,103.69919037,196.9,196.9,30.0,376.9,2626.3,17.895,17.895,-17.895,,0.000,,-0.000,,2.80,0.00,180.0,180.0,,P-GPS,,,18,4,TRUE,,Mini 4 Pro,,,,,,FALSE,TRUE,,,,,,,,,,,,,,,,,,,,,,,,,,,,,,,,,,,,,,,,,,,,,,,,83.9,,,,8.100,,,,,,,8.972,,,,,,,,,,,,,,,,,,,,,,,,,,,,,,,,1.40500000,103.70000000,299.3,,,,,,,,,,,,,,,,,,,,,,,,,,,,Mini 4 Pro,SYNHBTYP3DCN27ZMB,CAM6DGF46D3QRQAQB,RCSAK6RX8DFEXERNB,BATCE5VSLHKU2L2CH,,,,,,,,Mini 4 Pro,SYNHBTYP3DCN27ZMB,,,,DJI Fly,,1.13.5,606506D4-8CA6-50D1-AD4F-F7F7ED2A7646,,,,,,,,,,
1773845001,2m 21.0s,141.0,1.40506295,103.69919037,196.9,196.9,30.0,376.9,2652.5,17.895,17.895,-17.895,,0.000,,-0.000,,2.80,0.00,180.0,180.0,,P-GPS,,,18,4,TRUE,,Mini 4 Pro,,,,,,FALSE,TRUE,,,,,,,,,,,,,,,,,,,,,,,,,,,,,,,,,,,,,,,,,,,,,,,,83.9,,,,8.100,,,,,,,8.972,,,,,,,,,,,,,,,,,,,,,,,,,,,,,,,,1.40500000,103.70000000,296.2,,,,,,,,,,,,,,,,,,,,,,,,,,,,Mini 4 Pro,SYNHBTYP3DCN27ZMB,CAM6DGF46D3QRQAQB,RCSAK6RX8DFEXERNB,BATCE5VSLHKU2L2CH,,,,,,,,Mini 4 Pro,SYNHBTYP3DCN27ZMB,,,,DJI Fly,,1.13.5,606506D4-8CA6-50D1-AD4F-F7F7ED2A7646,,,,,,,,,,
1773845002,2m 22.0s,142.0,1.40499101,103.69919037,196.9,196.9,30.0,376.9,2678.8,17.895,17.895,-17.895,,0.000,,-0.000,,2.80,0.00,180.0,180.0,,P-GPS,,,18,4,TRUE,,Mini 4 Pro,,,,,,FALSE,TRUE,,,,,,,,,,,,,,,,,,,,,,,,,,,,,,,,,,,,,,,,,,,,,,,,83.8,,,,8.099,,,,,,,8.972,,,,,,,,,,,,,,,,,,,,,,,,,,,,,,,,1.40500000,103.70000000,295.3,,,,,,,,,,,,,,,,,,,,,,,,,,,,Mini 4 Pro,SYNHBTYP3DCN27ZMB,CAM6DGF46D3QRQAQB,RCSAK6RX8DFEXERNB,BATCE5VSLHKU2L2CH,,,,,,,,Mini 4 Pro,SYNHBTYP3DCN27ZMB,,,,DJI Fly,,1.13.5,606506D4-8CA6-50D1-AD4F-F7F7ED2A7646,,,,,,,,,,
1773845003,2m 23.0s,143.0,1.40491906,103.69919037,196.9,196.9,30.0,376.9,2705.0,17.895,17.895,-17.895,,0.000,,-0.000,,2.80,0.00,180.0,180.0,,P-GPS,,,18,4,TRUE,,Mini 4 Pro,,,,,,FALSE,TRUE,,,,,,,,,,,,,,,,,,,,,,,,,,,,,,,,,,,,,,,,,,,,,,,,83.8,,,,8.099,,,,,,,8.972,,,,,,,,,,,,,,,,,,,,,,,,,,,,,,,,1.40500000,103.70000000,296.7,,,,,,,,,,,,,,,,,,,,,,,,,,,,Mini 4 Pro,SYNHBTYP3DCN27ZMB,CAM6DGF46D3QRQAQB,RCSAK6RX8DFEXERNB,BATCE5VSLHKU2L2CH,,,,,,,,Mini 4 Pro,SYNHBTYP3DCN27ZMB,,,,DJI Fly,,1.13.5,606506D4-8CA6-50D1-AD4F-F7F7ED2A7646,,,,,,,,,,
1773845004,2m 24.0s,144.0,1.40484712,103.69919037,196.9,196.9,30.0,376.9,2731.3,17.895,17.895,-17.895,,0.000,,-0.000,,2.80,0.00,180.0,180.0,,P-GPS,,,18,4,TRUE,,Mini 4 Pro,,,,,,FALSE,TRUE,,,,,,,,,,,,,,,,,,,,,,,,,,,,,,,,,,,,,,,,,,,,,,,,83.8,,,,8.098,,,,,,,8.972,,,,,,,,,,,,,,,,,,,,,,,,,,,,,,,,1.40500000,103.70000000,300.5,,,,,,,,,,,,,,,,,,,,,,,,,,,,Mini 4 Pro,SYNHBTYP3DCN27ZMB,CAM6DGF46D3QRQAQB,RCSAK6RX8DFEXERNB,BATCE5VSLHKU2L2CH,,,,,,,,Mini 4 Pro,SYNHBTYP3DCN27ZMB,,,,DJI Fly,,1.13.5,606506D4-8CA6-50D1-AD4F-F7F7ED2A7646,,,,,,,,,,
1773845005,2m 25.0s,145.0,1.40477517,103.69919037,196.9,196.9,30.0,376.9,2757.5,17.895,17.895,-17.895,,0.000,,-0.000,,2.80,0.00,180.0,180.0,,P-GPS,,,18,4,TRUE,,Mini 4 Pro,,,,,,FALSE,TRUE,,,,,,,,,,,,,,,,,,,,,,,,,,,,,,,,,,,,,,,,,,,,,,,,83.7,,,,8.098,,,,,,,8.972,,,,,,,,,,,,,,,,,,,,,,,,,,,,,,,,1.40500000,103.70000000,306.5,,,,,,,,,,,,,,,,,,,,,,,,,,,,Mini 4 Pro,SYNHBTYP3DCN27ZMB,CAM6DGF46D3QRQAQB,RCSAK6RX8DFEXERNB,BATCE5VSLHKU2L2CH,,,,,,,,Mini 4 Pro,SYNHBTYP3DCN27ZMB,,,,DJI Fly,,1.13.5,606506D4-8CA6-50D1-AD4F-F7F7ED2A7646,,,,,,,,,,
1773845006,2m 26.0s,146.0,1.40470322,103.69919037,196.9,196.9,30.0,376.9,2783.8,17.895,17.895,-17.895,,0.000,,-0.000,,2.80,0.00,180.0,180.0,,P-GPS,,,18,4,TRUE,,Mini 4 Pro,,,,,,FALSE,TRUE,,,,,,,,,,,,,,,,,,,,,,,,,,,,,,,,,,,,,,,,,,,,,,,,83.7,,,,8.097,,,,,,,8.972,,,,,,,,,,,,,,,,,,,,,,,,,,,,,,,,1.40500000,103.70000000,314.5,,,,,,,,,,,,,,,,,,,,,,,,,,,,Mini 4 Pro,SYNHBTYP3DCN27ZMB,CAM6DGF46D3QRQAQB,RCSAK6RX8DFEXERNB,BATCE5VSLHKU2L2CH,,,,,,,,Mini 4 Pro,SYNHBTYP3DCN27ZMB,,,,DJI Fly,,1.13.5,606506D4-8CA6-50D1-AD4F-F7F7ED2A7646,,,,,,,,,,
1773845007,2m 27.0s,147.0,1.40463128,103.69919037,196.9,196.9,30.0,376.9,2810.0,17.895,17.895,-17.895,,0.000,,-0.000,,2.80,0.00,180.0,180.0,,P-GPS,,,18,4,TRUE,,Mini 4 Pro,,,,,,FALSE,TRUE,,,,,,,,,,,,,,,,,,,,,,,,,,,,,,,,,,,,,,,,,,,,,,,,83.7,,,,8.097,,,,,,,8.972,,,,,,,,,,,,,,,,,,,,,,,,,,,,,,,,1.40500000,103.70000000,324.5,,,,,,,,,,,,,,,,,,,,,,,,,,,,Mini 4 Pro,SYNHBTYP3DCN27ZMB,CAM6DGF46D3QRQAQB,RCSAK6RX8DFEXERNB,BATCE5VSLHKU2L2CH,,,,,,,,Mini 4 Pro,SYNHBTYP3DCN27ZMB,,,,DJI Fly,,1.13.5,606506D4-8CA6-50D1-AD4F-F7F7ED2A7646,,,,,,,,,,
1773845008,2m 28.0s,148.0,1.40455933,103.69919037,196.9,196.9,30.0,376.9,2836.2,17.895,17.895,-17.895,,0.000,,-0.000,,2.80,0.00,180.0,180.0,,P-GPS,,,18,4,TRUE,,Mini 4 Pro,,,,,,FALSE,TRUE,,,,,,,,,,,,,,,,,,,,,,,,,,,,,,,,,,,,,,,,,,,,,,,,83.6,,,,8.097,,,,,,,8.972,,,,,,,,,,,,,,,,,,,,,,,,,,,,,,,,1.40500000,103.70000000,336.2,,,,,,,,,,,,,,,,,,,,,,,,,,,,Mini 4 Pro,SYNHBTYP3DCN27ZMB,CAM6DGF46D3QRQAQB,RCSAK6RX8DFEXERNB,BATCE5VSLHKU2L2CH,,,,,,,,Mini 4 Pro,SYNHBTYP3DCN27ZMB,,,,DJI Fly,,1.13.5,606506D4-8CA6-50D1-AD4F-F7F7ED2A7646,,,,,,,,,,
1773845009,2m 29.0s,149.0,1.40448739,103.69919037,196.9,196.9,30.0,376.9,2862.5,17.895,17.895,-17.895,,0.000,,-0.000,,2.80,0.00,180.0,180.0,,P-GPS,,,18,4,TRUE,,Mini 4 Pro,,,,,,FALSE,TRUE,,,,,,,,,,,,,,,,,,,,,,,,,,,,,,,,,,,,,,,,,,,,,,,,83.6,,,,8.096,,,,,,,8.972,,,,,,,,,,,,,,,,,,,,,,,,,,,,,,,,1.40500000,103.70000000,349.5,,,,,,,,,,,,,,,,,,,,,,,,,,,,Mini 4 Pro,SYNHBTYP3DCN27ZMB,CAM6DGF46D3QRQAQB,RCSAK6RX8DFEXERNB,BATCE5VSLHKU2L2CH,,,,,,,,Mini 4 Pro,SYNHBTYP3DCN27ZMB,,,,DJI Fly,,1.13.5,606506D4-8CA6-50D1-AD4F-F7F7ED2A7646,,,,,,,,,,
1773845010,2m 30.0s,150.0,1.40441544,103.69919037,196.9,196.9,30.0,376.9,2888.7,17.895,17.895,-17.895,,0.000,,-0.000,,2.80,0.00,180.0,180.0,,P-GPS,,,18,4,TRUE,,Mini 4 Pro,,,,,,FALSE,TRUE,,,,,,,,,,,,,,,,,,,,,,,,,,,,,,,,,,,,,,,,,,,,,,,,83.6,,,,8.096,,,,,,,8.972,,,,,,,,,,,,,,,,,,,,,,,,,,,,,,,,1.40500000,103.70000000,364.2,,,,,,,,,,,,,,,,,,,,,,,,,,,,Mini 4 Pro,SYNHBTYP3DCN27ZMB,CAM6DGF46D3QRQAQB,RCSAK6RX8DFEXERNB,BATCE5VSLHKU2L2CH,,,,,,,,Mini 4 Pro,SYNHBTYP3DCN27ZMB,,,,DJI Fly,,1.13.5,606506D4-8CA6-50D1-AD4F-F7F7ED2A7646,,,,,,,,,,
1773845011,2m 31.0s,151.0,1.40434350,103.69919037,196.9,196.9,30.0,376.9,2915.0,17.895,17.895,-17.895,,0.000,,-0.000,,2.80,0.00,180.0,180.0,,P-GPS,,,18,4,TRUE,,Mini 4 Pro,,,,,,FALSE,TRUE,,,,,,,,,,,,,,,,,,,,,,,,,,,,,,,,,,,,,,,,,,,,,,,,83.6,,,,8.095,,,,,,,8.972,,,,,,,,,,,,,,,,,,,,,,,,,,,,,,,,1.40500000,103.70000000,380.2,,,,,,,,,,,,,,,,,,,,,,,,,,,,Mini 4 Pro,SYNHBTYP3DCN27ZMB,CAM6DGF46D3QRQAQB,RCSAK6RX8DFEXERNB,BATCE5VSLHKU2L2CH,,,,,,,,Mini 4 Pro,SYNHBTYP3DCN27ZMB,,,,DJI Fly,,1.13.5,606506D4-8CA6-50D1-AD4F-F7F7ED2A7646,,,,,,,,,,
1773845012,2m 32.0s,152.0,1.40427155,103.69919037,196.9,196.9,30.0,376.9,2941.2,17.895,17.895,-17.895,,0.000,,-0.000,,2.80,0.00,180.0,180.0,,P-GPS,,,18,4,TRUE,,Mini 4 Pro,,,,,,FALSE,TRUE,,,,,,,,,,,,,,,,,,,,,,,,,,,,,,,,,,,,,,,,,,,,,,,,83.5,,,,8.095,,,,,,,8.972,,,,,,,,,,,,,,,,,,,,,,,,,,,,,,,,1.40500000,103.70000000,397.3,,,,,,,,,,,,,,,,,,,,,,,,,,,,Mini 4 Pro,SYNHBTYP3DCN27ZMB,CAM6DGF46D3QRQAQB,RCSAK6RX8DFEXERNB,BATCE5VSLHKU2L2CH,,,,,,,,Mini 4 Pro,SYNHBTYP3DCN27ZMB,,,,DJI Fly,,1.13.5,606506D4-8CA6-50D1-AD4F-F7F7ED2A7646,,,,,,,,,,
1773845013,2m 33.0s,153.0,1.40419960,103.69919037,196.9,196.9,30.0,376.9,2967.5,17.895,17.895,-17.895,,0.000,,-0.000,,2.80,0.00,180.0,180.0,,P-GPS,,,18,4,TRUE,,Mini 4 Pro,,,,,,FALSE,TRUE,,,,,,,,,,,,,,,,,,,,,,,,,,,,,,,,,,,,,,,,,,,,,,,,83.5,,,,8.094,,,,,,,8.972,,,,,,,,,,,,,,,,,,,,,,,,,,,,,,,,1.40500000,103.70000000,415.3,,,,,,,,,,,,,,,,,,,,,,,,,,,,Mini 4 Pro,SYNHBTYP3DCN27ZMB,CAM6DGF46D3QRQAQB,RCSAK6RX8DFEXERNB,BATCE5VSLHKU2L2CH,,,,,,,,Mini 4 Pro,SYNHBTYP3DCN27ZMB,,,,DJI Fly,,1.13.5,606506D4-8CA6-50D1-AD4F-F7F7ED2A7646,,,,,,,,,,
1773845014,2m 34.0s,154.0,1.40412766,103.69919037,196.9,196.9,30.0,376.9,2993.7,17.895,17.895,-17.895,,0.000,,-0.000,,2.80,0.00,180.0,180.0,,P-GPS,,,18,4,TRUE,,Mini 4 Pro,,,,,,FALSE,TRUE,,,,,,,,,,,,,,,,,,,,,,,,,,,,,,,,,,,,,,,,,,,,,,,,83.5,,,,8.094,,,,,,,8.972,,,,,,,,,,,,,,,,,,,,,,,,,,,,,,,,1.40500000,103.70000000,434.1,,,,,,,,,,,,,,,,,,,,,,,,,,,,Mini 4 Pro,SYNHBTYP3DCN27ZMB,CAM6DGF46D3QRQAQB,RCSAK6RX8DFEXERNB,BATCE5VSLHKU2L2CH,,,,,,,,Mini 4 Pro,SYNHBTYP3DCN27ZMB,,,,DJI Fly,,1.13.5,606506D4-8CA6-50D1-AD4F-F7F7ED2A7646,,,,,,,,,,
1773845015,2m 35.0s,155.0,1.40405571,103.69919037,196.9,196.9,30.0,376.9,3020.0,17.895,17.895,-17.895,,0.000,,-0.000,,2.80,0.00,180.0,180.0,,P-GPS,,,18,4,TRUE,,Mini 4 Pro,,,,,,FALSE,TRUE,,,,,,,,,,,,,,,,,,,,,,,,,,,,,,,,,,,,,,,,,,,,,,,,83.4,,,,8.093,,,,,,,8.972,,,,,,,,,,,,,,,,,,,,,,,,,,,,,,,,1.40500000,103.70000000,453.7,,,,,,,,,,,,,,,,,,,,,,,,,,,,Mini 4 Pro,SYNHBTYP3DCN27ZMB,CAM6DGF46D3QRQAQB,RCSAK6RX8DFEXERNB,BATCE5VSLHKU2L2CH,,,,,,,,Mini 4 Pro,SYNHBTYP3DCN27ZMB,,,,DJI Fly,,1.13.5,606506D4-8CA6-50D1-AD4F-F7F7ED2A7646,,,,,,,,,,
1773845016,2m 36.0s,156.0,1.40398377,103.69919037,196.9,196.9,30.0,376.9,3046.2,17.895,17.895,-17.895,,0.000,,-0.000,,2.80,0.00,180.0,180.0,,P-GPS,,,18,4,TRUE,,Mini 4 Pro,,,,,,FALSE,TRUE,,,,,,,,,,,,,,,,,,,,,,,,,,,,,,,,,,,,,,,,,,,,,,,,83.4,,,,8.093,,,,,,,8.972,,,,,,,,,,,,,,,,,,,,,,,,,,,,,,,,1.40500000,103.70000000,474.0,,,,,,,,,,,,,,,,,,,,,,,,,,,,Mini 4 Pro,SYNHBTYP3DCN27ZMB,CAM6DGF46D3QRQAQB,RCSAK6RX8DFEXERNB,BATCE5VSLHKU2L2CH,,,,,,,,Mini 4 Pro,SYNHBTYP3DCN27ZMB,,,,DJI Fly,,1.13.5,606506D4-8CA6-50D1-AD4F-F7F7ED2A7646,,,,,,,,,,
1773845017,2m 37.0s,157.0,1.40391182,103.69919037,196.9,196.9,30.0,376.9,3072.5,17.895,17.895,-17.895,,0.000,,-0.000,,2.80,0.00,180.0,180.0,,P-GPS,,,18,4,TRUE,,Mini 4 Pro,,,,,,FALSE,TRUE,,,,,,,,,,,,,,,,,,,,,,,,,,,,,,,,,,,,,,,,,,,,,,,,83.4,,,,8.092,,,,,,,8.972,,,,,,,,,,,,,,,,,,,,,,,,,,,,,,,,1.40500000,103.70000000,494.8,,,,,,,,,,,,,,,,,,,,,,,,,,,,Mini 4 Pro,SYNHBTYP3DCN27ZMB,CAM6DGF46D3QRQAQB,RCSAK6RX8DFEXERNB,BATCE5VSLHKU2L2CH,,,,,,,,Mini 4 Pro,SYNHBTYP3DCN27ZMB,,,,DJI Fly,,1.13.5,606506D4-8CA6-50D1-AD4F-F7F7ED2A7646,,,,,,,,,,
1773845018,2m 38.0s,158.0,1.40383988,103.69919037,196.9,196.9,30.0,376.9,3098.7,17.895,17.895,-17.895,,0.000,,-0.000,,2.80,0.00,180.0,180.0,,P-GPS,,,18,4,TRUE,,Mini 4 Pro,,,,,,FALSE,TRUE,,,,,,,,,,,,,,,,,,,,,,,,,,,,,,,,,,,,,,,,,,,,,,,,83.4,,,,8.092,,,,,,,8.972,,,,,,,,,,,,,,,,,,,,,,,,,,,,,,,,1.40500000,103.70000000,516.1,,,,,,,,,,,,,,,,,,,,,,,,,,,,Mini 4 Pro,SYNHBTYP3DCN27ZMB,CAM6DGF46D3QRQAQB,RCSAK6RX8DFEXERNB,BATCE5VSLHKU2L2CH,,,,,,,,Mini 4 Pro,SYNHBTYP3DCN27ZMB,,,,DJI Fly,,1.13.5,606506D4-8CA6-50D1-AD4F-F7F7ED2A7646,,,,,,,,,,
1773845019,2m 39.0s,159.0,1.40376793,103.69919037,196.9,196.9,30.0,376.9,3125.0,17.895,17.895,-17.895,,0.000,,-0.000,,2.80,0.00,180.0,180.0,,P-GPS,,,18,4,TRUE,,Mini 4 Pro,,,,,,FALSE,TRUE,,,,,,,,,,,,,,,,,,,,,,,,,,,,,,,,,,,,,,,,,,,,,,,,83.3,,,,8.092,,,,,,,8.972,,,,,,,,,,,,,,,,,,,,,,,,,,,,,,,,1.40500000,103.70000000,537.8,,,,,,,,,,,,,,,,,,,,,,,,,,,,Mini 4 Pro,SYNHBTYP3DCN27ZMB,CAM6DGF46D3QRQAQB,RCSAK6RX8DFEXERNB,BATCE5VSLHKU2L2CH,,,,,,,,Mini 4 Pro,SYNHBTYP3DCN27ZMB,,,,DJI Fly,,1.13.5,606506D4-8CA6-50D1-AD4F-F7F7ED2A7646,,,,,,,,,,
1773845020,2m 40.0s,160.0,1.40369598,103.69919037,196.9,196.9,30.0,376.9,3151.2,17.895,17.895,-17.895,,0.000,,-0.000,,2.80,0.00,180.0,180.0,,P-GPS,,,18,4,TRUE,,Mini 4 Pro,,,,,,FALSE,TRUE,,,,,,,,,,,,,,,,,,,,,,,,,,,,,,,,,,,,,,,,,,,,,,,,83.3,,,,8.091,,,,,,,8.972,,,,,,,,,,,,,,,,,,,,,,,,,,,,,,,,1.40500000,103.70000000,559.9,,,,,,,,,,,,,,,,,,,,,,,,,,,,Mini 4 Pro,SYNHBTYP3DCN27ZMB,CAM6DGF46D3QRQAQB,RCSAK6RX8DFEXERNB,BATCE5VSLHKU2L2CH,,,,,,,,Mini 4 Pro,SYNHBTYP3DCN27ZMB,,,,DJI Fly,,1.13.5,606506D4-8CA6-50D1-AD4F-F7F7ED2A7646,,,,,,,,,,
1773845021,2m 41.0s,161.0,1.40362404,103.69919037,196.9,196.9,30.0,376.9,3177.5,17.895,17.895,-17.895,,0.000,,-0.000,,2.80,0.00,180.0,180.0,,P-GPS,,,18,4,TRUE,,Mini 4 Pro,,,,,,FALSE,TRUE,,,,,,,,,,,,,,,,,,,,,,,,,,,,,,,,,,,,,,,,,,,,,,,,83.3,,,,8.091,,,,,,,8.972,,,,,,,,,,,,,,,,,,,,,,,,,,,,,,,,1.40500000,103.70000000,582.4,,,,,,,,,,,,,,,,,,,,,,,,,,,,Mini 4 Pro,SYNHBTYP3DCN27ZMB,CAM6DGF46D3QRQAQB,RCSAK6RX8DFEXERNB,BATCE5VSLHKU2L2CH,,,,,,,,Mini 4 Pro,SYNHBTYP3DCN27ZMB,,,,DJI Fly,,1.13.5,606506D4-8CA6-50D1-AD4F-F7F7ED2A7646,,,,,,,,,,
1773845022,2m 42.0s,162.0,1.40355209,103.69919037,196.9,196.9,30.0,376.9,3203.7,17.895,17.895,-17.895,,0.000,,-0.000,,2.80,0.00,180.0,180.0,,P-GPS,,,18,4,TRUE,,Mini 4 Pro,,,,,,FALSE,TRUE,,,,,,,,,,,,,,,,,,,,,,,,,,,,,,,,,,,,,,,,,,,,,,,,83.2,,,,8.090,,,,,,,8.972,,,,,,,,,,,,,,,,,,,,,,,,,,,,,,,,1.40500000,103.70000000,605.1,,,,,,,,,,,,,,,,,,,,,,,,,,,,Mini 4 Pro,SYNHBTYP3DCN27ZMB,CAM6DGF46D3QRQAQB,RCSAK6RX8DFEXERNB,BATCE5VSLHKU2L2CH,,,,,,,,Mini 4 Pro,SYNHBTYP3DCN27ZMB,,,,DJI Fly,,1.13.5,606506D4-8CA6-50D1-AD4F-F7F7ED2A7646,,,,,,,,,,
1773845023,2m 43.0s,163.0,1.40348015,103.69919037,196.9,196.9,30.0,376.9,3229.9,17.895,17.895,-17.895,,0.000,,-0.000,,2.80,0.00,180.0,180.0,,P-GPS,,,18,4,TRUE,,Mini 4 Pro,,,,,,FALSE,TRUE,,,,,,,,,,,,,,,,,,,,,,,,,,,,,,,,,,,,,,,,,,,,,,,,83.2,,,,8.090,,,,,,,8.972,,,,,,,,,,,,,,,,,,,,,,,,,,,,,,,,1.40500000,103.70000000,628.2,,,,,,,,,,,,,,,,,,,,,,,,,,,,Mini 4 Pro,SYNHBTYP3DCN27ZMB,CAM6DGF46D3QRQAQB,RCSAK6RX8DFEXERNB,BATCE5VSLHKU2L2CH,,,,,,,,Mini 4 Pro,SYNHBTYP3DCN27ZMB,,,,DJI Fly,,1.13.5,606506D4-8CA6-50D1-AD4F-F7F7ED2A7646,,,,,,,,,,
1773845024,2m 44.0s,164.0,1.40342619,103.69919037,196.9,196.9,30.0,376.9,3249.6,13.422,17.895,-13.422,,0.000,,-0.000,,2.10,0.00,180.0,180.0,,P-GPS,,,18,4,TRUE,,Mini 4 Pro,,,,,,FALSE,TRUE,,,,,,,,,,,,,,,,,,,,,,,,,,,,,,,,,,,,,,,,,,,,,,,,83.2,,,,8.089,,,,,,,7.872,,,,,,,,,,,,,,,,,,,,,,,,,,,,,,,,1.40500000,103.70000000,645.6,,,,,,,,,,,,,,,,,,,,,,,,,,,,Mini 4 Pro,SYNHBTYP3DCN27ZMB,CAM6DGF46D3QRQAQB,RCSAK6RX8DFEXERNB,BATCE5VSLHKU2L2CH,,,,,,,,Mini 4 Pro,SYNHBTYP3DCN27ZMB,,,,DJI Fly,,1.13.5,606506D4-8CA6-50D1-AD4F-F7F7ED2A7646,,,,,,,,,,
1773845025,2m 45.0s,165.0,1.40342619,103.69919037,196.9,196.9,30.0,376.9,3249.6,0.000,17.895,0.000,,0.000,,-0.000,,0.00,0.00,180.0,180.0,,P-GPS,,,18,4,TRUE,,Mini 4 Pro,,,,,,FALSE,TRUE,,,,,,,,,,,,,,,,,,,,,,,,,,,,,,,,,,,,,,,,,,,,,,,,83.1,,,,8.089,,,,,,,4.572,,,,,,,,,,,,,,,,,,,,,,,,,,,,,,,,1.40500000,103.70000000,645.6,,,,,,,,,,,,,,,,,,,,,,,,,,,,Mini 4 Pro,SYNHBTYP3DCN27ZMB,CAM6DGF46D3QRQAQB,RCSAK6RX8DFEXERNB,BATCE5VSLHKU2L2CH,,,,,,,,Mini 4 Pro,SYNHBTYP3DCN27ZMB,,,,DJI Fly,,1.13.5,606506D4-8CA6-50D1-AD4F-F7F7ED2A7646,,,,,,,,,,
1773845026,2m 46.0s,166.0,1.40342619,103.69924434,196.9,196.9,30.0,376.9,3269.3,13.422,17.895,0.000,,13.422,,-0.000,,2.10,-25.00,90.0,90.0,,P-GPS,,,18,4,TRUE,,Mini 4 Pro,,,,,,FALSE,TRUE,,,,,,,,,,,,,,,,,,,,,,,,,,,,,,,,,,,,,,,,,,,,,,,,83.1,,,,8.088,,,,,,,7.872,,,,,,,,,,,,,,,,,,,,,,,,,,,,,,,,1.40500000,103.70000000,636.9,,,,,,,,,,,,,,,,,,,,,,,,,,,,Mini 4 Pro,SYNHBTYP3DCN27ZMB,CAM6DGF46D3QRQAQB,RCSAK6RX8DFEXERNB,BATCE5VSLHKU2L2CH,,,,,,,,Mini 4 Pro,SYNHBTYP3DCN27ZMB,,,,DJI Fly,,1.13.5,606506D4-8CA6-50D1-AD4F-F7F7ED2A7646,,,,,,,,,,
1773845027,2m 47.0s,167.0,1.40342619,103.69929832,196.9,196.9,30.0,376.9,3289.0,13.422,17.895,0.000,,13.422,,-0.000,,2.10,0.00,90.0,90.0,,P-GPS,,,18,4,TRUE,,Mini 4 Pro,,,,,,FALSE,TRUE,,,,,,,,,,,,,,,,,,,,,,,,,,,,,,,,,,,,,,,,,,,,,,,,83.1,,,,8.088,,,,,,,7.872,,,,,,,,,,,,,,,,,,,,,,,,,,,,,,,,1.40500000,103.70000000,628.6,,,,,,,,,,,,,,,,,,,,,,,,,,,,Mini 4 Pro,SYNHBTYP3DCN27ZMB,CAM6DGF46D3QRQAQB,RCSAK6RX8DFEXERNB,BATCE5VSLHKU2L2CH,,,,,,,,Mini 4 Pro,SYNHBTYP3DCN27ZMB,,,,DJI Fly,,1.13.5,606506D4-8CA6-50D1-AD4F-F7F7ED2A7646,,,,,,,,,,
1773845028,2m 48.0s,168.0,1.40342619,103.69935229,196.9,196.9,30.0,376.9,3308.7,13.422,17.895,0.000,,13.422,,-0.000,,2.10,0.00,90.0,90.0,,P-GPS,,,18,4,TRUE,,Mini 4 Pro,,,,,,FALSE,TRUE,,,,,,,,,,,,,,,,,,,,,,,,,,,,,,,,,,,,,,,,,,,,,,,,83.1,,,,8.087,,,,,,,7.872,,,,,,,,,,,,,,,,,,,,,,,,,,,,,,,,1.40500000,103.70000000,620.8,,,,,,,,,,,,,,,,,,,,,,,,,,,,Mini 4 Pro,SYNHBTYP3DCN27ZMB,CAM6DGF46D3QRQAQB,RCSAK6RX8DFEXERNB,BATCE5VSLHKU2L2CH,,,,,,,,Mini 4 Pro,SYNHBTYP3DCN27ZMB,,,,DJI Fly,,1.13.5,606506D4-8CA6-50D1-AD4F-F7F7ED2A7646,,,,,,,,,,
1773845029,2m 49.0s,169.0,1.40342619,103.69940627,196.9,196.9,30.0,376.9,3328.4,13.422,17.895,0.000,,13.422,,-0.000,,2.10,0.00,90.0,90.0,,P-GPS,,,18,4,TRUE,,Mini 4 Pro,,,,,,FALSE,TRUE,,,,,,,,,,,,,,,,,,,,,,,,,,,,,,,,,,,,,,,,,,,,,,,,83.0,,,,8.087,,,,,,,7.872,,,,,,,,,,,,,,,,,,,,,,,,,,,,,,,,1.40500000,103.70000000,613.6,,,,,,,,,,,,,,,,,,,,,,,,,,,,Mini 4 Pro,SYNHBTYP3DCN27ZMB,CAM6DGF46D3QRQAQB,RCSAK6RX8DFEXERNB,BATCE5VSLHKU2L2CH,,,,,,,,Mini 4 Pro,SYNHBTYP3DCN27ZMB,,,,DJI Fly,,1.13.5,606506D4-8CA6-50D1-AD4F-F7F7ED2A7646,,,,,,,,,,
1773845030,2m 50.0s,170.0,1.40342619,103.69946024,196.9,196.9,30.0,376.9,3348.1,13.422,17.895,0.000,,13.422,,-0.000,,2.10,0.00,90.0,90.0,,P-GPS,,,18,4,TRUE,,Mini 4 Pro,,,,,,FALSE,TRUE,,,,,,,,,,,,,,,,,,,,,,,,,,,,,,,,,,,,,,,,,,,,,,,,83.0,,,,8.086,,,,,,,7.872,,,,,,,,,,,,,,,,,,,,,,,,,,,,,,,,1.40500000,103.70000000,607.0,,,,,,,,,,,,,,,,,,,,,,,,,,,,Mini 4 Pro,SYNHBTYP3DCN27ZMB,CAM6DGF46D3QRQAQB,RCSAK6RX8DFEXERNB,BATCE5VSLHKU2L2CH,,,,,,,,Mini 4 Pro,SYNHBTYP3DCN27ZMB,,,,DJI Fly,,1.13.5,606506D4-8CA6-50D1-AD4F-F7F7ED2A7646,,,,,,,,,,
1773845031,2m 51.0s,171.0,1.40342619,103.69951422,196.9,196.9,30.0,376.9,3367.7,13.422,17.895,0.000,,13.422,,-0.000,,2.10,0.00,90.0,90.0,,P-GPS,,,18,4,TRUE,,Mini 4 Pro,,,,,,FALSE,TRUE,,,,,,,,,,,,,,,,,,,,,,,,,,,,,,,,,,,,,,,,,,,,,,,,83.0,,,,8.086,,,,,,,7.872,,,,,,,,,,,,,,,,,,,,,,,,,,,,,,,,1.40500000,103.70000000,600.9,,,,,,,,,,,,,,,,,,,,,,,,,,,,Mini 4 Pro,SYNHBTYP3DCN27ZMB,CAM6DGF46D3QRQAQB,RCSAK6RX8DFEXERNB,BATCE5VSLHKU2L2CH,,,,,,,,Mini 4 Pro,SYNHBTYP3DCN27ZMB,,,,DJI Fly,,1.13.5,606506D4-8CA6-50D1-AD4F-F7F7ED2A7646,,,,,,,,,,
1773845032,2m 52.0s,172.0,1.40342619,103.69956820,196.9,196.9,30.0,376.9,3387.4,13.422,17.895,0.000,,13.422,,-0.000,,2.10,0.00,90.0,90.0,,P-GPS,,,18,4,TRUE,,Mini 4 Pro,,,,,,FALSE,TRUE,,,,,,,,,,,,,,,,,,,,,,,,,,,,,,,,,,,,,,,,,,,,,,,,82.9,,,,8.086,,,,,,,7.872,,,,,,,,,,,,,,,,,,,,,,,,,,,,,,,,1.40500000,103.70000000,595.4,,,,,,,,,,,,,,,,,,,,,,,,,,,,Mini 4 Pro,SYNHBTYP3DCN27ZMB,CAM6DGF46D3QRQAQB,RCSAK6RX8DFEXERNB,BATCE5VSLHKU2L2CH,,,,,,,,Mini 4 Pro,SYNHBTYP3DCN27ZMB,,,,DJI Fly,,1.13.5,606506D4-8CA6-50D1-AD4F-F7F7ED2A7646,,,,,,,,,,
1773845033,2m 53.0s,173.0,1.40342619,103.69962217,196.9,196.9,30.0,376.9,3407.1,13.422,17.895,0.000,,13.422,,-0.000,,2.10,0.00,90.0,90.0,,P-GPS,,,18,4,TRUE,,Mini 4 Pro,,,,,,FALSE,TRUE,,,,,,,,,,,,,,,,,,,,,,,,,,,,,,,,,,,,,,,,,,,,,,,,82.9,,,,8.085,,,,,,,7.872,,,,,,,,,,,,,,,,,,,,,,,,,,,,,,,,1.40500000,103.70000000,590.5,,,,,,,,,,,,,,,,,,,,,,,,,,,,Mini 4 Pro,SYNHBTYP3DCN27ZMB,CAM6DGF46D3QRQAQB,RCSAK6RX8DFEXERNB,BATCE5VSLHKU2L2CH,,,,,,,,Mini 4 Pro,SYNHBTYP3DCN27ZMB,,,,DJI Fly,,1.13.5,606506D4-8CA6-50D1-AD4F-F7F7ED2A7646,,,,,,,,,,
1773845034,2m 54.0s,174.0,1.40342619,103.69967615,196.9,196.9,30.0,376.9,3426.8,13.422,17.895,0.000,,13.422,,-0.000,,2.10,0.00,90.0,90.0,,P-GPS,,,18,4,TRUE,,Mini 4 Pro,,,,,,FALSE,TRUE,,,,,,,,,,,,,,,,,,,,,,,,,,,,,,,,,,,,,,,,,,,,,,,,82.9,,,,8.085,,,,,,,7.872,,,,,,,,,,,,,,,,,,,,,,,,,,,,,,,,1.40500000,103.70000000,586.2,,,,,,,,,,,,,,,,,,,,,,,,,,,,Mini 4 Pro,SYNHBTYP3DCN27ZMB,CAM6DGF46D3QRQAQB,RCSAK6RX8DFEXERNB,BATCE5VSLHKU2L2CH,,,,,,,,Mini 4 Pro,SYNHBTYP3DCN27ZMB,,,,DJI Fly,,1.13.5,606506D4-8CA6-50D1-AD4F-F7F7ED2A7646,,,,,,,,,,
1773845035,2m 55.0s,175.0,1.40342619,103.69973012,196.9,196.9,30.0,376.9,3446.5,13.422,17.895,0.000,,13.422,,-0.000,,2.10,0.00,90.0,90.0,,P-GPS,,,18,4,TRUE,,Mini 4 Pro,,,,,,FALSE,TRUE,,,,,,,,,,,,,,,,,,,,,,,,,,,,,,,,,,,,,,,,,,,,,,,,82.9,,,,8.084,,,,,,,7.872,,,,,,,,,,,,,,,,,,,,,,,,,,,,,,,,1.40500000,103.70000000,582.5,,,,,,,,,,,,,,,,,,,,,,,,,,,,Mini 4 Pro,SYNHBTYP3DCN27ZMB,CAM6DGF46D3QRQAQB,RCSAK6RX8DFEXERNB,BATCE5VSLHKU2L2CH,,,,,,,,Mini 4 Pro,SYNHBTYP3DCN27ZMB,,,,DJI Fly,,1.13.5,606506D4-8CA6-50D1-AD4F-F7F7ED2A7646,,,,,,,,,,
1773845036,2m 56.0s,176.0,1.40349813,103.69973012,196.9,196.9,30.0,376.9,3472.7,17.895,17.895,17.895,,0.000,,-0.000,,2.80,-25.00,0.0,0.0,,P-GPS,,,18,4,TRUE,,Mini 4 Pro,,,,,,FALSE,TRUE,,,,,,,,,,,,,,,,,,,,,,,,,,,,,,,,,,,,,,,,,,,,,,,,82.8,,,,8.084,,,,,,,8.972,,,,,,,,,,,,,,,,,,,,,,,,,,,,,,,,1.40500000,103.70000000,556.7,,,,,,,,,,,,,,,,,,,,,,,,,,,,Mini 4 Pro,SYNHBTYP3DCN27ZMB,CAM6DGF46D3QRQAQB,RCSAK6RX8DFEXERNB,BATCE5VSLHKU2L2CH,,,,,,,,Mini 4 Pro,SYNHBTYP3DCN27ZMB,,,,DJI Fly,,1.13.5,606506D4-8CA6-50D1-AD4F-F7F7ED2A7646,,,,,,,,,,
1773845037,2m 57.0s,177.0,1.40357008,103.69973012,196.9,196.9,30.0,376.9,3499.0,17.895,17.895,17.895,,0.000,,-0.000,,2.80,0.00,0.0,0.0,,P-GPS,,,18,4,TRUE,,Mini 4 Pro,,,,,,FALSE,TRUE,,,,,,,,,,,,,,,,,,,,,,,,,,,,,,,,,,,,,,,,,,,,,,,,82.8,,,,8.083,,,,,,,8.972,,,,,,,,,,,,,,,,,,,,,,,,,,,,,,,,1.40500000,103.70000000,530.9,,,,,,,,,,,,,,,,,,,,,,,,,,,,Mini 4 Pro,SYNHBTYP3DCN27ZMB,CAM6DGF46D3QRQAQB,RCSAK6RX8DFEXERNB,BATCE5VSLHKU2L2CH,,,,,,,,Mini 4 Pro,SYNHBTYP3DCN27ZMB,,,,DJI Fly,,1.13.5,606506D4-8CA6-50D1-AD4F-F7F7ED2A7646,,,,,,,,,,
1773845038,2m 58.0s,178.0,1.40364202,103.69973012,196.9,196.9,30.0,376.9,3525.2,17.895,17.895,17.895,,0.000,,-0.000,,2.80,0.00,0.0,0.0,,P-GPS,,,18,4,TRUE,,Mini 4 Pro,,,,,,FALSE,TRUE,,,,,,,,,,,,,,,,,,,,,,,,,,,,,,,,,,,,,,,,,,,,,,,,82.8,,,,8.083,,,,,,,8.972,,,,,,,,,,,,,,,,,,,,,,,,,,,,,,,,1.40500000,103.70000000,505.1,,,,,,,,,,,,,,,,,,,,,,,,,,,,Mini 4 Pro,SYNHBTYP3DCN27ZMB,CAM6DGF46D3QRQAQB,RCSAK6RX8DFEXERNB,BATCE5VSLHKU2L2CH,,,,,,,,Mini 4 Pro,SYNHBTYP3DCN27ZMB,,,,DJI Fly,,1.13.5,606506D4-8CA6-50D1-AD4F-F7F7ED2A7646,,,,,,,,,,
1773845039,2m 59.0s,179.0,1.40371397,103.69973012,196.9,196.9,30.0,376.9,3551.5,17.895,17.895,17.895,,0.000,,-0.000,,2.80,0.00,0.0,0.0,,P-GPS,,,18,4,TRUE,,Mini 4 Pro,,,,,,FALSE,TRUE,,,,,,,,,,,,,,,,,,,,,,,,,,,,,,,,,,,,,,,,,,,,,,,,82.7,,,,8.082,,,,,,,8.972,,,,,,,,,,,,,,,,,,,,,,,,,,,,,,,,1.40500000,103.70000000,479.4,,,,,,,,,,,,,,,,,,,,,,,,,,,,Mini 4 Pro,SYNHBTYP3DCN27ZMB,CAM6DGF46D3QRQAQB,RCSAK6RX8DFEXERNB,BATCE5VSLHKU2L2CH,,,,,,,,Mini 4 Pro,SYNHBTYP3DCN27ZMB,,,,DJI Fly,,1.13.5,606506D4-8CA6-50D1-AD4F-F7F7ED2A7646,,,,,,,,,,
1773845040,3m 0.0s,180.0,1.40378592,103.69973012,196.9,196.9,30.0,376.9,3577.7,17.895,17.895,17.895,,0.000,,-0.000,,2.80,0.00,0.0,0.0,,P-GPS,,,18,4,TRUE,,Mini 4 Pro,,,,,,FALSE,TRUE,,,,,,,,,,,,,,,,,,,,,,,,,,,,,,,,,,,,,,,,,,,,,,,,82.7,,,,8.082,,,,,,,8.972,,,,,,,,,,,,,,,,,,,,,,,,,,,,,,,,1.40500000,103.70000000,453.7,,,,,,,,,,,,,,,,,,,,,,,,,,,,Mini 4 Pro,SYNHBTYP3DCN27ZMB,CAM6DGF46D3QRQAQB,RCSAK6RX8DFEXERNB,BATCE5VSLHKU2L2CH,,,,,,,,Mini 4 Pro,SYNHBTYP3DCN27ZMB,,,,DJI Fly,,1.13.5,606506D4-8CA6-50D1-AD4F-F7F7ED2A7646,,,,,,,,,,
1773845041,3m 1.0s,181.0,1.40385786,103.69973012,196.9,196.9,30.0,376.9,3604.0,17.895,17.895,17.895,,0.000,,-0.000,,2.80,0.00,0.0,0.0,,P-GPS,,,18,4,TRUE,,Mini 4 Pro,,,,,,FALSE,TRUE,,,,,,,,,,,,,,,,,,,,,,,,,,,,,,,,,,,,,,,,,,,,,,,,82.7,,,,8.081,,,,,,,8.972,,,,,,,,,,,,,,,,,,,,,,,,,,,,,,,,1.40500000,103.70000000,428.1,,,,,,,,,,,,,,,,,,,,,,,,,,,,Mini 4 Pro,SYNHBTYP3DCN27ZMB,CAM6DGF46D3QRQAQB,RCSAK6RX8DFEXERNB,BATCE5VSLHKU2L2CH,,,,,,,,Mini 4 Pro,SYNHBTYP3DCN27ZMB,,,,DJI Fly,,1.13.5,606506D4-8CA6-50D1-AD4F-F7F7ED2A7646,,,,,,,,,,
1773845042,3m 2.0s,182.0,1.40392981,103.69973012,196.9,196.9,30.0,376.9,3630.2,17.895,17.895,17.895,,0.000,,-0.000,,2.80,0.00,0.0,0.0,,P-GPS,,,18,4,TRUE,,Mini 4 Pro,,,,,,FALSE,TRUE,,,,,,,,,,,,,,,,,,,,,,,,,,,,,,,,,,,,,,,,,,,,,,,,82.6,,,,8.081,,,,,,,8.972,,,,,,,,,,,,,,,,,,,,,,,,,,,,,,,,1.40500000,103.70000000,402.6,,,,,,,,,,,,,,,,,,,,,,,,,,,,Mini 4 Pro,SYNHBTYP3DCN27ZMB,CAM6DGF46D3QRQAQB,RCSAK6RX8DFEXERNB,BATCE5VSLHKU2L2CH,,,,,,,,Mini 4 Pro,SYNHBTYP3DCN27ZMB,,,,DJI Fly,,1.13.5,606506D4-8CA6-50D1-AD4F-F7F7ED2A7646,,,,,,,,,,
1773845043,3m 3.0s,183.0,1.40400175,103.69973012,196.9,196.9,30.0,376.9,3656.5,17.895,17.895,17.895,,0.000,,-0.000,,2.80,0.00,0.0,0.0,,P-GPS,,,18,4,TRUE,,Mini 4 Pro,,,,,,FALSE,TRUE,,,,,,,,,,,,,,,,,,,,,,,,,,,,,,,,,,,,,,,,,,,,,,,,82.6,,,,8.081,,,,,,,8.972,,,,,,,,,,,,,,,,,,,,,,,,,,,,,,,,1.40500000,103.70000000,377.2,,,,,,,,,,,,,,,,,,,,,,,,,,,,Mini 4 Pro,SYNHBTYP3DCN27ZMB,CAM6DGF46D3QRQAQB,RCSAK6RX8DFEXERNB,BATCE5VSLHKU2L2CH,,,,,,,,Mini 4 Pro,SYNHBTYP3DCN27ZMB,,,,DJI Fly,,1.13.5,606506D4-8CA6-50D1-AD4F-F7F7ED2A7646,,,,,,,,,,
1773845044,3m 4.0s,184.0,1.40407370,103.69973012,196.9,196.9,30.0,376.9,3682.7,17.895,17.895,17.895,,0.000,,-0.000,,2.80,0.00,0.0,0.0,,P-GPS,,,18,4,TRUE,,Mini 4 Pro,,,,,,FALSE,TRUE,,,,,,,,,,,,,,,,,,,,,,,,,,,,,,,,,,,,,,,,,,,,,,,,82.6,,,,8.080,,,,,,,8.972,,,,,,,,,,,,,,,,,,,,,,,,,,,,,,,,1.40500000,103.70000000,352.0,,,,,,,,,,,,,,,,,,,,,,,,,,,,Mini 4 Pro,SYNHBTYP3DCN27ZMB,CAM6DGF46D3QRQAQB,RCSAK6RX8DFEXERNB,BATCE5VSLHKU2L2CH,,,,,,,,Mini 4 Pro,SYNHBTYP3DCN27ZMB,,,,DJI Fly,,1.13.5,606506D4-8CA6-50D1-AD4F-F7F7ED2A7646,,,,,,,,,,
1773845045,3m 5.0s,185.0,1.40414564,103.69973012,196.9,196.9,30.0,376.9,3709.0,17.895,17.895,17.895,,0.000,,-0.000,,2.80,0.00,0.0,0.0,,P-GPS,,,18,4,TRUE,,Mini 4 Pro,,,,,,FALSE,TRUE,,,,,,,,,,,,,,,,,,,,,,,,,,,,,,,,,,,,,,,,,,,,,,,,82.6,,,,8.080,,,,,,,8.972,,,,,,,,,,,,,,,,,,,,,,,,,,,,,,,,1.40500000,103.70000000,326.9,,,,,,,,,,,,,,,,,,,,,,,,,,,,Mini 4 Pro,SYNHBTYP3DCN27ZMB,CAM6DGF46D3QRQAQB,RCSAK6RX8DFEXERNB,BATCE5VSLHKU2L2CH,,,,,,,,Mini 4 Pro,SYNHBTYP3DCN27ZMB,,,,DJI Fly,,1.13.5,606506D4-8CA6-50D1-AD4F-F7F7ED2A7646,,,,,,,,,,
1773845046,3m 6.0s,186.0,1.40421759,103.69973012,196.9,196.9,30.0,376.9,3735.2,17.895,17.895,17.895,,0.000,,-0.000,,2.80,0.00,0.0,0.0,,P-GPS,,,18,4,TRUE,,Mini 4 Pro,,,,,,FALSE,TRUE,,,,,,,,,,,,,,,,,,,,,,,,,,,,,,,,,,,,,,,,,,,,,,,,82.5,,,,8.079,,,,,,,8.972,,,,,,,,,,,,,,,,,,,,,,,,,,,,,,,,1.40500000,103.70000000,301.9,,,,,,,,,,,,,,,,,,,,,,,,,,,,Mini 4 Pro,SYNHBTYP3DCN27ZMB,CAM6DGF46D3QRQAQB,RCSAK6RX8DFEXERNB,BATCE5VSLHKU2L2CH,,,,,,,,Mini 4 Pro,SYNHBTYP3DCN27ZMB,,,,DJI Fly,,1.13.5,606506D4-8CA6-50D1-AD4F-F7F7ED2A7646,,,,,,,,,,
1773845047,3m 7.0s,187.0,1.40428954,103.69973012,196.9,196.9,30.0,376.9,3761.4,17.895,17.895,17.895,,0.000,,-0.000,,2.80,0.00,0.0,0.0,,P-GPS,,,18,4,TRUE,,Mini 4 Pro,,,,,,FALSE,TRUE,,,,,,,,,,,,,,,,,,,,,,,,,,,,,,,,,,,,,,,,,,,,,,,,82.5,,,,8.079,,,,,,,8.972,,,,,,,,,,,,,,,,,,,,,,,,,,,,,,,,1.40500000,103.70000000,277.2,,,,,,,,,,,,,,,,,,,,,,,,,,,,Mini 4 Pro,SYNHBTYP3DCN27ZMB,CAM6DGF46D3QRQAQB,RCSAK6RX8DFEXERNB,BATCE5VSLHKU2L2CH,,,,,,,,Mini 4 Pro,SYNHBTYP3DCN27ZMB,,,,DJI Fly,,1.13.5,606506D4-8CA6-50D1-AD4F-F7F7ED2A7646,,,,,,,,,,
1773845048,3m 8.0s,188.0,1.40436148,103.69973012,196.9,196.9,30.0,376.9,3787.7,17.895,17.895,17.895,,0.000,,-0.000,,2.80,0.00,0.0,0.0,,P-GPS,,,18,4,TRUE,,Mini 4 Pro,,,,,,FALSE,TRUE,,,,,,,,,,,,,,,,,,,,,,,,,,,,,,,,,,,,,,,,,,,,,,,,82.5,,,,8.078,,,,,,,8.972,,,,,,,,,,,,,,,,,,,,,,,,,,,,,,,,1.40500000,103.70000000,252.9,,,,,,,,,,,,,,,,,,,,,,,,,,,,Mini 4 Pro,SYNHBTYP3DCN27ZMB,CAM6DGF46D3QRQAQB,RCSAK6RX8DFEXERNB,BATCE5VSLHKU2L2CH,,,,,,,,Mini 4 Pro,SYNHBTYP3DCN27ZMB,,,,DJI Fly,,1.13.5,606506D4-8CA6-50D1-AD4F-F7F7ED2A7646,,,,,,,,,,
1773845049,3m 9.0s,189.0,1.40443343,103.69973012,196.9,196.9,30.0,376.9,3813.9,17.895,17.895,17.895,,0.000,,-0.000,,2.80,0.00,0.0,0.0,,P-GPS,,,18,4,TRUE,,Mini 4 Pro,,,,,,FALSE,TRUE,,,,,,,,,,,,,,,,,,,,,,,,,,,,,,,,,,,,,,,,,,,,,,,,82.4,,,,8.078,,,,,,,8.972,,,,,,,,,,,,,,,,,,,,,,,,,,,,,,,,1.40500000,103.70000000,228.9,,,,,,,,,,,,,,,,,,,,,,,,,,,,Mini 4 Pro,SYNHBTYP3DCN27ZMB,CAM6DGF46D3QRQAQB,RCSAK6RX8DFEXERNB,BATCE5VSLHKU2L2CH,,,,,,,,Mini 4 Pro,SYNHBTYP3DCN27ZMB,,,,DJI Fly,,1.13.5,606506D4-8CA6-50D1-AD4F-F7F7ED2A7646,,,,,,,,,,
1773845050,3m 10.0s,190.0,1.40450537,103.69973012,196.9,196.9,30.0,376.9,3840.2,17.895,17.895,17.895,,0.000,,-0.000,,2.80,0.00,0.0,0.0,,P-GPS,,,18,4,TRUE,,Mini 4 Pro,,,,,,FALSE,TRUE,,,,,,,,,,,,,,,,,,,,,,,,,,,,,,,,,,,,,,,,,,,,,,,,82.4,,,,8.077,,,,,,,8.972,,,,,,,,,,,,,,,,,,,,,,,,,,,,,,,,1.40500000,103.70000000,205.5,,,,,,,,,,,,,,,,,,,,,,,,,,,,Mini 4 Pro,SYNHBTYP3DCN27ZMB,CAM6DGF46D3QRQAQB,RCSAK6RX8DFEXERNB,BATCE5VSLHKU2L2CH,,,,,,,,Mini 4 Pro,SYNHBTYP3DCN27ZMB,,,,DJI Fly,,1.13.5,606506D4-8CA6-50D1-AD4F-F7F7ED2A7646,,,,,,,,,,
1773845051,3m 11.0s,191.0,1.40457732,103.69973012,196.9,196.9,30.0,376.9,3866.4,17.895,17.895,17.895,,0.000,,-0.000,,2.80,0.00,0.0,0.0,,P-GPS,,,18,4,TRUE,,Mini 4 Pro,,,,,,FALSE,TRUE,,,,,,,,,,,,,,,,,,,,,,,,,,,,,,,,,,,,,,,,,,,,,,,,82.4,,,,8.077,,,,,,,8.972,,,,,,,,,,,,,,,,,,,,,,,,,,,,,,,,1.40500000,103.70000000,182.9,,,,,,,,,,,,,,,,,,,,,,,,,,,,Mini 4 Pro,SYNHBTYP3DCN27ZMB,CAM6DGF46D3QRQAQB,RCSAK6RX8DFEXERNB,BATCE5VSLHKU2L2CH,,,,,,,,Mini 4 Pro,SYNHBTYP3DCN27ZMB,,,,DJI Fly,,1.13.5,606506D4-8CA6-50D1-AD4F-F7F7ED2A7646,,,,,,,,,,
1773845052,3m 12.0s,192.0,1.40464926,103.69973012,196.9,196.9,30.0,376.9,3892.7,17.895,17.895,17.895,,0.000,,-0.000,,2.80,0.00,0.0,0.0,,P-GPS,,,18,4,TRUE,,Mini 4 Pro,,,,,,FALSE,TRUE,,,,,,,,,,,,,,,,,,,,,,,,,,,,,,,,,,,,,,,,,,,,,,,,82.4,,,,8.076,,,,,,,8.972,,,,,,,,,,,,,,,,,,,,,,,,,,,,,,,,1.40500000,103.70000000,161.4,,,,,,,,,,,,,,,,,,,,,,,,,,,,Mini 4 Pro,SYNHBTYP3DCN27ZMB,CAM6DGF46D3QRQAQB,RCSAK6RX8DFEXERNB,BATCE5VSLHKU2L2CH,,,,,,,,Mini 4 Pro,SYNHBTYP3DCN27ZMB,,,,DJI Fly,,1.13.5,606506D4-8CA6-50D1-AD4F-F7F7ED2A7646,,,,,,,,,,
1773845053,3m 13.0s,193.0,1.40472121,103.69973012,196.9,196.9,30.0,376.9,3918.9,17.895,17.895,17.895,,0.000,,-0.000,,2.80,0.00,0.0,0.0,,P-GPS,,,18,4,TRUE,,Mini 4 Pro,,,,,,FALSE,TRUE,,,,,,,,,,,,,,,,,,,,,,,,,,,,,,,,,,,,,,,,,,,,,,,,82.3,,,,8.076,,,,,,,8.972,,,,,,,,,,,,,,,,,,,,,,,,,,,,,,,,1.40500000,103.70000000,141.5,,,,,,,,,,,,,,,,,,,,,,,,,,,,Mini 4 Pro,SYNHBTYP3DCN27ZMB,CAM6DGF46D3QRQAQB,RCSAK6RX8DFEXERNB,BATCE5VSLHKU2L2CH,,,,,,,,Mini 4 Pro,SYNHBTYP3DCN27ZMB,,,,DJI Fly,,1.13.5,606506D4-8CA6-50D1-AD4F-F7F7ED2A7646,,,,,,,,,,
1773845054,3m 14.0s,194.0,1.40479316,103.69973012,196.9,196.9,30.0,376.9,3945.2,17.895,17.895,17.895,,0.000,,-0.000,,2.80,0.00,0.0,0.0,,P-GPS,,,18,4,TRUE,,Mini 4 Pro,,,,,,FALSE,TRUE,,,,,,,,,,,,,,,,,,,,,,,,,,,,,,,,,,,,,,,,,,,,,,,,82.3,,,,8.076,,,,,,,8.972,,,,,,,,,,,,,,,,,,,,,,,,,,,,,,,,1.40500000,103.70000000,124.0,,,,,,,,,,,,,,,,,,,,,,,,,,,,Mini 4 Pro,SYNHBTYP3DCN27ZMB,CAM6DGF46D3QRQAQB,RCSAK6RX8DFEXERNB,BATCE5VSLHKU2L2CH,,,,,,,,Mini 4 Pro,SYNHBTYP3DCN27ZMB,,,,DJI Fly,,1.13.5,606506D4-8CA6-50D1-AD4F-F7F7ED2A7646,,,,,,,,,,
1773845055,3m 15.0s,195.0,1.40486510,103.69973012,196.9,196.9,30.0,376.9,3971.4,17.895,17.895,17.895,,0.000,,-0.000,,2.80,0.00,0.0,0.0,,P-GPS,,,18,4,TRUE,,Mini 4 Pro,,,,,,FALSE,TRUE,,,,,,,,,,,,,,,,,,,,,,,,,,,,,,,,,,,,,,,,,,,,,,,,82.3,,,,8.075,,,,,,,8.972,,,,,,,,,,,,,,,,,,,,,,,,,,,,,,,,1.40500000,103.70000000,110.0,,,,,,,,,,,,,,,,,,,,,,,,,,,,Mini 4 Pro,SYNHBTYP3DCN27ZMB,CAM6DGF46D3QRQAQB,RCSAK6RX8DFEXERNB,BATCE5VSLHKU2L2CH,,,,,,,,Mini 4 Pro,SYNHBTYP3DCN27ZMB,,,,DJI Fly,,1.13.5,606506D4-8CA6-50D1-AD4F-F7F7ED2A7646,,,,,,,,,,
1773845056,3m 16.0s,196.0,1.40493705,103.69973012,196.9,196.9,30.0,376.9,3997.7,17.895,17.895,17.895,,0.000,,-0.000,,2.80,0.00,0.0,0.0,,P-GPS,,,18,4,TRUE,,Mini 4 Pro,,,,,,FALSE,TRUE,,,,,,,,,,,,,,,,,,,,,,,,,,,,,,,,,,,,,,,,,,,,,,,,82.2,,,,8.075,,,,,,,8.972,,,,,,,,,,,,,,,,,,,,,,,,,,,,,,,,1.40500000,103.70000000,101.1,,,,,,,,,,,,,,,,,,,,,,,,,,,,Mini 4 Pro,SYNHBTYP3DCN27ZMB,CAM6DGF46D3QRQAQB,RCSAK6RX8DFEXERNB,BATCE5VSLHKU2L2CH,,,,,,,,Mini 4 Pro,SYNHBTYP3DCN27ZMB,,,,DJI Fly,,1.13.5,606506D4-8CA6-50D1-AD4F-F7F7ED2A7646,,,,,,,,,,
1773845057,3m 17.0s,197.0,1.40500899,103.69973012,196.9,196.9,30.0,376.9,4023.9,17.895,17.895,17.895,,0.000,,-0.000,,2.80,0.00,0.0,0.0,,P-GPS,,,18,4,TRUE,,Mini 4 Pro,,,,,,FALSE,TRUE,,,,,,,,,,,,,,,,,,,,,,,,,,,,,,,,,,,,,,,,,,,,,,,,82.2,,,,8.074,,,,,,,8.972,,,,,,,,,,,,,,,,,,,,,,,,,,,,,,,,1.40500000,103.70000000,98.5,,,,,,,,,,,,,,,,,,,,,,,,,,,,Mini 4 Pro,SYNHBTYP3DCN27ZMB,CAM6DGF46D3QRQAQB,RCSAK6RX8DFEXERNB,BATCE5VSLHKU2L2CH,,,,,,,,Mini 4 Pro,SYNHBTYP3DCN27ZMB,,,,DJI Fly,,1.13.5,606506D4-8CA6-50D1-AD4F-F7F7ED2A7646,,,,,,,,,,
1773845058,3m 18.0s,198.0,1.40508094,103.69973012,196.9,196.9,30.0,376.9,4050.2,17.895,17.895,17.895,,0.000,,-0.000,,2.80,0.00,0.0,0.0,,P-GPS,,,18,4,TRUE,,Mini 4 Pro,,,,,,FALSE,TRUE,,,,,,,,,,,,,,,,,,,,,,,,,,,,,,,,,,,,,,,,,,,,,,,,82.2,,,,8.074,,,,,,,8.972,,,,,,,,,,,,,,,,,,,,,,,,,,,,,,,,1.40500000,103.70000000,102.8,,,,,,,,,,,,,,,,,,,,,,,,,,,,Mini 4 Pro,SYNHBTYP3DCN27ZMB,CAM6DGF46D3QRQAQB,RCSAK6RX8DFEXERNB,BATCE5VSLHKU2L2CH,,,,,,,,Mini 4 Pro,SYNHBTYP3DCN27ZMB,,,,DJI Fly,,1.13.5,606506D4-8CA6-50D1-AD4F-F7F7ED2A7646,,,,,,,,,,
1773845059,3m 19.0s,199.0,1.40515288,103.69973012,196.9,196.9,30.0,376.9,4076.4,17.895,17.895,17.895,,0.000,,-0.000,,2.80,0.00,0.0,0.0,,P-GPS,,,18,4,TRUE,,Mini 4 Pro,,,,,,FALSE,TRUE,,,,,,,,,,,,,,,,,,,,,,,,,,,,,,,,,,,,,,,,,,,,,,,,82.1,,,,8.073,,,,,,,8.972,,,,,,,,,,,,,,,,,,,,,,,,,,,,,,,,1.40500000,103.70000000,113.1,,,,,,,,,,,,,,,,,,,,,,,,,,,,Mini 4 Pro,SYNHBTYP3DCN27ZMB,CAM6DGF46D3QRQAQB,RCSAK6RX8DFEXERNB,BATCE5VSLHKU2L2CH,,,,,,,,Mini 4 Pro,SYNHBTYP3DCN27ZMB,,,,DJI Fly,,1.13.5,606506D4-8CA6-50D1-AD4F-F7F7ED2A7646,,,,,,,,,,
1773845060,3m 20.0s,200.0,1.40522483,103.69973012,196.9,196.9,30.0,376.9,4102.7,17.895,17.895,17.895,,0.000,,-0.000,,2.80,0.00,0.0,0.0,,P-GPS,,,18,4,TRUE,,Mini 4 Pro,,,,,,FALSE,TRUE,,,,,,,,,,,,,,,,,,,,,,,,,,,,,,,,,,,,,,,,,,,,,,,,82.1,,,,8.073,,,,,,,8.972,,,,,,,,,,,,,,,,,,,,,,,,,,,,,,,,1.40500000,103.70000000,128.1,,,,,,,,,,,,,,,,,,,,,,,,,,,,Mini 4 Pro,SYNHBTYP3DCN27ZMB,CAM6DGF46D3QRQAQB,RCSAK6RX8DFEXERNB,BATCE5VSLHKU2L2CH,,,,,,,,Mini 4 Pro,SYNHBTYP3DCN27ZMB,,,,DJI Fly,,1.13.5,606506D4-8CA6-50D1-AD4F-F7F7ED2A7646,,,,,,,,,,
1773845061,3m 21.0s,201.0,1.40529678,103.69973012,196.9,196.9,30.0,376.9,4128.9,17.895,17.895,17.895,,0.000,,-0.000,,2.80,0.00,0.0,0.0,,P-GPS,,,18,4,TRUE,,Mini 4 Pro,,,,,,FALSE,TRUE,,,,,,,,,,,,,,,,,,,,,,,,,,,,,,,,,,,,,,,,,,,,,,,,82.1,,,,8.072,,,,,,,8.972,,,,,,,,,,,,,,,,,,,,,,,,,,,,,,,,1.40500000,103.70000000,146.3,,,,,,,,,,,,,,,,,,,,,,,,,,,,Mini 4 Pro,SYNHBTYP3DCN27ZMB,CAM6DGF46D3QRQAQB,RCSAK6RX8DFEXERNB,BATCE5VSLHKU2L2CH,,,,,,,,Mini 4 Pro,SYNHBTYP3DCN27ZMB,,,,DJI Fly,,1.13.5,606506D4-8CA6-50D1-AD4F-F7F7ED2A7646,,,,,,,,,,
1773845062,3m 22.0s,202.0,1.40536872,103.69973012,196.9,196.9,30.0,376.9,4155.1,17.895,17.895,17.895,,0.000,,-0.000,,2.80,0.00,0.0,0.0,,P-GPS,,,18,4,TRUE,,Mini 4 Pro,,,,,,FALSE,TRUE,,,,,,,,,,,,,,,,,,,,,,,,,,,,,,,,,,,,,,,,,,,,,,,,82.1,,,,8.072,,,,,,,8.972,,,,,,,,,,,,,,,,,,,,,,,,,,,,,,,,1.40500000,103.70000000,166.7,,,,,,,,,,,,,,,,,,,,,,,,,,,,Mini 4 Pro,SYNHBTYP3DCN27ZMB,CAM6DGF46D3QRQAQB,RCSAK6RX8DFEXERNB,BATCE5VSLHKU2L2CH,,,,,,,,Mini 4 Pro,SYNHBTYP3DCN27ZMB,,,,DJI Fly,,1.13.5,606506D4-8CA6-50D1-AD4F-F7F7ED2A7646,,,,,,,,,,
1773845063,3m 23.0s,203.0,1.40544067,103.69973012,196.9,196.9,30.0,376.9,4181.4,17.895,17.895,17.895,,0.000,,-0.000,,2.80,0.00,0.0,0.0,,P-GPS,,,18,4,TRUE,,Mini 4 Pro,,,,,,FALSE,TRUE,,,,,,,,,,,,,,,,,,,,,,,,,,,,,,,,,,,,,,,,,,,,,,,,82.0,,,,8.071,,,,,,,8.972,,,,,,,,,,,,,,,,,,,,,,,,,,,,,,,,1.40500000,103.70000000,188.5,,,,,,,,,,,,,,,,,,,,,,,,,,,,Mini 4 Pro,SYNHBTYP3DCN27ZMB,CAM6DGF46D3QRQAQB,RCSAK6RX8DFEXERNB,BATCE5VSLHKU2L2CH,,,,,,,,Mini 4 Pro,SYNHBTYP3DCN27ZMB,,,,DJI Fly,,1.13.5,606506D4-8CA6-50D1-AD4F-F7F7ED2A7646,,,,,,,,,,
1773845064,3m 24.0s,204.0,1.40551261,103.69973012,196.9,196.9,30.0,376.9,4207.6,17.895,17.895,17.895,,0.000,,-0.000,,2.80,0.00,0.0,0.0,,P-GPS,,,18,4,TRUE,,Mini 4 Pro,,,,,,FALSE,TRUE,,,,,,,,,,,,,,,,,,,,,,,,,,,,,,,,,,,,,,,,,,,,,,,,82.0,,,,8.071,,,,,,,8.972,,,,,,,,,,,,,,,,,,,,,,,,,,,,,,,,1.40500000,103.70000000,211.3,,,,,,,,,,,,,,,,,,,,,,,,,,,,Mini 4 Pro,SYNHBTYP3DCN27ZMB,CAM6DGF46D3QRQAQB,RCSAK6RX8DFEXERNB,BATCE5VSLHKU2L2CH,,,,,,,,Mini 4 Pro,SYNHBTYP3DCN27ZMB,,,,DJI Fly,,1.13.5,606506D4-8CA6-50D1-AD4F-F7F7ED2A7646,,,,,,,,,,
1773845065,3m 25.0s,205.0,1.40558456,103.69973012,196.9,196.9,30.0,376.9,4233.9,17.895,17.895,17.895,,0.000,,-0.000,,2.80,0.00,0.0,0.0,,P-GPS,,,18,4,TRUE,,Mini 4 Pro,,,,,,FALSE,TRUE,,,,,,,,,,,,,,,,,,,,,,,,,,,,,,,,,,,,,,,,,,,,,,,,82.0,,,,8.071,,,,,,,8.972,,,,,,,,,,,,,,,,,,,,,,,,,,,,,,,,1.40500000,103.70000000,234.9,,,,,,,,,,,,,,,,,,,,,,,,,,,,Mini 4 Pro,SYNHBTYP3DCN27ZMB,CAM6DGF46D3QRQAQB,RCSAK6RX8DFEXERNB,BATCE5VSLHKU2L2CH,,,,,,,,Mini 4 Pro,SYNHBTYP3DCN27ZMB,,,,DJI Fly,,1.13.5,606506D4-8CA6-50D1-AD4F-F7F7ED2A7646,,,,,,,,,,
1773845066,3m 26.0s,206.0,1.40565650,103.69973012,196.9,196.9,30.0,376.9,4260.1,17.895,17.895,17.895,,0.000,,-0.000,,2.80,0.00,0.0,0.0,,P-GPS,,,18,4,TRUE,,Mini 4 Pro,,,,,,FALSE,TRUE,,,,,,,,,,,,,,,,,,,,,,,,,,,,,,,,,,,,,,,,,,,,,,,,81.9,,,,8.070,,,,,,,8.972,,,,,,,,,,,,,,,,,,,,,,,,,,,,,,,,1.40500000,103.70000000,258.9,,,,,,,,,,,,,,,,,,,,,,,,,,,,Mini 4 Pro,SYNHBTYP3DCN27ZMB,CAM6DGF46D3QRQAQB,RCSAK6RX8DFEXERNB,BATCE5VSLHKU2L2CH,,,,,,,,Mini 4 Pro,SYNHBTYP3DCN27ZMB,,,,DJI Fly,,1.13.5,606506D4-8CA6-50D1-AD4F-F7F7ED2A7646,,,,,,,,,,
1773845067,3m 27.0s,207.0,1.40572845,103.69973012,196.9,196.9,30.0,376.9,4286.4,17.895,17.895,17.895,,0.000,,-0.000,,2.80,0.00,0.0,0.0,,P-GPS,,,18,4,TRUE,,Mini 4 Pro,,,,,,FALSE,TRUE,,,,,,,,,,,,,,,,,,,,,,,,,,,,,,,,,,,,,,,,,,,,,,,,81.9,,,,8.070,,,,,,,8.972,,,,,,,,,,,,,,,,,,,,,,,,,,,,,,,,1.40500000,103.70000000,283.4,,,,,,,,,,,,,,,,,,,,,,,,,,,,Mini 4 Pro,SYNHBTYP3DCN27ZMB,CAM6DGF46D3QRQAQB,RCSAK6RX8DFEXERNB,BATCE5VSLHKU2L2CH,,,,,,,,Mini 4 Pro,SYNHBTYP3DCN27ZMB,,,,DJI Fly,,1.13.5,606506D4-8CA6-50D1-AD4F-F7F7ED2A7646,,,,,,,,,,
1773845068,3m 28.0s,208.0,1.40580040,103.69973012,196.9,196.9,30.0,376.9,4312.6,17.895,17.895,17.895,,0.000,,-0.000,,2.80,0.00,0.0,0.0,,P-GPS,,,18,4,TRUE,,Mini 4 Pro,,,,,,FALSE,TRUE,,,,,,,,,,,,,,,,,,,,,,,,,,,,,,,,,,,,,,,,,,,,,,,,81.9,,,,8.069,,,,,,,8.972,,,,,,,,,,,,,,,,,,,,,,,,,,,,,,,,1.40500000,103.70000000,308.1,,,,,,,,,,,,,,,,,,,,,,,,,,,,Mini 4 Pro,SYNHBTYP3DCN27ZMB,CAM6DGF46D3QRQAQB,RCSAK6RX8DFEXERNB,BATCE5VSLHKU2L2CH,,,,,,,,Mini 4 Pro,SYNHBTYP3DCN27ZMB,,,,DJI Fly,,1.13.5,606506D4-8CA6-50D1-AD4F-F7F7ED2A7646,,,,,,,,,,
1773845069,3m 29.0s,209.0,1.40587234,103.69973012,196.9,196.9,30.0,376.9,4338.9,17.895,17.895,17.895,,0.000,,-0.000,,2.80,0.00,0.0,0.0,,P-GPS,,,18,4,TRUE,,Mini 4 Pro,,,,,,FALSE,TRUE,,,,,,,,,,,,,,,,,,,,,,,,,,,,,,,,,,,,,,,,,,,,,,,,81.9,,,,8.069,,,,,,,8.972,,,,,,,,,,,,,,,,,,,,,,,,,,,,,,,,1.40500000,103.70000000,333.1,,,,,,,,,,,,,,,,,,,,,,,,,,,,Mini 4 Pro,SYNHBTYP3DCN27ZMB,CAM6DGF46D3QRQAQB,RCSAK6RX8DFEXERNB,BATCE5VSLHKU2L2CH,,,,,,,,Mini 4 Pro,SYNHBTYP3DCN27ZMB,,,,DJI Fly,,1.13.5,606506D4-8CA6-50D1-AD4F-F7F7ED2A7646,,,,,,,,,,
1773845070,3m 30.0s,210.0,1.40594429,103.69973012,196.9,196.9,30.0,376.9,4365.1,17.895,17.895,17.895,,0.000,,-0.000,,2.80,0.00,0.0,0.0,,P-GPS,,,18,4,TRUE,,Mini 4 Pro,,,,,,FALSE,TRUE,,,,,,,,,,,,,,,,,,,,,,,,,,,,,,,,,,,,,,,,,,,,,,,,81.8,,,,8.068,,,,,,,8.972,,,,,,,,,,,,,,,,,,,,,,,,,,,,,,,,1.40500000,103.70000000,358.3,,,,,,,,,,,,,,,,,,,,,,,,,,,,Mini 4 Pro,SYNHBTYP3DCN27ZMB,CAM6DGF46D3QRQAQB,RCSAK6RX8DFEXERNB,BATCE5VSLHKU2L2CH,,,,,,,,Mini 4 Pro,SYNHBTYP3DCN27ZMB,,,,DJI Fly,,1.13.5,606506D4-8CA6-50D1-AD4F-F7F7ED2A7646,,,,,,,,,,
1773845071,3m 31.0s,211.0,1.40601623,103.69973012,196.9,196.9,30.0,376.9,4391.4,17.895,17.895,17.895,,0.000,,-0.000,,2.80,0.00,0.0,0.0,,P-GPS,,,18,4,TRUE,,Mini 4 Pro,,,,,,FALSE,TRUE,,,,,,,,,,,,,,,,,,,,,,,,,,,,,,,,,,,,,,,,,,,,,,,,81.8,,,,8.068,,,,,,,8.972,,,,,,,,,,,,,,,,,,,,,,,,,,,,,,,,1.40500000,103.70000000,383.6,,,,,,,,,,,,,,,,,,,,,,,,,,,,Mini 4 Pro,SYNHBTYP3DCN27ZMB,CAM6DGF46D3QRQAQB,RCSAK6RX8DFEXERNB,BATCE5VSLHKU2L2CH,,,,,,,,Mini 4 Pro,SYNHBTYP3DCN27ZMB,,,,DJI Fly,,1.13.5,606506D4-8CA6-50D1-AD4F-F7F7ED2A7646,,,,,,,,,,
1773845072,3m 32.0s,212.0,1.40608818,103.69973012,196.9,196.9,30.0,376.9,4417.6,17.895,17.895,17.895,,0.000,,-0.000,,2.80,0.00,0.0,0.0,,P-GPS,,,18,4,TRUE,,Mini 4 Pro,,,,,,FALSE,TRUE,,,,,,,,,,,,,,,,,,,,,,,,,,,,,,,,,,,,,,,,,,,,,,,,81.8,,,,8.067,,,,,,,8.972,,,,,,,,,,,,,,,,,,,,,,,,,,,,,,,,1.40500000,103.70000000,409.0,,,,,,,,,,,,,,,,,,,,,,,,,,,,Mini 4 Pro,SYNHBTYP3DCN27ZMB,CAM6DGF46D3QRQAQB,RCSAK6RX8DFEXERNB,BATCE5VSLHKU2L2CH,,,,,,,,Mini 4 Pro,SYNHBTYP3DCN27ZMB,,,,DJI Fly,,1.13.5,606506D4-8CA6-50D1-AD4F-F7F7ED2A7646,,,,,,,,,,
1773845073,3m 33.0s,213.0,1.40616012,103.69973012,196.9,196.9,30.0,376.9,4443.9,17.895,17.895,17.895,,0.000,,-0.000,,2.80,0.00,0.0,0.0,,P-GPS,,,18,4,TRUE,,Mini 4 Pro,,,,,,FALSE,TRUE,,,,,,,,,,,,,,,,,,,,,,,,,,,,,,,,,,,,,,,,,,,,,,,,81.7,,,,8.067,,,,,,,8.972,,,,,,,,,,,,,,,,,,,,,,,,,,,,,,,,1.40500000,103.70000000,434.5,,,,,,,,,,,,,,,,,,,,,,,,,,,,Mini 4 Pro,SYNHBTYP3DCN27ZMB,CAM6DGF46D3QRQAQB,RCSAK6RX8DFEXERNB,BATCE5VSLHKU2L2CH,,,,,,,,Mini 4 Pro,SYNHBTYP3DCN27ZMB,,,,DJI Fly,,1.13.5,606506D4-8CA6-50D1-AD4F-F7F7ED2A7646,,,,,,,,,,
1773845074,3m 34.0s,214.0,1.40623207,103.69973012,196.9,196.9,30.0,376.9,4470.1,17.895,17.895,17.895,,0.000,,-0.000,,2.80,0.00,0.0,0.0,,P-GPS,,,18,4,TRUE,,Mini 4 Pro,,,,,,FALSE,TRUE,,,,,,,,,,,,,,,,,,,,,,,,,,,,,,,,,,,,,,,,,,,,,,,,81.7,,,,8.066,,,,,,,8.972,,,,,,,,,,,,,,,,,,,,,,,,,,,,,,,,1.40500000,103.70000000,460.1,,,,,,,,,,,,,,,,,,,,,,,,,,,,Mini 4 Pro,SYNHBTYP3DCN27ZMB,CAM6DGF46D3QRQAQB,RCSAK6RX8DFEXERNB,BATCE5VSLHKU2L2CH,,,,,,,,Mini 4 Pro,SYNHBTYP3DCN27ZMB,,,,DJI Fly,,1.13.5,606506D4-8CA6-50D1-AD4F-F7F7ED2A7646,,,,,,,,,,
1773845075,3m 35.0s,215.0,1.40630402,103.69973012,196.9,196.9,30.0,376.9,4496.4,17.895,17.895,17.895,,0.000,,-0.000,,2.80,0.00,0.0,0.0,,P-GPS,,,18,4,TRUE,,Mini 4 Pro,,,,,,FALSE,TRUE,,,,,,,,,,,,,,,,,,,,,,,,,,,,,,,,,,,,,,,,,,,,,,,,81.7,,,,8.066,,,,,,,8.972,,,,,,,,,,,,,,,,,,,,,,,,,,,,,,,,1.40500000,103.70000000,485.8,,,,,,,,,,,,,,,,,,,,,,,,,,,,Mini 4 Pro,SYNHBTYP3DCN27ZMB,CAM6DGF46D3QRQAQB,RCSAK6RX8DFEXERNB,BATCE5VSLHKU2L2CH,,,,,,,,Mini 4 Pro,SYNHBTYP3DCN27ZMB,,,,DJI Fly,,1.13.5,606506D4-8CA6-50D1-AD4F-F7F7ED2A7646,,,,,,,,,,
1773845076,3m 36.0s,216.0,1.40637596,103.69973012,196.9,196.9,30.0,376.9,4522.6,17.895,17.895,17.895,,0.000,,-0.000,,2.80,0.00,0.0,0.0,,P-GPS,,,18,4,TRUE,,Mini 4 Pro,,,,,,FALSE,TRUE,,,,,,,,,,,,,,,,,,,,,,,,,,,,,,,,,,,,,,,,,,,,,,,,81.6,,,,8.066,,,,,,,8.972,,,,,,,,,,,,,,,,,,,,,,,,,,,,,,,,1.40500000,103.70000000,511.5,,,,,,,,,,,,,,,,,,,,,,,,,,,,Mini 4 Pro,SYNHBTYP3DCN27ZMB,CAM6DGF46D3QRQAQB,RCSAK6RX8DFEXERNB,BATCE5VSLHKU2L2CH,,,,,,,,Mini 4 Pro,SYNHBTYP3DCN27ZMB,,,,DJI Fly,,1.13.5,606506D4-8CA6-50D1-AD4F-F7F7ED2A7646,,,,,,,,,,
1773845077,3m 37.0s,217.0,1.40644791,103.69973012,196.9,196.9,30.0,376.9,4548.8,17.895,17.895,17.895,,0.000,,-0.000,,2.80,0.00,0.0,0.0,,P-GPS,,,18,4,TRUE,,Mini 4 Pro,,,,,,FALSE,TRUE,,,,,,,,,,,,,,,,,,,,,,,,,,,,,,,,,,,,,,,,,,,,,,,,81.6,,,,8.065,,,,,,,8.972,,,,,,,,,,,,,,,,,,,,,,,,,,,,,,,,1.40500000,103.70000000,537.3,,,,,,,,,,,,,,,,,,,,,,,,,,,,Mini 4 Pro,SYNHBTYP3DCN27ZMB,CAM6DGF46D3QRQAQB,RCSAK6RX8DFEXERNB,BATCE5VSLHKU2L2CH,,,,,,,,Mini 4 Pro,SYNHBTYP3DCN27ZMB,,,,DJI Fly,,1.13.5,606506D4-8CA6-50D1-AD4F-F7F7ED2A7646,,,,,,,,,,
1773845078,3m 38.0s,218.0,1.40651985,103.69973012,196.9,196.9,30.0,376.9,4575.1,17.895,17.895,17.895,,0.000,,-0.000,,2.80,0.00,0.0,0.0,,P-GPS,,,18,4,TRUE,,Mini 4 Pro,,,,,,FALSE,TRUE,,,,,,,,,,,,,,,,,,,,,,,,,,,,,,,,,,,,,,,,,,,,,,,,81.6,,,,8.065,,,,,,,8.972,,,,,,,,,,,,,,,,,,,,,,,,,,,,,,,,1.40500000,103.70000000,563.1,,,,,,,,,,,,,,,,,,,,,,,,,,,,Mini 4 Pro,SYNHBTYP3DCN27ZMB,CAM6DGF46D3QRQAQB,RCSAK6RX8DFEXERNB,BATCE5VSLHKU2L2CH,,,,,,,,Mini 4 Pro,SYNHBTYP3DCN27ZMB,,,,DJI Fly,,1.13.5,606506D4-8CA6-50D1-AD4F-F7F7ED2A7646,,,,,,,,,,
1773845079,3m 39.0s,219.0,1.40657381,103.69973012,196.9,196.9,30.0,376.9,4594.8,13.422,17.895,13.422,,0.000,,-0.000,,2.10,0.00,0.0,0.0,,P-GPS,,,18,4,TRUE,,Mini 4 Pro,,,,,,FALSE,TRUE,,,,,,,,,,,,,,,,,,,,,,,,,,,,,,,,,,,,,,,,,,,,,,,,81.6,,,,8.064,,,,,,,7.872,,,,,,,,,,,,,,,,,,,,,,,,,,,,,,,,1.40500000,103.70000000,582.5,,,,,,,,,,,,,,,,,,,,,,,,,,,,Mini 4 Pro,SYNHBTYP3DCN27ZMB,CAM6DGF46D3QRQAQB,RCSAK6RX8DFEXERNB,BATCE5VSLHKU2L2CH,,,,,,,,Mini 4 Pro,SYNHBTYP3DCN27ZMB,,,,DJI Fly,,1.13.5,606506D4-8CA6-50D1-AD4F-F7F7ED2A7646,,,,,,,,,,
1773845080,3m 40.0s,220.0,1.40657381,103.69973012,196.9,196.9,30.0,376.9,4594.8,0.000,17.895,0.000,,0.000,,-0.000,,0.00,0.00,0.0,0.0,,P-GPS,,,18,4,TRUE,,Mini 4 Pro,,,,,,FALSE,TRUE,,,,,,,,,,,,,,,,,,,,,,,,,,,,,,,,,,,,,,,,,,,,,,,,81.5,,,,8.064,,,,,,,4.572,,,,,,,,,,,,,,,,,,,,,,,,,,,,,,,,1.40500000,103.70000000,582.5,,,,,,,,,,,,,,,,,,,,,,,,,,,,Mini 4 Pro,SYNHBTYP3DCN27ZMB,CAM6DGF46D3QRQAQB,RCSAK6RX8DFEXERNB,BATCE5VSLHKU2L2CH,,,,,,,,Mini 4 Pro,SYNHBTYP3DCN27ZMB,,,,DJI Fly,,1.13.5,606506D4-8CA6-50D1-AD4F-F7F7ED2A7646,,,,,,,,,,
1773845081,3m 41.0s,221.0,1.40657381,103.69978410,196.9,196.9,30.0,376.9,4614.5,13.422,17.895,0.000,,13.422,,-0.000,,2.10,25.00,90.0,90.0,,P-GPS,,,18,4,TRUE,,Mini 4 Pro,,,,,,FALSE,TRUE,,,,,,,,,,,,,,,,,,,,,,,,,,,,,,,,,,,,,,,,,,,,,,,,81.5,,,,8.063,,,,,,,7.872,,,,,,,,,,,,,,,,,,,,,,,,,,,,,,,,1.40500000,103.70000000,579.5,,,,,,,,,,,,,,,,,,,,,,,,,,,,Mini 4 Pro,SYNHBTYP3DCN27ZMB,CAM6DGF46D3QRQAQB,RCSAK6RX8DFEXERNB,BATCE5VSLHKU2L2CH,,,,,,,,Mini 4 Pro,SYNHBTYP3DCN27ZMB,,,,DJI Fly,,1.13.5,606506D4-8CA6-50D1-AD4F-F7F7ED2A7646,,,,,,,,,,
1773845082,3m 42.0s,222.0,1.40657381,103.69983807,196.9,196.9,30.0,376.9,4634.1,13.422,17.895,0.000,,13.422,,-0.000,,2.10,0.00,90.0,90.0,,P-GPS,,,18,4,TRUE,,Mini 4 Pro,,,,,,FALSE,TRUE,,,,,,,,,,,,,,,,,,,,,,,,,,,,,,,,,,,,,,,,,,,,,,,,81.5,,,,8.063,,,,,,,7.872,,,,,,,,,,,,,,,,,,,,,,,,,,,,,,,,1.40500000,103.70000000,577.2,,,,,,,,,,,,,,,,,,,,,,,,,,,,Mini 4 Pro,SYNHBTYP3DCN27ZMB,CAM6DGF46D3QRQAQB,RCSAK6RX8DFEXERNB,BATCE5VSLHKU2L2CH,,,,,,,,Mini 4 Pro,SYNHBTYP3DCN27ZMB,,,,DJI Fly,,1.13.5,606506D4-8CA6-50D1-AD4F-F7F7ED2A7646,,,,,,,,,,
1773845083,3m 43.0s,223.0,1.40657381,103.69989205,196.9,196.9,30.0,376.9,4653.8,13.422,17.895,0.000,,13.422,,-0.000,,2.10,0.00,90.0,90.0,,P-GPS,,,18,4,TRUE,,Mini 4 Pro,,,,,,FALSE,TRUE,,,,,,,,,,,,,,,,,,,,,,,,,,,,,,,,,,,,,,,,,,,,,,,,81.4,,,,8.062,,,,,,,7.872,,,,,,,,,,,,,,,,,,,,,,,,,,,,,,,,1.40500000,103.70000000,575.5,,,,,,,,,,,,,,,,,,,,,,,,,,,,Mini 4 Pro,SYNHBTYP3DCN27ZMB,CAM6DGF46D3QRQAQB,RCSAK6RX8DFEXERNB,BATCE5VSLHKU2L2CH,,,,,,,,Mini 4 Pro,SYNHBTYP3DCN27ZMB,,,,DJI Fly,,1.13.5,606506D4-8CA6-50D1-AD4F-F7F7ED2A7646,,,,,,,,,,
1773845084,3m 44.0s,224.0,1.40657381,103.69994602,196.9,196.9,30.0,376.9,4673.5,13.422,17.895,0.000,,13.422,,-0.000,,2.10,0.00,90.0,90.0,,P-GPS,,,18,4,TRUE,,Mini 4 Pro,,,,,,FALSE,TRUE,,,,,,,,,,,,,,,,,,,,,,,,,,,,,,,,,,,,,,,,,,,,,,,,81.4,,,,8.062,,,,,,,7.872,,,,,,,,,,,,,,,,,,,,,,,,,,,,,,,,1.40500000,103.70000000,574.5,,,,,,,,,,,,,,,,,,,,,,,,,,,,Mini 4 Pro,SYNHBTYP3DCN27ZMB,CAM6DGF46D3QRQAQB,RCSAK6RX8DFEXERNB,BATCE5VSLHKU2L2CH,,,,,,,,Mini 4 Pro,SYNHBTYP3DCN27ZMB,,,,DJI Fly,,1.13.5,606506D4-8CA6-50D1-AD4F-F7F7ED2A7646,,,,,,,,,,
1773845085,3m 45.0s,225.0,1.40657381,103.70000000,196.9,196.9,30.0,376.9,4693.2,13.422,17.895,0.000,,13.422,,-0.000,,2.10,0.00,90.0,90.0,,P-GPS,,,18,4,TRUE,,Mini 4 Pro,,,,,,FALSE,TRUE,,,,,,,,,,,,,,,,,,,,,,,,,,,,,,,,,,,,,,,,,,,,,,,,81.4,,,,8.061,,,,,,,7.872,,,,,,,,,,,,,,,,,,,,,,,,,,,,,,,,1.40500000,103.70000000,574.1,,,,,,,,,,,,,,,,,,,,,,,,,,,,Mini 4 Pro,SYNHBTYP3DCN27ZMB,CAM6DGF46D3QRQAQB,RCSAK6RX8DFEXERNB,BATCE5VSLHKU2L2CH,,,,,,,,Mini 4 Pro,SYNHBTYP3DCN27ZMB,,,,DJI Fly,,1.13.5,606506D4-8CA6-50D1-AD4F-F7F7ED2A7646,,,,,,,,,,
1773845086,3m 46.0s,226.0,1.40657381,103.70005398,196.9,196.9,30.0,376.9,4712.9,13.422,17.895,0.000,,13.422,,-0.000,,2.10,0.00,90.0,90.0,,P-GPS,,,18,4,TRUE,,Mini 4 Pro,,,,,,FALSE,TRUE,,,,,,,,,,,,,,,,,,,,,,,,,,,,,,,,,,,,,,,,,,,,,,,,81.4,,,,8.061,,,,,,,7.872,,,,,,,,,,,,,,,,,,,,,,,,,,,,,,,,1.40500000,103.70000000,574.5,,,,,,,,,,,,,,,,,,,,,,,,,,,,Mini 4 Pro,SYNHBTYP3DCN27ZMB,CAM6DGF46D3QRQAQB,RCSAK6RX8DFEXERNB,BATCE5VSLHKU2L2CH,,,,,,,,Mini 4 Pro,SYNHBTYP3DCN27ZMB,,,,DJI Fly,,1.13.5,606506D4-8CA6-50D1-AD4F-F7F7ED2A7646,,,,,,,,,,
1773845087,3m 47.0s,227.0,1.40657381,103.70010795,196.9,196.9,30.0,376.9,4732.6,13.422,17.895,0.000,,13.422,,-0.000,,2.10,0.00,90.0,90.0,,P-GPS,,,18,4,TRUE,,Mini 4 Pro,,,,,,FALSE,TRUE,,,,,,,,,,,,,,,,,,,,,,,,,,,,,,,,,,,,,,,,,,,,,,,,81.3,,,,8.061,,,,,,,7.872,,,,,,,,,,,,,,,,,,,,,,,,,,,,,,,,1.40500000,103.70000000,575.5,,,,,,,,,,,,,,,,,,,,,,,,,,,,Mini 4 Pro,SYNHBTYP3DCN27ZMB,CAM6DGF46D3QRQAQB,RCSAK6RX8DFEXERNB,BATCE5VSLHKU2L2CH,,,,,,,,Mini 4 Pro,SYNHBTYP3DCN27ZMB,,,,DJI Fly,,1.13.5,606506D4-8CA6-50D1-AD4F-F7F7ED2A7646,,,,,,,,,,
1773845088,3m 48.0s,228.0,1.40657381,103.70016193,196.9,196.9,30.0,376.9,4752.3,13.422,17.895,0.000,,13.422,,-0.000,,2.10,0.00,90.0,90.0,,P-GPS,,,18,4,TRUE,,Mini 4 Pro,,,,,,FALSE,TRUE,,,,,,,,,,,,,,,,,,,,,,,,,,,,,,,,,,,,,,,,,,,,,,,,81.3,,,,8.060,,,,,,,7.872,,,,,,,,,,,,,,,,,,,,,,,,,,,,,,,,1.40500000,103.70000000,577.2,,,,,,,,,,,,,,,,,,,,,,,,,,,,Mini 4 Pro,SYNHBTYP3DCN27ZMB,CAM6DGF46D3QRQAQB,RCSAK6RX8DFEXERNB,BATCE5VSLHKU2L2CH,,,,,,,,Mini 4 Pro,SYNHBTYP3DCN27ZMB,,,,DJI Fly,,1.13.5,606506D4-8CA6-50D1-AD4F-F7F7ED2A7646,,,,,,,,,,
1773845089,3m 49.0s,229.0,1.40657381,103.70021590,196.9,196.9,30.0,376.9,4771.9,13.422,17.895,0.000,,13.422,,-0.000,,2.10,0.00,90.0,90.0,,P-GPS,,,18,4,TRUE,,Mini 4 Pro,,,,,,FALSE,TRUE,,,,,,,,,,,,,,,,,,,,,,,,,,,,,,,,,,,,,,,,,,,,,,,,81.3,,,,8.060,,,,,,,7.872,,,,,,,,,,,,,,,,,,,,,,,,,,,,,,,,1.40500000,103.70000000,579.5,,,,,,,,,,,,,,,,,,,,,,,,,,,,Mini 4 Pro,SYNHBTYP3DCN27ZMB,CAM6DGF46D3QRQAQB,RCSAK6RX8DFEXERNB,BATCE5VSLHKU2L2CH,,,,,,,,Mini 4 Pro,SYNHBTYP3DCN27ZMB,,,,DJI Fly,,1.13.5,606506D4-8CA6-50D1-AD4F-F7F7ED2A7646,,,,,,,,,,
1773845090,3m 50.0s,230.0,1.40657381,103.70026988,196.9,196.9,30.0,376.9,4791.6,13.422,17.895,0.000,,13.422,,-0.000,,2.10,0.00,90.0,90.0,,P-GPS,,,18,4,TRUE,,Mini 4 Pro,,,,,,FALSE,TRUE,,,,,,,,,,,,,,,,,,,,,,,,,,,,,,,,,,,,,,,,,,,,,,,,81.2,,,,8.059,,,,,,,7.872,,,,,,,,,,,,,,,,,,,,,,,,,,,,,,,,1.40500000,103.70000000,582.5,,,,,,,,,,,,,,,,,,,,,,,,,,,,Mini 4 Pro,SYNHBTYP3DCN27ZMB,CAM6DGF46D3QRQAQB,RCSAK6RX8DFEXERNB,BATCE5VSLHKU2L2CH,,,,,,,,Mini 4 Pro,SYNHBTYP3DCN27ZMB,,,,DJI Fly,,1.13.5,606506D4-8CA6-50D1-AD4F-F7F7ED2A7646,,,,,,,,,,
1773845091,3m 51.0s,231.0,1.40650187,103.70026988,196.9,196.9,30.0,376.9,4817.9,17.895,17.895,-17.895,,0.000,,-0.000,,2.80,25.00,180.0,180.0,,P-GPS,,,18,4,TRUE,,Mini 4 Pro,,,,,,FALSE,TRUE,,,,,,,,,,,,,,,,,,,,,,,,,,,,,,,,,,,,,,,,,,,,,,,,81.2,,,,8.059,,,,,,,8.972,,,,,,,,,,,,,,,,,,,,,,,,,,,,,,,,1.40500000,103.70000000,556.7,,,,,,,,,,,,,,,,,,,,,,,,,,,,Mini 4 Pro,SYNHBTYP3DCN27ZMB,CAM6DGF46D3QRQAQB,RCSAK6RX8DFEXERNB,BATCE5VSLHKU2L2CH,,,,,,,,Mini 4 Pro,SYNHBTYP3DCN27ZMB,,,,DJI Fly,,1.13.5,606506D4-8CA6-50D1-AD4F-F7F7ED2A7646,,,,,,,,,,
1773845092,3m 52.0s,232.0,1.40642992,103.70026988,196.9,196.9,30.0,376.9,4844.1,17.895,17.895,-17.895,,0.000,,-0.000,,2.80,0.00,180.0,180.0,,P-GPS,,,18,4,TRUE,,Mini 4 Pro,,,,,,FALSE,TRUE,,,,,,,,,,,,,,,,,,,,,,,,,,,,,,,,,,,,,,,,,,,,,,,,81.2,,,,8.058,,,,,,,8.972,,,,,,,,,,,,,,,,,,,,,,,,,,,,,,,,1.40500000,103.70000000,530.9,,,,,,,,,,,,,,,,,,,,,,,,,,,,Mini 4 Pro,SYNHBTYP3DCN27ZMB,CAM6DGF46D3QRQAQB,RCSAK6RX8DFEXERNB,BATCE5VSLHKU2L2CH,,,,,,,,Mini 4 Pro,SYNHBTYP3DCN27ZMB,,,,DJI Fly,,1.13.5,606506D4-8CA6-50D1-AD4F-F7F7ED2A7646,,,,,,,,,,
1773845093,3m 53.0s,233.0,1.40635798,103.70026988,196.9,196.9,30.0,376.9,4870.4,17.895,17.895,-17.895,,0.000,,-0.000,,2.80,0.00,180.0,180.0,,P-GPS,,,18,4,TRUE,,Mini 4 Pro,,,,,,FALSE,TRUE,,,,,,,,,,,,,,,,,,,,,,,,,,,,,,,,,,,,,,,,,,,,,,,,81.1,,,,8.058,,,,,,,8.972,,,,,,,,,,,,,,,,,,,,,,,,,,,,,,,,1.40500000,103.70000000,505.1,,,,,,,,,,,,,,,,,,,,,,,,,,,,Mini 4 Pro,SYNHBTYP3DCN27ZMB,CAM6DGF46D3QRQAQB,RCSAK6RX8DFEXERNB,BATCE5VSLHKU2L2CH,,,,,,,,Mini 4 Pro,SYNHBTYP3DCN27ZMB,,,,DJI Fly,,1.13.5,606506D4-8CA6-50D1-AD4F-F7F7ED2A7646,,,,,,,,,,
1773845094,3m 54.0s,234.0,1.40628603,103.70026988,196.9,196.9,30.0,376.9,4896.6,17.895,17.895,-17.895,,0.000,,-0.000,,2.80,0.00,180.0,180.0,,P-GPS,,,18,4,TRUE,,Mini 4 Pro,,,,,,FALSE,TRUE,,,,,,,,,,,,,,,,,,,,,,,,,,,,,,,,,,,,,,,,,,,,,,,,81.1,,,,8.057,,,,,,,8.972,,,,,,,,,,,,,,,,,,,,,,,,,,,,,,,,1.40500000,103.70000000,479.4,,,,,,,,,,,,,,,,,,,,,,,,,,,,Mini 4 Pro,SYNHBTYP3DCN27ZMB,CAM6DGF46D3QRQAQB,RCSAK6RX8DFEXERNB,BATCE5VSLHKU2L2CH,,,,,,,,Mini 4 Pro,SYNHBTYP3DCN27ZMB,,,,DJI Fly,,1.13.5,606506D4-8CA6-50D1-AD4F-F7F7ED2A7646,,,,,,,,,,
1773845095,3m 55.0s,235.0,1.40621408,103.70026988,196.9,196.9,30.0,376.9,4922.9,17.895,17.895,-17.895,,0.000,,-0.000,,2.80,0.00,180.0,180.0,,P-GPS,,,18,4,TRUE,,Mini 4 Pro,,,,,,FALSE,TRUE,,,,,,,,,,,,,,,,,,,,,,,,,,,,,,,,,,,,,,,,,,,,,,,,81.1,,,,8.057,,,,,,,8.972,,,,,,,,,,,,,,,,,,,,,,,,,,,,,,,,1.40500000,103.70000000,453.7,,,,,,,,,,,,,,,,,,,,,,,,,,,,Mini 4 Pro,SYNHBTYP3DCN27ZMB,CAM6DGF46D3QRQAQB,RCSAK6RX8DFEXERNB,BATCE5VSLHKU2L2CH,,,,,,,,Mini 4 Pro,SYNHBTYP3DCN27ZMB,,,,DJI Fly,,1.13.5,606506D4-8CA6-50D1-AD4F-F7F7ED2A7646,,,,,,,,,,
1773845096,3m 56.0s,236.0,1.40614214,103.70026988,196.9,196.9,30.0,376.9,4949.1,17.895,17.895,-17.895,,0.000,,-0.000,,2.80,0.00,180.0,180.0,,P-GPS,,,18,4,TRUE,,Mini 4 Pro,,,,,,FALSE,TRUE,,,,,,,,,,,,,,,,,,,,,,,,,,,,,,,,,,,,,,,,,,,,,,,,81.1,,,,8.056,,,,,,,8.972,,,,,,,,,,,,,,,,,,,,,,,,,,,,,,,,1.40500000,103.70000000,428.1,,,,,,,,,,,,,,,,,,,,,,,,,,,,Mini 4 Pro,SYNHBTYP3DCN27ZMB,CAM6DGF46D3QRQAQB,RCSAK6RX8DFEXERNB,BATCE5VSLHKU2L2CH,,,,,,,,Mini 4 Pro,SYNHBTYP3DCN27ZMB,,,,DJI Fly,,1.13.5,606506D4-8CA6-50D1-AD4F-F7F7ED2A7646,,,,,,,,,,
1773845097,3m 57.0s,237.0,1.40607019,103.70026988,196.9,196.9,30.0,376.9,4975.4,17.895,17.895,-17.895,,0.000,,-0.000,,2.80,0.00,180.0,180.0,,P-GPS,,,18,4,TRUE,,Mini 4 Pro,,,,,,FALSE,TRUE,,,,,,,,,,,,,,,,,,,,,,,,,,,,,,,,,,,,,,,,,,,,,,,,81.0,,,,8.056,,,,,,,8.972,,,,,,,,,,,,,,,,,,,,,,,,,,,,,,,,1.40500000,103.70000000,402.6,,,,,,,,,,,,,,,,,,,,,,,,,,,,Mini 4 Pro,SYNHBTYP3DCN27ZMB,CAM6DGF46D3QRQAQB,RCSAK6RX8DFEXERNB,BATCE5VSLHKU2L2CH,,,,,,,,Mini 4 Pro,SYNHBTYP3DCN27ZMB,,,,DJI Fly,,1.13.5,606506D4-8CA6-50D1-AD4F-F7F7ED2A7646,,,,,,,,,,
1773845098,3m 58.0s,238.0,1.40599825,103.70026988,196.9,196.9,30.0,376.9,5001.6,17.895,17.895,-17.895,,0.000,,-0.000,,2.80,0.00,180.0,180.0,,P-GPS,,,18,4,TRUE,,Mini 4 Pro,,,,,,FALSE,TRUE,,,,,,,,,,,,,,,,,,,,,,,,,,,,,,,,,,,,,,,,,,,,,,,,81.0,,,,8.056,,,,,,,8.972,,,,,,,,,,,,,,,,,,,,,,,,,,,,,,,,1.40500000,103.70000000,377.2,,,,,,,,,,,,,,,,,,,,,,,,,,,,Mini 4 Pro,SYNHBTYP3DCN27ZMB,CAM6DGF46D3QRQAQB,RCSAK6RX8DFEXERNB,BATCE5VSLHKU2L2CH,,,,,,,,Mini 4 Pro,SYNHBTYP3DCN27ZMB,,,,DJI Fly,,1.13.5,606506D4-8CA6-50D1-AD4F-F7F7ED2A7646,,,,,,,,,,
1773845099,3m 59.0s,239.0,1.40592630,103.70026988,196.9,196.9,30.0,376.9,5027.8,17.895,17.895,-17.895,,0.000,,-0.000,,2.80,0.00,180.0,180.0,,P-GPS,,,18,4,TRUE,,Mini 4 Pro,,,,,,FALSE,TRUE,,,,,,,,,,,,,,,,,,,,,,,,,,,,,,,,,,,,,,,,,,,,,,,,81.0,,,,8.055,,,,,,,8.972,,,,,,,,,,,,,,,,,,,,,,,,,,,,,,,,1.40500000,103.70000000,352.0,,,,,,,,,,,,,,,,,,,,,,,,,,,,Mini 4 Pro,SYNHBTYP3DCN27ZMB,CAM6DGF46D3QRQAQB,RCSAK6RX8DFEXERNB,BATCE5VSLHKU2L2CH,,,,,,,,Mini 4 Pro,SYNHBTYP3DCN27ZMB,,,,DJI Fly,,1.13.5,606506D4-8CA6-50D1-AD4F-F7F7ED2A7646,,,,,,,,,,
1773845100,4m 0.0s,240.0,1.40585436,103.70026988,196.9,196.9,30.0,376.9,5054.1,17.895,17.895,-17.895,,0.000,,-0.000,,2.80,0.00,180.0,180.0,,P-GPS,,,18,4,TRUE,,Mini 4 Pro,,,,,,FALSE,TRUE,,,,,,,,,,,,,,,,,,,,,,,,,,,,,,,,,,,,,,,,,,,,,,,,80.9,,,,8.055,,,,,,,8.972,,,,,,,,,,,,,,,,,,,,,,,,,,,,,,,,1.40500000,103.70000000,326.9,,,,,,,,,,,,,,,,,,,,,,,,,,,,Mini 4 Pro,SYNHBTYP3DCN27ZMB,CAM6DGF46D3QRQAQB,RCSAK6RX8DFEXERNB,BATCE5VSLHKU2L2CH,,,,,,,,Mini 4 Pro,SYNHBTYP3DCN27ZMB,,,,DJI Fly,,1.13.5,606506D4-8CA6-50D1-AD4F-F7F7ED2A7646,,,,,,,,,,
1773845101,4m 1.0s,241.0,1.40578241,103.70026988,196.9,196.9,30.0,376.9,5080.3,17.895,17.895,-17.895,,0.000,,-0.000,,2.80,0.00,180.0,180.0,,P-GPS,,,18,4,TRUE,,Mini 4 Pro,,,,,,FALSE,TRUE,,,,,,,,,,,,,,,,,,,,,,,,,,,,,,,,,,,,,,,,,,,,,,,,80.9,,,,8.054,,,,,,,8.972,,,,,,,,,,,,,,,,,,,,,,,,,,,,,,,,1.40500000,103.70000000,301.9,,,,,,,,,,,,,,,,,,,,,,,,,,,,Mini 4 Pro,SYNHBTYP3DCN27ZMB,CAM6DGF46D3QRQAQB,RCSAK6RX8DFEXERNB,BATCE5VSLHKU2L2CH,,,,,,,,Mini 4 Pro,SYNHBTYP3DCN27ZMB,,,,DJI Fly,,1.13.5,606506D4-8CA6-50D1-AD4F-F7F7ED2A7646,,,,,,,,,,
1773845102,4m 2.0s,242.0,1.40571046,103.70026988,196.9,196.9,30.0,376.9,5106.6,17.895,17.895,-17.895,,0.000,,-0.000,,2.80,0.00,180.0,180.0,,P-GPS,,,18,4,TRUE,,Mini 4 Pro,,,,,,FALSE,TRUE,,,,,,,,,,,,,,,,,,,,,,,,,,,,,,,,,,,,,,,,,,,,,,,,80.9,,,,8.054,,,,,,,8.972,,,,,,,,,,,,,,,,,,,,,,,,,,,,,,,,1.40500000,103.70000000,277.2,,,,,,,,,,,,,,,,,,,,,,,,,,,,Mini 4 Pro,SYNHBTYP3DCN27ZMB,CAM6DGF46D3QRQAQB,RCSAK6RX8DFEXERNB,BATCE5VSLHKU2L2CH,,,,,,,,Mini 4 Pro,SYNHBTYP3DCN27ZMB,,,,DJI Fly,,1.13.5,606506D4-8CA6-50D1-AD4F-F7F7ED2A7646,,,,,,,,,,
1773845103,4m 3.0s,243.0,1.40563852,103.70026988,196.9,196.9,30.0,376.9,5132.8,17.895,17.895,-17.895,,0.000,,-0.000,,2.80,0.00,180.0,180.0,,P-GPS,,,18,4,TRUE,,Mini 4 Pro,,,,,,FALSE,TRUE,,,,,,,,,,,,,,,,,,,,,,,,,,,,,,,,,,,,,,,,,,,,,,,,80.9,,,,8.053,,,,,,,8.972,,,,,,,,,,,,,,,,,,,,,,,,,,,,,,,,1.40500000,103.70000000,252.9,,,,,,,,,,,,,,,,,,,,,,,,,,,,Mini 4 Pro,SYNHBTYP3DCN27ZMB,CAM6DGF46D3QRQAQB,RCSAK6RX8DFEXERNB,BATCE5VSLHKU2L2CH,,,,,,,,Mini 4 Pro,SYNHBTYP3DCN27ZMB,,,,DJI Fly,,1.13.5,606506D4-8CA6-50D1-AD4F-F7F7ED2A7646,,,,,,,,,,
1773845104,4m 4.0s,244.0,1.40556657,103.70026988,196.9,196.9,30.0,376.9,5159.1,17.895,17.895,-17.895,,0.000,,-0.000,,2.80,0.00,180.0,180.0,,P-GPS,,,18,4,TRUE,,Mini 4 Pro,,,,,,FALSE,TRUE,,,,,,,,,,,,,,,,,,,,,,,,,,,,,,,,,,,,,,,,,,,,,,,,80.8,,,,8.053,,,,,,,8.972,,,,,,,,,,,,,,,,,,,,,,,,,,,,,,,,1.40500000,103.70000000,228.9,,,,,,,,,,,,,,,,,,,,,,,,,,,,Mini 4 Pro,SYNHBTYP3DCN27ZMB,CAM6DGF46D3QRQAQB,RCSAK6RX8DFEXERNB,BATCE5VSLHKU2L2CH,,,,,,,,Mini 4 Pro,SYNHBTYP3DCN27ZMB,,,,DJI Fly,,1.13.5,606506D4-8CA6-50D1-AD4F-F7F7ED2A7646,,,,,,,,,,
1773845105,4m 5.0s,245.0,1.40549463,103.70026988,196.9,196.9,30.0,376.9,5185.3,17.895,17.895,-17.895,,0.000,,-0.000,,2.80,0.00,180.0,180.0,,P-GPS,,,18,4,TRUE,,Mini 4 Pro,,,,,,FALSE,TRUE,,,,,,,,,,,,,,,,,,,,,,,,,,,,,,,,,,,,,,,,,,,,,,,,80.8,,,,8.052,,,,,,,8.972,,,,,,,,,,,,,,,,,,,,,,,,,,,,,,,,1.40500000,103.70000000,205.5,,,,,,,,,,,,,,,,,,,,,,,,,,,,Mini 4 Pro,SYNHBTYP3DCN27ZMB,CAM6DGF46D3QRQAQB,RCSAK6RX8DFEXERNB,BATCE5VSLHKU2L2CH,,,,,,,,Mini 4 Pro,SYNHBTYP3DCN27ZMB,,,,DJI Fly,,1.13.5,606506D4-8CA6-50D1-AD4F-F7F7ED2A7646,,,,,,,,,,
1773845106,4m 6.0s,246.0,1.40542268,103.70026988,196.9,196.9,30.0,376.9,5211.6,17.895,17.895,-17.895,,0.000,,-0.000,,2.80,0.00,180.0,180.0,,P-GPS,,,18,4,TRUE,,Mini 4 Pro,,,,,,FALSE,TRUE,,,,,,,,,,,,,,,,,,,,,,,,,,,,,,,,,,,,,,,,,,,,,,,,80.8,,,,8.052,,,,,,,8.972,,,,,,,,,,,,,,,,,,,,,,,,,,,,,,,,1.40500000,103.70000000,182.9,,,,,,,,,,,,,,,,,,,,,,,,,,,,Mini 4 Pro,SYNHBTYP3DCN27ZMB,CAM6DGF46D3QRQAQB,RCSAK6RX8DFEXERNB,BATCE5VSLHKU2L2CH,,,,,,,,Mini 4 Pro,SYNHBTYP3DCN27ZMB,,,,DJI Fly,,1.13.5,606506D4-8CA6-50D1-AD4F-F7F7ED2A7646,,,,,,,,,,
1773845107,4m 7.0s,247.0,1.40535074,103.70026988,196.9,196.9,30.0,376.9,5237.8,17.895,17.895,-17.895,,0.000,,-0.000,,2.80,0.00,180.0,180.0,,P-GPS,,,18,4,TRUE,,Mini 4 Pro,,,,,,FALSE,TRUE,,,,,,,,,,,,,,,,,,,,,,,,,,,,,,,,,,,,,,,,,,,,,,,,80.7,,,,8.051,,,,,,,8.972,,,,,,,,,,,,,,,,,,,,,,,,,,,,,,,,1.40500000,103.70000000,161.4,,,,,,,,,,,,,,,,,,,,,,,,,,,,Mini 4 Pro,SYNHBTYP3DCN27ZMB,CAM6DGF46D3QRQAQB,RCSAK6RX8DFEXERNB,BATCE5VSLHKU2L2CH,,,,,,,,Mini 4 Pro,SYNHBTYP3DCN27ZMB,,,,DJI Fly,,1.13.5,606506D4-8CA6-50D1-AD4F-F7F7ED2A7646,,,,,,,,,,
1773845108,4m 8.0s,248.0,1.40527879,103.70026988,196.9,196.9,30.0,376.9,5264.1,17.895,17.895,-17.895,,0.000,,-0.000,,2.80,0.00,180.0,180.0,,P-GPS,,,18,4,TRUE,,Mini 4 Pro,,,,,,FALSE,TRUE,,,,,,,,,,,,,,,,,,,,,,,,,,,,,,,,,,,,,,,,,,,,,,,,80.7,,,,8.051,,,,,,,8.972,,,,,,,,,,,,,,,,,,,,,,,,,,,,,,,,1.40500000,103.70000000,141.5,,,,,,,,,,,,,,,,,,,,,,,,,,,,Mini 4 Pro,SYNHBTYP3DCN27ZMB,CAM6DGF46D3QRQAQB,RCSAK6RX8DFEXERNB,BATCE5VSLHKU2L2CH,,,,,,,,Mini 4 Pro,SYNHBTYP3DCN27ZMB,,,,DJI Fly,,1.13.5,606506D4-8CA6-50D1-AD4F-F7F7ED2A7646,,,,,,,,,,
1773845109,4m 9.0s,249.0,1.40520684,103.70026988,196.9,196.9,30.0,376.9,5290.3,17.895,17.895,-17.895,,0.000,,-0.000,,2.80,0.00,180.0,180.0,,P-GPS,,,18,4,TRUE,,Mini 4 Pro,,,,,,FALSE,TRUE,,,,,,,,,,,,,,,,,,,,,,,,,,,,,,,,,,,,,,,,,,,,,,,,80.7,,,,8.050,,,,,,,8.972,,,,,,,,,,,,,,,,,,,,,,,,,,,,,,,,1.40500000,103.70000000,124.0,,,,,,,,,,,,,,,,,,,,,,,,,,,,Mini 4 Pro,SYNHBTYP3DCN27ZMB,CAM6DGF46D3QRQAQB,RCSAK6RX8DFEXERNB,BATCE5VSLHKU2L2CH,,,,,,,,Mini 4 Pro,SYNHBTYP3DCN27ZMB,,,,DJI Fly,,1.13.5,606506D4-8CA6-50D1-AD4F-F7F7ED2A7646,,,,,,,,,,
1773845110,4m 10.0s,250.0,1.40513490,103.70026988,196.9,196.9,30.0,376.9,5316.6,17.895,17.895,-17.895,,0.000,,-0.000,,2.80,0.00,180.0,180.0,,P-GPS,,,18,4,TRUE,,Mini 4 Pro,,,,,,FALSE,TRUE,,,,,,,,,,,,,,,,,,,,,,,,,,,,,,,,,,,,,,,,,,,,,,,,80.6,,,,8.050,,,,,,,8.972,,,,,,,,,,,,,,,,,,,,,,,,,,,,,,,,1.40500000,103.70000000,110.0,,,,,,,,,,,,,,,,,,,,,,,,,,,,Mini 4 Pro,SYNHBTYP3DCN27ZMB,CAM6DGF46D3QRQAQB,RCSAK6RX8DFEXERNB,BATCE5VSLHKU2L2CH,,,,,,,,Mini 4 Pro,SYNHBTYP3DCN27ZMB,,,,DJI Fly,,1.13.5,606506D4-8CA6-50D1-AD4F-F7F7ED2A7646,,,,,,,,,,
1773845111,4m 11.0s,251.0,1.40506295,103.70026988,196.9,196.9,30.0,376.9,5342.8,17.895,17.895,-17.895,,0.000,,-0.000,,2.80,0.00,180.0,180.0,,P-GPS,,,18,4,TRUE,,Mini 4 Pro,,,,,,FALSE,TRUE,,,,,,,,,,,,,,,,,,,,,,,,,,,,,,,,,,,,,,,,,,,,,,,,80.6,,,,8.050,,,,,,,8.972,,,,,,,,,,,,,,,,,,,,,,,,,,,,,,,,1.40500000,103.70000000,101.1,,,,,,,,,,,,,,,,,,,,,,,,,,,,Mini 4 Pro,SYNHBTYP3DCN27ZMB,CAM6DGF46D3QRQAQB,RCSAK6RX8DFEXERNB,BATCE5VSLHKU2L2CH,,,,,,,,Mini 4 Pro,SYNHBTYP3DCN27ZMB,,,,DJI Fly,,1.13.5,606506D4-8CA6-50D1-AD4F-F7F7ED2A7646,,,,,,,,,,
1773845112,4m 12.0s,252.0,1.40499101,103.70026988,196.9,196.9,30.0,376.9,5369.1,17.895,17.895,-17.895,,0.000,,-0.000,,2.80,0.00,180.0,180.0,,P-GPS,,,18,4,TRUE,,Mini 4 Pro,,,,,,FALSE,TRUE,,,,,,,,,,,,,,,,,,,,,,,,,,,,,,,,,,,,,,,,,,,,,,,,80.6,,,,8.049,,,,,,,8.972,,,,,,,,,,,,,,,,,,,,,,,,,,,,,,,,1.40500000,103.70000000,98.5,,,,,,,,,,,,,,,,,,,,,,,,,,,,Mini 4 Pro,SYNHBTYP3DCN27ZMB,CAM6DGF46D3QRQAQB,RCSAK6RX8DFEXERNB,BATCE5VSLHKU2L2CH,,,,,,,,Mini 4 Pro,SYNHBTYP3DCN27ZMB,,,,DJI Fly,,1.13.5,606506D4-8CA6-50D1-AD4F-F7F7ED2A7646,,,,,,,,,,
1773845113,4m 13.0s,253.0,1.40491906,103.70026988,196.9,196.9,30.0,376.9,5395.3,17.895,17.895,-17.895,,0.000,,-0.000,,2.80,0.00,180.0,180.0,,P-GPS,,,18,4,TRUE,,Mini 4 Pro,,,,,,FALSE,TRUE,,,,,,,,,,,,,,,,,,,,,,,,,,,,,,,,,,,,,,,,,,,,,,,,80.6,,,,8.049,,,,,,,8.972,,,,,,,,,,,,,,,,,,,,,,,,,,,,,,,,1.40500000,103.70000000,102.8,,,,,,,,,,,,,,,,,,,,,,,,,,,,Mini 4 Pro,SYNHBTYP3DCN27ZMB,CAM6DGF46D3QRQAQB,RCSAK6RX8DFEXERNB,BATCE5VSLHKU2L2CH,,,,,,,,Mini 4 Pro,SYNHBTYP3DCN27ZMB,,,,DJI Fly,,1.13.5,606506D4-8CA6-50D1-AD4F-F7F7ED2A7646,,,,,,,,,,
1773845114,4m 14.0s,254.0,1.40484712,103.70026988,196.9,196.9,30.0,376.9,5421.6,17.895,17.895,-17.895,,0.000,,-0.000,,2.80,0.00,180.0,180.0,,P-GPS,,,18,4,TRUE,,Mini 4 Pro,,,,,,FALSE,TRUE,,,,,,,,,,,,,,,,,,,,,,,,,,,,,,,,,,,,,,,,,,,,,,,,80.5,,,,8.048,,,,,,,8.972,,,,,,,,,,,,,,,,,,,,,,,,,,,,,,,,1.40500000,103.70000000,113.1,,,,,,,,,,,,,,,,,,,,,,,,,,,,Mini 4 Pro,SYNHBTYP3DCN27ZMB,CAM6DGF46D3QRQAQB,RCSAK6RX8DFEXERNB,BATCE5VSLHKU2L2CH,,,,,,,,Mini 4 Pro,SYNHBTYP3DCN27ZMB,,,,DJI Fly,,1.13.5,606506D4-8CA6-50D1-AD4F-F7F7ED2A7646,,,,,,,,,,
1773845115,4m 15.0s,255.0,1.40477517,103.70026988,196.9,196.9,30.0,376.9,5447.8,17.895,17.895,-17.895,,0.000,,-0.000,,2.80,0.00,180.0,180.0,,P-GPS,,,18,4,TRUE,,Mini 4 Pro,,,,,,FALSE,TRUE,,,,,,,,,,,,,,,,,,,,,,,,,,,,,,,,,,,,,,,,,,,,,,,,80.5,,,,8.048,,,,,,,8.972,,,,,,,,,,,,,,,,,,,,,,,,,,,,,,,,1.40500000,103.70000000,128.1,,,,,,,,,,,,,,,,,,,,,,,,,,,,Mini 4 Pro,SYNHBTYP3DCN27ZMB,CAM6DGF46D3QRQAQB,RCSAK6RX8DFEXERNB,BATCE5VSLHKU2L2CH,,,,,,,,Mini 4 Pro,SYNHBTYP3DCN27ZMB,,,,DJI Fly,,1.13.5,606506D4-8CA6-50D1-AD4F-F7F7ED2A7646,,,,,,,,,,
1773845116,4m 16.0s,256.0,1.40470322,103.70026988,196.9,196.9,30.0,376.9,5474.0,17.895,17.895,-17.895,,0.000,,-0.000,,2.80,0.00,180.0,180.0,,P-GPS,,,18,4,TRUE,,Mini 4 Pro,,,,,,FALSE,TRUE,,,,,,,,,,,,,,,,,,,,,,,,,,,,,,,,,,,,,,,,,,,,,,,,80.5,,,,8.047,,,,,,,8.972,,,,,,,,,,,,,,,,,,,,,,,,,,,,,,,,1.40500000,103.70000000,146.3,,,,,,,,,,,,,,,,,,,,,,,,,,,,Mini 4 Pro,SYNHBTYP3DCN27ZMB,CAM6DGF46D3QRQAQB,RCSAK6RX8DFEXERNB,BATCE5VSLHKU2L2CH,,,,,,,,Mini 4 Pro,SYNHBTYP3DCN27ZMB,,,,DJI Fly,,1.13.5,606506D4-8CA6-50D1-AD4F-F7F7ED2A7646,,,,,,,,,,
1773845117,4m 17.0s,257.0,1.40463128,103.70026988,196.9,196.9,30.0,376.9,5500.3,17.895,17.895,-17.895,,0.000,,-0.000,,2.80,0.00,180.0,180.0,,P-GPS,,,18,4,TRUE,,Mini 4 Pro,,,,,,FALSE,TRUE,,,,,,,,,,,,,,,,,,,,,,,,,,,,,,,,,,,,,,,,,,,,,,,,80.4,,,,8.047,,,,,,,8.972,,,,,,,,,,,,,,,,,,,,,,,,,,,,,,,,1.40500000,103.70000000,166.7,,,,,,,,,,,,,,,,,,,,,,,,,,,,Mini 4 Pro,SYNHBTYP3DCN27ZMB,CAM6DGF46D3QRQAQB,RCSAK6RX8DFEXERNB,BATCE5VSLHKU2L2CH,,,,,,,,Mini 4 Pro,SYNHBTYP3DCN27ZMB,,,,DJI Fly,,1.13.5,606506D4-8CA6-50D1-AD4F-F7F7ED2A7646,,,,,,,,,,
1773845118,4m 18.0s,258.0,1.40455933,103.70026988,196.9,196.9,30.0,376.9,5526.5,17.895,17.895,-17.895,,0.000,,-0.000,,2.80,0.00,180.0,180.0,,P-GPS,,,18,4,TRUE,,Mini 4 Pro,,,,,,FALSE,TRUE,,,,,,,,,,,,,,,,,,,,,,,,,,,,,,,,,,,,,,,,,,,,,,,,80.4,,,,8.046,,,,,,,8.972,,,,,,,,,,,,,,,,,,,,,,,,,,,,,,,,1.40500000,103.70000000,188.5,,,,,,,,,,,,,,,,,,,,,,,,,,,,Mini 4 Pro,SYNHBTYP3DCN27ZMB,CAM6DGF46D3QRQAQB,RCSAK6RX8DFEXERNB,BATCE5VSLHKU2L2CH,,,,,,,,Mini 4 Pro,SYNHBTYP3DCN27ZMB,,,,DJI Fly,,1.13.5,606506D4-8CA6-50D1-AD4F-F7F7ED2A7646,,,,,,,,,,
1773845119,4m 19.0s,259.0,1.40448739,103.70026988,196.9,196.9,30.0,376.9,5552.8,17.895,17.895,-17.895,,0.000,,-0.000,,2.80,0.00,180.0,180.0,,P-GPS,,,18,4,TRUE,,Mini 4 Pro,,,,,,FALSE,TRUE,,,,,,,,,,,,,,,,,,,,,,,,,,,,,,,,,,,,,,,,,,,,,,,,80.4,,,,8.046,,,,,,,8.972,,,,,,,,,,,,,,,,,,,,,,,,,,,,,,,,1.40500000,103.70000000,211.3,,,,,,,,,,,,,,,,,,,,,,,,,,,,Mini 4 Pro,SYNHBTYP3DCN27ZMB,CAM6DGF46D3QRQAQB,RCSAK6RX8DFEXERNB,BATCE5VSLHKU2L2CH,,,,,,,,Mini 4 Pro,SYNHBTYP3DCN27ZMB,,,,DJI Fly,,1.13.5,606506D4-8CA6-50D1-AD4F-F7F7ED2A7646,,,,,,,,,,
1773845120,4m 20.0s,260.0,1.40441544,103.70026988,196.9,196.9,30.0,376.9,5579.0,17.895,17.895,-17.895,,0.000,,-0.000,,2.80,0.00,180.0,180.0,,P-GPS,,,18,4,TRUE,,Mini 4 Pro,,,,,,FALSE,TRUE,,,,,,,,,,,,,,,,,,,,,,,,,,,,,,,,,,,,,,,,,,,,,,,,80.4,,,,8.045,,,,,,,8.972,,,,,,,,,,,,,,,,,,,,,,,,,,,,,,,,1.40500000,103.70000000,234.9,,,,,,,,,,,,,,,,,,,,,,,,,,,,Mini 4 Pro,SYNHBTYP3DCN27ZMB,CAM6DGF46D3QRQAQB,RCSAK6RX8DFEXERNB,BATCE5VSLHKU2L2CH,,,,,,,,Mini 4 Pro,SYNHBTYP3DCN27ZMB,,,,DJI Fly,,1.13.5,606506D4-8CA6-50D1-AD4F-F7F7ED2A7646,,,,,,,,,,
1773845121,4m 21.0s,261.0,1.40434350,103.70026988,196.9,196.9,30.0,376.9,5605.3,17.895,17.895,-17.895,,0.000,,-0.000,,2.80,0.00,180.0,180.0,,P-GPS,,,18,4,TRUE,,Mini 4 Pro,,,,,,FALSE,TRUE,,,,,,,,,,,,,,,,,,,,,,,,,,,,,,,,,,,,,,,,,,,,,,,,80.3,,,,8.045,,,,,,,8.972,,,,,,,,,,,,,,,,,,,,,,,,,,,,,,,,1.40500000,103.70000000,258.9,,,,,,,,,,,,,,,,,,,,,,,,,,,,Mini 4 Pro,SYNHBTYP3DCN27ZMB,CAM6DGF46D3QRQAQB,RCSAK6RX8DFEXERNB,BATCE5VSLHKU2L2CH,,,,,,,,Mini 4 Pro,SYNHBTYP3DCN27ZMB,,,,DJI Fly,,1.13.5,606506D4-8CA6-50D1-AD4F-F7F7ED2A7646,,,,,,,,,,
1773845122,4m 22.0s,262.0,1.40427155,103.70026988,196.9,196.9,30.0,376.9,5631.5,17.895,17.895,-17.895,,0.000,,-0.000,,2.80,0.00,180.0,180.0,,P-GPS,,,18,4,TRUE,,Mini 4 Pro,,,,,,FALSE,TRUE,,,,,,,,,,,,,,,,,,,,,,,,,,,,,,,,,,,,,,,,,,,,,,,,80.3,,,,8.045,,,,,,,8.972,,,,,,,,,,,,,,,,,,,,,,,,,,,,,,,,1.40500000,103.70000000,283.4,,,,,,,,,,,,,,,,,,,,,,,,,,,,Mini 4 Pro,SYNHBTYP3DCN27ZMB,CAM6DGF46D3QRQAQB,RCSAK6RX8DFEXERNB,BATCE5VSLHKU2L2CH,,,,,,,,Mini 4 Pro,SYNHBTYP3DCN27ZMB,,,,DJI Fly,,1.13.5,606506D4-8CA6-50D1-AD4F-F7F7ED2A7646,,,,,,,,,,
1773845123,4m 23.0s,263.0,1.40419960,103.70026988,196.9,196.9,30.0,376.9,5657.8,17.895,17.895,-17.895,,0.000,,-0.000,,2.80,0.00,180.0,180.0,,P-GPS,,,18,4,TRUE,,Mini 4 Pro,,,,,,FALSE,TRUE,,,,,,,,,,,,,,,,,,,,,,,,,,,,,,,,,,,,,,,,,,,,,,,,80.3,,,,8.044,,,,,,,8.972,,,,,,,,,,,,,,,,,,,,,,,,,,,,,,,,1.40500000,103.70000000,308.1,,,,,,,,,,,,,,,,,,,,,,,,,,,,Mini 4 Pro,SYNHBTYP3DCN27ZMB,CAM6DGF46D3QRQAQB,RCSAK6RX8DFEXERNB,BATCE5VSLHKU2L2CH,,,,,,,,Mini 4 Pro,SYNHBTYP3DCN27ZMB,,,,DJI Fly,,1.13.5,606506D4-8CA6-50D1-AD4F-F7F7ED2A7646,,,,,,,,,,
1773845124,4m 24.0s,264.0,1.40412766,103.70026988,196.9,196.9,30.0,376.9,5684.0,17.895,17.895,-17.895,,0.000,,-0.000,,2.80,0.00,180.0,180.0,,P-GPS,,,18,4,TRUE,,Mini 4 Pro,,,,,,FALSE,TRUE,,,,,,,,,,,,,,,,,,,,,,,,,,,,,,,,,,,,,,,,,,,,,,,,80.2,,,,8.044,,,,,,,8.972,,,,,,,,,,,,,,,,,,,,,,,,,,,,,,,,1.40500000,103.70000000,333.1,,,,,,,,,,,,,,,,,,,,,,,,,,,,Mini 4 Pro,SYNHBTYP3DCN27ZMB,CAM6DGF46D3QRQAQB,RCSAK6RX8DFEXERNB,BATCE5VSLHKU2L2CH,,,,,,,,Mini 4 Pro,SYNHBTYP3DCN27ZMB,,,,DJI Fly,,1.13.5,606506D4-8CA6-50D1-AD4F-F7F7ED2A7646,,,,,,,,,,
1773845125,4m 25.0s,265.0,1.40405571,103.70026988,196.9,196.9,30.0,376.9,5710.3,17.895,17.895,-17.895,,0.000,,-0.000,,2.80,0.00,180.0,180.0,,P-GPS,,,18,4,TRUE,,Mini 4 Pro,,,,,,FALSE,TRUE,,,,,,,,,,,,,,,,,,,,,,,,,,,,,,,,,,,,,,,,,,,,,,,,80.2,,,,8.043,,,,,,,8.972,,,,,,,,,,,,,,,,,,,,,,,,,,,,,,,,1.40500000,103.70000000,358.3,,,,,,,,,,,,,,,,,,,,,,,,,,,,Mini 4 Pro,SYNHBTYP3DCN27ZMB,CAM6DGF46D3QRQAQB,RCSAK6RX8DFEXERNB,BATCE5VSLHKU2L2CH,,,,,,,,Mini 4 Pro,SYNHBTYP3DCN27ZMB,,,,DJI Fly,,1.13.5,606506D4-8CA6-50D1-AD4F-F7F7ED2A7646,,,,,,,,,,
1773845126,4m 26.0s,266.0,1.40398377,103.70026988,196.9,196.9,30.0,376.9,5736.5,17.895,17.895,-17.895,,0.000,,-0.000,,2.80,0.00,180.0,180.0,,P-GPS,,,18,4,TRUE,,Mini 4 Pro,,,,,,FALSE,TRUE,,,,,,,,,,,,,,,,,,,,,,,,,,,,,,,,,,,,,,,,,,,,,,,,80.2,,,,8.043,,,,,,,8.972,,,,,,,,,,,,,,,,,,,,,,,,,,,,,,,,1.40500000,103.70000000,383.6,,,,,,,,,,,,,,,,,,,,,,,,,,,,Mini 4 Pro,SYNHBTYP3DCN27ZMB,CAM6DGF46D3QRQAQB,RCSAK6RX8DFEXERNB,BATCE5VSLHKU2L2CH,,,,,,,,Mini 4 Pro,SYNHBTYP3DCN27ZMB,,,,DJI Fly,,1.13.5,606506D4-8CA6-50D1-AD4F-F7F7ED2A7646,,,,,,,,,,
1773845127,4m 27.0s,267.0,1.40391182,103.70026988,196.9,196.9,30.0,376.9,5762.8,17.895,17.895,-17.895,,0.000,,-0.000,,2.80,0.00,180.0,180.0,,P-GPS,,,18,4,TRUE,,Mini 4 Pro,,,,,,FALSE,TRUE,,,,,,,,,,,,,,,,,,,,,,,,,,,,,,,,,,,,,,,,,,,,,,,,80.1,,,,8.042,,,,,,,8.972,,,,,,,,,,,,,,,,,,,,,,,,,,,,,,,,1.40500000,103.70000000,409.0,,,,,,,,,,,,,,,,,,,,,,,,,,,,Mini 4 Pro,SYNHBTYP3DCN27ZMB,CAM6DGF46D3QRQAQB,RCSAK6RX8DFEXERNB,BATCE5VSLHKU2L2CH,,,,,,,,Mini 4 Pro,SYNHBTYP3DCN27ZMB,,,,DJI Fly,,1.13.5,606506D4-8CA6-50D1-AD4F-F7F7ED2A7646,,,,,,,,,,
1773845128,4m 28.0s,268.0,1.40383988,103.70026988,196.9,196.9,30.0,376.9,5789.0,17.895,17.895,-17.895,,0.000,,-0.000,,2.80,0.00,180.0,180.0,,P-GPS,,,18,4,TRUE,,Mini 4 Pro,,,,,,FALSE,TRUE,,,,,,,,,,,,,,,,,,,,,,,,,,,,,,,,,,,,,,,,,,,,,,,,80.1,,,,8.042,,,,,,,8.972,,,,,,,,,,,,,,,,,,,,,,,,,,,,,,,,1.40500000,103.70000000,434.5,,,,,,,,,,,,,,,,,,,,,,,,,,,,Mini 4 Pro,SYNHBTYP3DCN27ZMB,CAM6DGF46D3QRQAQB,RCSAK6RX8DFEXERNB,BATCE5VSLHKU2L2CH,,,,,,,,Mini 4 Pro,SYNHBTYP3DCN27ZMB,,,,DJI Fly,,1.13.5,606506D4-8CA6-50D1-AD4F-F7F7ED2A7646,,,,,,,,,,
1773845129,4m 29.0s,269.0,1.40376793,103.70026988,196.9,196.9,30.0,376.9,5815.3,17.895,17.895,-17.895,,0.000,,-0.000,,2.80,0.00,180.0,180.0,,P-GPS,,,18,4,TRUE,,Mini 4 Pro,,,,,,FALSE,TRUE,,,,,,,,,,,,,,,,,,,,,,,,,,,,,,,,,,,,,,,,,,,,,,,,80.1,,,,8.041,,,,,,,8.972,,,,,,,,,,,,,,,,,,,,,,,,,,,,,,,,1.40500000,103.70000000,460.1,,,,,,,,,,,,,,,,,,,,,,,,,,,,Mini 4 Pro,SYNHBTYP3DCN27ZMB,CAM6DGF46D3QRQAQB,RCSAK6RX8DFEXERNB,BATCE5VSLHKU2L2CH,,,,,,,,Mini 4 Pro,SYNHBTYP3DCN27ZMB,,,,DJI Fly,,1.13.5,606506D4-8CA6-50D1-AD4F-F7F7ED2A7646,,,,,,,,,,
1773845130,4m 30.0s,270.0,1.40369598,103.70026988,196.9,196.9,30.0,376.9,5841.5,17.895,17.895,-17.895,,0.000,,-0.000,,2.80,0.00,180.0,180.0,,P-GPS,,,18,4,TRUE,,Mini 4 Pro,,,,,,FALSE,TRUE,,,,,,,,,,,,,,,,,,,,,,,,,,,,,,,,,,,,,,,,,,,,,,,,80.1,,,,8.041,,,,,,,8.972,,,,,,,,,,,,,,,,,,,,,,,,,,,,,,,,1.40500000,103.70000000,485.8,,,,,,,,,,,,,,,,,,,,,,,,,,,,Mini 4 Pro,SYNHBTYP3DCN27ZMB,CAM6DGF46D3QRQAQB,RCSAK6RX8DFEXERNB,BATCE5VSLHKU2L2CH,,,,,,,,Mini 4 Pro,SYNHBTYP3DCN27ZMB,,,,DJI Fly,,1.13.5,606506D4-8CA6-50D1-AD4F-F7F7ED2A7646,,,,,,,,,,
1773845131,4m 31.0s,271.0,1.40362404,103.70026988,196.9,196.9,30.0,376.9,5867.7,17.895,17.895,-17.895,,0.000,,-0.000,,2.80,0.00,180.0,180.0,,P-GPS,,,18,4,TRUE,,Mini 4 Pro,,,,,,FALSE,TRUE,,,,,,,,,,,,,,,,,,,,,,,,,,,,,,,,,,,,,,,,,,,,,,,,80.0,,,,8.040,,,,,,,8.972,,,,,,,,,,,,,,,,,,,,,,,,,,,,,,,,1.40500000,103.70000000,511.5,,,,,,,,,,,,,,,,,,,,,,,,,,,,Mini 4 Pro,SYNHBTYP3DCN27ZMB,CAM6DGF46D3QRQAQB,RCSAK6RX8DFEXERNB,BATCE5VSLHKU2L2CH,,,,,,,,Mini 4 Pro,SYNHBTYP3DCN27ZMB,,,,DJI Fly,,1.13.5,606506D4-8CA6-50D1-AD4F-F7F7ED2A7646,,,,,,,,,,
1773845132,4m 32.0s,272.0,1.40355209,103.70026988,196.9,196.9,30.0,376.9,5894.0,17.895,17.895,-17.895,,0.000,,-0.000,,2.80,0.00,180.0,180.0,,P-GPS,,,18,4,TRUE,,Mini 4 Pro,,,,,,FALSE,TRUE,,,,,,,,,,,,,,,,,,,,,,,,,,,,,,,,,,,,,,,,,,,,,,,,80.0,,,,8.040,,,,,,,8.972,,,,,,,,,,,,,,,,,,,,,,,,,,,,,,,,1.40500000,103.70000000,537.3,,,,,,,,,,,,,,,,,,,,,,,,,,,,Mini 4 Pro,SYNHBTYP3DCN27ZMB,CAM6DGF46D3QRQAQB,RCSAK6RX8DFEXERNB,BATCE5VSLHKU2L2CH,,,,,,,,Mini 4 Pro,SYNHBTYP3DCN27ZMB,,,,DJI Fly,,1.13.5,606506D4-8CA6-50D1-AD4F-F7F7ED2A7646,,,,,,,,,,
1773845133,4m 33.0s,273.0,1.40348015,103.70026988,196.9,196.9,30.0,376.9,5920.2,17.895,17.895,-17.895,,0.000,,-0.000,,2.80,0.00,180.0,180.0,,P-GPS,,,18,4,TRUE,,Mini 4 Pro,,,,,,FALSE,TRUE,,,,,,,,,,,,,,,,,,,,,,,,,,,,,,,,,,,,,,,,,,,,,,,,80.0,,,,8.040,,,,,,,8.972,,,,,,,,,,,,,,,,,,,,,,,,,,,,,,,,1.40500000,103.70000000,563.1,,,,,,,,,,,,,,,,,,,,,,,,,,,,Mini 4 Pro,SYNHBTYP3DCN27ZMB,CAM6DGF46D3QRQAQB,RCSAK6RX8DFEXERNB,BATCE5VSLHKU2L2CH,,,,,,,,Mini 4 Pro,SYNHBTYP3DCN27ZMB,,,,DJI Fly,,1.13.5,606506D4-8CA6-50D1-AD4F-F7F7ED2A7646,,,,,,,,,,
1773845134,4m 34.0s,274.0,1.40342619,103.70026988,196.9,196.9,30.0,376.9,5939.9,13.422,17.895,-13.422,,0.000,,-0.000,,2.10,0.00,180.0,180.0,,P-GPS,,,18,4,TRUE,,Mini 4 Pro,,,,,,FALSE,TRUE,,,,,,,,,,,,,,,,,,,,,,,,,,,,,,,,,,,,,,,,,,,,,,,,79.9,,,,8.039,,,,,,,7.872,,,,,,,,,,,,,,,,,,,,,,,,,,,,,,,,1.40500000,103.70000000,582.5,,,,,,,,,,,,,,,,,,,,,,,,,,,,Mini 4 Pro,SYNHBTYP3DCN27ZMB,CAM6DGF46D3QRQAQB,RCSAK6RX8DFEXERNB,BATCE5VSLHKU2L2CH,,,,,,,,Mini 4 Pro,SYNHBTYP3DCN27ZMB,,,,DJI Fly,,1.13.5,606506D4-8CA6-50D1-AD4F-F7F7ED2A7646,,,,,,,,,,
1773845135,4m 35.0s,275.0,1.40342619,103.70026988,196.9,196.9,30.0,376.9,5939.9,0.000,17.895,0.000,,0.000,,-0.000,,0.00,0.00,180.0,180.0,,P-GPS,,,18,4,TRUE,,Mini 4 Pro,,,,,,FALSE,TRUE,,,,,,,,,,,,,,,,,,,,,,,,,,,,,,,,,,,,,,,,,,,,,,,,79.9,,,,8.039,,,,,,,4.572,,,,,,,,,,,,,,,,,,,,,,,,,,,,,,,,1.40500000,103.70000000,582.5,,,,,,,,,,,,,,,,,,,,,,,,,,,,Mini 4 Pro,SYNHBTYP3DCN27ZMB,CAM6DGF46D3QRQAQB,RCSAK6RX8DFEXERNB,BATCE5VSLHKU2L2CH,,,,,,,,Mini 4 Pro,SYNHBTYP3DCN27ZMB,,,,DJI Fly,,1.13.5,606506D4-8CA6-50D1-AD4F-F7F7ED2A7646,,,,,,,,,,
1773845136,4m 36.0s,276.0,1.40342619,103.70032385,196.9,196.9,30.0,376.9,5959.6,13.422,17.895,0.000,,13.422,,-0.000,,2.10,-25.00,90.0,90.0,,P-GPS,,,18,4,TRUE,,Mini 4 Pro,,,,,,FALSE,TRUE,,,,,,,,,,,,,,,,,,,,,,,,,,,,,,,,,,,,,,,,,,,,,,,,79.9,,,,8.038,,,,,,,7.872,,,,,,,,,,,,,,,,,,,,,,,,,,,,,,,,1.40500000,103.70000000,586.2,,,,,,,,,,,,,,,,,,,,,,,,,,,,Mini 4 Pro,SYNHBTYP3DCN27ZMB,CAM6DGF46D3QRQAQB,RCSAK6RX8DFEXERNB,BATCE5VSLHKU2L2CH,,,,,,,,Mini 4 Pro,SYNHBTYP3DCN27ZMB,,,,DJI Fly,,1.13.5,606506D4-8CA6-50D1-AD4F-F7F7ED2A7646,,,,,,,,,,
1773845137,4m 37.0s,277.0,1.40342619,103.70037783,196.9,196.9,30.0,376.9,5979.3,13.422,17.895,0.000,,13.422,,-0.000,,2.10,0.00,90.0,90.0,,P-GPS,,,18,4,TRUE,,Mini 4 Pro,,,,,,FALSE,TRUE,,,,,,,,,,,,,,,,,,,,,,,,,,,,,,,,,,,,,,,,,,,,,,,,79.9,,,,8.038,,,,,,,7.872,,,,,,,,,,,,,,,,,,,,,,,,,,,,,,,,1.40500000,103.70000000,590.5,,,,,,,,,,,,,,,,,,,,,,,,,,,,Mini 4 Pro,SYNHBTYP3DCN27ZMB,CAM6DGF46D3QRQAQB,RCSAK6RX8DFEXERNB,BATCE5VSLHKU2L2CH,,,,,,,,Mini 4 Pro,SYNHBTYP3DCN27ZMB,,,,DJI Fly,,1.13.5,606506D4-8CA6-50D1-AD4F-F7F7ED2A7646,,,,,,,,,,
1773845138,4m 38.0s,278.0,1.40342619,103.70043180,196.9,196.9,30.0,376.9,5999.0,13.422,17.895,0.000,,13.422,,-0.000,,2.10,0.00,90.0,90.0,,P-GPS,,,18,4,TRUE,,Mini 4 Pro,,,,,,FALSE,TRUE,,,,,,,,,,,,,,,,,,,,,,,,,,,,,,,,,,,,,,,,,,,,,,,,79.8,,,,8.037,,,,,,,7.872,,,,,,,,,,,,,,,,,,,,,,,,,,,,,,,,1.40500000,103.70000000,595.4,,,,,,,,,,,,,,,,,,,,,,,,,,,,Mini 4 Pro,SYNHBTYP3DCN27ZMB,CAM6DGF46D3QRQAQB,RCSAK6RX8DFEXERNB,BATCE5VSLHKU2L2CH,,,,,,,,Mini 4 Pro,SYNHBTYP3DCN27ZMB,,,,DJI Fly,,1.13.5,606506D4-8CA6-50D1-AD4F-F7F7ED2A7646,,,,,,,,,,
1773845139,4m 39.0s,279.0,1.40342619,103.70048578,196.9,196.9,30.0,376.9,6018.7,13.422,17.895,0.000,,13.422,,-0.000,,2.10,0.00,90.0,90.0,,P-GPS,,,18,4,TRUE,,Mini 4 Pro,,,,,,FALSE,TRUE,,,,,,,,,,,,,,,,,,,,,,,,,,,,,,,,,,,,,,,,,,,,,,,,79.8,,,,8.037,,,,,,,7.872,,,,,,,,,,,,,,,,,,,,,,,,,,,,,,,,1.40500000,103.70000000,600.9,,,,,,,,,,,,,,,,,,,,,,,,,,,,Mini 4 Pro,SYNHBTYP3DCN27ZMB,CAM6DGF46D3QRQAQB,RCSAK6RX8DFEXERNB,BATCE5VSLHKU2L2CH,,,,,,,,Mini 4 Pro,SYNHBTYP3DCN27ZMB,,,,DJI Fly,,1.13.5,606506D4-8CA6-50D1-AD4F-F7F7ED2A7646,,,,,,,,,,
1773845140,4m 40.0s,280.0,1.40342619,103.70053976,196.9,196.9,30.0,376.9,6038.3,13.422,17.895,0.000,,13.422,,-0.000,,2.10,0.00,90.0,90.0,,P-GPS,,,18,4,TRUE,,Mini 4 Pro,,,,,,FALSE,TRUE,,,,,,,,,,,,,,,,,,,,,,,,,,,,,,,,,,,,,,,,,,,,,,,,79.8,,,,8.036,,,,,,,7.872,,,,,,,,,,,,,,,,,,,,,,,,,,,,,,,,1.40500000,103.70000000,607.0,,,,,,,,,,,,,,,,,,,,,,,,,,,,Mini 4 Pro,SYNHBTYP3DCN27ZMB,CAM6DGF46D3QRQAQB,RCSAK6RX8DFEXERNB,BATCE5VSLHKU2L2CH,,,,,,,,Mini 4 Pro,SYNHBTYP3DCN27ZMB,,,,DJI Fly,,1.13.5,606506D4-8CA6-50D1-AD4F-F7F7ED2A7646,,,,,,,,,,
1773845141,4m 41.0s,281.0,1.40342619,103.70059373,196.9,196.9,30.0,376.9,6058.0,13.422,17.895,0.000,,13.422,,-0.000,,2.10,0.00,90.0,90.0,,P-GPS,,,18,4,TRUE,,Mini 4 Pro,,,,,,FALSE,TRUE,,,,,,,,,,,,,,,,,,,,,,,,,,,,,,,,,,,,,,,,,,,,,,,,79.7,,,,8.036,,,,,,,7.872,,,,,,,,,,,,,,,,,,,,,,,,,,,,,,,,1.40500000,103.70000000,613.6,,,,,,,,,,,,,,,,,,,,,,,,,,,,Mini 4 Pro,SYNHBTYP3DCN27ZMB,CAM6DGF46D3QRQAQB,RCSAK6RX8DFEXERNB,BATCE5VSLHKU2L2CH,,,,,,,,Mini 4 Pro,SYNHBTYP3DCN27ZMB,,,,DJI Fly,,1.13.5,606506D4-8CA6-50D1-AD4F-F7F7ED2A7646,,,,,,,,,,
1773845142,4m 42.0s,282.0,1.40342619,103.70064771,196.9,196.9,30.0,376.9,6077.7,13.422,17.895,0.000,,13.422,,-0.000,,2.10,0.00,90.0,90.0,,P-GPS,,,18,4,TRUE,,Mini 4 Pro,,,,,,FALSE,TRUE,,,,,,,,,,,,,,,,,,,,,,,,,,,,,,,,,,,,,,,,,,,,,,,,79.7,,,,8.035,,,,,,,7.872,,,,,,,,,,,,,,,,,,,,,,,,,,,,,,,,1.40500000,103.70000000,620.8,,,,,,,,,,,,,,,,,,,,,,,,,,,,Mini 4 Pro,SYNHBTYP3DCN27ZMB,CAM6DGF46D3QRQAQB,RCSAK6RX8DFEXERNB,BATCE5VSLHKU2L2CH,,,,,,,,Mini 4 Pro,SYNHBTYP3DCN27ZMB,,,,DJI Fly,,1.13.5,606506D4-8CA6-50D1-AD4F-F7F7ED2A7646,,,,,,,,,,
1773845143,4m 43.0s,283.0,1.40342619,103.70070168,196.9,196.9,30.0,376.9,6097.4,13.422,17.895,0.000,,13.422,,-0.000,,2.10,0.00,90.0,90.0,,P-GPS,,,18,4,TRUE,,Mini 4 Pro,,,,,,FALSE,TRUE,,,,,,,,,,,,,,,,,,,,,,,,,,,,,,,,,,,,,,,,,,,,,,,,79.7,,,,8.035,,,,,,,7.872,,,,,,,,,,,,,,,,,,,,,,,,,,,,,,,,1.40500000,103.70000000,628.6,,,,,,,,,,,,,,,,,,,,,,,,,,,,Mini 4 Pro,SYNHBTYP3DCN27ZMB,CAM6DGF46D3QRQAQB,RCSAK6RX8DFEXERNB,BATCE5VSLHKU2L2CH,,,,,,,,Mini 4 Pro,SYNHBTYP3DCN27ZMB,,,,DJI Fly,,1.13.5,606506D4-8CA6-50D1-AD4F-F7F7ED2A7646,,,,,,,,,,
1773845144,4m 44.0s,284.0,1.40342619,103.70075566,196.9,196.9,30.0,376.9,6117.1,13.422,17.895,0.000,,13.422,,-0.000,,2.10,0.00,90.0,90.0,,P-GPS,,,18,4,TRUE,,Mini 4 Pro,,,,,,FALSE,TRUE,,,,,,,,,,,,,,,,,,,,,,,,,,,,,,,,,,,,,,,,,,,,,,,,79.6,,,,8.035,,,,,,,7.872,,,,,,,,,,,,,,,,,,,,,,,,,,,,,,,,1.40500000,103.70000000,636.9,,,,,,,,,,,,,,,,,,,,,,,,,,,,Mini 4 Pro,SYNHBTYP3DCN27ZMB,CAM6DGF46D3QRQAQB,RCSAK6RX8DFEXERNB,BATCE5VSLHKU2L2CH,,,,,,,,Mini 4 Pro,SYNHBTYP3DCN27ZMB,,,,DJI Fly,,1.13.5,606506D4-8CA6-50D1-AD4F-F7F7ED2A7646,,,,,,,,,,
1773845145,4m 45.0s,285.0,1.40342619,103.70080963,196.9,196.9,30.0,376.9,6136.8,13.422,17.895,0.000,,13.422,,-0.000,,2.10,0.00,90.0,90.0,,P-GPS,,,18,4,TRUE,,Mini 4 Pro,,,,,,FALSE,TRUE,,,,,,,,,,,,,,,,,,,,,,,,,,,,,,,,,,,,,,,,,,,,,,,,79.6,,,,8.034,,,,,,,7.872,,,,,,,,,,,,,,,,,,,,,,,,,,,,,,,,1.40500000,103.70000000,645.6,,,,,,,,,,,,,,,,,,,,,,,,,,,,Mini 4 Pro,SYNHBTYP3DCN27ZMB,CAM6DGF46D3QRQAQB,RCSAK6RX8DFEXERNB,BATCE5VSLHKU2L2CH,,,,,,,,Mini 4 Pro,SYNHBTYP3DCN27ZMB,,,,DJI Fly,,1.13.5,606506D4-8CA6-50D1-AD4F-F7F7ED2A7646,,,,,,,,,,
1773845146,4m 46.0s,286.0,1.40349813,103.70080963,196.9,196.9,30.0,376.9,6163.0,17.895,17.895,17.895,,0.000,,-0.000,,2.80,-25.00,0.0,0.0,,P-GPS,,,18,4,TRUE,,Mini 4 Pro,,,,,,FALSE,TRUE,,,,,,,,,,,,,,,,,,,,,,,,,,,,,,,,,,,,,,,,,,,,,,,,79.6,,,,8.034,,,,,,,8.972,,,,,,,,,,,,,,,,,,,,,,,,,,,,,,,,1.40500000,103.70000000,622.4,,,,,,,,,,,,,,,,,,,,,,,,,,,,Mini 4 Pro,SYNHBTYP3DCN27ZMB,CAM6DGF46D3QRQAQB,RCSAK6RX8DFEXERNB,BATCE5VSLHKU2L2CH,,,,,,,,Mini 4 Pro,SYNHBTYP3DCN27ZMB,,,,DJI Fly,,1.13.5,606506D4-8CA6-50D1-AD4F-F7F7ED2A7646,,,,,,,,,,
1773845147,4m 47.0s,287.0,1.40357008,103.70080963,196.9,196.9,30.0,376.9,6189.3,17.895,17.895,17.895,,0.000,,-0.000,,2.80,0.00,0.0,0.0,,P-GPS,,,18,4,TRUE,,Mini 4 Pro,,,,,,FALSE,TRUE,,,,,,,,,,,,,,,,,,,,,,,,,,,,,,,,,,,,,,,,,,,,,,,,79.6,,,,8.033,,,,,,,8.972,,,,,,,,,,,,,,,,,,,,,,,,,,,,,,,,1.40500000,103.70000000,599.4,,,,,,,,,,,,,,,,,,,,,,,,,,,,Mini 4 Pro,SYNHBTYP3DCN27ZMB,CAM6DGF46D3QRQAQB,RCSAK6RX8DFEXERNB,BATCE5VSLHKU2L2CH,,,,,,,,Mini 4 Pro,SYNHBTYP3DCN27ZMB,,,,DJI Fly,,1.13.5,606506D4-8CA6-50D1-AD4F-F7F7ED2A7646,,,,,,,,,,
1773845148,4m 48.0s,288.0,1.40364202,103.70080963,196.9,196.9,30.0,376.9,6215.5,17.895,17.895,17.895,,0.000,,-0.000,,2.80,0.00,0.0,0.0,,P-GPS,,,18,4,TRUE,,Mini 4 Pro,,,,,,FALSE,TRUE,,,,,,,,,,,,,,,,,,,,,,,,,,,,,,,,,,,,,,,,,,,,,,,,79.5,,,,8.033,,,,,,,8.972,,,,,,,,,,,,,,,,,,,,,,,,,,,,,,,,1.40500000,103.70000000,576.7,,,,,,,,,,,,,,,,,,,,,,,,,,,,Mini 4 Pro,SYNHBTYP3DCN27ZMB,CAM6DGF46D3QRQAQB,RCSAK6RX8DFEXERNB,BATCE5VSLHKU2L2CH,,,,,,,,Mini 4 Pro,SYNHBTYP3DCN27ZMB,,,,DJI Fly,,1.13.5,606506D4-8CA6-50D1-AD4F-F7F7ED2A7646,,,,,,,,,,
1773845149,4m 49.0s,289.0,1.40371397,103.70080963,196.9,196.9,30.0,376.9,6241.8,17.895,17.895,17.895,,0.000,,-0.000,,2.80,0.00,0.0,0.0,,P-GPS,,,18,4,TRUE,,Mini 4 Pro,,,,,,FALSE,TRUE,,,,,,,,,,,,,,,,,,,,,,,,,,,,,,,,,,,,,,,,,,,,,,,,79.5,,,,8.032,,,,,,,8.972,,,,,,,,,,,,,,,,,,,,,,,,,,,,,,,,1.40500000,103.70000000,554.3,,,,,,,,,,,,,,,,,,,,,,,,,,,,Mini 4 Pro,SYNHBTYP3DCN27ZMB,CAM6DGF46D3QRQAQB,RCSAK6RX8DFEXERNB,BATCE5VSLHKU2L2CH,,,,,,,,Mini 4 Pro,SYNHBTYP3DCN27ZMB,,,,DJI Fly,,1.13.5,606506D4-8CA6-50D1-AD4F-F7F7ED2A7646,,,,,,,,,,
1773845150,4m 50.0s,290.0,1.40378592,103.70080963,196.9,196.9,30.0,376.9,6268.0,17.895,17.895,17.895,,0.000,,-0.000,,2.80,0.00,0.0,0.0,,P-GPS,,,18,4,TRUE,,Mini 4 Pro,,,,,,FALSE,TRUE,,,,,,,,,,,,,,,,,,,,,,,,,,,,,,,,,,,,,,,,,,,,,,,,79.5,,,,8.032,,,,,,,8.972,,,,,,,,,,,,,,,,,,,,,,,,,,,,,,,,1.40500000,103.70000000,532.3,,,,,,,,,,,,,,,,,,,,,,,,,,,,Mini 4 Pro,SYNHBTYP3DCN27ZMB,CAM6DGF46D3QRQAQB,RCSAK6RX8DFEXERNB,BATCE5VSLHKU2L2CH,,,,,,,,Mini 4 Pro,SYNHBTYP3DCN27ZMB,,,,DJI Fly,,1.13.5,606506D4-8CA6-50D1-AD4F-F7F7ED2A7646,,,,,,,,,,
1773845151,4m 51.0s,291.0,1.40385786,103.70080963,196.9,196.9,30.0,376.9,6294.3,17.895,17.895,17.895,,0.000,,-0.000,,2.80,0.00,0.0,0.0,,P-GPS,,,18,4,TRUE,,Mini 4 Pro,,,,,,FALSE,TRUE,,,,,,,,,,,,,,,,,,,,,,,,,,,,,,,,,,,,,,,,,,,,,,,,79.4,,,,8.031,,,,,,,8.972,,,,,,,,,,,,,,,,,,,,,,,,,,,,,,,,1.40500000,103.70000000,510.7,,,,,,,,,,,,,,,,,,,,,,,,,,,,Mini 4 Pro,SYNHBTYP3DCN27ZMB,CAM6DGF46D3QRQAQB,RCSAK6RX8DFEXERNB,BATCE5VSLHKU2L2CH,,,,,,,,Mini 4 Pro,SYNHBTYP3DCN27ZMB,,,,DJI Fly,,1.13.5,606506D4-8CA6-50D1-AD4F-F7F7ED2A7646,,,,,,,,,,
1773845152,4m 52.0s,292.0,1.40392981,103.70080963,196.9,196.9,30.0,376.9,6320.5,17.895,17.895,17.895,,0.000,,-0.000,,2.80,0.00,0.0,0.0,,P-GPS,,,18,4,TRUE,,Mini 4 Pro,,,,,,FALSE,TRUE,,,,,,,,,,,,,,,,,,,,,,,,,,,,,,,,,,,,,,,,,,,,,,,,79.4,,,,8.031,,,,,,,8.972,,,,,,,,,,,,,,,,,,,,,,,,,,,,,,,,1.40500000,103.70000000,489.5,,,,,,,,,,,,,,,,,,,,,,,,,,,,Mini 4 Pro,SYNHBTYP3DCN27ZMB,CAM6DGF46D3QRQAQB,RCSAK6RX8DFEXERNB,BATCE5VSLHKU2L2CH,,,,,,,,Mini 4 Pro,SYNHBTYP3DCN27ZMB,,,,DJI Fly,,1.13.5,606506D4-8CA6-50D1-AD4F-F7F7ED2A7646,,,,,,,,,,
1773845153,4m 53.0s,293.0,1.40400175,103.70080963,196.9,196.9,30.0,376.9,6346.7,17.895,17.895,17.895,,0.000,,-0.000,,2.80,0.00,0.0,0.0,,P-GPS,,,18,4,TRUE,,Mini 4 Pro,,,,,,FALSE,TRUE,,,,,,,,,,,,,,,,,,,,,,,,,,,,,,,,,,,,,,,,,,,,,,,,79.4,,,,8.030,,,,,,,8.972,,,,,,,,,,,,,,,,,,,,,,,,,,,,,,,,1.40500000,103.70000000,468.8,,,,,,,,,,,,,,,,,,,,,,,,,,,,Mini 4 Pro,SYNHBTYP3DCN27ZMB,CAM6DGF46D3QRQAQB,RCSAK6RX8DFEXERNB,BATCE5VSLHKU2L2CH,,,,,,,,Mini 4 Pro,SYNHBTYP3DCN27ZMB,,,,DJI Fly,,1.13.5,606506D4-8CA6-50D1-AD4F-F7F7ED2A7646,,,,,,,,,,
1773845154,4m 54.0s,294.0,1.40407370,103.70080963,196.9,196.9,30.0,376.9,6373.0,17.895,17.895,17.895,,0.000,,-0.000,,2.80,0.00,0.0,0.0,,P-GPS,,,18,4,TRUE,,Mini 4 Pro,,,,,,FALSE,TRUE,,,,,,,,,,,,,,,,,,,,,,,,,,,,,,,,,,,,,,,,,,,,,,,,79.4,,,,8.030,,,,,,,8.972,,,,,,,,,,,,,,,,,,,,,,,,,,,,,,,,1.40500000,103.70000000,448.8,,,,,,,,,,,,,,,,,,,,,,,,,,,,Mini 4 Pro,SYNHBTYP3DCN27ZMB,CAM6DGF46D3QRQAQB,RCSAK6RX8DFEXERNB,BATCE5VSLHKU2L2CH,,,,,,,,Mini 4 Pro,SYNHBTYP3DCN27ZMB,,,,DJI Fly,,1.13.5,606506D4-8CA6-50D1-AD4F-F7F7ED2A7646,,,,,,,,,,
1773845155,4m 55.0s,295.0,1.40414564,103.70080963,196.9,196.9,30.0,376.9,6399.2,17.895,17.895,17.895,,0.000,,-0.000,,2.80,0.00,0.0,0.0,,P-GPS,,,18,4,TRUE,,Mini 4 Pro,,,,,,FALSE,TRUE,,,,,,,,,,,,,,,,,,,,,,,,,,,,,,,,,,,,,,,,,,,,,,,,79.3,,,,8.030,,,,,,,8.972,,,,,,,,,,,,,,,,,,,,,,,,,,,,,,,,1.40500000,103.70000000,429.3,,,,,,,,,,,,,,,,,,,,,,,,,,,,Mini 4 Pro,SYNHBTYP3DCN27ZMB,CAM6DGF46D3QRQAQB,RCSAK6RX8DFEXERNB,BATCE5VSLHKU2L2CH,,,,,,,,Mini 4 Pro,SYNHBTYP3DCN27ZMB,,,,DJI Fly,,1.13.5,606506D4-8CA6-50D1-AD4F-F7F7ED2A7646,,,,,,,,,,
1773845156,4m 56.0s,296.0,1.40421759,103.70080963,196.9,196.9,30.0,376.9,6425.5,17.895,17.895,17.895,,0.000,,-0.000,,2.80,0.00,0.0,0.0,,P-GPS,,,18,4,TRUE,,Mini 4 Pro,,,,,,FALSE,TRUE,,,,,,,,,,,,,,,,,,,,,,,,,,,,,,,,,,,,,,,,,,,,,,,,79.3,,,,8.029,,,,,,,8.972,,,,,,,,,,,,,,,,,,,,,,,,,,,,,,,,1.40500000,103.70000000,410.7,,,,,,,,,,,,,,,,,,,,,,,,,,,,Mini 4 Pro,SYNHBTYP3DCN27ZMB,CAM6DGF46D3QRQAQB,RCSAK6RX8DFEXERNB,BATCE5VSLHKU2L2CH,,,,,,,,Mini 4 Pro,SYNHBTYP3DCN27ZMB,,,,DJI Fly,,1.13.5,606506D4-8CA6-50D1-AD4F-F7F7ED2A7646,,,,,,,,,,
1773845157,4m 57.0s,297.0,1.40428954,103.70080963,196.9,196.9,30.0,376.9,6451.7,17.895,17.895,17.895,,0.000,,-0.000,,2.80,0.00,0.0,0.0,,P-GPS,,,18,4,TRUE,,Mini 4 Pro,,,,,,FALSE,TRUE,,,,,,,,,,,,,,,,,,,,,,,,,,,,,,,,,,,,,,,,,,,,,,,,79.3,,,,8.029,,,,,,,8.972,,,,,,,,,,,,,,,,,,,,,,,,,,,,,,,,1.40500000,103.70000000,392.9,,,,,,,,,,,,,,,,,,,,,,,,,,,,Mini 4 Pro,SYNHBTYP3DCN27ZMB,CAM6DGF46D3QRQAQB,RCSAK6RX8DFEXERNB,BATCE5VSLHKU2L2CH,,,,,,,,Mini 4 Pro,SYNHBTYP3DCN27ZMB,,,,DJI Fly,,1.13.5,606506D4-8CA6-50D1-AD4F-F7F7ED2A7646,,,,,,,,,,
1773845158,4m 58.0s,298.0,1.40436148,103.70080963,196.9,196.9,30.0,376.9,6478.0,17.895,17.895,17.895,,0.000,,-0.000,,2.80,0.00,0.0,0.0,,P-GPS,,,18,4,TRUE,,Mini 4 Pro,,,,,,FALSE,TRUE,,,,,,,,,,,,,,,,,,,,,,,,,,,,,,,,,,,,,,,,,,,,,,,,79.2,,,,8.028,,,,,,,8.972,,,,,,,,,,,,,,,,,,,,,,,,,,,,,,,,1.40500000,103.70000000,376.1,,,,,,,,,,,,,,,,,,,,,,,,,,,,Mini 4 Pro,SYNHBTYP3DCN27ZMB,CAM6DGF46D3QRQAQB,RCSAK6RX8DFEXERNB,BATCE5VSLHKU2L2CH,,,,,,,,Mini 4 Pro,SYNHBTYP3DCN27ZMB,,,,DJI Fly,,1.13.5,606506D4-8CA6-50D1-AD4F-F7F7ED2A7646,,,,,,,,,,
1773845159,4m 59.0s,299.0,1.40443343,103.70080963,196.9,196.9,30.0,376.9,6504.2,17.895,17.895,17.895,,0.000,,-0.000,,2.80,0.00,0.0,0.0,,P-GPS,,,18,4,TRUE,,Mini 4 Pro,,,,,,FALSE,TRUE,,,,,,,,,,,,,,,,,,,,,,,,,,,,,,,,,,,,,,,,,,,,,,,,79.2,,,,8.028,,,,,,,8.972,,,,,,,,,,,,,,,,,,,,,,,,,,,,,,,,1.40500000,103.70000000,360.4,,,,,,,,,,,,,,,,,,,,,,,,,,,,Mini 4 Pro,SYNHBTYP3DCN27ZMB,CAM6DGF46D3QRQAQB,RCSAK6RX8DFEXERNB,BATCE5VSLHKU2L2CH,,,,,,,,Mini 4 Pro,SYNHBTYP3DCN27ZMB,,,,DJI Fly,,1.13.5,606506D4-8CA6-50D1-AD4F-F7F7ED2A7646,,,,,,,,,,
1773845160,5m 0.0s,300.0,1.40450537,103.70080963,196.9,196.9,30.0,376.9,6530.5,17.895,17.895,17.895,,0.000,,-0.000,,2.80,0.00,0.0,0.0,,P-GPS,,,18,4,TRUE,,Mini 4 Pro,,,,,,FALSE,TRUE,,,,,,,,,,,,,,,,,,,,,,,,,,,,,,,,,,,,,,,,,,,,,,,,79.2,,,,8.027,,,,,,,8.972,,,,,,,,,,,,,,,,,,,,,,,,,,,,,,,,1.40500000,103.70000000,346.0,,,,,,,,,,,,,,,,,,,,,,,,,,,,Mini 4 Pro,SYNHBTYP3DCN27ZMB,CAM6DGF46D3QRQAQB,RCSAK6RX8DFEXERNB,BATCE5VSLHKU2L2CH,,,,,,,,Mini 4 Pro,SYNHBTYP3DCN27ZMB,,,,DJI Fly,,1.13.5,606506D4-8CA6-50D1-AD4F-F7F7ED2A7646,,,,,,,,,,
1773845161,5m 1.0s,301.0,1.40457732,103.70080963,196.9,196.9,30.0,376.9,6556.7,17.895,17.895,17.895,,0.000,,-0.000,,2.80,0.00,0.0,0.0,,P-GPS,,,18,4,TRUE,,Mini 4 Pro,,,,,,FALSE,TRUE,,,,,,,,,,,,,,,,,,,,,,,,,,,,,,,,,,,,,,,,,,,,,,,,79.1,,,,8.027,,,,,,,8.972,,,,,,,,,,,,,,,,,,,,,,,,,,,,,,,,1.40500000,103.70000000,333.1,,,,,,,,,,,,,,,,,,,,,,,,,,,,Mini 4 Pro,SYNHBTYP3DCN27ZMB,CAM6DGF46D3QRQAQB,RCSAK6RX8DFEXERNB,BATCE5VSLHKU2L2CH,,,,,,,,Mini 4 Pro,SYNHBTYP3DCN27ZMB,,,,DJI Fly,,1.13.5,606506D4-8CA6-50D1-AD4F-F7F7ED2A7646,,,,,,,,,,
1773845162,5m 2.0s,302.0,1.40464926,103.70080963,196.9,196.9,30.0,376.9,6583.0,17.895,17.895,17.895,,0.000,,-0.000,,2.80,0.00,0.0,0.0,,P-GPS,,,18,4,TRUE,,Mini 4 Pro,,,,,,FALSE,TRUE,,,,,,,,,,,,,,,,,,,,,,,,,,,,,,,,,,,,,,,,,,,,,,,,79.1,,,,8.026,,,,,,,8.972,,,,,,,,,,,,,,,,,,,,,,,,,,,,,,,,1.40500000,103.70000000,321.8,,,,,,,,,,,,,,,,,,,,,,,,,,,,Mini 4 Pro,SYNHBTYP3DCN27ZMB,CAM6DGF46D3QRQAQB,RCSAK6RX8DFEXERNB,BATCE5VSLHKU2L2CH,,,,,,,,Mini 4 Pro,SYNHBTYP3DCN27ZMB,,,,DJI Fly,,1.13.5,606506D4-8CA6-50D1-AD4F-F7F7ED2A7646,,,,,,,,,,
1773845163,5m 3.0s,303.0,1.40472121,103.70080963,196.9,196.9,30.0,376.9,6609.2,17.895,17.895,17.895,,0.000,,-0.000,,2.80,0.00,0.0,0.0,,P-GPS,,,18,4,TRUE,,Mini 4 Pro,,,,,,FALSE,TRUE,,,,,,,,,,,,,,,,,,,,,,,,,,,,,,,,,,,,,,,,,,,,,,,,79.1,,,,8.026,,,,,,,8.972,,,,,,,,,,,,,,,,,,,,,,,,,,,,,,,,1.40500000,103.70000000,312.3,,,,,,,,,,,,,,,,,,,,,,,,,,,,Mini 4 Pro,SYNHBTYP3DCN27ZMB,CAM6DGF46D3QRQAQB,RCSAK6RX8DFEXERNB,BATCE5VSLHKU2L2CH,,,,,,,,Mini 4 Pro,SYNHBTYP3DCN27ZMB,,,,DJI Fly,,1.13.5,606506D4-8CA6-50D1-AD4F-F7F7ED2A7646,,,,,,,,,,
1773845164,5m 4.0s,304.0,1.40479316,103.70080963,196.9,196.9,30.0,376.9,6635.5,17.895,17.895,17.895,,0.000,,-0.000,,2.80,0.00,0.0,0.0,,P-GPS,,,18,4,TRUE,,Mini 4 Pro,,,,,,FALSE,TRUE,,,,,,,,,,,,,,,,,,,,,,,,,,,,,,,,,,,,,,,,,,,,,,,,79.1,,,,8.025,,,,,,,8.972,,,,,,,,,,,,,,,,,,,,,,,,,,,,,,,,1.40500000,103.70000000,304.8,,,,,,,,,,,,,,,,,,,,,,,,,,,,Mini 4 Pro,SYNHBTYP3DCN27ZMB,CAM6DGF46D3QRQAQB,RCSAK6RX8DFEXERNB,BATCE5VSLHKU2L2CH,,,,,,,,Mini 4 Pro,SYNHBTYP3DCN27ZMB,,,,DJI Fly,,1.13.5,606506D4-8CA6-50D1-AD4F-F7F7ED2A7646,,,,,,,,,,
1773845165,5m 5.0s,305.0,1.40486510,103.70080963,196.9,196.9,30.0,376.9,6661.7,17.895,17.895,17.895,,0.000,,-0.000,,2.80,0.00,0.0,0.0,,P-GPS,,,18,4,TRUE,,Mini 4 Pro,,,,,,FALSE,TRUE,,,,,,,,,,,,,,,,,,,,,,,,,,,,,,,,,,,,,,,,,,,,,,,,79.0,,,,8.025,,,,,,,8.972,,,,,,,,,,,,,,,,,,,,,,,,,,,,,,,,1.40500000,103.70000000,299.3,,,,,,,,,,,,,,,,,,,,,,,,,,,,Mini 4 Pro,SYNHBTYP3DCN27ZMB,CAM6DGF46D3QRQAQB,RCSAK6RX8DFEXERNB,BATCE5VSLHKU2L2CH,,,,,,,,Mini 4 Pro,SYNHBTYP3DCN27ZMB,,,,DJI Fly,,1.13.5,606506D4-8CA6-50D1-AD4F-F7F7ED2A7646,,,,,,,,,,
1773845166,5m 6.0s,306.0,1.40493705,103.70080963,196.9,196.9,30.0,376.9,6688.0,17.895,17.895,17.895,,0.000,,-0.000,,2.80,0.00,0.0,0.0,,P-GPS,,,18,4,TRUE,,Mini 4 Pro,,,,,,FALSE,TRUE,,,,,,,,,,,,,,,,,,,,,,,,,,,,,,,,,,,,,,,,,,,,,,,,79.0,,,,8.024,,,,,,,8.972,,,,,,,,,,,,,,,,,,,,,,,,,,,,,,,,1.40500000,103.70000000,296.2,,,,,,,,,,,,,,,,,,,,,,,,,,,,Mini 4 Pro,SYNHBTYP3DCN27ZMB,CAM6DGF46D3QRQAQB,RCSAK6RX8DFEXERNB,BATCE5VSLHKU2L2CH,,,,,,,,Mini 4 Pro,SYNHBTYP3DCN27ZMB,,,,DJI Fly,,1.13.5,606506D4-8CA6-50D1-AD4F-F7F7ED2A7646,,,,,,,,,,
1773845167,5m 7.0s,307.0,1.40500899,103.70080963,196.9,196.9,30.0,376.9,6714.2,17.895,17.895,17.895,,0.000,,-0.000,,2.80,0.00,0.0,0.0,,P-GPS,,,18,4,TRUE,,Mini 4 Pro,,,,,,FALSE,TRUE,,,,,,,,,,,,,,,,,,,,,,,,,,,,,,,,,,,,,,,,,,,,,,,,79.0,,,,8.024,,,,,,,8.972,,,,,,,,,,,,,,,,,,,,,,,,,,,,,,,,1.40500000,103.70000000,295.3,,,,,,,,,,,,,,,,,,,,,,,,,,,,Mini 4 Pro,SYNHBTYP3DCN27ZMB,CAM6DGF46D3QRQAQB,RCSAK6RX8DFEXERNB,BATCE5VSLHKU2L2CH,,,,,,,,Mini 4 Pro,SYNHBTYP3DCN27ZMB,,,,DJI Fly,,1.13.5,606506D4-8CA6-50D1-AD4F-F7F7ED2A7646,,,,,,,,,,
1773845168,5m 8.0s,308.0,1.40508094,103.70080963,196.9,196.9,30.0,376.9,6740.4,17.895,17.895,17.895,,0.000,,-0.000,,2.80,0.00,0.0,0.0,,P-GPS,,,18,4,TRUE,,Mini 4 Pro,,,,,,FALSE,TRUE,,,,,,,,,,,,,,,,,,,,,,,,,,,,,,,,,,,,,,,,,,,,,,,,78.9,,,,8.024,,,,,,,8.972,,,,,,,,,,,,,,,,,,,,,,,,,,,,,,,,1.40500000,103.70000000,296.7,,,,,,,,,,,,,,,,,,,,,,,,,,,,Mini 4 Pro,SYNHBTYP3DCN27ZMB,CAM6DGF46D3QRQAQB,RCSAK6RX8DFEXERNB,BATCE5VSLHKU2L2CH,,,,,,,,Mini 4 Pro,SYNHBTYP3DCN27ZMB,,,,DJI Fly,,1.13.5,606506D4-8CA6-50D1-AD4F-F7F7ED2A7646,,,,,,,,,,
1773845169,5m 9.0s,309.0,1.40515288,103.70080963,196.9,196.9,30.0,376.9,6766.7,17.895,17.895,17.895,,0.000,,-0.000,,2.80,0.00,0.0,0.0,,P-GPS,,,18,4,TRUE,,Mini 4 Pro,,,,,,FALSE,TRUE,,,,,,,,,,,,,,,,,,,,,,,,,,,,,,,,,,,,,,,,,,,,,,,,78.9,,,,8.023,,,,,,,8.972,,,,,,,,,,,,,,,,,,,,,,,,,,,,,,,,1.40500000,103.70000000,300.5,,,,,,,,,,,,,,,,,,,,,,,,,,,,Mini 4 Pro,SYNHBTYP3DCN27ZMB,CAM6DGF46D3QRQAQB,RCSAK6RX8DFEXERNB,BATCE5VSLHKU2L2CH,,,,,,,,Mini 4 Pro,SYNHBTYP3DCN27ZMB,,,,DJI Fly,,1.13.5,606506D4-8CA6-50D1-AD4F-F7F7ED2A7646,,,,,,,,,,
1773845170,5m 10.0s,310.0,1.40522483,103.70080963,196.9,196.9,30.0,376.9,6792.9,17.895,17.895,17.895,,0.000,,-0.000,,2.80,0.00,0.0,0.0,,P-GPS,,,18,4,TRUE,,Mini 4 Pro,,,,,,FALSE,TRUE,,,,,,,,,,,,,,,,,,,,,,,,,,,,,,,,,,,,,,,,,,,,,,,,78.9,,,,8.023,,,,,,,8.972,,,,,,,,,,,,,,,,,,,,,,,,,,,,,,,,1.40500000,103.70000000,306.5,,,,,,,,,,,,,,,,,,,,,,,,,,,,Mini 4 Pro,SYNHBTYP3DCN27ZMB,CAM6DGF46D3QRQAQB,RCSAK6RX8DFEXERNB,BATCE5VSLHKU2L2CH,,,,,,,,Mini 4 Pro,SYNHBTYP3DCN27ZMB,,,,DJI Fly,,1.13.5,606506D4-8CA6-50D1-AD4F-F7F7ED2A7646,,,,,,,,,,
1773845171,5m 11.0s,311.0,1.40529678,103.70080963,196.9,196.9,30.0,376.9,6819.2,17.895,17.895,17.895,,0.000,,-0.000,,2.80,0.00,0.0,0.0,,P-GPS,,,18,4,TRUE,,Mini 4 Pro,,,,,,FALSE,TRUE,,,,,,,,,,,,,,,,,,,,,,,,,,,,,,,,,,,,,,,,,,,,,,,,78.9,,,,8.022,,,,,,,8.972,,,,,,,,,,,,,,,,,,,,,,,,,,,,,,,,1.40500000,103.70000000,314.5,,,,,,,,,,,,,,,,,,,,,,,,,,,,Mini 4 Pro,SYNHBTYP3DCN27ZMB,CAM6DGF46D3QRQAQB,RCSAK6RX8DFEXERNB,BATCE5VSLHKU2L2CH,,,,,,,,Mini 4 Pro,SYNHBTYP3DCN27ZMB,,,,DJI Fly,,1.13.5,606506D4-8CA6-50D1-AD4F-F7F7ED2A7646,,,,,,,,,,
1773845172,5m 12.0s,312.0,1.40536872,103.70080963,196.9,196.9,30.0,376.9,6845.4,17.895,17.895,17.895,,0.000,,-0.000,,2.80,0.00,0.0,0.0,,P-GPS,,,18,4,TRUE,,Mini 4 Pro,,,,,,FALSE,TRUE,,,,,,,,,,,,,,,,,,,,,,,,,,,,,,,,,,,,,,,,,,,,,,,,78.8,,,,8.022,,,,,,,8.972,,,,,,,,,,,,,,,,,,,,,,,,,,,,,,,,1.40500000,103.70000000,324.5,,,,,,,,,,,,,,,,,,,,,,,,,,,,Mini 4 Pro,SYNHBTYP3DCN27ZMB,CAM6DGF46D3QRQAQB,RCSAK6RX8DFEXERNB,BATCE5VSLHKU2L2CH,,,,,,,,Mini 4 Pro,SYNHBTYP3DCN27ZMB,,,,DJI Fly,,1.13.5,606506D4-8CA6-50D1-AD4F-F7F7ED2A7646,,,,,,,,,,
1773845173,5m 13.0s,313.0,1.40544067,103.70080963,196.9,196.9,30.0,376.9,6871.7,17.895,17.895,17.895,,0.000,,-0.000,,2.80,0.00,0.0,0.0,,P-GPS,,,18,4,TRUE,,Mini 4 Pro,,,,,,FALSE,TRUE,,,,,,,,,,,,,,,,,,,,,,,,,,,,,,,,,,,,,,,,,,,,,,,,78.8,,,,8.021,,,,,,,8.972,,,,,,,,,,,,,,,,,,,,,,,,,,,,,,,,1.40500000,103.70000000,336.2,,,,,,,,,,,,,,,,,,,,,,,,,,,,Mini 4 Pro,SYNHBTYP3DCN27ZMB,CAM6DGF46D3QRQAQB,RCSAK6RX8DFEXERNB,BATCE5VSLHKU2L2CH,,,,,,,,Mini 4 Pro,SYNHBTYP3DCN27ZMB,,,,DJI Fly,,1.13.5,606506D4-8CA6-50D1-AD4F-F7F7ED2A7646,,,,,,,,,,
1773845174,5m 14.0s,314.0,1.40551261,103.70080963,196.9,196.9,30.0,376.9,6897.9,17.895,17.895,17.895,,0.000,,-0.000,,2.80,0.00,0.0,0.0,,P-GPS,,,18,4,TRUE,,Mini 4 Pro,,,,,,FALSE,TRUE,,,,,,,,,,,,,,,,,,,,,,,,,,,,,,,,,,,,,,,,,,,,,,,,78.8,,,,8.021,,,,,,,8.972,,,,,,,,,,,,,,,,,,,,,,,,,,,,,,,,1.40500000,103.70000000,349.5,,,,,,,,,,,,,,,,,,,,,,,,,,,,Mini 4 Pro,SYNHBTYP3DCN27ZMB,CAM6DGF46D3QRQAQB,RCSAK6RX8DFEXERNB,BATCE5VSLHKU2L2CH,,,,,,,,Mini 4 Pro,SYNHBTYP3DCN27ZMB,,,,DJI Fly,,1.13.5,606506D4-8CA6-50D1-AD4F-F7F7ED2A7646,,,,,,,,,,
1773845175,5m 15.0s,315.0,1.40558456,103.70080963,196.9,196.9,30.0,376.9,6924.2,17.895,17.895,17.895,,0.000,,-0.000,,2.80,0.00,0.0,0.0,,P-GPS,,,18,4,TRUE,,Mini 4 Pro,,,,,,FALSE,TRUE,,,,,,,,,,,,,,,,,,,,,,,,,,,,,,,,,,,,,,,,,,,,,,,,78.7,,,,8.020,,,,,,,8.972,,,,,,,,,,,,,,,,,,,,,,,,,,,,,,,,1.40500000,103.70000000,364.2,,,,,,,,,,,,,,,,,,,,,,,,,,,,Mini 4 Pro,SYNHBTYP3DCN27ZMB,CAM6DGF46D3QRQAQB,RCSAK6RX8DFEXERNB,BATCE5VSLHKU2L2CH,,,,,,,,Mini 4 Pro,SYNHBTYP3DCN27ZMB,,,,DJI Fly,,1.13.5,606506D4-8CA6-50D1-AD4F-F7F7ED2A7646,,,,,,,,,,
1773845176,5m 16.0s,316.0,1.40565650,103.70080963,196.9,196.9,30.0,376.9,6950.4,17.895,17.895,17.895,,0.000,,-0.000,,2.80,0.00,0.0,0.0,,P-GPS,,,18,4,TRUE,,Mini 4 Pro,,,,,,FALSE,TRUE,,,,,,,,,,,,,,,,,,,,,,,,,,,,,,,,,,,,,,,,,,,,,,,,78.7,,,,8.020,,,,,,,8.972,,,,,,,,,,,,,,,,,,,,,,,,,,,,,,,,1.40500000,103.70000000,380.2,,,,,,,,,,,,,,,,,,,,,,,,,,,,Mini 4 Pro,SYNHBTYP3DCN27ZMB,CAM6DGF46D3QRQAQB,RCSAK6RX8DFEXERNB,BATCE5VSLHKU2L2CH,,,,,,,,Mini 4 Pro,SYNHBTYP3DCN27ZMB,,,,DJI Fly,,1.13.5,606506D4-8CA6-50D1-AD4F-F7F7ED2A7646,,,,,,,,,,
1773845177,5m 17.0s,317.0,1.40572845,103.70080963,196.9,196.9,30.0,376.9,6976.7,17.895,17.895,17.895,,0.000,,-0.000,,2.80,0.00,0.0,0.0,,P-GPS,,,18,4,TRUE,,Mini 4 Pro,,,,,,FALSE,TRUE,,,,,,,,,,,,,,,,,,,,,,,,,,,,,,,,,,,,,,,,,,,,,,,,78.7,,,,8.019,,,,,,,8.972,,,,,,,,,,,,,,,,,,,,,,,,,,,,,,,,1.40500000,103.70000000,397.3,,,,,,,,,,,,,,,,,,,,,,,,,,,,Mini 4 Pro,SYNHBTYP3DCN27ZMB,CAM6DGF46D3QRQAQB,RCSAK6RX8DFEXERNB,BATCE5VSLHKU2L2CH,,,,,,,,Mini 4 Pro,SYNHBTYP3DCN27ZMB,,,,DJI Fly,,1.13.5,606506D4-8CA6-50D1-AD4F-F7F7ED2A7646,,,,,,,,,,
1773845178,5m 18.0s,318.0,1.40580040,103.70080963,196.9,196.9,30.0,376.9,7002.9,17.895,17.895,17.895,,0.000,,-0.000,,2.80,0.00,0.0,0.0,,P-GPS,,,18,4,TRUE,,Mini 4 Pro,,,,,,FALSE,TRUE,,,,,,,,,,,,,,,,,,,,,,,,,,,,,,,,,,,,,,,,,,,,,,,,78.6,,,,8.019,,,,,,,8.972,,,,,,,,,,,,,,,,,,,,,,,,,,,,,,,,1.40500000,103.70000000,415.3,,,,,,,,,,,,,,,,,,,,,,,,,,,,Mini 4 Pro,SYNHBTYP3DCN27ZMB,CAM6DGF46D3QRQAQB,RCSAK6RX8DFEXERNB,BATCE5VSLHKU2L2CH,,,,,,,,Mini 4 Pro,SYNHBTYP3DCN27ZMB,,,,DJI Fly,,1.13.5,606506D4-8CA6-50D1-AD4F-F7F7ED2A7646,,,,,,,,,,
1773845179,5m 19.0s,319.0,1.40587234,103.70080963,196.9,196.9,30.0,376.9,7029.2,17.895,17.895,17.895,,0.000,,-0.000,,2.80,0.00,0.0,0.0,,P-GPS,,,18,4,TRUE,,Mini 4 Pro,,,,,,FALSE,TRUE,,,,,,,,,,,,,,,,,,,,,,,,,,,,,,,,,,,,,,,,,,,,,,,,78.6,,,,8.019,,,,,,,8.972,,,,,,,,,,,,,,,,,,,,,,,,,,,,,,,,1.40500000,103.70000000,434.1,,,,,,,,,,,,,,,,,,,,,,,,,,,,Mini 4 Pro,SYNHBTYP3DCN27ZMB,CAM6DGF46D3QRQAQB,RCSAK6RX8DFEXERNB,BATCE5VSLHKU2L2CH,,,,,,,,Mini 4 Pro,SYNHBTYP3DCN27ZMB,,,,DJI Fly,,1.13.5,606506D4-8CA6-50D1-AD4F-F7F7ED2A7646,,,,,,,,,,
1773845180,5m 20.0s,320.0,1.40594429,103.70080963,196.9,196.9,30.0,376.9,7055.4,17.895,17.895,17.895,,0.000,,-0.000,,2.80,0.00,0.0,0.0,,P-GPS,,,18,4,TRUE,,Mini 4 Pro,,,,,,FALSE,TRUE,,,,,,,,,,,,,,,,,,,,,,,,,,,,,,,,,,,,,,,,,,,,,,,,78.6,,,,8.018,,,,,,,8.972,,,,,,,,,,,,,,,,,,,,,,,,,,,,,,,,1.40500000,103.70000000,453.7,,,,,,,,,,,,,,,,,,,,,,,,,,,,Mini 4 Pro,SYNHBTYP3DCN27ZMB,CAM6DGF46D3QRQAQB,RCSAK6RX8DFEXERNB,BATCE5VSLHKU2L2CH,,,,,,,,Mini 4 Pro,SYNHBTYP3DCN27ZMB,,,,DJI Fly,,1.13.5,606506D4-8CA6-50D1-AD4F-F7F7ED2A7646,,,,,,,,,,
1773845181,5m 21.0s,321.0,1.40601623,103.70080963,196.9,196.9,30.0,376.9,7081.7,17.895,17.895,17.895,,0.000,,-0.000,,2.80,0.00,0.0,0.0,,P-GPS,,,18,4,TRUE,,Mini 4 Pro,,,,,,FALSE,TRUE,,,,,,,,,,,,,,,,,,,,,,,,,,,,,,,,,,,,,,,,,,,,,,,,78.6,,,,8.018,,,,,,,8.972,,,,,,,,,,,,,,,,,,,,,,,,,,,,,,,,1.40500000,103.70000000,474.0,,,,,,,,,,,,,,,,,,,,,,,,,,,,Mini 4 Pro,SYNHBTYP3DCN27ZMB,CAM6DGF46D3QRQAQB,RCSAK6RX8DFEXERNB,BATCE5VSLHKU2L2CH,,,,,,,,Mini 4 Pro,SYNHBTYP3DCN27ZMB,,,,DJI Fly,,1.13.5,606506D4-8CA6-50D1-AD4F-F7F7ED2A7646,,,,,,,,,,
1773845182,5m 22.0s,322.0,1.40608818,103.70080963,196.9,196.9,30.0,376.9,7107.9,17.895,17.895,17.895,,0.000,,-0.000,,2.80,0.00,0.0,0.0,,P-GPS,,,18,4,TRUE,,Mini 4 Pro,,,,,,FALSE,TRUE,,,,,,,,,,,,,,,,,,,,,,,,,,,,,,,,,,,,,,,,,,,,,,,,78.5,,,,8.017,,,,,,,8.972,,,,,,,,,,,,,,,,,,,,,,,,,,,,,,,,1.40500000,103.70000000,494.8,,,,,,,,,,,,,,,,,,,,,,,,,,,,Mini 4 Pro,SYNHBTYP3DCN27ZMB,CAM6DGF46D3QRQAQB,RCSAK6RX8DFEXERNB,BATCE5VSLHKU2L2CH,,,,,,,,Mini 4 Pro,SYNHBTYP3DCN27ZMB,,,,DJI Fly,,1.13.5,606506D4-8CA6-50D1-AD4F-F7F7ED2A7646,,,,,,,,,,
1773845183,5m 23.0s,323.0,1.40616012,103.70080963,196.9,196.9,30.0,376.9,7134.1,17.895,17.895,17.895,,0.000,,-0.000,,2.80,0.00,0.0,0.0,,P-GPS,,,18,4,TRUE,,Mini 4 Pro,,,,,,FALSE,TRUE,,,,,,,,,,,,,,,,,,,,,,,,,,,,,,,,,,,,,,,,,,,,,,,,78.5,,,,8.017,,,,,,,8.972,,,,,,,,,,,,,,,,,,,,,,,,,,,,,,,,1.40500000,103.70000000,516.1,,,,,,,,,,,,,,,,,,,,,,,,,,,,Mini 4 Pro,SYNHBTYP3DCN27ZMB,CAM6DGF46D3QRQAQB,RCSAK6RX8DFEXERNB,BATCE5VSLHKU2L2CH,,,,,,,,Mini 4 Pro,SYNHBTYP3DCN27ZMB,,,,DJI Fly,,1.13.5,606506D4-8CA6-50D1-AD4F-F7F7ED2A7646,,,,,,,,,,
1773845184,5m 24.0s,324.0,1.40623207,103.70080963,196.9,196.9,30.0,376.9,7160.4,17.895,17.895,17.895,,0.000,,-0.000,,2.80,0.00,0.0,0.0,,P-GPS,,,18,4,TRUE,,Mini 4 Pro,,,,,,FALSE,TRUE,,,,,,,,,,,,,,,,,,,,,,,,,,,,,,,,,,,,,,,,,,,,,,,,78.5,,,,8.016,,,,,,,8.972,,,,,,,,,,,,,,,,,,,,,,,,,,,,,,,,1.40500000,103.70000000,537.8,,,,,,,,,,,,,,,,,,,,,,,,,,,,Mini 4 Pro,SYNHBTYP3DCN27ZMB,CAM6DGF46D3QRQAQB,RCSAK6RX8DFEXERNB,BATCE5VSLHKU2L2CH,,,,,,,,Mini 4 Pro,SYNHBTYP3DCN27ZMB,,,,DJI Fly,,1.13.5,606506D4-8CA6-50D1-AD4F-F7F7ED2A7646,,,,,,,,,,
1773845185,5m 25.0s,325.0,1.40630402,103.70080963,196.9,196.9,30.0,376.9,7186.6,17.895,17.895,17.895,,0.000,,-0.000,,2.80,0.00,0.0,0.0,,P-GPS,,,18,4,TRUE,,Mini 4 Pro,,,,,,FALSE,TRUE,,,,,,,,,,,,,,,,,,,,,,,,,,,,,,,,,,,,,,,,,,,,,,,,78.4,,,,8.016,,,,,,,8.972,,,,,,,,,,,,,,,,,,,,,,,,,,,,,,,,1.40500000,103.70000000,559.9,,,,,,,,,,,,,,,,,,,,,,,,,,,,Mini 4 Pro,SYNHBTYP3DCN27ZMB,CAM6DGF46D3QRQAQB,RCSAK6RX8DFEXERNB,BATCE5VSLHKU2L2CH,,,,,,,,Mini 4 Pro,SYNHBTYP3DCN27ZMB,,,,DJI Fly,,1.13.5,606506D4-8CA6-50D1-AD4F-F7F7ED2A7646,,,,,,,,,,
1773845186,5m 26.0s,326.0,1.40637596,103.70080963,196.9,196.9,30.0,376.9,7212.9,17.895,17.895,17.895,,0.000,,-0.000,,2.80,0.00,0.0,0.0,,P-GPS,,,18,4,TRUE,,Mini 4 Pro,,,,,,FALSE,TRUE,,,,,,,,,,,,,,,,,,,,,,,,,,,,,,,,,,,,,,,,,,,,,,,,78.4,,,,8.015,,,,,,,8.972,,,,,,,,,,,,,,,,,,,,,,,,,,,,,,,,1.40500000,103.70000000,582.4,,,,,,,,,,,,,,,,,,,,,,,,,,,,Mini 4 Pro,SYNHBTYP3DCN27ZMB,CAM6DGF46D3QRQAQB,RCSAK6RX8DFEXERNB,BATCE5VSLHKU2L2CH,,,,,,,,Mini 4 Pro,SYNHBTYP3DCN27ZMB,,,,DJI Fly,,1.13.5,606506D4-8CA6-50D1-AD4F-F7F7ED2A7646,,,,,,,,,,
1773845187,5m 27.0s,327.0,1.40644791,103.70080963,196.9,196.9,30.0,376.9,7239.1,17.895,17.895,17.895,,0.000,,-0.000,,2.80,0.00,0.0,0.0,,P-GPS,,,18,4,TRUE,,Mini 4 Pro,,,,,,FALSE,TRUE,,,,,,,,,,,,,,,,,,,,,,,,,,,,,,,,,,,,,,,,,,,,,,,,78.4,,,,8.015,,,,,,,8.972,,,,,,,,,,,,,,,,,,,,,,,,,,,,,,,,1.40500000,103.70000000,605.1,,,,,,,,,,,,,,,,,,,,,,,,,,,,Mini 4 Pro,SYNHBTYP3DCN27ZMB,CAM6DGF46D3QRQAQB,RCSAK6RX8DFEXERNB,BATCE5VSLHKU2L2CH,,,,,,,,Mini 4 Pro,SYNHBTYP3DCN27ZMB,,,,DJI Fly,,1.13.5,606506D4-8CA6-50D1-AD4F-F7F7ED2A7646,,,,,,,,,,
1773845188,5m 28.0s,328.0,1.40651985,103.70080963,196.9,196.9,30.0,376.9,7265.4,17.895,17.895,17.895,,0.000,,-0.000,,2.80,0.00,0.0,0.0,,P-GPS,,,18,4,TRUE,,Mini 4 Pro,,,,,,FALSE,TRUE,,,,,,,,,,,,,,,,,,,,,,,,,,,,,,,,,,,,,,,,,,,,,,,,78.4,,,,8.014,,,,,,,8.972,,,,,,,,,,,,,,,,,,,,,,,,,,,,,,,,1.40500000,103.70000000,628.2,,,,,,,,,,,,,,,,,,,,,,,,,,,,Mini 4 Pro,SYNHBTYP3DCN27ZMB,CAM6DGF46D3QRQAQB,RCSAK6RX8DFEXERNB,BATCE5VSLHKU2L2CH,,,,,,,,Mini 4 Pro,SYNHBTYP3DCN27ZMB,,,,DJI Fly,,1.13.5,606506D4-8CA6-50D1-AD4F-F7F7ED2A7646,,,,,,,,,,
1773845189,5m 29.0s,329.0,1.40657381,103.70080963,196.9,196.9,30.0,376.9,7285.1,13.422,17.895,13.422,,0.000,,-0.000,,2.10,0.00,0.0,0.0,,P-GPS,,,18,4,TRUE,,Mini 4 Pro,,,,,,FALSE,TRUE,,,,,,,,,,,,,,,,,,,,,,,,,,,,,,,,,,,,,,,,,,,,,,,,78.3,,,,8.014,,,,,,,7.872,,,,,,,,,,,,,,,,,,,,,,,,,,,,,,,,1.40500000,103.70000000,645.6,,,,,,,,,,,,,,,,,,,,,,,,,,,,Mini 4 Pro,SYNHBTYP3DCN27ZMB,CAM6DGF46D3QRQAQB,RCSAK6RX8DFEXERNB,BATCE5VSLHKU2L2CH,,,,,,,,Mini 4 Pro,SYNHBTYP3DCN27ZMB,,,,DJI Fly,,1.13.5,606506D4-8CA6-50D1-AD4F-F7F7ED2A7646,,,,,,,,,,
1773845190,5m 30.0s,330.0,1.40657381,103.70080963,196.9,196.9,30.0,376.9,7285.1,0.000,17.895,0.000,,0.000,,-0.000,,0.00,0.00,0.0,0.0,,P-GPS,,,18,4,TRUE,,Mini 4 Pro,,,,,,FALSE,TRUE,,,,,,,,,,,,,,,,,,,,,,,,,,,,,,,,,,,,,,,,,,,,,,,,78.3,,,,8.014,,,,,,,4.572,,,,,,,,,,,,,,,,,,,,,,,,,,,,,,,,1.40500000,103.70000000,645.6,,,,,,,,,,,,,,,,,,,,,,,,,,,,Mini 4 Pro,SYNHBTYP3DCN27ZMB,CAM6DGF46D3QRQAQB,RCSAK6RX8DFEXERNB,BATCE5VSLHKU2L2CH,,,,,,,,Mini 4 Pro,SYNHBTYP3DCN27ZMB,,,,DJI Fly,,1.13.5,606506D4-8CA6-50D1-AD4F-F7F7ED2A7646,,,,,,,,,,
1773845191,5m 31.0s,331.0,1.40657381,103.70086361,196.9,196.9,30.0,376.9,7304.8,13.422,17.895,0.000,,13.422,,-0.000,,2.10,25.00,90.0,90.0,,P-GPS,,,18,4,TRUE,,Mini 4 Pro,,,,,,FALSE,TRUE,,,,,,,,,,,,,,,,,,,,,,,,,,,,,,,,,,,,,,,,,,,,,,,,78.3,,,,8.013,,,,,,,7.872,,,,,,,,,,,,,,,,,,,,,,,,,,,,,,,,1.40500000,103.70000000,654.9,,,,,,,,,,,,,,,,,,,,,,,,,,,,Mini 4 Pro,SYNHBTYP3DCN27ZMB,CAM6DGF46D3QRQAQB,RCSAK6RX8DFEXERNB,BATCE5VSLHKU2L2CH,,,,,,,,Mini 4 Pro,SYNHBTYP3DCN27ZMB,,,,DJI Fly,,1.13.5,606506D4-8CA6-50D1-AD4F-F7F7ED2A7646,,,,,,,,,,
1773845192,5m 32.0s,332.0,1.40657381,103.70091758,196.9,196.9,30.0,376.9,7324.4,13.422,17.895,0.000,,13.422,,-0.000,,2.10,0.00,90.0,90.0,,P-GPS,,,18,4,TRUE,,Mini 4 Pro,,,,,,FALSE,TRUE,,,,,,,,,,,,,,,,,,,,,,,,,,,,,,,,,,,,,,,,,,,,,,,,78.2,,,,8.013,,,,,,,7.872,,,,,,,,,,,,,,,,,,,,,,,,,,,,,,,,1.40500000,103.70000000,664.6,,,,,,,,,,,,,,,,,,,,,,,,,,,,Mini 4 Pro,SYNHBTYP3DCN27ZMB,CAM6DGF46D3QRQAQB,RCSAK6RX8DFEXERNB,BATCE5VSLHKU2L2CH,,,,,,,,Mini 4 Pro,SYNHBTYP3DCN27ZMB,,,,DJI Fly,,1.13.5,606506D4-8CA6-50D1-AD4F-F7F7ED2A7646,,,,,,,,,,
1773845193,5m 33.0s,333.0,1.40657381,103.70097156,196.9,196.9,30.0,376.9,7344.1,13.422,17.895,0.000,,13.422,,-0.000,,2.10,0.00,90.0,90.0,,P-GPS,,,18,4,TRUE,,Mini 4 Pro,,,,,,FALSE,TRUE,,,,,,,,,,,,,,,,,,,,,,,,,,,,,,,,,,,,,,,,,,,,,,,,78.2,,,,8.012,,,,,,,7.872,,,,,,,,,,,,,,,,,,,,,,,,,,,,,,,,1.40500000,103.70000000,674.7,,,,,,,,,,,,,,,,,,,,,,,,,,,,Mini 4 Pro,SYNHBTYP3DCN27ZMB,CAM6DGF46D3QRQAQB,RCSAK6RX8DFEXERNB,BATCE5VSLHKU2L2CH,,,,,,,,Mini 4 Pro,SYNHBTYP3DCN27ZMB,,,,DJI Fly,,1.13.5,606506D4-8CA6-50D1-AD4F-F7F7ED2A7646,,,,,,,,,,
1773845194,5m 34.0s,334.0,1.40657381,103.70102553,196.9,196.9,30.0,376.9,7363.8,13.422,17.895,0.000,,13.422,,-0.000,,2.10,0.00,90.0,90.0,,P-GPS,,,18,4,TRUE,,Mini 4 Pro,,,,,,FALSE,TRUE,,,,,,,,,,,,,,,,,,,,,,,,,,,,,,,,,,,,,,,,,,,,,,,,78.2,,,,8.012,,,,,,,7.872,,,,,,,,,,,,,,,,,,,,,,,,,,,,,,,,1.40500000,103.70000000,685.2,,,,,,,,,,,,,,,,,,,,,,,,,,,,Mini 4 Pro,SYNHBTYP3DCN27ZMB,CAM6DGF46D3QRQAQB,RCSAK6RX8DFEXERNB,BATCE5VSLHKU2L2CH,,,,,,,,Mini 4 Pro,SYNHBTYP3DCN27ZMB,,,,DJI Fly,,1.13.5,606506D4-8CA6-50D1-AD4F-F7F7ED2A7646,,,,,,,,,,
1773845195,5m 35.0s,335.0,1.40657381,103.70107951,196.9,196.9,30.0,376.9,7383.5,13.422,17.895,0.000,,13.422,,-0.000,,2.10,0.00,90.0,90.0,,P-GPS,,,18,4,TRUE,,Mini 4 Pro,,,,,,FALSE,TRUE,,,,,,,,,,,,,,,,,,,,,,,,,,,,,,,,,,,,,,,,,,,,,,,,78.1,,,,8.011,,,,,,,7.872,,,,,,,,,,,,,,,,,,,,,,,,,,,,,,,,1.40500000,103.70000000,696.2,,,,,,,,,,,,,,,,,,,,,,,,,,,,Mini 4 Pro,SYNHBTYP3DCN27ZMB,CAM6DGF46D3QRQAQB,RCSAK6RX8DFEXERNB,BATCE5VSLHKU2L2CH,,,,,,,,Mini 4 Pro,SYNHBTYP3DCN27ZMB,,,,DJI Fly,,1.13.5,606506D4-8CA6-50D1-AD4F-F7F7ED2A7646,,,,,,,,,,
1773845196,5m 36.0s,336.0,1.40657381,103.70113349,196.9,196.9,30.0,376.9,7403.2,13.422,17.895,0.000,,13.422,,-0.000,,2.10,0.00,90.0,90.0,,P-GPS,,,18,4,TRUE,,Mini 4 Pro,,,,,,FALSE,TRUE,,,,,,,,,,,,,,,,,,,,,,,,,,,,,,,,,,,,,,,,,,,,,,,,78.1,,,,8.011,,,,,,,7.872,,,,,,,,,,,,,,,,,,,,,,,,,,,,,,,,1.40500000,103.70000000,707.5,,,,,,,,,,,,,,,,,,,,,,,,,,,,Mini 4 Pro,SYNHBTYP3DCN27ZMB,CAM6DGF46D3QRQAQB,RCSAK6RX8DFEXERNB,BATCE5VSLHKU2L2CH,,,,,,,,Mini 4 Pro,SYNHBTYP3DCN27ZMB,,,,DJI Fly,,1.13.5,606506D4-8CA6-50D1-AD4F-F7F7ED2A7646,,,,,,,,,,
1773845197,5m 37.0s,337.0,1.40657381,103.70118746,196.9,196.9,30.0,376.9,7422.9,13.422,17.895,0.000,,13.422,,-0.000,,2.10,0.00,90.0,90.0,,P-GPS,,,18,4,TRUE,,Mini 4 Pro,,,,,,FALSE,TRUE,,,,,,,,,,,,,,,,,,,,,,,,,,,,,,,,,,,,,,,,,,,,,,,,78.1,,,,8.010,,,,,,,7.872,,,,,,,,,,,,,,,,,,,,,,,,,,,,,,,,1.40500000,103.70000000,719.2,,,,,,,,,,,,,,,,,,,,,,,,,,,,Mini 4 Pro,SYNHBTYP3DCN27ZMB,CAM6DGF46D3QRQAQB,RCSAK6RX8DFEXERNB,BATCE5VSLHKU2L2CH,,,,,,,,Mini 4 Pro,SYNHBTYP3DCN27ZMB,,,,DJI Fly,,1.13.5,606506D4-8CA6-50D1-AD4F-F7F7ED2A7646,,,,,,,,,,
1773845198,5m 38.0s,338.0,1.40657381,103.70124144,196.9,196.9,30.0,376.9,7442.5,13.422,17.895,0.000,,13.422,,-0.000,,2.10,0.00,90.0,90.0,,P-GPS,,,18,4,TRUE,,Mini 4 Pro,,,,,,FALSE,TRUE,,,,,,,,,,,,,,,,,,,,,,,,,,,,,,,,,,,,,,,,,,,,,,,,78.1,,,,8.010,,,,,,,7.872,,,,,,,,,,,,,,,,,,,,,,,,,,,,,,,,1.40500000,103.70000000,731.2,,,,,,,,,,,,,,,,,,,,,,,,,,,,Mini 4 Pro,SYNHBTYP3DCN27ZMB,CAM6DGF46D3QRQAQB,RCSAK6RX8DFEXERNB,BATCE5VSLHKU2L2CH,,,,,,,,Mini 4 Pro,SYNHBTYP3DCN27ZMB,,,,DJI Fly,,1.13.5,606506D4-8CA6-50D1-AD4F-F7F7ED2A7646,,,,,,,,,,
1773845199,5m 39.0s,339.0,1.40657381,103.70129541,196.9,196.9,30.0,376.9,7462.2,13.422,17.895,0.000,,13.422,,-0.000,,2.10,0.00,90.0,90.0,,P-GPS,,,18,4,TRUE,,Mini 4 Pro,,,,,,FALSE,TRUE,,,,,,,,,,,,,,,,,,,,,,,,,,,,,,,,,,,,,,,,,,,,,,,,78.0,,,,8.009,,,,,,,7.872,,,,,,,,,,,,,,,,,,,,,,,,,,,,,,,,1.40500000,103.70000000,743.5,,,,,,,,,,,,,,,,,,,,,,,,,,,,Mini 4 Pro,SYNHBTYP3DCN27ZMB,CAM6DGF46D3QRQAQB,RCSAK6RX8DFEXERNB,BATCE5VSLHKU2L2CH,,,,,,,,Mini 4 Pro,SYNHBTYP3DCN27ZMB,,,,DJI Fly,,1.13.5,606506D4-8CA6-50D1-AD4F-F7F7ED2A7646,,,,,,,,,,
1773845200,5m 40.0s,340.0,1.40657381,103.70134939,196.9,196.9,30.0,376.9,7481.9,13.422,17.895,0.000,,13.422,,-0.000,,2.10,0.00,90.0,90.0,,P-GPS,,,18,4,TRUE,,Mini 4 Pro,,,,,,FALSE,TRUE,,,,,,,,,,,,,,,,,,,,,,,,,,,,,,,,,,,,,,,,,,,,,,,,78.0,,,,8.009,,,,,,,7.872,,,,,,,,,,,,,,,,,,,,,,,,,,,,,,,,1.40500000,103.70000000,756.2,,,,,,,,,,,,,,,,,,,,,,,,,,,,Mini 4 Pro,SYNHBTYP3DCN27ZMB,CAM6DGF46D3QRQAQB,RCSAK6RX8DFEXERNB,BATCE5VSLHKU2L2CH,,,,,,,,Mini 4 Pro,SYNHBTYP3DCN27ZMB,,,,DJI Fly,,1.13.5,606506D4-8CA6-50D1-AD4F-F7F7ED2A7646,,,,,,,,,,
1773845201,5m 41.0s,341.0,1.40650187,103.70134939,196.9,196.9,30.0,376.9,7508.2,17.895,17.895,-17.895,,0.000,,-0.000,,2.80,25.00,180.0,180.0,,P-GPS,,,18,4,TRUE,,Mini 4 Pro,,,,,,FALSE,TRUE,,,,,,,,,,,,,,,,,,,,,,,,,,,,,,,,,,,,,,,,,,,,,,,,78.0,,,,8.009,,,,,,,8.972,,,,,,,,,,,,,,,,,,,,,,,,,,,,,,,,1.40500000,103.70000000,736.5,,,,,,,,,,,,,,,,,,,,,,,,,,,,Mini 4 Pro,SYNHBTYP3DCN27ZMB,CAM6DGF46D3QRQAQB,RCSAK6RX8DFEXERNB,BATCE5VSLHKU2L2CH,,,,,,,,Mini 4 Pro,SYNHBTYP3DCN27ZMB,,,,DJI Fly,,1.13.5,606506D4-8CA6-50D1-AD4F-F7F7ED2A7646,,,,,,,,,,
1773845202,5m 42.0s,342.0,1.40642992,103.70134939,196.9,196.9,30.0,376.9,7534.4,17.895,17.895,-17.895,,0.000,,-0.000,,2.80,0.00,180.0,180.0,,P-GPS,,,18,4,TRUE,,Mini 4 Pro,,,,,,FALSE,TRUE,,,,,,,,,,,,,,,,,,,,,,,,,,,,,,,,,,,,,,,,,,,,,,,,77.9,,,,8.008,,,,,,,8.972,,,,,,,,,,,,,,,,,,,,,,,,,,,,,,,,1.40500000,103.70000000,717.2,,,,,,,,,,,,,,,,,,,,,,,,,,,,Mini 4 Pro,SYNHBTYP3DCN27ZMB,CAM6DGF46D3QRQAQB,RCSAK6RX8DFEXERNB,BATCE5VSLHKU2L2CH,,,,,,,,Mini 4 Pro,SYNHBTYP3DCN27ZMB,,,,DJI Fly,,1.13.5,606506D4-8CA6-50D1-AD4F-F7F7ED2A7646,,,,,,,,,,
1773845203,5m 43.0s,343.0,1.40635798,103.70134939,196.9,196.9,30.0,376.9,7560.7,17.895,17.895,-17.895,,0.000,,-0.000,,2.80,0.00,180.0,180.0,,P-GPS,,,18,4,TRUE,,Mini 4 Pro,,,,,,FALSE,TRUE,,,,,,,,,,,,,,,,,,,,,,,,,,,,,,,,,,,,,,,,,,,,,,,,77.9,,,,8.008,,,,,,,8.972,,,,,,,,,,,,,,,,,,,,,,,,,,,,,,,,1.40500000,103.70000000,698.3,,,,,,,,,,,,,,,,,,,,,,,,,,,,Mini 4 Pro,SYNHBTYP3DCN27ZMB,CAM6DGF46D3QRQAQB,RCSAK6RX8DFEXERNB,BATCE5VSLHKU2L2CH,,,,,,,,Mini 4 Pro,SYNHBTYP3DCN27ZMB,,,,DJI Fly,,1.13.5,606506D4-8CA6-50D1-AD4F-F7F7ED2A7646,,,,,,,,,,
1773845204,5m 44.0s,344.0,1.40628603,103.70134939,196.9,196.9,30.0,376.9,7586.9,17.895,17.895,-17.895,,0.000,,-0.000,,2.80,0.00,180.0,180.0,,P-GPS,,,18,4,TRUE,,Mini 4 Pro,,,,,,FALSE,TRUE,,,,,,,,,,,,,,,,,,,,,,,,,,,,,,,,,,,,,,,,,,,,,,,,77.9,,,,8.007,,,,,,,8.972,,,,,,,,,,,,,,,,,,,,,,,,,,,,,,,,1.40500000,103.70000000,679.9,,,,,,,,,,,,,,,,,,,,,,,,,,,,Mini 4 Pro,SYNHBTYP3DCN27ZMB,CAM6DGF46D3QRQAQB,RCSAK6RX8DFEXERNB,BATCE5VSLHKU2L2CH,,,,,,,,Mini 4 Pro,SYNHBTYP3DCN27ZMB,,,,DJI Fly,,1.13.5,606506D4-8CA6-50D1-AD4F-F7F7ED2A7646,,,,,,,,,,
1773845205,5m 45.0s,345.0,1.40621408,103.70134939,196.9,196.9,30.0,376.9,7613.2,17.895,17.895,-17.895,,0.000,,-0.000,,2.80,0.00,180.0,180.0,,P-GPS,,,18,4,TRUE,,Mini 4 Pro,,,,,,FALSE,TRUE,,,,,,,,,,,,,,,,,,,,,,,,,,,,,,,,,,,,,,,,,,,,,,,,77.9,,,,8.007,,,,,,,8.972,,,,,,,,,,,,,,,,,,,,,,,,,,,,,,,,1.40500000,103.70000000,662.1,,,,,,,,,,,,,,,,,,,,,,,,,,,,Mini 4 Pro,SYNHBTYP3DCN27ZMB,CAM6DGF46D3QRQAQB,RCSAK6RX8DFEXERNB,BATCE5VSLHKU2L2CH,,,,,,,,Mini 4 Pro,SYNHBTYP3DCN27ZMB,,,,DJI Fly,,1.13.5,606506D4-8CA6-50D1-AD4F-F7F7ED2A7646,,,,,,,,,,
1773845206,5m 46.0s,346.0,1.40614214,103.70134939,196.9,196.9,30.0,376.9,7639.4,17.895,17.895,-17.895,,0.000,,-0.000,,2.80,0.00,180.0,180.0,,P-GPS,,,18,4,TRUE,,Mini 4 Pro,,,,,,FALSE,TRUE,,,,,,,,,,,,,,,,,,,,,,,,,,,,,,,,,,,,,,,,,,,,,,,,77.8,,,,8.006,,,,,,,8.972,,,,,,,,,,,,,,,,,,,,,,,,,,,,,,,,1.40500000,103.70000000,644.8,,,,,,,,,,,,,,,,,,,,,,,,,,,,Mini 4 Pro,SYNHBTYP3DCN27ZMB,CAM6DGF46D3QRQAQB,RCSAK6RX8DFEXERNB,BATCE5VSLHKU2L2CH,,,,,,,,Mini 4 Pro,SYNHBTYP3DCN27ZMB,,,,DJI Fly,,1.13.5,606506D4-8CA6-50D1-AD4F-F7F7ED2A7646,,,,,,,,,,
1773845207,5m 47.0s,347.0,1.40607019,103.70134939,196.9,196.9,30.0,376.9,7665.6,17.895,17.895,-17.895,,0.000,,-0.000,,2.80,0.00,180.0,180.0,,P-GPS,,,18,4,TRUE,,Mini 4 Pro,,,,,,FALSE,TRUE,,,,,,,,,,,,,,,,,,,,,,,,,,,,,,,,,,,,,,,,,,,,,,,,77.8,,,,8.006,,,,,,,8.972,,,,,,,,,,,,,,,,,,,,,,,,,,,,,,,,1.40500000,103.70000000,628.2,,,,,,,,,,,,,,,,,,,,,,,,,,,,Mini 4 Pro,SYNHBTYP3DCN27ZMB,CAM6DGF46D3QRQAQB,RCSAK6RX8DFEXERNB,BATCE5VSLHKU2L2CH,,,,,,,,Mini 4 Pro,SYNHBTYP3DCN27ZMB,,,,DJI Fly,,1.13.5,606506D4-8CA6-50D1-AD4F-F7F7ED2A7646,,,,,,,,,,
1773845208,5m 48.0s,348.0,1.40599825,103.70134939,196.9,196.9,30.0,376.9,7691.9,17.895,17.895,-17.895,,0.000,,-0.000,,2.80,0.00,180.0,180.0,,P-GPS,,,18,4,TRUE,,Mini 4 Pro,,,,,,FALSE,TRUE,,,,,,,,,,,,,,,,,,,,,,,,,,,,,,,,,,,,,,,,,,,,,,,,77.8,,,,8.005,,,,,,,8.972,,,,,,,,,,,,,,,,,,,,,,,,,,,,,,,,1.40500000,103.70000000,612.2,,,,,,,,,,,,,,,,,,,,,,,,,,,,Mini 4 Pro,SYNHBTYP3DCN27ZMB,CAM6DGF46D3QRQAQB,RCSAK6RX8DFEXERNB,BATCE5VSLHKU2L2CH,,,,,,,,Mini 4 Pro,SYNHBTYP3DCN27ZMB,,,,DJI Fly,,1.13.5,606506D4-8CA6-50D1-AD4F-F7F7ED2A7646,,,,,,,,,,
1773845209,5m 49.0s,349.0,1.40592630,103.70134939,196.9,196.9,30.0,376.9,7718.1,17.895,17.895,-17.895,,0.000,,-0.000,,2.80,0.00,180.0,180.0,,P-GPS,,,18,4,TRUE,,Mini 4 Pro,,,,,,FALSE,TRUE,,,,,,,,,,,,,,,,,,,,,,,,,,,,,,,,,,,,,,,,,,,,,,,,77.7,,,,8.005,,,,,,,8.972,,,,,,,,,,,,,,,,,,,,,,,,,,,,,,,,1.40500000,103.70000000,597.0,,,,,,,,,,,,,,,,,,,,,,,,,,,,Mini 4 Pro,SYNHBTYP3DCN27ZMB,CAM6DGF46D3QRQAQB,RCSAK6RX8DFEXERNB,BATCE5VSLHKU2L2CH,,,,,,,,Mini 4 Pro,SYNHBTYP3DCN27ZMB,,,,DJI Fly,,1.13.5,606506D4-8CA6-50D1-AD4F-F7F7ED2A7646,,,,,,,,,,
1773845210,5m 50.0s,350.0,1.40585436,103.70134939,196.9,196.9,30.0,376.9,7744.4,17.895,17.895,-17.895,,0.000,,-0.000,,2.80,0.00,180.0,180.0,,P-GPS,,,18,4,TRUE,,Mini 4 Pro,,,,,,FALSE,TRUE,,,,,,,,,,,,,,,,,,,,,,,,,,,,,,,,,,,,,,,,,,,,,,,,77.7,,,,8.004,,,,,,,8.972,,,,,,,,,,,,,,,,,,,,,,,,,,,,,,,,1.40500000,103.70000000,582.5,,,,,,,,,,,,,,,,,,,,,,,,,,,,Mini 4 Pro,SYNHBTYP3DCN27ZMB,CAM6DGF46D3QRQAQB,RCSAK6RX8DFEXERNB,BATCE5VSLHKU2L2CH,,,,,,,,Mini 4 Pro,SYNHBTYP3DCN27ZMB,,,,DJI Fly,,1.13.5,606506D4-8CA6-50D1-AD4F-F7F7ED2A7646,,,,,,,,,,
1773845211,5m 51.0s,351.0,1.40578241,103.70134939,196.9,196.9,30.0,376.9,7770.6,17.895,17.895,-17.895,,0.000,,-0.000,,2.80,0.00,180.0,180.0,,P-GPS,,,18,4,TRUE,,Mini 4 Pro,,,,,,FALSE,TRUE,,,,,,,,,,,,,,,,,,,,,,,,,,,,,,,,,,,,,,,,,,,,,,,,77.7,,,,8.004,,,,,,,8.972,,,,,,,,,,,,,,,,,,,,,,,,,,,,,,,,1.40500000,103.70000000,568.9,,,,,,,,,,,,,,,,,,,,,,,,,,,,Mini 4 Pro,SYNHBTYP3DCN27ZMB,CAM6DGF46D3QRQAQB,RCSAK6RX8DFEXERNB,BATCE5VSLHKU2L2CH,,,,,,,,Mini 4 Pro,SYNHBTYP3DCN27ZMB,,,,DJI Fly,,1.13.5,606506D4-8CA6-50D1-AD4F-F7F7ED2A7646,,,,,,,,,,
1773845212,5m 52.0s,352.0,1.40571046,103.70134939,196.9,196.9,30.0,376.9,7796.9,17.895,17.895,-17.895,,0.000,,-0.000,,2.80,0.00,180.0,180.0,,P-GPS,,,18,4,TRUE,,Mini 4 Pro,,,,,,FALSE,TRUE,,,,,,,,,,,,,,,,,,,,,,,,,,,,,,,,,,,,,,,,,,,,,,,,77.6,,,,8.004,,,,,,,8.972,,,,,,,,,,,,,,,,,,,,,,,,,,,,,,,,1.40500000,103.70000000,556.2,,,,,,,,,,,,,,,,,,,,,,,,,,,,Mini 4 Pro,SYNHBTYP3DCN27ZMB,CAM6DGF46D3QRQAQB,RCSAK6RX8DFEXERNB,BATCE5VSLHKU2L2CH,,,,,,,,Mini 4 Pro,SYNHBTYP3DCN27ZMB,,,,DJI Fly,,1.13.5,606506D4-8CA6-50D1-AD4F-F7F7ED2A7646,,,,,,,,,,
1773845213,5m 53.0s,353.0,1.40563852,103.70134939,196.9,196.9,30.0,376.9,7823.1,17.895,17.895,-17.895,,0.000,,-0.000,,2.80,0.00,180.0,180.0,,P-GPS,,,18,4,TRUE,,Mini 4 Pro,,,,,,FALSE,TRUE,,,,,,,,,,,,,,,,,,,,,,,,,,,,,,,,,,,,,,,,,,,,,,,,77.6,,,,8.003,,,,,,,8.972,,,,,,,,,,,,,,,,,,,,,,,,,,,,,,,,1.40500000,103.70000000,544.5,,,,,,,,,,,,,,,,,,,,,,,,,,,,Mini 4 Pro,SYNHBTYP3DCN27ZMB,CAM6DGF46D3QRQAQB,RCSAK6RX8DFEXERNB,BATCE5VSLHKU2L2CH,,,,,,,,Mini 4 Pro,SYNHBTYP3DCN27ZMB,,,,DJI Fly,,1.13.5,606506D4-8CA6-50D1-AD4F-F7F7ED2A7646,,,,,,,,,,
1773845214,5m 54.0s,354.0,1.40556657,103.70134939,196.9,196.9,30.0,376.9,7849.4,17.895,17.895,-17.895,,0.000,,-0.000,,2.80,0.00,180.0,180.0,,P-GPS,,,18,4,TRUE,,Mini 4 Pro,,,,,,FALSE,TRUE,,,,,,,,,,,,,,,,,,,,,,,,,,,,,,,,,,,,,,,,,,,,,,,,77.6,,,,8.003,,,,,,,8.972,,,,,,,,,,,,,,,,,,,,,,,,,,,,,,,,1.40500000,103.70000000,533.8,,,,,,,,,,,,,,,,,,,,,,,,,,,,Mini 4 Pro,SYNHBTYP3DCN27ZMB,CAM6DGF46D3QRQAQB,RCSAK6RX8DFEXERNB,BATCE5VSLHKU2L2CH,,,,,,,,Mini 4 Pro,SYNHBTYP3DCN27ZMB,,,,DJI Fly,,1.13.5,606506D4-8CA6-50D1-AD4F-F7F7ED2A7646,,,,,,,,,,
1773845215,5m 55.0s,355.0,1.40549463,103.70134939,196.9,196.9,30.0,376.9,7875.6,17.895,17.895,-17.895,,0.000,,-0.000,,2.80,0.00,180.0,180.0,,P-GPS,,,18,4,TRUE,,Mini 4 Pro,,,,,,FALSE,TRUE,,,,,,,,,,,,,,,,,,,,,,,,,,,,,,,,,,,,,,,,,,,,,,,,77.6,,,,8.002,,,,,,,8.972,,,,,,,,,,,,,,,,,,,,,,,,,,,,,,,,1.40500000,103.70000000,524.2,,,,,,,,,,,,,,,,,,,,,,,,,,,,Mini 4 Pro,SYNHBTYP3DCN27ZMB,CAM6DGF46D3QRQAQB,RCSAK6RX8DFEXERNB,BATCE5VSLHKU2L2CH,,,,,,,,Mini 4 Pro,SYNHBTYP3DCN27ZMB,,,,DJI Fly,,1.13.5,606506D4-8CA6-50D1-AD4F-F7F7ED2A7646,,,,,,,,,,
1773845216,5m 56.0s,356.0,1.40542268,103.70134939,196.9,196.9,30.0,376.9,7901.9,17.895,17.895,-17.895,,0.000,,-0.000,,2.80,0.00,180.0,180.0,,P-GPS,,,18,4,TRUE,,Mini 4 Pro,,,,,,FALSE,TRUE,,,,,,,,,,,,,,,,,,,,,,,,,,,,,,,,,,,,,,,,,,,,,,,,77.5,,,,8.002,,,,,,,8.972,,,,,,,,,,,,,,,,,,,,,,,,,,,,,,,,1.40500000,103.70000000,515.7,,,,,,,,,,,,,,,,,,,,,,,,,,,,Mini 4 Pro,SYNHBTYP3DCN27ZMB,CAM6DGF46D3QRQAQB,RCSAK6RX8DFEXERNB,BATCE5VSLHKU2L2CH,,,,,,,,Mini 4 Pro,SYNHBTYP3DCN27ZMB,,,,DJI Fly,,1.13.5,606506D4-8CA6-50D1-AD4F-F7F7ED2A7646,,,,,,,,,,
1773845217,5m 57.0s,357.0,1.40535074,103.70134939,196.9,196.9,30.0,376.9,7928.1,17.895,17.895,-17.895,,0.000,,-0.000,,2.80,0.00,180.0,180.0,,P-GPS,,,18,4,TRUE,,Mini 4 Pro,,,,,,FALSE,TRUE,,,,,,,,,,,,,,,,,,,,,,,,,,,,,,,,,,,,,,,,,,,,,,,,77.5,,,,8.001,,,,,,,8.972,,,,,,,,,,,,,,,,,,,,,,,,,,,,,,,,1.40500000,103.70000000,508.5,,,,,,,,,,,,,,,,,,,,,,,,,,,,Mini 4 Pro,SYNHBTYP3DCN27ZMB,CAM6DGF46D3QRQAQB,RCSAK6RX8DFEXERNB,BATCE5VSLHKU2L2CH,,,,,,,,Mini 4 Pro,SYNHBTYP3DCN27ZMB,,,,DJI Fly,,1.13.5,606506D4-8CA6-50D1-AD4F-F7F7ED2A7646,,,,,,,,,,
1773845218,5m 58.0s,358.0,1.40527879,103.70134939,196.9,196.9,30.0,376.9,7954.4,17.895,17.895,-17.895,,0.000,,-0.000,,2.80,0.00,180.0,180.0,,P-GPS,,,18,4,TRUE,,Mini 4 Pro,,,,,,FALSE,TRUE,,,,,,,,,,,,,,,,,,,,,,,,,,,,,,,,,,,,,,,,,,,,,,,,77.5,,,,8.001,,,,,,,8.972,,,,,,,,,,,,,,,,,,,,,,,,,,,,,,,,1.40500000,103.70000000,502.5,,,,,,,,,,,,,,,,,,,,,,,,,,,,Mini 4 Pro,SYNHBTYP3DCN27ZMB,CAM6DGF46D3QRQAQB,RCSAK6RX8DFEXERNB,BATCE5VSLHKU2L2CH,,,,,,,,Mini 4 Pro,SYNHBTYP3DCN27ZMB,,,,DJI Fly,,1.13.5,606506D4-8CA6-50D1-AD4F-F7F7ED2A7646,,,,,,,,,,
1773845219,5m 59.0s,359.0,1.40520684,103.70134939,196.9,196.9,30.0,376.9,7980.6,17.895,17.895,-17.895,,0.000,,-0.000,,2.80,0.00,180.0,180.0,,P-GPS,,,18,4,TRUE,,Mini 4 Pro,,,,,,FALSE,TRUE,,,,,,,,,,,,,,,,,,,,,,,,,,,,,,,,,,,,,,,,,,,,,,,,77.4,,,,8.000,,,,,,,8.972,,,,,,,,,,,,,,,,,,,,,,,,,,,,,,,,1.40500000,103.70000000,497.9,,,,,,,,,,,,,,,,,,,,,,,,,,,,Mini 4 Pro,SYNHBTYP3DCN27ZMB,CAM6DGF46D3QRQAQB,RCSAK6RX8DFEXERNB,BATCE5VSLHKU2L2CH,,,,,,,,Mini 4 Pro,SYNHBTYP3DCN27ZMB,,,,DJI Fly,,1.13.5,606506D4-8CA6-50D1-AD4F-F7F7ED2A7646,,,,,,,,,,
1773845220,6m 0.0s,360.0,1.40513490,103.70134939,196.9,196.9,30.0,376.9,8006.9,17.895,17.895,-17.895,,0.000,,-0.000,,2.80,0.00,180.0,180.0,,P-GPS,,,18,4,TRUE,,Mini 4 Pro,,,,,,FALSE,TRUE,,,,,,,,,,,,,,,,,,,,,,,,,,,,,,,,,,,,,,,,,,,,,,,,77.4,,,,8.000,,,,,,,8.972,,,,,,,,,,,,,,,,,,,,,,,,,,,,,,,,1.40500000,103.70000000,494.6,,,,,,,,,,,,,,,,,,,,,,,,,,,,Mini 4 Pro,SYNHBTYP3DCN27ZMB,CAM6DGF46D3QRQAQB,RCSAK6RX8DFEXERNB,BATCE5VSLHKU2L2CH,,,,,,,,Mini 4 Pro,SYNHBTYP3DCN27ZMB,,,,DJI Fly,,1.13.5,606506D4-8CA6-50D1-AD4F-F7F7ED2A7646,,,,,,,,,,
1773845221,6m 1.0s,361.0,1.40506295,103.70134939,196.9,196.9,30.0,376.9,8033.1,17.895,17.895,-17.895,,0.000,,-0.000,,2.80,0.00,180.0,180.0,,P-GPS,,,18,4,TRUE,,Mini 4 Pro,,,,,,FALSE,TRUE,,,,,,,,,,,,,,,,,,,,,,,,,,,,,,,,,,,,,,,,,,,,,,,,77.4,,,,7.999,,,,,,,8.972,,,,,,,,,,,,,,,,,,,,,,,,,,,,,,,,1.40500000,103.70000000,492.7,,,,,,,,,,,,,,,,,,,,,,,,,,,,Mini 4 Pro,SYNHBTYP3DCN27ZMB,CAM6DGF46D3QRQAQB,RCSAK6RX8DFEXERNB,BATCE5VSLHKU2L2CH,,,,,,,,Mini 4 Pro,SYNHBTYP3DCN27ZMB,,,,DJI Fly,,1.13.5,606506D4-8CA6-50D1-AD4F-F7F7ED2A7646,,,,,,,,,,
1773845222,6m 2.0s,362.0,1.40499101,103.70134939,196.9,196.9,30.0,376.9,8059.3,17.895,17.895,-17.895,,0.000,,-0.000,,2.80,0.00,180.0,180.0,,P-GPS,,,18,4,TRUE,,Mini 4 Pro,,,,,,FALSE,TRUE,,,,,,,,,,,,,,,,,,,,,,,,,,,,,,,,,,,,,,,,,,,,,,,,77.4,,,,7.999,,,,,,,8.972,,,,,,,,,,,,,,,,,,,,,,,,,,,,,,,,1.40500000,103.70000000,492.1,,,,,,,,,,,,,,,,,,,,,,,,,,,,Mini 4 Pro,SYNHBTYP3DCN27ZMB,CAM6DGF46D3QRQAQB,RCSAK6RX8DFEXERNB,BATCE5VSLHKU2L2CH,,,,,,,,Mini 4 Pro,SYNHBTYP3DCN27ZMB,,,,DJI Fly,,1.13.5,606506D4-8CA6-50D1-AD4F-F7F7ED2A7646,,,,,,,,,,
1773845223,6m 3.0s,363.0,1.40491906,103.70134939,196.9,196.9,30.0,376.9,8085.6,17.895,17.895,-17.895,,0.000,,-0.000,,2.80,0.00,180.0,180.0,,P-GPS,,,18,4,TRUE,,Mini 4 Pro,,,,,,FALSE,TRUE,,,,,,,,,,,,,,,,,,,,,,,,,,,,,,,,,,,,,,,,,,,,,,,,77.3,,,,7.999,,,,,,,8.972,,,,,,,,,,,,,,,,,,,,,,,,,,,,,,,,1.40500000,103.70000000,493.0,,,,,,,,,,,,,,,,,,,,,,,,,,,,Mini 4 Pro,SYNHBTYP3DCN27ZMB,CAM6DGF46D3QRQAQB,RCSAK6RX8DFEXERNB,BATCE5VSLHKU2L2CH,,,,,,,,Mini 4 Pro,SYNHBTYP3DCN27ZMB,,,,DJI Fly,,1.13.5,606506D4-8CA6-50D1-AD4F-F7F7ED2A7646,,,,,,,,,,
1773845224,6m 4.0s,364.0,1.40484712,103.70134939,196.9,196.9,30.0,376.9,8111.8,17.895,17.895,-17.895,,0.000,,-0.000,,2.80,0.00,180.0,180.0,,P-GPS,,,18,4,TRUE,,Mini 4 Pro,,,,,,FALSE,TRUE,,,,,,,,,,,,,,,,,,,,,,,,,,,,,,,,,,,,,,,,,,,,,,,,77.3,,,,7.998,,,,,,,8.972,,,,,,,,,,,,,,,,,,,,,,,,,,,,,,,,1.40500000,103.70000000,495.3,,,,,,,,,,,,,,,,,,,,,,,,,,,,Mini 4 Pro,SYNHBTYP3DCN27ZMB,CAM6DGF46D3QRQAQB,RCSAK6RX8DFEXERNB,BATCE5VSLHKU2L2CH,,,,,,,,Mini 4 Pro,SYNHBTYP3DCN27ZMB,,,,DJI Fly,,1.13.5,606506D4-8CA6-50D1-AD4F-F7F7ED2A7646,,,,,,,,,,
1773845225,6m 5.0s,365.0,1.40477517,103.70134939,196.9,196.9,30.0,376.9,8138.1,17.895,17.895,-17.895,,0.000,,-0.000,,2.80,0.00,180.0,180.0,,P-GPS,,,18,4,TRUE,,Mini 4 Pro,,,,,,FALSE,TRUE,,,,,,,,,,,,,,,,,,,,,,,,,,,,,,,,,,,,,,,,,,,,,,,,77.3,,,,7.998,,,,,,,8.972,,,,,,,,,,,,,,,,,,,,,,,,,,,,,,,,1.40500000,103.70000000,498.9,,,,,,,,,,,,,,,,,,,,,,,,,,,,Mini 4 Pro,SYNHBTYP3DCN27ZMB,CAM6DGF46D3QRQAQB,RCSAK6RX8DFEXERNB,BATCE5VSLHKU2L2CH,,,,,,,,Mini 4 Pro,SYNHBTYP3DCN27ZMB,,,,DJI Fly,,1.13.5,606506D4-8CA6-50D1-AD4F-F7F7ED2A7646,,,,,,,,,,
1773845226,6m 6.0s,366.0,1.40470322,103.70134939,196.9,196.9,30.0,376.9,8164.3,17.895,17.895,-17.895,,0.000,,-0.000,,2.80,0.00,180.0,180.0,,P-GPS,,,18,4,TRUE,,Mini 4 Pro,,,,,,FALSE,TRUE,,,,,,,,,,,,,,,,,,,,,,,,,,,,,,,,,,,,,,,,,,,,,,,,77.2,,,,7.997,,,,,,,8.972,,,,,,,,,,,,,,,,,,,,,,,,,,,,,,,,1.40500000,103.70000000,503.9,,,,,,,,,,,,,,,,,,,,,,,,,,,,Mini 4 Pro,SYNHBTYP3DCN27ZMB,CAM6DGF46D3QRQAQB,RCSAK6RX8DFEXERNB,BATCE5VSLHKU2L2CH,,,,,,,,Mini 4 Pro,SYNHBTYP3DCN27ZMB,,,,DJI Fly,,1.13.5,606506D4-8CA6-50D1-AD4F-F7F7ED2A7646,,,,,,,,,,
1773845227,6m 7.0s,367.0,1.40463128,103.70134939,196.9,196.9,30.0,376.9,8190.6,17.895,17.895,-17.895,,0.000,,-0.000,,2.80,0.00,180.0,180.0,,P-GPS,,,18,4,TRUE,,Mini 4 Pro,,,,,,FALSE,TRUE,,,,,,,,,,,,,,,,,,,,,,,,,,,,,,,,,,,,,,,,,,,,,,,,77.2,,,,7.997,,,,,,,8.972,,,,,,,,,,,,,,,,,,,,,,,,,,,,,,,,1.40500000,103.70000000,510.2,,,,,,,,,,,,,,,,,,,,,,,,,,,,Mini 4 Pro,SYNHBTYP3DCN27ZMB,CAM6DGF46D3QRQAQB,RCSAK6RX8DFEXERNB,BATCE5VSLHKU2L2CH,,,,,,,,Mini 4 Pro,SYNHBTYP3DCN27ZMB,,,,DJI Fly,,1.13.5,606506D4-8CA6-50D1-AD4F-F7F7ED2A7646,,,,,,,,,,
1773845228,6m 8.0s,368.0,1.40455933,103.70134939,196.9,196.9,30.0,376.9,8216.8,17.895,17.895,-17.895,,0.000,,-0.000,,2.80,0.00,180.0,180.0,,P-GPS,,,18,4,TRUE,,Mini 4 Pro,,,,,,FALSE,TRUE,,,,,,,,,,,,,,,,,,,,,,,,,,,,,,,,,,,,,,,,,,,,,,,,77.2,,,,7.996,,,,,,,8.972,,,,,,,,,,,,,,,,,,,,,,,,,,,,,,,,1.40500000,103.70000000,517.7,,,,,,,,,,,,,,,,,,,,,,,,,,,,Mini 4 Pro,SYNHBTYP3DCN27ZMB,CAM6DGF46D3QRQAQB,RCSAK6RX8DFEXERNB,BATCE5VSLHKU2L2CH,,,,,,,,Mini 4 Pro,SYNHBTYP3DCN27ZMB,,,,DJI Fly,,1.13.5,606506D4-8CA6-50D1-AD4F-F7F7ED2A7646,,,,,,,,,,
1773845229,6m 9.0s,369.0,1.40448739,103.70134939,196.9,196.9,30.0,376.9,8243.1,17.895,17.895,-17.895,,0.000,,-0.000,,2.80,0.00,180.0,180.0,,P-GPS,,,18,4,TRUE,,Mini 4 Pro,,,,,,FALSE,TRUE,,,,,,,,,,,,,,,,,,,,,,,,,,,,,,,,,,,,,,,,,,,,,,,,77.1,,,,7.996,,,,,,,8.972,,,,,,,,,,,,,,,,,,,,,,,,,,,,,,,,1.40500000,103.70000000,526.5,,,,,,,,,,,,,,,,,,,,,,,,,,,,Mini 4 Pro,SYNHBTYP3DCN27ZMB,CAM6DGF46D3QRQAQB,RCSAK6RX8DFEXERNB,BATCE5VSLHKU2L2CH,,,,,,,,Mini 4 Pro,SYNHBTYP3DCN27ZMB,,,,DJI Fly,,1.13.5,606506D4-8CA6-50D1-AD4F-F7F7ED2A7646,,,,,,,,,,
1773845230,6m 10.0s,370.0,1.40441544,103.70134939,196.9,196.9,30.0,376.9,8269.3,17.895,17.895,-17.895,,0.000,,-0.000,,2.80,0.00,180.0,180.0,,P-GPS,,,18,4,TRUE,,Mini 4 Pro,,,,,,FALSE,TRUE,,,,,,,,,,,,,,,,,,,,,,,,,,,,,,,,,,,,,,,,,,,,,,,,77.1,,,,7.995,,,,,,,8.972,,,,,,,,,,,,,,,,,,,,,,,,,,,,,,,,1.40500000,103.70000000,536.3,,,,,,,,,,,,,,,,,,,,,,,,,,,,Mini 4 Pro,SYNHBTYP3DCN27ZMB,CAM6DGF46D3QRQAQB,RCSAK6RX8DFEXERNB,BATCE5VSLHKU2L2CH,,,,,,,,Mini 4 Pro,SYNHBTYP3DCN27ZMB,,,,DJI Fly,,1.13.5,606506D4-8CA6-50D1-AD4F-F7F7ED2A7646,,,,,,,,,,
1773845231,6m 11.0s,371.0,1.40434350,103.70134939,196.9,196.9,30.0,376.9,8295.6,17.895,17.895,-17.895,,0.000,,-0.000,,2.80,0.00,180.0,180.0,,P-GPS,,,18,4,TRUE,,Mini 4 Pro,,,,,,FALSE,TRUE,,,,,,,,,,,,,,,,,,,,,,,,,,,,,,,,,,,,,,,,,,,,,,,,77.1,,,,7.995,,,,,,,8.972,,,,,,,,,,,,,,,,,,,,,,,,,,,,,,,,1.40500000,103.70000000,547.3,,,,,,,,,,,,,,,,,,,,,,,,,,,,Mini 4 Pro,SYNHBTYP3DCN27ZMB,CAM6DGF46D3QRQAQB,RCSAK6RX8DFEXERNB,BATCE5VSLHKU2L2CH,,,,,,,,Mini 4 Pro,SYNHBTYP3DCN27ZMB,,,,DJI Fly,,1.13.5,606506D4-8CA6-50D1-AD4F-F7F7ED2A7646,,,,,,,,,,
1773845232,6m 12.0s,372.0,1.40427155,103.70134939,196.9,196.9,30.0,376.9,8321.8,17.895,17.895,-17.895,,0.000,,-0.000,,2.80,0.00,180.0,180.0,,P-GPS,,,18,4,TRUE,,Mini 4 Pro,,,,,,FALSE,TRUE,,,,,,,,,,,,,,,,,,,,,,,,,,,,,,,,,,,,,,,,,,,,,,,,77.1,,,,7.994,,,,,,,8.972,,,,,,,,,,,,,,,,,,,,,,,,,,,,,,,,1.40500000,103.70000000,559.3,,,,,,,,,,,,,,,,,,,,,,,,,,,,Mini 4 Pro,SYNHBTYP3DCN27ZMB,CAM6DGF46D3QRQAQB,RCSAK6RX8DFEXERNB,BATCE5VSLHKU2L2CH,,,,,,,,Mini 4 Pro,SYNHBTYP3DCN27ZMB,,,,DJI Fly,,1.13.5,606506D4-8CA6-50D1-AD4F-F7F7ED2A7646,,,,,,,,,,
1773845233,6m 13.0s,373.0,1.40419960,103.70134939,196.9,196.9,30.0,376.9,8348.1,17.895,17.895,-17.895,,0.000,,-0.000,,2.80,0.00,180.0,180.0,,P-GPS,,,18,4,TRUE,,Mini 4 Pro,,,,,,FALSE,TRUE,,,,,,,,,,,,,,,,,,,,,,,,,,,,,,,,,,,,,,,,,,,,,,,,77.0,,,,7.994,,,,,,,8.972,,,,,,,,,,,,,,,,,,,,,,,,,,,,,,,,1.40500000,103.70000000,572.2,,,,,,,,,,,,,,,,,,,,,,,,,,,,Mini 4 Pro,SYNHBTYP3DCN27ZMB,CAM6DGF46D3QRQAQB,RCSAK6RX8DFEXERNB,BATCE5VSLHKU2L2CH,,,,,,,,Mini 4 Pro,SYNHBTYP3DCN27ZMB,,,,DJI Fly,,1.13.5,606506D4-8CA6-50D1-AD4F-F7F7ED2A7646,,,,,,,,,,
1773845234,6m 14.0s,374.0,1.40412766,103.70134939,196.9,196.9,30.0,376.9,8374.3,17.895,17.895,-17.895,,0.000,,-0.000,,2.80,0.00,180.0,180.0,,P-GPS,,,18,4,TRUE,,Mini 4 Pro,,,,,,FALSE,TRUE,,,,,,,,,,,,,,,,,,,,,,,,,,,,,,,,,,,,,,,,,,,,,,,,77.0,,,,7.993,,,,,,,8.972,,,,,,,,,,,,,,,,,,,,,,,,,,,,,,,,1.40500000,103.70000000,586.1,,,,,,,,,,,,,,,,,,,,,,,,,,,,Mini 4 Pro,SYNHBTYP3DCN27ZMB,CAM6DGF46D3QRQAQB,RCSAK6RX8DFEXERNB,BATCE5VSLHKU2L2CH,,,,,,,,Mini 4 Pro,SYNHBTYP3DCN27ZMB,,,,DJI Fly,,1.13.5,606506D4-8CA6-50D1-AD4F-F7F7ED2A7646,,,,,,,,,,
1773845235,6m 15.0s,375.0,1.40405571,103.70134939,196.9,196.9,30.0,376.9,8400.6,17.895,17.895,-17.895,,0.000,,-0.000,,2.80,0.00,180.0,180.0,,P-GPS,,,18,4,TRUE,,Mini 4 Pro,,,,,,FALSE,TRUE,,,,,,,,,,,,,,,,,,,,,,,,,,,,,,,,,,,,,,,,,,,,,,,,77.0,,,,7.993,,,,,,,8.972,,,,,,,,,,,,,,,,,,,,,,,,,,,,,,,,1.40500000,103.70000000,600.7,,,,,,,,,,,,,,,,,,,,,,,,,,,,Mini 4 Pro,SYNHBTYP3DCN27ZMB,CAM6DGF46D3QRQAQB,RCSAK6RX8DFEXERNB,BATCE5VSLHKU2L2CH,,,,,,,,Mini 4 Pro,SYNHBTYP3DCN27ZMB,,,,DJI Fly,,1.13.5,606506D4-8CA6-50D1-AD4F-F7F7ED2A7646,,,,,,,,,,
1773845236,6m 16.0s,376.0,1.40398377,103.70134939,196.9,196.9,30.0,376.9,8426.8,17.895,17.895,-17.895,,0.000,,-0.000,,2.80,0.00,180.0,180.0,,P-GPS,,,18,4,TRUE,,Mini 4 Pro,,,,,,FALSE,TRUE,,,,,,,,,,,,,,,,,,,,,,,,,,,,,,,,,,,,,,,,,,,,,,,,76.9,,,,7.993,,,,,,,8.972,,,,,,,,,,,,,,,,,,,,,,,,,,,,,,,,1.40500000,103.70000000,616.1,,,,,,,,,,,,,,,,,,,,,,,,,,,,Mini 4 Pro,SYNHBTYP3DCN27ZMB,CAM6DGF46D3QRQAQB,RCSAK6RX8DFEXERNB,BATCE5VSLHKU2L2CH,,,,,,,,Mini 4 Pro,SYNHBTYP3DCN27ZMB,,,,DJI Fly,,1.13.5,606506D4-8CA6-50D1-AD4F-F7F7ED2A7646,,,,,,,,,,
1773845237,6m 17.0s,377.0,1.40391182,103.70134939,196.9,196.9,30.0,376.9,8453.0,17.895,17.895,-17.895,,0.000,,-0.000,,2.80,0.00,180.0,180.0,,P-GPS,,,18,4,TRUE,,Mini 4 Pro,,,,,,FALSE,TRUE,,,,,,,,,,,,,,,,,,,,,,,,,,,,,,,,,,,,,,,,,,,,,,,,76.9,,,,7.992,,,,,,,8.972,,,,,,,,,,,,,,,,,,,,,,,,,,,,,,,,1.40500000,103.70000000,632.3,,,,,,,,,,,,,,,,,,,,,,,,,,,,Mini 4 Pro,SYNHBTYP3DCN27ZMB,CAM6DGF46D3QRQAQB,RCSAK6RX8DFEXERNB,BATCE5VSLHKU2L2CH,,,,,,,,Mini 4 Pro,SYNHBTYP3DCN27ZMB,,,,DJI Fly,,1.13.5,606506D4-8CA6-50D1-AD4F-F7F7ED2A7646,,,,,,,,,,
1773845238,6m 18.0s,378.0,1.40383988,103.70134939,196.9,196.9,30.0,376.9,8479.3,17.895,17.895,-17.895,,0.000,,-0.000,,2.80,0.00,180.0,180.0,,P-GPS,,,18,4,TRUE,,Mini 4 Pro,,,,,,FALSE,TRUE,,,,,,,,,,,,,,,,,,,,,,,,,,,,,,,,,,,,,,,,,,,,,,,,76.9,,,,7.992,,,,,,,8.972,,,,,,,,,,,,,,,,,,,,,,,,,,,,,,,,1.40500000,103.70000000,649.1,,,,,,,,,,,,,,,,,,,,,,,,,,,,Mini 4 Pro,SYNHBTYP3DCN27ZMB,CAM6DGF46D3QRQAQB,RCSAK6RX8DFEXERNB,BATCE5VSLHKU2L2CH,,,,,,,,Mini 4 Pro,SYNHBTYP3DCN27ZMB,,,,DJI Fly,,1.13.5,606506D4-8CA6-50D1-AD4F-F7F7ED2A7646,,,,,,,,,,
1773845239,6m 19.0s,379.0,1.40376793,103.70134939,196.9,196.9,30.0,376.9,8505.5,17.895,17.895,-17.895,,0.000,,-0.000,,2.80,0.00,180.0,180.0,,P-GPS,,,18,4,TRUE,,Mini 4 Pro,,,,,,FALSE,TRUE,,,,,,,,,,,,,,,,,,,,,,,,,,,,,,,,,,,,,,,,,,,,,,,,76.9,,,,7.991,,,,,,,8.972,,,,,,,,,,,,,,,,,,,,,,,,,,,,,,,,1.40500000,103.70000000,666.5,,,,,,,,,,,,,,,,,,,,,,,,,,,,Mini 4 Pro,SYNHBTYP3DCN27ZMB,CAM6DGF46D3QRQAQB,RCSAK6RX8DFEXERNB,BATCE5VSLHKU2L2CH,,,,,,,,Mini 4 Pro,SYNHBTYP3DCN27ZMB,,,,DJI Fly,,1.13.5,606506D4-8CA6-50D1-AD4F-F7F7ED2A7646,,,,,,,,,,
1773845240,6m 20.0s,380.0,1.40369598,103.70134939,196.9,196.9,30.0,376.9,8531.8,17.895,17.895,-17.895,,0.000,,-0.000,,2.80,0.00,180.0,180.0,,P-GPS,,,18,4,TRUE,,Mini 4 Pro,,,,,,FALSE,TRUE,,,,,,,,,,,,,,,,,,,,,,,,,,,,,,,,,,,,,,,,,,,,,,,,76.8,,,,7.991,,,,,,,8.972,,,,,,,,,,,,,,,,,,,,,,,,,,,,,,,,1.40500000,103.70000000,684.5,,,,,,,,,,,,,,,,,,,,,,,,,,,,Mini 4 Pro,SYNHBTYP3DCN27ZMB,CAM6DGF46D3QRQAQB,RCSAK6RX8DFEXERNB,BATCE5VSLHKU2L2CH,,,,,,,,Mini 4 Pro,SYNHBTYP3DCN27ZMB,,,,DJI Fly,,1.13.5,606506D4-8CA6-50D1-AD4F-F7F7ED2A7646,,,,,,,,,,
1773845241,6m 21.0s,381.0,1.40362404,103.70134939,196.9,196.9,30.0,376.9,8558.0,17.895,17.895,-17.895,,0.000,,-0.000,,2.80,0.00,180.0,180.0,,P-GPS,,,18,4,TRUE,,Mini 4 Pro,,,,,,FALSE,TRUE,,,,,,,,,,,,,,,,,,,,,,,,,,,,,,,,,,,,,,,,,,,,,,,,76.8,,,,7.990,,,,,,,8.972,,,,,,,,,,,,,,,,,,,,,,,,,,,,,,,,1.40500000,103.70000000,703.0,,,,,,,,,,,,,,,,,,,,,,,,,,,,Mini 4 Pro,SYNHBTYP3DCN27ZMB,CAM6DGF46D3QRQAQB,RCSAK6RX8DFEXERNB,BATCE5VSLHKU2L2CH,,,,,,,,Mini 4 Pro,SYNHBTYP3DCN27ZMB,,,,DJI Fly,,1.13.5,606506D4-8CA6-50D1-AD4F-F7F7ED2A7646,,,,,,,,,,
1773845242,6m 22.0s,382.0,1.40355209,103.70134939,196.9,196.9,30.0,376.9,8584.3,17.895,17.895,-17.895,,0.000,,-0.000,,2.80,0.00,180.0,180.0,,P-GPS,,,18,4,TRUE,,Mini 4 Pro,,,,,,FALSE,TRUE,,,,,,,,,,,,,,,,,,,,,,,,,,,,,,,,,,,,,,,,,,,,,,,,76.8,,,,7.990,,,,,,,8.972,,,,,,,,,,,,,,,,,,,,,,,,,,,,,,,,1.40500000,103.70000000,721.9,,,,,,,,,,,,,,,,,,,,,,,,,,,,Mini 4 Pro,SYNHBTYP3DCN27ZMB,CAM6DGF46D3QRQAQB,RCSAK6RX8DFEXERNB,BATCE5VSLHKU2L2CH,,,,,,,,Mini 4 Pro,SYNHBTYP3DCN27ZMB,,,,DJI Fly,,1.13.5,606506D4-8CA6-50D1-AD4F-F7F7ED2A7646,,,,,,,,,,
1773845243,6m 23.0s,383.0,1.40348015,103.70134939,196.9,196.9,30.0,376.9,8610.5,17.895,17.895,-17.895,,0.000,,-0.000,,2.80,0.00,180.0,180.0,,P-GPS,,,18,4,TRUE,,Mini 4 Pro,,,,,,FALSE,TRUE,,,,,,,,,,,,,,,,,,,,,,,,,,,,,,,,,,,,,,,,,,,,,,,,76.7,,,,7.989,,,,,,,8.972,,,,,,,,,,,,,,,,,,,,,,,,,,,,,,,,1.40500000,103.70000000,741.4,,,,,,,,,,,,,,,,,,,,,,,,,,,,Mini 4 Pro,SYNHBTYP3DCN27ZMB,CAM6DGF46D3QRQAQB,RCSAK6RX8DFEXERNB,BATCE5VSLHKU2L2CH,,,,,,,,Mini 4 Pro,SYNHBTYP3DCN27ZMB,,,,DJI Fly,,1.13.5,606506D4-8CA6-50D1-AD4F-F7F7ED2A7646,,,,,,,,,,
1773845244,6m 24.0s,384.0,1.40342619,103.70134939,196.9,196.9,30.0,376.9,8630.2,13.422,17.895,-13.422,,0.000,,-0.000,,2.10,0.00,180.0,180.0,,P-GPS,,,18,4,TRUE,,Mini 4 Pro,,,,,,FALSE,TRUE,,,,,,,,,,,,,,,,,,,,,,,,,,,,,,,,,,,,,,,,,,,,,,,,76.7,,,,7.989,,,,,,,7.872,,,,,,,,,,,,,,,,,,,,,,,,,,,,,,,,1.40500000,103.70000000,756.2,,,,,,,,,,,,,,,,,,,,,,,,,,,,Mini 4 Pro,SYNHBTYP3DCN27ZMB,CAM6DGF46D3QRQAQB,RCSAK6RX8DFEXERNB,BATCE5VSLHKU2L2CH,,,,,,,,Mini 4 Pro,SYNHBTYP3DCN27ZMB,,,,DJI Fly,,1.13.5,606506D4-8CA6-50D1-AD4F-F7F7ED2A7646,,,,,,,,,,
1773845245,6m 25.0s,385.0,1.40342619,103.70134939,196.9,196.9,30.0,376.9,8630.2,0.000,17.895,0.000,,0.000,,-0.000,,0.00,0.00,180.0,180.0,,P-GPS,,,18,4,TRUE,,Mini 4 Pro,,,,,,FALSE,TRUE,,,,,,,,,,,,,,,,,,,,,,,,,,,,,,,,,,,,,,,,,,,,,,,,76.7,,,,7.988,,,,,,,4.572,,,,,,,,,,,,,,,,,,,,,,,,,,,,,,,,1.40500000,103.70000000,756.2,,,,,,,,,,,,,,,,,,,,,,,,,,,,Mini 4 Pro,SYNHBTYP3DCN27ZMB,CAM6DGF46D3QRQAQB,RCSAK6RX8DFEXERNB,BATCE5VSLHKU2L2CH,,,,,,,,Mini 4 Pro,SYNHBTYP3DCN27ZMB,,,,DJI Fly,,1.13.5,606506D4-8CA6-50D1-AD4F-F7F7ED2A7646,,,,,,,,,,
1773845246,6m 26.0s,386.0,1.40348081,103.70130255,196.9,196.9,30.0,376.9,8656.5,17.895,17.895,13.587,,-11.646,,-0.000,,2.80,25.00,319.4,319.4,,SMART_RTH,,,18,4,TRUE,,Mini 4 Pro,,,,,,FALSE,TRUE,,,,,,,,,,,,,,,,,,,,,,,,,,,,,,,,,,,,,,,,,,,,,,,,76.6,,,,7.988,,,,,,,8.972,,,,,,,,,,,,,,,,,,,,,,,,,,,,,,,,1.40500000,103.70000000,729.9,,,,,,,,,,,,,,,,,,,,,,,,,,,,Mini 4 Pro,SYNHBTYP3DCN27ZMB,CAM6DGF46D3QRQAQB,RCSAK6RX8DFEXERNB,BATCE5VSLHKU2L2CH,,,,,,,,Mini 4 Pro,SYNHBTYP3DCN27ZMB,,,,DJI Fly,,1.13.5,606506D4-8CA6-50D1-AD4F-F7F7ED2A7646,,,,,,,,,,
1773845247,6m 27.0s,387.0,1.40353544,103.70125572,196.9,196.9,30.0,376.9,8682.7,17.895,17.895,13.587,,-11.646,,-0.000,,2.80,0.00,319.4,319.4,,SMART_RTH,,,18,4,TRUE,,Mini 4 Pro,,,,,,FALSE,TRUE,,,,,,,,,,,,,,,,,,,,,,,,,,,,,,,,,,,,,,,,,,,,,,,,76.6,,,,7.988,,,,,,,8.972,,,,,,,,,,,,,,,,,,,,,,,,,,,,,,,,1.40500000,103.70000000,703.7,,,,,,,,,,,,,,,,,,,,,,,,,,,,Mini 4 Pro,SYNHBTYP3DCN27ZMB,CAM6DGF46D3QRQAQB,RCSAK6RX8DFEXERNB,BATCE5VSLHKU2L2CH,,,,,,,,Mini 4 Pro,SYNHBTYP3DCN27ZMB,,,,DJI Fly,,1.13.5,606506D4-8CA6-50D1-AD4F-F7F7ED2A7646,,,,,,,,,,
1773845248,6m 28.0s,388.0,1.40359006,103.70120888,196.9,196.9,30.0,376.9,8709.0,17.895,17.895,13.587,,-11.646,,-0.000,,2.80,0.00,319.4,319.4,,SMART_RTH,,,18,4,TRUE,,Mini 4 Pro,,,,,,FALSE,TRUE,,,,,,,,,,,,,,,,,,,,,,,,,,,,,,,,,,,,,,,,,,,,,,,,76.6,,,,7.987,,,,,,,8.972,,,,,,,,,,,,,,,,,,,,,,,,,,,,,,,,1.40500000,103.70000000,677.5,,,,,,,,,,,,,,,,,,,,,,,,,,,,Mini 4 Pro,SYNHBTYP3DCN27ZMB,CAM6DGF46D3QRQAQB,RCSAK6RX8DFEXERNB,BATCE5VSLHKU2L2CH,,,,,,,,Mini 4 Pro,SYNHBTYP3DCN27ZMB,,,,DJI Fly,,1.13.5,606506D4-8CA6-50D1-AD4F-F7F7ED2A7646,,,,,,,,,,
1773845249,6m 29.0s,389.0,1.40364469,103.70116205,196.9,196.9,30.0,376.9,8735.2,17.895,17.895,13.587,,-11.646,,-0.000,,2.80,0.00,319.4,319.4,,SMART_RTH,,,18,4,TRUE,,Mini 4 Pro,,,,,,FALSE,TRUE,,,,,,,,,,,,,,,,,,,,,,,,,,,,,,,,,,,,,,,,,,,,,,,,76.6,,,,7.987,,,,,,,8.972,,,,,,,,,,,,,,,,,,,,,,,,,,,,,,,,1.40500000,103.70000000,651.2,,,,,,,,,,,,,,,,,,,,,,,,,,,,Mini 4 Pro,SYNHBTYP3DCN27ZMB,CAM6DGF46D3QRQAQB,RCSAK6RX8DFEXERNB,BATCE5VSLHKU2L2CH,,,,,,,,Mini 4 Pro,SYNHBTYP3DCN27ZMB,,,,DJI Fly,,1.13.5,606506D4-8CA6-50D1-AD4F-F7F7ED2A7646,,,,,,,,,,
1773845250,6m 30.0s,390.0,1.40369931,103.70111521,196.9,196.9,30.0,376.9,8761.4,17.895,17.895,13.587,,-11.646,,-0.000,,2.80,0.00,319.4,319.4,,SMART_RTH,,,18,4,TRUE,,Mini 4 Pro,,,,,,FALSE,TRUE,,,,,,,,,,,,,,,,,,,,,,,,,,,,,,,,,,,,,,,,,,,,,,,,76.5,,,,7.986,,,,,,,8.972,,,,,,,,,,,,,,,,,,,,,,,,,,,,,,,,1.40500000,103.70000000,625.0,,,,,,,,,,,,,,,,,,,,,,,,,,,,Mini 4 Pro,SYNHBTYP3DCN27ZMB,CAM6DGF46D3QRQAQB,RCSAK6RX8DFEXERNB,BATCE5VSLHKU2L2CH,,,,,,,,Mini 4 Pro,SYNHBTYP3DCN27ZMB,,,,DJI Fly,,1.13.5,606506D4-8CA6-50D1-AD4F-F7F7ED2A7646,,,,,,,,,,
1773845251,6m 31.0s,391.0,1.40375394,103.70106837,196.9,196.9,30.0,376.9,8787.7,17.895,17.895,13.587,,-11.646,,-0.000,,2.80,0.00,319.4,319.4,,SMART_RTH,,,18,4,TRUE,,Mini 4 Pro,,,,,,FALSE,TRUE,,,,,,,,,,,,,,,,,,,,,,,,,,,,,,,,,,,,,,,,,,,,,,,,76.5,,,,7.986,,,,,,,8.972,,,,,,,,,,,,,,,,,,,,,,,,,,,,,,,,1.40500000,103.70000000,598.7,,,,,,,,,,,,,,,,,,,,,,,,,,,,Mini 4 Pro,SYNHBTYP3DCN27ZMB,CAM6DGF46D3QRQAQB,RCSAK6RX8DFEXERNB,BATCE5VSLHKU2L2CH,,,,,,,,Mini 4 Pro,SYNHBTYP3DCN27ZMB,,,,DJI Fly,,1.13.5,606506D4-8CA6-50D1-AD4F-F7F7ED2A7646,,,,,,,,,,
1773845252,6m 32.0s,392.0,1.40380856,103.70102154,196.9,196.9,30.0,376.9,8813.9,17.895,17.895,13.587,,-11.646,,-0.000,,2.80,0.00,319.4,319.4,,SMART_RTH,,,18,4,TRUE,,Mini 4 Pro,,,,,,FALSE,TRUE,,,,,,,,,,,,,,,,,,,,,,,,,,,,,,,,,,,,,,,,,,,,,,,,76.5,,,,7.985,,,,,,,8.972,,,,,,,,,,,,,,,,,,,,,,,,,,,,,,,,1.40500000,103.70000000,572.5,,,,,,,,,,,,,,,,,,,,,,,,,,,,Mini 4 Pro,SYNHBTYP3DCN27ZMB,CAM6DGF46D3QRQAQB,RCSAK6RX8DFEXERNB,BATCE5VSLHKU2L2CH,,,,,,,,Mini 4 Pro,SYNHBTYP3DCN27ZMB,,,,DJI Fly,,1.13.5,606506D4-8CA6-50D1-AD4F-F7F7ED2A7646,,,,,,,,,,
1773845253,6m 33.0s,393.0,1.40386319,103.70097470,196.9,196.9,30.0,376.9,8840.2,17.895,17.895,13.587,,-11.646,,-0.000,,2.80,0.00,319.4,319.4,,SMART_RTH,,,18,4,TRUE,,Mini 4 Pro,,,,,,FALSE,TRUE,,,,,,,,,,,,,,,,,,,,,,,,,,,,,,,,,,,,,,,,,,,,,,,,76.4,,,,7.985,,,,,,,8.972,,,,,,,,,,,,,,,,,,,,,,,,,,,,,,,,1.40500000,103.70000000,546.2,,,,,,,,,,,,,,,,,,,,,,,,,,,,Mini 4 Pro,SYNHBTYP3DCN27ZMB,CAM6DGF46D3QRQAQB,RCSAK6RX8DFEXERNB,BATCE5VSLHKU2L2CH,,,,,,,,Mini 4 Pro,SYNHBTYP3DCN27ZMB,,,,DJI Fly,,1.13.5,606506D4-8CA6-50D1-AD4F-F7F7ED2A7646,,,,,,,,,,
1773845254,6m 34.0s,394.0,1.40391781,103.70092787,196.9,196.9,30.0,376.9,8866.4,17.895,17.895,13.587,,-11.646,,-0.000,,2.80,0.00,319.4,319.4,,SMART_RTH,,,18,4,TRUE,,Mini 4 Pro,,,,,,FALSE,TRUE,,,,,,,,,,,,,,,,,,,,,,,,,,,,,,,,,,,,,,,,,,,,,,,,76.4,,,,7.984,,,,,,,8.972,,,,,,,,,,,,,,,,,,,,,,,,,,,,,,,,1.40500000,103.70000000,520.0,,,,,,,,,,,,,,,,,,,,,,,,,,,,Mini 4 Pro,SYNHBTYP3DCN27ZMB,CAM6DGF46D3QRQAQB,RCSAK6RX8DFEXERNB,BATCE5VSLHKU2L2CH,,,,,,,,Mini 4 Pro,SYNHBTYP3DCN27ZMB,,,,DJI Fly,,1.13.5,606506D4-8CA6-50D1-AD4F-F7F7ED2A7646,,,,,,,,,,
1773845255,6m 35.0s,395.0,1.40397244,103.70088103,196.9,196.9,30.0,376.9,8892.7,17.895,17.895,13.587,,-11.646,,-0.000,,2.80,0.00,319.4,319.4,,SMART_RTH,,,18,4,TRUE,,Mini 4 Pro,,,,,,FALSE,TRUE,,,,,,,,,,,,,,,,,,,,,,,,,,,,,,,,,,,,,,,,,,,,,,,,76.4,,,,7.984,,,,,,,8.972,,,,,,,,,,,,,,,,,,,,,,,,,,,,,,,,1.40500000,103.70000000,493.7,,,,,,,,,,,,,,,,,,,,,,,,,,,,Mini 4 Pro,SYNHBTYP3DCN27ZMB,CAM6DGF46D3QRQAQB,RCSAK6RX8DFEXERNB,BATCE5VSLHKU2L2CH,,,,,,,,Mini 4 Pro,SYNHBTYP3DCN27ZMB,,,,DJI Fly,,1.13.5,606506D4-8CA6-50D1-AD4F-F7F7ED2A7646,,,,,,,,,,
1773845256,6m 36.0s,396.0,1.40402707,103.70083419,196.9,196.9,30.0,376.9,8918.9,17.895,17.895,13.587,,-11.646,,-0.000,,2.80,0.00,319.4,319.4,,SMART_RTH,,,18,4,TRUE,,Mini 4 Pro,,,,,,FALSE,TRUE,,,,,,,,,,,,,,,,,,,,,,,,,,,,,,,,,,,,,,,,,,,,,,,,76.4,,,,7.983,,,,,,,8.972,,,,,,,,,,,,,,,,,,,,,,,,,,,,,,,,1.40500000,103.70000000,467.5,,,,,,,,,,,,,,,,,,,,,,,,,,,,Mini 4 Pro,SYNHBTYP3DCN27ZMB,CAM6DGF46D3QRQAQB,RCSAK6RX8DFEXERNB,BATCE5VSLHKU2L2CH,,,,,,,,Mini 4 Pro,SYNHBTYP3DCN27ZMB,,,,DJI Fly,,1.13.5,606506D4-8CA6-50D1-AD4F-F7F7ED2A7646,,,,,,,,,,
1773845257,6m 37.0s,397.0,1.40408169,103.70078736,196.9,196.9,30.0,376.9,8945.2,17.895,17.895,13.587,,-11.646,,-0.000,,2.80,0.00,319.4,319.4,,SMART_RTH,,,18,4,TRUE,,Mini 4 Pro,,,,,,FALSE,TRUE,,,,,,,,,,,,,,,,,,,,,,,,,,,,,,,,,,,,,,,,,,,,,,,,76.3,,,,7.983,,,,,,,8.972,,,,,,,,,,,,,,,,,,,,,,,,,,,,,,,,1.40500000,103.70000000,441.2,,,,,,,,,,,,,,,,,,,,,,,,,,,,Mini 4 Pro,SYNHBTYP3DCN27ZMB,CAM6DGF46D3QRQAQB,RCSAK6RX8DFEXERNB,BATCE5VSLHKU2L2CH,,,,,,,,Mini 4 Pro,SYNHBTYP3DCN27ZMB,,,,DJI Fly,,1.13.5,606506D4-8CA6-50D1-AD4F-F7F7ED2A7646,,,,,,,,,,
1773845258,6m 38.0s,398.0,1.40413632,103.70074052,196.9,196.9,30.0,376.9,8971.4,17.895,17.895,13.587,,-11.646,,-0.000,,2.80,0.00,319.4,319.4,,SMART_RTH,,,18,4,TRUE,,Mini 4 Pro,,,,,,FALSE,TRUE,,,,,,,,,,,,,,,,,,,,,,,,,,,,,,,,,,,,,,,,,,,,,,,,76.3,,,,7.983,,,,,,,8.972,,,,,,,,,,,,,,,,,,,,,,,,,,,,,,,,1.40500000,103.70000000,415.0,,,,,,,,,,,,,,,,,,,,,,,,,,,,Mini 4 Pro,SYNHBTYP3DCN27ZMB,CAM6DGF46D3QRQAQB,RCSAK6RX8DFEXERNB,BATCE5VSLHKU2L2CH,,,,,,,,Mini 4 Pro,SYNHBTYP3DCN27ZMB,,,,DJI Fly,,1.13.5,606506D4-8CA6-50D1-AD4F-F7F7ED2A7646,,,,,,,,,,
1773845259,6m 39.0s,399.0,1.40419094,103.70069369,196.9,196.9,30.0,376.9,8997.7,17.895,17.895,13.587,,-11.646,,-0.000,,2.80,0.00,319.4,319.4,,SMART_RTH,,,18,4,TRUE,,Mini 4 Pro,,,,,,FALSE,TRUE,,,,,,,,,,,,,,,,,,,,,,,,,,,,,,,,,,,,,,,,,,,,,,,,76.3,,,,7.982,,,,,,,8.972,,,,,,,,,,,,,,,,,,,,,,,,,,,,,,,,1.40500000,103.70000000,388.7,,,,,,,,,,,,,,,,,,,,,,,,,,,,Mini 4 Pro,SYNHBTYP3DCN27ZMB,CAM6DGF46D3QRQAQB,RCSAK6RX8DFEXERNB,BATCE5VSLHKU2L2CH,,,,,,,,Mini 4 Pro,SYNHBTYP3DCN27ZMB,,,,DJI Fly,,1.13.5,606506D4-8CA6-50D1-AD4F-F7F7ED2A7646,,,,,,,,,,
1773845260,6m 40.0s,400.0,1.40424557,103.70064685,196.9,196.9,30.0,376.9,9023.9,17.895,17.895,13.587,,-11.646,,-0.000,,2.80,0.00,319.4,319.4,,SMART_RTH,,,18,4,TRUE,,Mini 4 Pro,,,,,,FALSE,TRUE,,,,,,,,,,,,,,,,,,,,,,,,,,,,,,,,,,,,,,,,,,,,,,,,76.2,,,,7.982,,,,,,,8.972,,,,,,,,,,,,,,,,,,,,,,,,,,,,,,,,1.40500000,103.70000000,362.5,,,,,,,,,,,,,,,,,,,,,,,,,,,,Mini 4 Pro,SYNHBTYP3DCN27ZMB,CAM6DGF46D3QRQAQB,RCSAK6RX8DFEXERNB,BATCE5VSLHKU2L2CH,,,,,,,,Mini 4 Pro,SYNHBTYP3DCN27ZMB,,,,DJI Fly,,1.13.5,606506D4-8CA6-50D1-AD4F-F7F7ED2A7646,,,,,,,,,,
1773845261,6m 41.0s,401.0,1.40430019,103.70060002,196.9,196.9,30.0,376.9,9050.2,17.895,17.895,13.587,,-11.646,,-0.000,,2.80,0.00,319.4,319.4,,SMART_RTH,,,18,4,TRUE,,Mini 4 Pro,,,,,,FALSE,TRUE,,,,,,,,,,,,,,,,,,,,,,,,,,,,,,,,,,,,,,,,,,,,,,,,76.2,,,,7.981,,,,,,,8.972,,,,,,,,,,,,,,,,,,,,,,,,,,,,,,,,1.40500000,103.70000000,336.2,,,,,,,,,,,,,,,,,,,,,,,,,,,,Mini 4 Pro,SYNHBTYP3DCN27ZMB,CAM6DGF46D3QRQAQB,RCSAK6RX8DFEXERNB,BATCE5VSLHKU2L2CH,,,,,,,,Mini 4 Pro,SYNHBTYP3DCN27ZMB,,,,DJI Fly,,1.13.5,606506D4-8CA6-50D1-AD4F-F7F7ED2A7646,,,,,,,,,,
1773845262,6m 42.0s,402.0,1.40435482,103.70055318,196.9,196.9,30.0,376.9,9076.4,17.895,17.895,13.587,,-11.646,,-0.000,,2.80,0.00,319.4,319.4,,SMART_RTH,,,18,4,TRUE,,Mini 4 Pro,,,,,,FALSE,TRUE,,,,,,,,,,,,,,,,,,,,,,,,,,,,,,,,,,,,,,,,,,,,,,,,76.2,,,,7.981,,,,,,,8.972,,,,,,,,,,,,,,,,,,,,,,,,,,,,,,,,1.40500000,103.70000000,310.0,,,,,,,,,,,,,,,,,,,,,,,,,,,,Mini 4 Pro,SYNHBTYP3DCN27ZMB,CAM6DGF46D3QRQAQB,RCSAK6RX8DFEXERNB,BATCE5VSLHKU2L2CH,,,,,,,,Mini 4 Pro,SYNHBTYP3DCN27ZMB,,,,DJI Fly,,1.13.5,606506D4-8CA6-50D1-AD4F-F7F7ED2A7646,,,,,,,,,,
1773845263,6m 43.0s,403.0,1.40440944,103.70050634,196.9,196.9,30.0,376.9,9102.7,17.895,17.895,13.587,,-11.646,,-0.000,,2.80,0.00,319.4,319.4,,SMART_RTH,,,18,4,TRUE,,Mini 4 Pro,,,,,,FALSE,TRUE,,,,,,,,,,,,,,,,,,,,,,,,,,,,,,,,,,,,,,,,,,,,,,,,76.1,,,,7.980,,,,,,,8.972,,,,,,,,,,,,,,,,,,,,,,,,,,,,,,,,1.40500000,103.70000000,283.8,,,,,,,,,,,,,,,,,,,,,,,,,,,,Mini 4 Pro,SYNHBTYP3DCN27ZMB,CAM6DGF46D3QRQAQB,RCSAK6RX8DFEXERNB,BATCE5VSLHKU2L2CH,,,,,,,,Mini 4 Pro,SYNHBTYP3DCN27ZMB,,,,DJI Fly,,1.13.5,606506D4-8CA6-50D1-AD4F-F7F7ED2A7646,,,,,,,,,,
1773845264,6m 44.0s,404.0,1.40446407,103.70045951,196.9,196.9,30.0,376.9,9128.9,17.895,17.895,13.587,,-11.646,,-0.000,,2.80,0.00,319.4,319.4,,SMART_RTH,,,18,4,TRUE,,Mini 4 Pro,,,,,,FALSE,TRUE,,,,,,,,,,,,,,,,,,,,,,,,,,,,,,,,,,,,,,,,,,,,,,,,76.1,,,,7.980,,,,,,,8.972,,,,,,,,,,,,,,,,,,,,,,,,,,,,,,,,1.40500000,103.70000000,257.5,,,,,,,,,,,,,,,,,,,,,,,,,,,,Mini 4 Pro,SYNHBTYP3DCN27ZMB,CAM6DGF46D3QRQAQB,RCSAK6RX8DFEXERNB,BATCE5VSLHKU2L2CH,,,,,,,,Mini 4 Pro,SYNHBTYP3DCN27ZMB,,,,DJI Fly,,1.13.5,606506D4-8CA6-50D1-AD4F-F7F7ED2A7646,,,,,,,,,,
1773845265,6m 45.0s,405.0,1.40451869,103.70041267,196.9,196.9,30.0,376.9,9155.1,17.895,17.895,13.587,,-11.646,,-0.000,,2.80,0.00,319.4,319.4,,SMART_RTH,,,18,4,TRUE,,Mini 4 Pro,,,,,,FALSE,TRUE,,,,,,,,,,,,,,,,,,,,,,,,,,,,,,,,,,,,,,,,,,,,,,,,76.1,,,,7.979,,,,,,,8.972,,,,,,,,,,,,,,,,,,,,,,,,,,,,,,,,1.40500000,103.70000000,231.3,,,,,,,,,,,,,,,,,,,,,,,,,,,,Mini 4 Pro,SYNHBTYP3DCN27ZMB,CAM6DGF46D3QRQAQB,RCSAK6RX8DFEXERNB,BATCE5VSLHKU2L2CH,,,,,,,,Mini 4 Pro,SYNHBTYP3DCN27ZMB,,,,DJI Fly,,1.13.5,606506D4-8CA6-50D1-AD4F-F7F7ED2A7646,,,,,,,,,,
1773845266,6m 46.0s,406.0,1.40457332,103.70036584,196.9,196.9,30.0,376.9,9181.4,17.895,17.895,13.587,,-11.646,,-0.000,,2.80,0.00,319.4,319.4,,SMART_RTH,,,18,4,TRUE,,Mini 4 Pro,,,,,,FALSE,TRUE,,,,,,,,,,,,,,,,,,,,,,,,,,,,,,,,,,,,,,,,,,,,,,,,76.1,,,,7.979,,,,,,,8.972,,,,,,,,,,,,,,,,,,,,,,,,,,,,,,,,1.40500000,103.70000000,205.0,,,,,,,,,,,,,,,,,,,,,,,,,,,,Mini 4 Pro,SYNHBTYP3DCN27ZMB,CAM6DGF46D3QRQAQB,RCSAK6RX8DFEXERNB,BATCE5VSLHKU2L2CH,,,,,,,,Mini 4 Pro,SYNHBTYP3DCN27ZMB,,,,DJI Fly,,1.13.5,606506D4-8CA6-50D1-AD4F-F7F7ED2A7646,,,,,,,,,,
1773845267,6m 47.0s,407.0,1.40462794,103.70031900,196.9,196.9,30.0,376.9,9207.6,17.895,17.895,13.587,,-11.646,,-0.000,,2.80,0.00,319.4,319.4,,SMART_RTH,,,18,4,TRUE,,Mini 4 Pro,,,,,,FALSE,TRUE,,,,,,,,,,,,,,,,,,,,,,,,,,,,,,,,,,,,,,,,,,,,,,,,76.0,,,,7.978,,,,,,,8.972,,,,,,,,,,,,,,,,,,,,,,,,,,,,,,,,1.40500000,103.70000000,178.8,,,,,,,,,,,,,,,,,,,,,,,,,,,,Mini 4 Pro,SYNHBTYP3DCN27ZMB,CAM6DGF46D3QRQAQB,RCSAK6RX8DFEXERNB,BATCE5VSLHKU2L2CH,,,,,,,,Mini 4 Pro,SYNHBTYP3DCN27ZMB,,,,DJI Fly,,1.13.5,606506D4-8CA6-50D1-AD4F-F7F7ED2A7646,,,,,,,,,,
1773845268,6m 48.0s,408.0,1.40468257,103.70027217,196.9,196.9,30.0,376.9,9233.9,17.895,17.895,13.587,,-11.646,,-0.000,,2.80,0.00,319.4,319.4,,SMART_RTH,,,18,4,TRUE,,Mini 4 Pro,,,,,,FALSE,TRUE,,,,,,,,,,,,,,,,,,,,,,,,,,,,,,,,,,,,,,,,,,,,,,,,76.0,,,,7.978,,,,,,,8.972,,,,,,,,,,,,,,,,,,,,,,,,,,,,,,,,1.40500000,103.70000000,152.5,,,,,,,,,,,,,,,,,,,,,,,,,,,,Mini 4 Pro,SYNHBTYP3DCN27ZMB,CAM6DGF46D3QRQAQB,RCSAK6RX8DFEXERNB,BATCE5VSLHKU2L2CH,,,,,,,,Mini 4 Pro,SYNHBTYP3DCN27ZMB,,,,DJI Fly,,1.13.5,606506D4-8CA6-50D1-AD4F-F7F7ED2A7646,,,,,,,,,,
1773845269,6m 49.0s,409.0,1.40473719,103.70022533,196.9,196.9,30.0,376.9,9260.1,17.895,17.895,13.587,,-11.646,,-0.000,,2.80,0.00,319.4,319.4,,SMART_RTH,,,18,4,TRUE,,Mini 4 Pro,,,,,,FALSE,TRUE,,,,,,,,,,,,,,,,,,,,,,,,,,,,,,,,,,,,,,,,,,,,,,,,76.0,,,,7.978,,,,,,,8.972,,,,,,,,,,,,,,,,,,,,,,,,,,,,,,,,1.40500000,103.70000000,126.3,,,,,,,,,,,,,,,,,,,,,,,,,,,,Mini 4 Pro,SYNHBTYP3DCN27ZMB,CAM6DGF46D3QRQAQB,RCSAK6RX8DFEXERNB,BATCE5VSLHKU2L2CH,,,,,,,,Mini 4 Pro,SYNHBTYP3DCN27ZMB,,,,DJI Fly,,1.13.5,606506D4-8CA6-50D1-AD4F-F7F7ED2A7646,,,,,,,,,,
1773845270,6m 50.0s,410.0,1.40479182,103.70017849,196.9,196.9,30.0,376.9,9286.4,17.895,17.895,13.587,,-11.646,,-0.000,,2.80,0.00,319.4,319.4,,SMART_RTH,,,18,4,TRUE,,Mini 4 Pro,,,,,,FALSE,TRUE,,,,,,,,,,,,,,,,,,,,,,,,,,,,,,,,,,,,,,,,,,,,,,,,75.9,,,,7.977,,,,,,,8.972,,,,,,,,,,,,,,,,,,,,,,,,,,,,,,,,1.40500000,103.70000000,100.0,,,,,,,,,,,,,,,,,,,,,,,,,,,,Mini 4 Pro,SYNHBTYP3DCN27ZMB,CAM6DGF46D3QRQAQB,RCSAK6RX8DFEXERNB,BATCE5VSLHKU2L2CH,,,,,,,,Mini 4 Pro,SYNHBTYP3DCN27ZMB,,,,DJI Fly,,1.13.5,606506D4-8CA6-50D1-AD4F-F7F7ED2A7646,,,,,,,,,,
1773845271,6m 51.0s,411.0,1.40484644,103.70013166,196.9,196.9,30.0,376.9,9312.6,17.895,17.895,13.587,,-11.646,,-0.000,,2.80,0.00,319.4,319.4,,SMART_RTH,,,18,4,TRUE,,Mini 4 Pro,,,,,,FALSE,TRUE,,,,,,,,,,,,,,,,,,,,,,,,,,,,,,,,,,,,,,,,,,,,,,,,75.9,,,,7.977,,,,,,,8.972,,,,,,,,,,,,,,,,,,,,,,,,,,,,,,,,1.40500000,103.70000000,73.8,,,,,,,,,,,,,,,,,,,,,,,,,,,,Mini 4 Pro,SYNHBTYP3DCN27ZMB,CAM6DGF46D3QRQAQB,RCSAK6RX8DFEXERNB,BATCE5VSLHKU2L2CH,,,,,,,,Mini 4 Pro,SYNHBTYP3DCN27ZMB,,,,DJI Fly,,1.13.5,606506D4-8CA6-50D1-AD4F-F7F7ED2A7646,,,,,,,,,,
1773845272,6m 52.0s,412.0,1.40490107,103.70008482,196.9,196.9,30.0,376.9,9338.9,17.895,17.895,13.587,,-11.646,,-0.000,,2.80,0.00,319.4,319.4,,SMART_RTH,,,18,4,TRUE,,Mini 4 Pro,,,,,,FALSE,TRUE,,,,,,,,,,,,,,,,,,,,,,,,,,,,,,,,,,,,,,,,,,,,,,,,75.9,,,,7.976,,,,,,,8.972,,,,,,,,,,,,,,,,,,,,,,,,,,,,,,,,1.40500000,103.70000000,47.5,,,,,,,,,,,,,,,,,,,,,,,,,,,,Mini 4 Pro,SYNHBTYP3DCN27ZMB,CAM6DGF46D3QRQAQB,RCSAK6RX8DFEXERNB,BATCE5VSLHKU2L2CH,,,,,,,,Mini 4 Pro,SYNHBTYP3DCN27ZMB,,,,DJI Fly,,1.13.5,606506D4-8CA6-50D1-AD4F-F7F7ED2A7646,,,,,,,,,,
1773845273,6m 53.0s,413.0,1.40495569,103.70003799,196.9,196.9,30.0,376.9,9365.1,17.895,17.895,13.587,,-11.646,,-0.000,,2.80,0.00,319.4,319.4,,SMART_RTH,,,18,4,TRUE,,Mini 4 Pro,,,,,,FALSE,TRUE,,,,,,,,,,,,,,,,,,,,,,,,,,,,,,,,,,,,,,,,,,,,,,,,75.9,,,,7.976,,,,,,,8.972,,,,,,,,,,,,,,,,,,,,,,,,,,,,,,,,1.40500000,103.70000000,21.3,,,,,,,,,,,,,,,,,,,,,,,,,,,,Mini 4 Pro,SYNHBTYP3DCN27ZMB,CAM6DGF46D3QRQAQB,RCSAK6RX8DFEXERNB,BATCE5VSLHKU2L2CH,,,,,,,,Mini 4 Pro,SYNHBTYP3DCN27ZMB,,,,DJI Fly,,1.13.5,606506D4-8CA6-50D1-AD4F-F7F7ED2A7646,,,,,,,,,,
1773845274,6m 54.0s,414.0,1.40500000,103.70000000,196.9,196.9,30.0,376.9,9386.4,14.515,17.895,11.020,,-9.446,,-0.000,,2.27,0.00,319.4,319.4,,SMART_RTH,,,18,4,TRUE,,Mini 4 Pro,,,,,,FALSE,TRUE,,,,,,,,,,,,,,,,,,,,,,,,,,,,,,,,,,,,,,,,,,,,,,,,75.8,,,,7.975,,,,,,,8.141,,,,,,,,,,,,,,,,,,,,,,,,,,,,,,,,1.40500000,103.70000000,0.0,,,,,,,,,,,,,,,,,,,,,,,,,,,,Mini 4 Pro,SYNHBTYP3DCN27ZMB,CAM6DGF46D3QRQAQB,RCSAK6RX8DFEXERNB,BATCE5VSLHKU2L2CH,,,,,,,,Mini 4 Pro,SYNHBTYP3DCN27ZMB,,,,DJI Fly,,1.13.5,606506D4-8CA6-50D1-AD4F-F7F7ED2A7646,,,,,,,,,,
1773845275,6m 55.0s,415.0,1.40500000,103.70000000,196.9,196.9,30.0,376.9,9386.4,0.000,17.895,0.000,,0.000,,-0.000,,0.00,0.00,319.4,319.4,,SMART_RTH,,,18,4,TRUE,,Mini 4 Pro,,,,,,FALSE,TRUE,,,,,,,,,,,,,,,,,,,,,,,,,,,,,,,,,,,,,,,,,,,,,,,,75.8,,,,7.975,,,,,,,4.572,,,,,,,,,,,,,,,,,,,,,,,,,,,,,,,,1.40500000,103.70000000,0.0,,,,,,,,,,,,,,,,,,,,,,,,,,,,Mini 4 Pro,SYNHBTYP3DCN27ZMB,CAM6DGF46D3QRQAQB,RCSAK6RX8DFEXERNB,BATCE5VSLHKU2L2CH,,,,,,,,Mini 4 Pro,SYNHBTYP3DCN27ZMB,,,,DJI Fly,,1.13.5,606506D4-8CA6-50D1-AD4F-F7F7ED2A7646,,,,,,,,,,
1773845276,6m 56.0s,416.0,1.40500000,103.70000000,196.9,196.9,30.0,376.9,9386.4,0.000,17.895,0.000,,0.000,,-0.000,,0.00,0.00,319.4,319.4,,SMART_RTH,,,18,4,TRUE,,Mini 4 Pro,,,,,,FALSE,TRUE,,,,,,,,,,,,,,,,,,,,,,,,,,,,,,,,,,,,,,,,,,,,,,,,75.8,,,,7.974,,,,,,,4.572,,,,,,,,,,,,,,,,,,,,,,,,,,,,,,,,1.40500000,103.70000000,0.0,,,,,,,,,,,,,,,,,,,,,,,,,,,,Mini 4 Pro,SYNHBTYP3DCN27ZMB,CAM6DGF46D3QRQAQB,RCSAK6RX8DFEXERNB,BATCE5VSLHKU2L2CH,,,,,,,,Mini 4 Pro,SYNHBTYP3DCN27ZMB,,,,DJI Fly,,1.13.5,606506D4-8CA6-50D1-AD4F-F7F7ED2A7646,,,,,,,,,,
1773845277,6m 57.0s,417.0,1.40500000,103.70000000,196.9,196.9,30.0,376.9,9386.4,0.000,17.895,0.000,,0.000,,-0.000,,0.00,0.00,319.4,319.4,,SMART_RTH,,,18,4,TRUE,,Mini 4 Pro,,,,,,FALSE,TRUE,,,,,,,,,,,,,,,,,,,,,,,,,,,,,,,,,,,,,,,,,,,,,,,,75.7,,,,7.974,,,,,,,4.572,,,,,,,,,,,,,,,,,,,,,,,,,,,,,,,,1.40500000,103.70000000,0.0,,,,,,,,,,,,,,,,,,,,,,,,,,,,Mini 4 Pro,SYNHBTYP3DCN27ZMB,CAM6DGF46D3QRQAQB,RCSAK6RX8DFEXERNB,BATCE5VSLHKU2L2CH,,,,,,,,Mini 4 Pro,SYNHBTYP3DCN27ZMB,,,,DJI Fly,,1.13.5,606506D4-8CA6-50D1-AD4F-F7F7ED2A7646,,,,,,,,,,
1773845278,6m 58.0s,418.0,1.40500000,103.70000000,196.9,196.9,30.0,376.9,9386.4,0.000,17.895,0.000,,0.000,,-0.000,,0.00,0.00,319.4,319.4,,SMART_RTH,,,18,4,TRUE,,Mini 4 Pro,,,,,,FALSE,TRUE,,,,,,,,,,,,,,,,,,,,,,,,,,,,,,,,,,,,,,,,,,,,,,,,75.7,,,,7.973,,,,,,,4.572,,,,,,,,,,,,,,,,,,,,,,,,,,,,,,,,1.40500000,103.70000000,0.0,,,,,,,,,,,,,,,,,,,,,,,,,,,,Mini 4 Pro,SYNHBTYP3DCN27ZMB,CAM6DGF46D3QRQAQB,RCSAK6RX8DFEXERNB,BATCE5VSLHKU2L2CH,,,,,,,,Mini 4 Pro,SYNHBTYP3DCN27ZMB,,,,DJI Fly,,1.13.5,606506D4-8CA6-50D1-AD4F-F7F7ED2A7646,,,,,,,,,,
1773845279,6m 59.0s,419.0,1.40500000,103.70000000,196.9,196.9,30.0,376.9,9386.4,0.000,17.895,0.000,,0.000,,-0.000,,0.00,0.00,319.4,319.4,,SMART_RTH,,,18,4,TRUE,,Mini 4 Pro,,,,,,FALSE,TRUE,,,,,,,,,,,,,,,,,,,,,,,,,,,,,,,,,,,,,,,,,,,,,,,,75.7,,,,7.973,,,,,,,4.572,,,,,,,,,,,,,,,,,,,,,,,,,,,,,,,,1.40500000,103.70000000,0.0,,,,,,,,,,,,,,,,,,,,,,,,,,,,Mini 4 Pro,SYNHBTYP3DCN27ZMB,CAM6DGF46D3QRQAQB,RCSAK6RX8DFEXERNB,BATCE5VSLHKU2L2CH,,,,,,,,Mini 4 Pro,SYNHBTYP3DCN27ZMB,,,,DJI Fly,,1.13.5,606506D4-8CA6-50D1-AD4F-F7F7ED2A7646,,,,,,,,,,
1773845280,7m 0.0s,420.0,1.40500000,103.70000000,196.9,196.9,30.0,376.9,9386.4,0.000,17.895,0.000,,0.000,,-0.000,,0.00,0.00,319.4,319.4,,SMART_RTH,,,18,4,TRUE,,Mini 4 Pro,,,,,,FALSE,TRUE,,,,,,,,,,,,,,,,,,,,,,,,,,,,,,,,,,,,,,,,,,,,,,,,75.6,,,,7.973,,,,,,,4.572,,,,,,,,,,,,,,,,,,,,,,,,,,,,,,,,1.40500000,103.70000000,0.0,,,,,,,,,,,,,,,,,,,,,,,,,,,,Mini 4 Pro,SYNHBTYP3DCN27ZMB,CAM6DGF46D3QRQAQB,RCSAK6RX8DFEXERNB,BATCE5VSLHKU2L2CH,,,,,,,,Mini 4 Pro,SYNHBTYP3DCN27ZMB,,,,DJI Fly,,1.13.5,606506D4-8CA6-50D1-AD4F-F7F7ED2A7646,,,,,,,,,,
1773845281,7m 1.0s,421.0,1.40500000,103.70000000,196.9,196.9,30.0,376.9,9386.4,0.000,17.895,0.000,,0.000,,-0.000,,0.00,0.00,319.4,319.4,,SMART_RTH,,,18,4,TRUE,,Mini 4 Pro,,,,,,FALSE,TRUE,,,,,,,,,,,,,,,,,,,,,,,,,,,,,,,,,,,,,,,,,,,,,,,,75.6,,,,7.972,,,,,,,4.572,,,,,,,,,,,,,,,,,,,,,,,,,,,,,,,,1.40500000,103.70000000,0.0,,,,,,,,,,,,,,,,,,,,,,,,,,,,Mini 4 Pro,SYNHBTYP3DCN27ZMB,CAM6DGF46D3QRQAQB,RCSAK6RX8DFEXERNB,BATCE5VSLHKU2L2CH,,,,,,,,Mini 4 Pro,SYNHBTYP3DCN27ZMB,,,,DJI Fly,,1.13.5,606506D4-8CA6-50D1-AD4F-F7F7ED2A7646,,,,,,,,,,
1773845282,7m 2.0s,422.0,1.40500000,103.70000000,196.9,196.9,30.0,376.9,9386.4,0.000,17.895,0.000,,0.000,,-0.000,,0.00,0.00,319.4,319.4,,SMART_RTH,,,18,4,TRUE,,Mini 4 Pro,,,,,,FALSE,TRUE,,,,,,,,,,,,,,,,,,,,,,,,,,,,,,,,,,,,,,,,,,,,,,,,75.6,,,,7.972,,,,,,,4.572,,,,,,,,,,,,,,,,,,,,,,,,,,,,,,,,1.40500000,103.70000000,0.0,,,,,,,,,,,,,,,,,,,,,,,,,,,,Mini 4 Pro,SYNHBTYP3DCN27ZMB,CAM6DGF46D3QRQAQB,RCSAK6RX8DFEXERNB,BATCE5VSLHKU2L2CH,,,,,,,,Mini 4 Pro,SYNHBTYP3DCN27ZMB,,,,DJI Fly,,1.13.5,606506D4-8CA6-50D1-AD4F-F7F7ED2A7646,,,,,,,,,,
1773845283,7m 3.0s,423.0,1.40500000,103.70000000,196.9,196.9,30.0,376.9,9386.4,0.000,17.895,0.000,,0.000,,-0.000,,0.00,0.00,319.4,319.4,,SMART_RTH,,,18,4,TRUE,,Mini 4 Pro,,,,,,FALSE,TRUE,,,,,,,,,,,,,,,,,,,,,,,,,,,,,,,,,,,,,,,,,,,,,,,,75.6,,,,7.971,,,,,,,4.572,,,,,,,,,,,,,,,,,,,,,,,,,,,,,,,,1.40500000,103.70000000,0.0,,,,,,,,,,,,,,,,,,,,,,,,,,,,Mini 4 Pro,SYNHBTYP3DCN27ZMB,CAM6DGF46D3QRQAQB,RCSAK6RX8DFEXERNB,BATCE5VSLHKU2L2CH,,,,,,,,Mini 4 Pro,SYNHBTYP3DCN27ZMB,,,,DJI Fly,,1.13.5,606506D4-8CA6-50D1-AD4F-F7F7ED2A7646,,,,,,,,,,
1773845284,7m 4.0s,424.0,1.40500000,103.70000000,196.9,196.9,30.0,376.9,9386.4,0.000,17.895,0.000,,0.000,,-0.000,,0.00,0.00,319.4,319.4,,SMART_RTH,,,18,4,TRUE,,Mini 4 Pro,,,,,,FALSE,TRUE,,,,,,,,,,,,,,,,,,,,,,,,,,,,,,,,,,,,,,,,,,,,,,,,75.5,,,,7.971,,,,,,,4.572,,,,,,,,,,,,,,,,,,,,,,,,,,,,,,,,1.40500000,103.70000000,0.0,,,,,,,,,,,,,,,,,,,,,,,,,,,,Mini 4 Pro,SYNHBTYP3DCN27ZMB,CAM6DGF46D3QRQAQB,RCSAK6RX8DFEXERNB,BATCE5VSLHKU2L2CH,,,,,,,,Mini 4 Pro,SYNHBTYP3DCN27ZMB,,,,DJI Fly,,1.13.5,606506D4-8CA6-50D1-AD4F-F7F7ED2A7646,,,,,,,,,,
1773845285,7m 5.0s,425.0,1.40500000,103.70000000,196.9,196.9,30.0,376.9,9386.4,0.000,17.895,0.000,,0.000,,-0.000,,0.00,0.00,319.4,319.4,,SMART_RTH,,,18,4,TRUE,,Mini 4 Pro,,,,,,FALSE,TRUE,,,,,,,,,,,,,,,,,,,,,,,,,,,,,,,,,,,,,,,,,,,,,,,,75.5,,,,7.970,,,,,,,4.572,,,,,,,,,,,,,,,,,,,,,,,,,,,,,,,,1.40500000,103.70000000,0.0,,,,,,,,,,,,,,,,,,,,,,,,,,,,Mini 4 Pro,SYNHBTYP3DCN27ZMB,CAM6DGF46D3QRQAQB,RCSAK6RX8DFEXERNB,BATCE5VSLHKU2L2CH,,,,,,,,Mini 4 Pro,SYNHBTYP3DCN27ZMB,,,,DJI Fly,,1.13.5,606506D4-8CA6-50D1-AD4F-F7F7ED2A7646,,,,,,,,,,
1773845286,7m 6.0s,426.0,1.40500000,103.70000000,196.9,196.9,30.0,376.9,9386.4,0.000,17.895,0.000,,0.000,,-0.000,,0.00,0.00,319.4,319.4,,SMART_RTH,,,18,4,TRUE,,Mini 4 Pro,,,,,,FALSE,TRUE,,,,,,,,,,,,,,,,,,,,,,,,,,,,,,,,,,,,,,,,,,,,,,,,75.5,,,,7.970,,,,,,,4.572,,,,,,,,,,,,,,,,,,,,,,,,,,,,,,,,1.40500000,103.70000000,0.0,,,,,,,,,,,,,,,,,,,,,,,,,,,,Mini 4 Pro,SYNHBTYP3DCN27ZMB,CAM6DGF46D3QRQAQB,RCSAK6RX8DFEXERNB,BATCE5VSLHKU2L2CH,,,,,,,,Mini 4 Pro,SYNHBTYP3DCN27ZMB,,,,DJI Fly,,1.13.5,606506D4-8CA6-50D1-AD4F-F7F7ED2A7646,,,,,,,,,,
1773845287,7m 7.0s,427.0,1.40500000,103.70000000,196.9,196.9,30.0,376.9,9386.4,0.000,17.895,0.000,,0.000,,-0.000,,0.00,0.00,319.4,319.4,,SMART_RTH,,,18,4,TRUE,,Mini 4 Pro,,,,,,FALSE,TRUE,,,,,,,,,,,,,,,,,,,,,,,,,,,,,,,,,,,,,,,,,,,,,,,,75.4,,,,7.969,,,,,,,4.572,,,,,,,,,,,,,,,,,,,,,,,,,,,,,,,,1.40500000,103.70000000,0.0,,,,,,,,,,,,,,,,,,,,,,,,,,,,Mini 4 Pro,SYNHBTYP3DCN27ZMB,CAM6DGF46D3QRQAQB,RCSAK6RX8DFEXERNB,BATCE5VSLHKU2L2CH,,,,,,,,Mini 4 Pro,SYNHBTYP3DCN27ZMB,,,,DJI Fly,,1.13.5,606506D4-8CA6-50D1-AD4F-F7F7ED2A7646,,,,,,,,,,
1773845288,7m 8.0s,428.0,1.40500000,103.70000000,196.9,196.9,30.0,376.9,9386.4,0.000,17.895,0.000,,0.000,,-0.000,,0.00,0.00,319.4,319.4,,SMART_RTH,,,18,4,TRUE,,Mini 4 Pro,,,,,,FALSE,TRUE,,,,,,,,,,,,,,,,,,,,,,,,,,,,,,,,,,,,,,,,,,,,,,,,75.4,,,,7.969,,,,,,,4.572,,,,,,,,,,,,,,,,,,,,,,,,,,,,,,,,1.40500000,103.70000000,0.0,,,,,,,,,,,,,,,,,,,,,,,,,,,,Mini 4 Pro,SYNHBTYP3DCN27ZMB,CAM6DGF46D3QRQAQB,RCSAK6RX8DFEXERNB,BATCE5VSLHKU2L2CH,,,,,,,,Mini 4 Pro,SYNHBTYP3DCN27ZMB,,,,DJI Fly,,1.13.5,606506D4-8CA6-50D1-AD4F-F7F7ED2A7646,,,,,,,,,,
1773845289,7m 9.0s,429.0,1.40500000,103.70000000,196.9,196.9,30.0,376.9,9386.4,0.000,17.895,0.000,,0.000,,-0.000,,0.00,0.00,319.4,319.4,,SMART_RTH,,,18,4,TRUE,,Mini 4 Pro,,,,,,FALSE,TRUE,,,,,,,,,,,,,,,,,,,,,,,,,,,,,,,,,,,,,,,,,,,,,,,,75.4,,,,7.968,,,,,,,4.572,,,,,,,,,,,,,,,,,,,,,,,,,,,,,,,,1.40500000,103.70000000,0.0,,,,,,,,,,,,,,,,,,,,,,,,,,,,Mini 4 Pro,SYNHBTYP3DCN27ZMB,CAM6DGF46D3QRQAQB,RCSAK6RX8DFEXERNB,BATCE5VSLHKU2L2CH,,,,,,,,Mini 4 Pro,SYNHBTYP3DCN27ZMB,,,,DJI Fly,,1.13.5,606506D4-8CA6-50D1-AD4F-F7F7ED2A7646,,,,,,,,,,
1773845290,7m 10.0s,430.0,1.40500000,103.70000000,196.9,196.9,30.0,376.9,9386.4,0.000,17.895,0.000,,0.000,,-0.000,,0.00,0.00,319.4,319.4,,SMART_RTH,,,18,4,TRUE,,Mini 4 Pro,,,,,,FALSE,TRUE,,,,,,,,,,,,,,,,,,,,,,,,,,,,,,,,,,,,,,,,,,,,,,,,75.4,,,,7.968,,,,,,,4.572,,,,,,,,,,,,,,,,,,,,,,,,,,,,,,,,1.40500000,103.70000000,0.0,,,,,,,,,,,,,,,,,,,,,,,,,,,,Mini 4 Pro,SYNHBTYP3DCN27ZMB,CAM6DGF46D3QRQAQB,RCSAK6RX8DFEXERNB,BATCE5VSLHKU2L2CH,,,,,,,,Mini 4 Pro,SYNHBTYP3DCN27ZMB,,,,DJI Fly,,1.13.5,606506D4-8CA6-50D1-AD4F-F7F7ED2A7646,,,,,,,,,,
1773845291,7m 11.0s,431.0,1.40500000,103.70000000,196.9,196.9,30.0,376.9,9386.4,0.000,17.895,0.000,,0.000,,-0.000,,0.00,0.00,319.4,319.4,,SMART_RTH,,,18,4,TRUE,,Mini 4 Pro,,,,,,FALSE,TRUE,,,,,,,,,,,,,,,,,,,,,,,,,,,,,,,,,,,,,,,,,,,,,,,,75.3,,,,7.968,,,,,,,4.572,,,,,,,,,,,,,,,,,,,,,,,,,,,,,,,,1.40500000,103.70000000,0.0,,,,,,,,,,,,,,,,,,,,,,,,,,,,Mini 4 Pro,SYNHBTYP3DCN27ZMB,CAM6DGF46D3QRQAQB,RCSAK6RX8DFEXERNB,BATCE5VSLHKU2L2CH,,,,,,,,Mini 4 Pro,SYNHBTYP3DCN27ZMB,,,,DJI Fly,,1.13.5,606506D4-8CA6-50D1-AD4F-F7F7ED2A7646,,,,,,,,,,
1773845292,7m 12.0s,432.0,1.40500000,103.70000000,196.9,196.9,30.0,376.9,9386.4,0.000,17.895,0.000,,0.000,,-0.000,,0.00,0.00,319.4,319.4,,SMART_RTH,,,18,4,TRUE,,Mini 4 Pro,,,,,,FALSE,TRUE,,,,,,,,,,,,,,,,,,,,,,,,,,,,,,,,,,,,,,,,,,,,,,,,75.3,,,,7.967,,,,,,,4.572,,,,,,,,,,,,,,,,,,,,,,,,,,,,,,,,1.40500000,103.70000000,0.0,,,,,,,,,,,,,,,,,,,,,,,,,,,,Mini 4 Pro,SYNHBTYP3DCN27ZMB,CAM6DGF46D3QRQAQB,RCSAK6RX8DFEXERNB,BATCE5VSLHKU2L2CH,,,,,,,,Mini 4 Pro,SYNHBTYP3DCN27ZMB,,,,DJI Fly,,1.13.5,606506D4-8CA6-50D1-AD4F-F7F7ED2A7646,,,,,,,,,,
1773845293,7m 13.0s,433.0,1.40500000,103.70000000,196.9,196.9,30.0,376.9,9386.4,0.000,17.895,0.000,,0.000,,-0.000,,0.00,0.00,319.4,319.4,,SMART_RTH,,,18,4,TRUE,,Mini 4 Pro,,,,,,FALSE,TRUE,,,,,,,,,,,,,,,,,,,,,,,,,,,,,,,,,,,,,,,,,,,,,,,,75.3,,,,7.967,,,,,,,4.572,,,,,,,,,,,,,,,,,,,,,,,,,,,,,,,,1.40500000,103.70000000,0.0,,,,,,,,,,,,,,,,,,,,,,,,,,,,Mini 4 Pro,SYNHBTYP3DCN27ZMB,CAM6DGF46D3QRQAQB,RCSAK6RX8DFEXERNB,BATCE5VSLHKU2L2CH,,,,,,,,Mini 4 Pro,SYNHBTYP3DCN27ZMB,,,,DJI Fly,,1.13.5,606506D4-8CA6-50D1-AD4F-F7F7ED2A7646,,,,,,,,,,
1773845294,7m 14.0s,434.0,1.40500000,103.70000000,196.9,196.9,30.0,376.9,9386.4,0.000,17.895,0.000,,0.000,,-0.000,,0.00,0.00,319.4,319.4,,SMART_RTH,,,18,4,TRUE,,Mini 4 Pro,,,,,,FALSE,TRUE,,,,,,,,,,,,,,,,,,,,,,,,,,,,,,,,,,,,,,,,,,,,,,,,75.2,,,,7.966,,,,,,,4.572,,,,,,,,,,,,,,,,,,,,,,,,,,,,,,,,1.40500000,103.70000000,0.0,,,,,,,,,,,,,,,,,,,,,,,,,,,,Mini 4 Pro,SYNHBTYP3DCN27ZMB,CAM6DGF46D3QRQAQB,RCSAK6RX8DFEXERNB,BATCE5VSLHKU2L2CH,,,,,,,,Mini 4 Pro,SYNHBTYP3DCN27ZMB,,,,DJI Fly,,1.13.5,606506D4-8CA6-50D1-AD4F-F7F7ED2A7646,,,,,,,,,,
1773845295,7m 15.0s,435.0,1.40500000,103.70000000,196.9,196.9,30.0,376.9,9386.4,0.000,17.895,0.000,,0.000,,-0.000,,0.00,0.00,319.4,319.4,,SMART_RTH,,,18,4,TRUE,,Mini 4 Pro,,,,,,FALSE,TRUE,,,,,,,,,,,,,,,,,,,,,,,,,,,,,,,,,,,,,,,,,,,,,,,,75.2,,,,7.966,,,,,,,4.572,,,,,,,,,,,,,,,,,,,,,,,,,,,,,,,,1.40500000,103.70000000,0.0,,,,,,,,,,,,,,,,,,,,,,,,,,,,Mini 4 Pro,SYNHBTYP3DCN27ZMB,CAM6DGF46D3QRQAQB,RCSAK6RX8DFEXERNB,BATCE5VSLHKU2L2CH,,,,,,,,Mini 4 Pro,SYNHBTYP3DCN27ZMB,,,,DJI Fly,,1.13.5,606506D4-8CA6-50D1-AD4F-F7F7ED2A7646,,,,,,,,,,
1773845296,7m 16.0s,436.0,1.40500000,103.70000000,191.6,196.9,30.0,371.6,9386.4,0.000,17.895,0.000,,0.000,,3.579,,-6.40,0.00,319.4,319.4,,LANDING,,,18,4,TRUE,,Mini 4 Pro,,,,,,FALSE,TRUE,,,,,,,,,,,,,,,,,,,,,,,,,,,,,,,,,,,,,,,,,,,,,,,,75.2,,,,7.965,,,,,,,4.572,,,,,,,,,,,,,,,,,,,,,,,,,,,,,,,,1.40500000,103.70000000,0.0,,,,,,,,,,,,,,,,,,,,,,,,,,,,Mini 4 Pro,SYNHBTYP3DCN27ZMB,CAM6DGF46D3QRQAQB,RCSAK6RX8DFEXERNB,BATCE5VSLHKU2L2CH,,,,,,,,Mini 4 Pro,SYNHBTYP3DCN27ZMB,,,,DJI Fly,,1.13.5,606506D4-8CA6-50D1-AD4F-F7F7ED2A7646,,,,,,,,,,
1773845297,7m 17.0s,437.0,1.40500000,103.70000000,186.4,196.9,30.0,366.4,9386.4,0.000,17.895,0.000,,0.000,,3.579,,-6.40,0.00,319.4,319.4,,LANDING,,,18,4,TRUE,,Mini 4 Pro,,,,,,FALSE,TRUE,,,,,,,,,,,,,,,,,,,,,,,,,,,,,,,,,,,,,,,,,,,,,,,,75.1,,,,7.965,,,,,,,4.572,,,,,,,,,,,,,,,,,,,,,,,,,,,,,,,,1.40500000,103.70000000,0.0,,,,,,,,,,,,,,,,,,,,,,,,,,,,Mini 4 Pro,SYNHBTYP3DCN27ZMB,CAM6DGF46D3QRQAQB,RCSAK6RX8DFEXERNB,BATCE5VSLHKU2L2CH,,,,,,,,Mini 4 Pro,SYNHBTYP3DCN27ZMB,,,,DJI Fly,,1.13.5,606506D4-8CA6-50D1-AD4F-F7F7ED2A7646,,,,,,,,,,
1773845298,7m 18.0s,438.0,1.40500000,103.70000000,181.1,196.9,30.0,361.1,9386.4,0.000,17.895,0.000,,0.000,,3.579,,-6.40,0.00,319.4,319.4,,LANDING,,,18,4,TRUE,,Mini 4 Pro,,,,,,FALSE,TRUE,,,,,,,,,,,,,,,,,,,,,,,,,,,,,,,,,,,,,,,,,,,,,,,,75.1,,,,7.964,,,,,,,4.572,,,,,,,,,,,,,,,,,,,,,,,,,,,,,,,,1.40500000,103.70000000,0.0,,,,,,,,,,,,,,,,,,,,,,,,,,,,Mini 4 Pro,SYNHBTYP3DCN27ZMB,CAM6DGF46D3QRQAQB,RCSAK6RX8DFEXERNB,BATCE5VSLHKU2L2CH,,,,,,,,Mini 4 Pro,SYNHBTYP3DCN27ZMB,,,,DJI Fly,,1.13.5,606506D4-8CA6-50D1-AD4F-F7F7ED2A7646,,,,,,,,,,
1773845299,7m 19.0s,439.0,1.40500000,103.70000000,175.9,196.9,30.0,355.9,9386.4,0.000,17.895,0.000,,0.000,,3.579,,-6.40,0.00,319.4,319.4,,LANDING,,,18,4,TRUE,,Mini 4 Pro,,,,,,FALSE,TRUE,,,,,,,,,,,,,,,,,,,,,,,,,,,,,,,,,,,,,,,,,,,,,,,,75.1,,,,7.964,,,,,,,4.572,,,,,,,,,,,,,,,,,,,,,,,,,,,,,,,,1.40500000,103.70000000,0.0,,,,,,,,,,,,,,,,,,,,,,,,,,,,Mini 4 Pro,SYNHBTYP3DCN27ZMB,CAM6DGF46D3QRQAQB,RCSAK6RX8DFEXERNB,BATCE5VSLHKU2L2CH,,,,,,,,Mini 4 Pro,SYNHBTYP3DCN27ZMB,,,,DJI Fly,,1.13.5,606506D4-8CA6-50D1-AD4F-F7F7ED2A7646,,,,,,,,,,
1773845300,7m 20.0s,440.0,1.40500000,103.70000000,170.6,196.9,30.0,350.6,9386.4,0.000,17.895,0.000,,0.000,,3.579,,-6.40,0.00,319.4,319.4,,LANDING,,,18,4,TRUE,,Mini 4 Pro,,,,,,FALSE,TRUE,,,,,,,,,,,,,,,,,,,,,,,,,,,,,,,,,,,,,,,,,,,,,,,,75.1,,,,7.963,,,,,,,4.572,,,,,,,,,,,,,,,,,,,,,,,,,,,,,,,,1.40500000,103.70000000,0.0,,,,,,,,,,,,,,,,,,,,,,,,,,,,Mini 4 Pro,SYNHBTYP3DCN27ZMB,CAM6DGF46D3QRQAQB,RCSAK6RX8DFEXERNB,BATCE5VSLHKU2L2CH,,,,,,,,Mini 4 Pro,SYNHBTYP3DCN27ZMB,,,,DJI Fly,,1.13.5,606506D4-8CA6-50D1-AD4F-F7F7ED2A7646,,,,,,,,,,
1773845301,7m 21.0s,441.0,1.40500000,103.70000000,165.4,196.9,30.0,345.4,9386.4,0.000,17.895,0.000,,0.000,,3.579,,-6.40,0.00,319.4,319.4,,LANDING,,,18,4,TRUE,,Mini 4 Pro,,,,,,FALSE,TRUE,,,,,,,,,,,,,,,,,,,,,,,,,,,,,,,,,,,,,,,,,,,,,,,,75.0,,,,7.963,,,,,,,4.572,,,,,,,,,,,,,,,,,,,,,,,,,,,,,,,,1.40500000,103.70000000,0.0,,,,,,,,,,,,,,,,,,,,,,,,,,,,Mini 4 Pro,SYNHBTYP3DCN27ZMB,CAM6DGF46D3QRQAQB,RCSAK6RX8DFEXERNB,BATCE5VSLHKU2L2CH,,,,,,,,Mini 4 Pro,SYNHBTYP3DCN27ZMB,,,,DJI Fly,,1.13.5,606506D4-8CA6-50D1-AD4F-F7F7ED2A7646,,,,,,,,,,
1773845302,7m 22.0s,442.0,1.40500000,103.70000000,160.1,196.9,30.0,340.1,9386.4,0.000,17.895,0.000,,0.000,,3.579,,-6.40,0.00,319.4,319.4,,LANDING,,,18,4,TRUE,,Mini 4 Pro,,,,,,FALSE,TRUE,,,,,,,,,,,,,,,,,,,,,,,,,,,,,,,,,,,,,,,,,,,,,,,,75.0,,,,7.962,,,,,,,4.572,,,,,,,,,,,,,,,,,,,,,,,,,,,,,,,,1.40500000,103.70000000,0.0,,,,,,,,,,,,,,,,,,,,,,,,,,,,Mini 4 Pro,SYNHBTYP3DCN27ZMB,CAM6DGF46D3QRQAQB,RCSAK6RX8DFEXERNB,BATCE5VSLHKU2L2CH,,,,,,,,Mini 4 Pro,SYNHBTYP3DCN27ZMB,,,,DJI Fly,,1.13.5,606506D4-8CA6-50D1-AD4F-F7F7ED2A7646,,,,,,,,,,
1773845303,7m 23.0s,443.0,1.40500000,103.70000000,154.9,196.9,30.0,334.9,9386.4,0.000,17.895,0.000,,0.000,,3.579,,-6.40,0.00,319.4,319.4,,LANDING,,,18,4,TRUE,,Mini 4 Pro,,,,,,FALSE,TRUE,,,,,,,,,,,,,,,,,,,,,,,,,,,,,,,,,,,,,,,,,,,,,,,,75.0,,,,7.962,,,,,,,4.572,,,,,,,,,,,,,,,,,,,,,,,,,,,,,,,,1.40500000,103.70000000,0.0,,,,,,,,,,,,,,,,,,,,,,,,,,,,Mini 4 Pro,SYNHBTYP3DCN27ZMB,CAM6DGF46D3QRQAQB,RCSAK6RX8DFEXERNB,BATCE5VSLHKU2L2CH,,,,,,,,Mini 4 Pro,SYNHBTYP3DCN27ZMB,,,,DJI Fly,,1.13.5,606506D4-8CA6-50D1-AD4F-F7F7ED2A7646,,,,,,,,,,
1773845304,7m 24.0s,444.0,1.40500000,103.70000000,149.6,196.9,30.0,329.6,9386.4,0.000,17.895,0.000,,0.000,,3.579,,-6.40,0.00,319.4,319.4,,LANDING,,,18,4,TRUE,,Mini 4 Pro,,,,,,FALSE,TRUE,,,,,,,,,,,,,,,,,,,,,,,,,,,,,,,,,,,,,,,,,,,,,,,,74.9,,,,7.962,,,,,,,4.572,,,,,,,,,,,,,,,,,,,,,,,,,,,,,,,,1.40500000,103.70000000,0.0,,,,,,,,,,,,,,,,,,,,,,,,,,,,Mini 4 Pro,SYNHBTYP3DCN27ZMB,CAM6DGF46D3QRQAQB,RCSAK6RX8DFEXERNB,BATCE5VSLHKU2L2CH,,,,,,,,Mini 4 Pro,SYNHBTYP3DCN27ZMB,,,,DJI Fly,,1.13.5,606506D4-8CA6-50D1-AD4F-F7F7ED2A7646,,,,,,,,,,
1773845305,7m 25.0s,445.0,1.40500000,103.70000000,144.4,196.9,30.0,324.4,9386.4,0.000,17.895,0.000,,0.000,,3.579,,-6.40,0.00,319.4,319.4,,LANDING,,,18,4,TRUE,,Mini 4 Pro,,,,,,FALSE,TRUE,,,,,,,,,,,,,,,,,,,,,,,,,,,,,,,,,,,,,,,,,,,,,,,,74.9,,,,7.961,,,,,,,4.572,,,,,,,,,,,,,,,,,,,,,,,,,,,,,,,,1.40500000,103.70000000,0.0,,,,,,,,,,,,,,,,,,,,,,,,,,,,Mini 4 Pro,SYNHBTYP3DCN27ZMB,CAM6DGF46D3QRQAQB,RCSAK6RX8DFEXERNB,BATCE5VSLHKU2L2CH,,,,,,,,Mini 4 Pro,SYNHBTYP3DCN27ZMB,,,,DJI Fly,,1.13.5,606506D4-8CA6-50D1-AD4F-F7F7ED2A7646,,,,,,,,,,
1773845306,7m 26.0s,446.0,1.40500000,103.70000000,139.1,196.9,30.0,319.1,9386.4,0.000,17.895,0.000,,0.000,,3.579,,-6.40,0.00,319.4,319.4,,LANDING,,,18,4,TRUE,,Mini 4 Pro,,,,,,FALSE,TRUE,,,,,,,,,,,,,,,,,,,,,,,,,,,,,,,,,,,,,,,,,,,,,,,,74.9,,,,7.961,,,,,,,4.572,,,,,,,,,,,,,,,,,,,,,,,,,,,,,,,,1.40500000,103.70000000,0.0,,,,,,,,,,,,,,,,,,,,,,,,,,,,Mini 4 Pro,SYNHBTYP3DCN27ZMB,CAM6DGF46D3QRQAQB,RCSAK6RX8DFEXERNB,BATCE5VSLHKU2L2CH,,,,,,,,Mini 4 Pro,SYNHBTYP3DCN27ZMB,,,,DJI Fly,,1.13.5,606506D4-8CA6-50D1-AD4F-F7F7ED2A7646,,,,,,,,,,
1773845307,7m 27.0s,447.0,1.40500000,103.70000000,133.9,196.9,30.0,313.9,9386.4,0.000,17.895,0.000,,0.000,,3.579,,-6.40,0.00,319.4,319.4,,LANDING,,,18,4,TRUE,,Mini 4 Pro,,,,,,FALSE,TRUE,,,,,,,,,,,,,,,,,,,,,,,,,,,,,,,,,,,,,,,,,,,,,,,,74.9,,,,7.960,,,,,,,4.572,,,,,,,,,,,,,,,,,,,,,,,,,,,,,,,,1.40500000,103.70000000,0.0,,,,,,,,,,,,,,,,,,,,,,,,,,,,Mini 4 Pro,SYNHBTYP3DCN27ZMB,CAM6DGF46D3QRQAQB,RCSAK6RX8DFEXERNB,BATCE5VSLHKU2L2CH,,,,,,,,Mini 4 Pro,SYNHBTYP3DCN27ZMB,,,,DJI Fly,,1.13.5,606506D4-8CA6-50D1-AD4F-F7F7ED2A7646,,,,,,,,,,
1773845308,7m 28.0s,448.0,1.40500000,103.70000000,128.6,196.9,30.0,308.6,9386.4,0.000,17.895,0.000,,0.000,,3.579,,-6.40,0.00,319.4,319.4,,LANDING,,,18,4,TRUE,,Mini 4 Pro,,,,,,FALSE,TRUE,,,,,,,,,,,,,,,,,,,,,,,,,,,,,,,,,,,,,,,,,,,,,,,,74.8,,,,7.960,,,,,,,4.572,,,,,,,,,,,,,,,,,,,,,,,,,,,,,,,,1.40500000,103.70000000,0.0,,,,,,,,,,,,,,,,,,,,,,,,,,,,Mini 4 Pro,SYNHBTYP3DCN27ZMB,CAM6DGF46D3QRQAQB,RCSAK6RX8DFEXERNB,BATCE5VSLHKU2L2CH,,,,,,,,Mini 4 Pro,SYNHBTYP3DCN27ZMB,,,,DJI Fly,,1.13.5,606506D4-8CA6-50D1-AD4F-F7F7ED2A7646,,,,,,,,,,
1773845309,7m 29.0s,449.0,1.40500000,103.70000000,123.4,196.9,30.0,303.4,9386.4,0.000,17.895,0.000,,0.000,,3.579,,-6.40,0.00,319.4,319.4,,LANDING,,,18,4,TRUE,,Mini 4 Pro,,,,,,FALSE,TRUE,,,,,,,,,,,,,,,,,,,,,,,,,,,,,,,,,,,,,,,,,,,,,,,,74.8,,,,7.959,,,,,,,4.572,,,,,,,,,,,,,,,,,,,,,,,,,,,,,,,,1.40500000,103.70000000,0.0,,,,,,,,,,,,,,,,,,,,,,,,,,,,Mini 4 Pro,SYNHBTYP3DCN27ZMB,CAM6DGF46D3QRQAQB,RCSAK6RX8DFEXERNB,BATCE5VSLHKU2L2CH,,,,,,,,Mini 4 Pro,SYNHBTYP3DCN27ZMB,,,,DJI Fly,,1.13.5,606506D4-8CA6-50D1-AD4F-F7F7ED2A7646,,,,,,,,,,
1773845310,7m 30.0s,450.0,1.40500000,103.70000000,118.1,196.9,30.0,298.1,9386.4,0.000,17.895,0.000,,0.000,,3.579,,-6.40,0.00,319.4,319.4,,LANDING,,,18,4,TRUE,,Mini 4 Pro,,,,,,FALSE,TRUE,,,,,,,,,,,,,,,,,,,,,,,,,,,,,,,,,,,,,,,,,,,,,,,,74.8,,,,7.959,,,,,,,4.572,,,,,,,,,,,,,,,,,,,,,,,,,,,,,,,,1.40500000,103.70000000,0.0,,,,,,,,,,,,,,,,,,,,,,,,,,,,Mini 4 Pro,SYNHBTYP3DCN27ZMB,CAM6DGF46D3QRQAQB,RCSAK6RX8DFEXERNB,BATCE5VSLHKU2L2CH,,,,,,,,Mini 4 Pro,SYNHBTYP3DCN27ZMB,,,,DJI Fly,,1.13.5,606506D4-8CA6-50D1-AD4F-F7F7ED2A7646,,,,,,,,,,
1773845311,7m 31.0s,451.0,1.40500000,103.70000000,112.9,196.9,30.0,292.9,9386.4,0.000,17.895,0.000,,0.000,,3.579,,-6.40,0.00,319.4,319.4,,LANDING,,,18,4,TRUE,,Mini 4 Pro,,,,,,FALSE,TRUE,,,,,,,,,,,,,,,,,,,,,,,,,,,,,,,,,,,,,,,,,,,,,,,,74.7,,,,7.958,,,,,,,4.572,,,,,,,,,,,,,,,,,,,,,,,,,,,,,,,,1.40500000,103.70000000,0.0,,,,,,,,,,,,,,,,,,,,,,,,,,,,Mini 4 Pro,SYNHBTYP3DCN27ZMB,CAM6DGF46D3QRQAQB,RCSAK6RX8DFEXERNB,BATCE5VSLHKU2L2CH,,,,,,,,Mini 4 Pro,SYNHBTYP3DCN27ZMB,,,,DJI Fly,,1.13.5,606506D4-8CA6-50D1-AD4F-F7F7ED2A7646,,,,,,,,,,
1773845312,7m 32.0s,452.0,1.40500000,103.70000000,107.6,196.9,30.0,287.6,9386.4,0.000,17.895,0.000,,0.000,,3.579,,-6.40,0.00,319.4,319.4,,LANDING,,,18,4,TRUE,,Mini 4 Pro,,,,,,FALSE,TRUE,,,,,,,,,,,,,,,,,,,,,,,,,,,,,,,,,,,,,,,,,,,,,,,,74.7,,,,7.958,,,,,,,4.572,,,,,,,,,,,,,,,,,,,,,,,,,,,,,,,,1.40500000,103.70000000,0.0,,,,,,,,,,,,,,,,,,,,,,,,,,,,Mini 4 Pro,SYNHBTYP3DCN27ZMB,CAM6DGF46D3QRQAQB,RCSAK6RX8DFEXERNB,BATCE5VSLHKU2L2CH,,,,,,,,Mini 4 Pro,SYNHBTYP3DCN27ZMB,,,,DJI Fly,,1.13.5,606506D4-8CA6-50D1-AD4F-F7F7ED2A7646,,,,,,,,,,
1773845313,7m 33.0s,453.0,1.40500000,103.70000000,102.4,196.9,30.0,282.4,9386.4,0.000,17.895,0.000,,0.000,,3.579,,-6.40,0.00,319.4,319.4,,LANDING,,,18,4,TRUE,,Mini 4 Pro,,,,,,FALSE,TRUE,,,,,,,,,,,,,,,,,,,,,,,,,,,,,,,,,,,,,,,,,,,,,,,,74.7,,,,7.957,,,,,,,4.572,,,,,,,,,,,,,,,,,,,,,,,,,,,,,,,,1.40500000,103.70000000,0.0,,,,,,,,,,,,,,,,,,,,,,,,,,,,Mini 4 Pro,SYNHBTYP3DCN27ZMB,CAM6DGF46D3QRQAQB,RCSAK6RX8DFEXERNB,BATCE5VSLHKU2L2CH,,,,,,,,Mini 4 Pro,SYNHBTYP3DCN27ZMB,,,,DJI Fly,,1.13.5,606506D4-8CA6-50D1-AD4F-F7F7ED2A7646,,,,,,,,,,
1773845314,7m 34.0s,454.0,1.40500000,103.70000000,97.1,196.9,30.0,277.1,9386.4,0.000,17.895,0.000,,0.000,,3.579,,-6.40,0.00,319.4,319.4,,LANDING,,,18,4,TRUE,,Mini 4 Pro,,,,,,FALSE,TRUE,,,,,,,,,,,,,,,,,,,,,,,,,,,,,,,,,,,,,,,,,,,,,,,,74.6,,,,7.957,,,,,,,4.572,,,,,,,,,,,,,,,,,,,,,,,,,,,,,,,,1.40500000,103.70000000,0.0,,,,,,,,,,,,,,,,,,,,,,,,,,,,Mini 4 Pro,SYNHBTYP3DCN27ZMB,CAM6DGF46D3QRQAQB,RCSAK6RX8DFEXERNB,BATCE5VSLHKU2L2CH,,,,,,,,Mini 4 Pro,SYNHBTYP3DCN27ZMB,,,,DJI Fly,,1.13.5,606506D4-8CA6-50D1-AD4F-F7F7ED2A7646,,,,,,,,,,
1773845315,7m 35.0s,455.0,1.40500000,103.70000000,91.9,196.9,30.0,271.9,9386.4,0.000,17.895,0.000,,0.000,,3.579,,-6.40,0.00,319.4,319.4,,LANDING,,,18,4,TRUE,,Mini 4 Pro,,,,,,FALSE,TRUE,,,,,,,,,,,,,,,,,,,,,,,,,,,,,,,,,,,,,,,,,,,,,,,,74.6,,,,7.957,,,,,,,4.572,,,,,,,,,,,,,,,,,,,,,,,,,,,,,,,,1.40500000,103.70000000,0.0,,,,,,,,,,,,,,,,,,,,,,,,,,,,Mini 4 Pro,SYNHBTYP3DCN27ZMB,CAM6DGF46D3QRQAQB,RCSAK6RX8DFEXERNB,BATCE5VSLHKU2L2CH,,,,,,,,Mini 4 Pro,SYNHBTYP3DCN27ZMB,,,,DJI Fly,,1.13.5,606506D4-8CA6-50D1-AD4F-F7F7ED2A7646,,,,,,,,,,
1773845316,7m 36.0s,456.0,1.40500000,103.70000000,86.6,196.9,30.0,266.6,9386.4,0.000,17.895,0.000,,0.000,,3.579,,-6.40,0.00,319.4,319.4,,LANDING,,,18,4,TRUE,,Mini 4 Pro,,,,,,FALSE,TRUE,,,,,,,,,,,,,,,,,,,,,,,,,,,,,,,,,,,,,,,,,,,,,,,,74.6,,,,7.956,,,,,,,4.572,,,,,,,,,,,,,,,,,,,,,,,,,,,,,,,,1.40500000,103.70000000,0.0,,,,,,,,,,,,,,,,,,,,,,,,,,,,Mini 4 Pro,SYNHBTYP3DCN27ZMB,CAM6DGF46D3QRQAQB,RCSAK6RX8DFEXERNB,BATCE5VSLHKU2L2CH,,,,,,,,Mini 4 Pro,SYNHBTYP3DCN27ZMB,,,,DJI Fly,,1.13.5,606506D4-8CA6-50D1-AD4F-F7F7ED2A7646,,,,,,,,,,
1773845317,7m 37.0s,457.0,1.40500000,103.70000000,81.4,196.9,30.0,261.4,9386.4,0.000,17.895,0.000,,0.000,,3.579,,-6.40,0.00,319.4,319.4,,LANDING,,,18,4,TRUE,,Mini 4 Pro,,,,,,FALSE,TRUE,,,,,,,,,,,,,,,,,,,,,,,,,,,,,,,,,,,,,,,,,,,,,,,,74.6,,,,7.956,,,,,,,4.572,,,,,,,,,,,,,,,,,,,,,,,,,,,,,,,,1.40500000,103.70000000,0.0,,,,,,,,,,,,,,,,,,,,,,,,,,,,Mini 4 Pro,SYNHBTYP3DCN27ZMB,CAM6DGF46D3QRQAQB,RCSAK6RX8DFEXERNB,BATCE5VSLHKU2L2CH,,,,,,,,Mini 4 Pro,SYNHBTYP3DCN27ZMB,,,,DJI Fly,,1.13.5,606506D4-8CA6-50D1-AD4F-F7F7ED2A7646,,,,,,,,,,
1773845318,7m 38.0s,458.0,1.40500000,103.70000000,76.1,196.9,30.0,256.1,9386.4,0.000,17.895,0.000,,0.000,,3.579,,-6.40,0.00,319.4,319.4,,LANDING,,,18,4,TRUE,,Mini 4 Pro,,,,,,FALSE,TRUE,,,,,,,,,,,,,,,,,,,,,,,,,,,,,,,,,,,,,,,,,,,,,,,,74.5,,,,7.955,,,,,,,4.572,,,,,,,,,,,,,,,,,,,,,,,,,,,,,,,,1.40500000,103.70000000,0.0,,,,,,,,,,,,,,,,,,,,,,,,,,,,Mini 4 Pro,SYNHBTYP3DCN27ZMB,CAM6DGF46D3QRQAQB,RCSAK6RX8DFEXERNB,BATCE5VSLHKU2L2CH,,,,,,,,Mini 4 Pro,SYNHBTYP3DCN27ZMB,,,,DJI Fly,,1.13.5,606506D4-8CA6-50D1-AD4F-F7F7ED2A7646,,,,,,,,,,
1773845319,7m 39.0s,459.0,1.40500000,103.70000000,70.9,196.9,30.0,250.9,9386.4,0.000,17.895,0.000,,0.000,,3.579,,-6.40,0.00,319.4,319.4,,LANDING,,,18,4,TRUE,,Mini 4 Pro,,,,,,FALSE,TRUE,,,,,,,,,,,,,,,,,,,,,,,,,,,,,,,,,,,,,,,,,,,,,,,,74.5,,,,7.955,,,,,,,4.572,,,,,,,,,,,,,,,,,,,,,,,,,,,,,,,,1.40500000,103.70000000,0.0,,,,,,,,,,,,,,,,,,,,,,,,,,,,Mini 4 Pro,SYNHBTYP3DCN27ZMB,CAM6DGF46D3QRQAQB,RCSAK6RX8DFEXERNB,BATCE5VSLHKU2L2CH,,,,,,,,Mini 4 Pro,SYNHBTYP3DCN27ZMB,,,,DJI Fly,,1.13.5,606506D4-8CA6-50D1-AD4F-F7F7ED2A7646,,,,,,,,,,
1773845320,7m 40.0s,460.0,1.40500000,103.70000000,65.6,196.9,30.0,245.6,9386.4,0.000,17.895,0.000,,0.000,,3.579,,-6.40,0.00,319.4,319.4,,LANDING,,,18,4,TRUE,,Mini 4 Pro,,,,,,FALSE,TRUE,,,,,,,,,,,,,,,,,,,,,,,,,,,,,,,,,,,,,,,,,,,,,,,,74.5,,,,7.954,,,,,,,4.572,,,,,,,,,,,,,,,,,,,,,,,,,,,,,,,,1.40500000,103.70000000,0.0,,,,,,,,,,,,,,,,,,,,,,,,,,,,Mini 4 Pro,SYNHBTYP3DCN27ZMB,CAM6DGF46D3QRQAQB,RCSAK6RX8DFEXERNB,BATCE5VSLHKU2L2CH,,,,,,,,Mini 4 Pro,SYNHBTYP3DCN27ZMB,,,,DJI Fly,,1.13.5,606506D4-8CA6-50D1-AD4F-F7F7ED2A7646,,,,,,,,,,
1773845321,7m 41.0s,461.0,1.40500000,103.70000000,60.4,196.9,30.0,240.4,9386.4,0.000,17.895,0.000,,0.000,,3.579,,-6.40,0.00,319.4,319.4,,LANDING,,,18,4,TRUE,,Mini 4 Pro,,,,,,FALSE,TRUE,,,,,,,,,,,,,,,,,,,,,,,,,,,,,,,,,,,,,,,,,,,,,,,,74.4,,,,7.954,,,,,,,4.572,,,,,,,,,,,,,,,,,,,,,,,,,,,,,,,,1.40500000,103.70000000,0.0,,,,,,,,,,,,,,,,,,,,,,,,,,,,Mini 4 Pro,SYNHBTYP3DCN27ZMB,CAM6DGF46D3QRQAQB,RCSAK6RX8DFEXERNB,BATCE5VSLHKU2L2CH,,,,,,,,Mini 4 Pro,SYNHBTYP3DCN27ZMB,,,,DJI Fly,,1.13.5,606506D4-8CA6-50D1-AD4F-F7F7ED2A7646,,,,,,,,,,
1773845322,7m 42.0s,462.0,1.40500000,103.70000000,55.1,196.9,30.0,235.1,9386.4,0.000,17.895,0.000,,0.000,,3.579,,-6.40,0.00,319.4,319.4,,LANDING,,,18,4,TRUE,,Mini 4 Pro,,,,,,FALSE,TRUE,,,,,,,,,,,,,,,,,,,,,,,,,,,,,,,,,,,,,,,,,,,,,,,,74.4,,,,7.953,,,,,,,4.572,,,,,,,,,,,,,,,,,,,,,,,,,,,,,,,,1.40500000,103.70000000,0.0,,,,,,,,,,,,,,,,,,,,,,,,,,,,Mini 4 Pro,SYNHBTYP3DCN27ZMB,CAM6DGF46D3QRQAQB,RCSAK6RX8DFEXERNB,BATCE5VSLHKU2L2CH,,,,,,,,Mini 4 Pro,SYNHBTYP3DCN27ZMB,,,,DJI Fly,,1.13.5,606506D4-8CA6-50D1-AD4F-F7F7ED2A7646,,,,,,,,,,
1773845323,7m 43.0s,463.0,1.40500000,103.70000000,49.9,196.9,30.0,229.9,9386.4,0.000,17.895,0.000,,0.000,,3.579,,-6.40,0.00,319.4,319.4,,LANDING,,,18,4,TRUE,,Mini 4 Pro,,,,,,FALSE,TRUE,,,,,,,,,,,,,,,,,,,,,,,,,,,,,,,,,,,,,,,,,,,,,,,,74.4,,,,7.953,,,,,,,4.572,,,,,,,,,,,,,,,,,,,,,,,,,,,,,,,,1.40500000,103.70000000,0.0,,,,,,,,,,,,,,,,,,,,,,,,,,,,Mini 4 Pro,SYNHBTYP3DCN27ZMB,CAM6DGF46D3QRQAQB,RCSAK6RX8DFEXERNB,BATCE5VSLHKU2L2CH,,,,,,,,Mini 4 Pro,SYNHBTYP3DCN27ZMB,,,,DJI Fly,,1.13.5,606506D4-8CA6-50D1-AD4F-F7F7ED2A7646,,,,,,,,,,
1773845324,7m 44.0s,464.0,1.40500000,103.70000000,44.6,196.9,30.0,224.6,9386.4,0.000,17.895,0.000,,0.000,,3.579,,-6.40,0.00,319.4,319.4,,LANDING,,,18,4,TRUE,,Mini 4 Pro,,,,,,FALSE,TRUE,,,,,,,,,,,,,,,,,,,,,,,,,,,,,,,,,,,,,,,,,,,,,,,,74.4,,,,7.952,,,,,,,4.572,,,,,,,,,,,,,,,,,,,,,,,,,,,,,,,,1.40500000,103.70000000,0.0,,,,,,,,,,,,,,,,,,,,,,,,,,,,Mini 4 Pro,SYNHBTYP3DCN27ZMB,CAM6DGF46D3QRQAQB,RCSAK6RX8DFEXERNB,BATCE5VSLHKU2L2CH,,,,,,,,Mini 4 Pro,SYNHBTYP3DCN27ZMB,,,,DJI Fly,,1.13.5,606506D4-8CA6-50D1-AD4F-F7F7ED2A7646,,,,,,,,,,
1773845325,7m 45.0s,465.0,1.40500000,103.70000000,39.4,196.9,30.0,219.4,9386.4,0.000,17.895,0.000,,0.000,,3.579,,-6.40,0.00,319.4,319.4,,LANDING,,,18,4,TRUE,,Mini 4 Pro,,,,,,FALSE,TRUE,,,,,,,,,,,,,,,,,,,,,,,,,,,,,,,,,,,,,,,,,,,,,,,,74.3,,,,7.952,,,,,,,4.572,,,,,,,,,,,,,,,,,,,,,,,,,,,,,,,,1.40500000,103.70000000,0.0,,,,,,,,,,,,,,,,,,,,,,,,,,,,Mini 4 Pro,SYNHBTYP3DCN27ZMB,CAM6DGF46D3QRQAQB,RCSAK6RX8DFEXERNB,BATCE5VSLHKU2L2CH,,,,,,,,Mini 4 Pro,SYNHBTYP3DCN27ZMB,,,,DJI Fly,,1.13.5,606506D4-8CA6-50D1-AD4F-F7F7ED2A7646,,,,,,,,,,
1773845326,7m 46.0s,466.0,1.40500000,103.70000000,34.1,196.9,30.0,214.1,9386.4,0.000,17.895,0.000,,0.000,,3.579,,-6.40,0.00,319.4,319.4,,LANDING,,,18,4,TRUE,,Mini 4 Pro,,,,,,FALSE,TRUE,,,,,,,,,,,,,,,,,,,,,,,,,,,,,,,,,,,,,,,,,,,,,,,,74.3,,,,7.952,,,,,,,4.572,,,,,,,,,,,,,,,,,,,,,,,,,,,,,,,,1.40500000,103.70000000,0.0,,,,,,,,,,,,,,,,,,,,,,,,,,,,Mini 4 Pro,SYNHBTYP3DCN27ZMB,CAM6DGF46D3QRQAQB,RCSAK6RX8DFEXERNB,BATCE5VSLHKU2L2CH,,,,,,,,Mini 4 Pro,SYNHBTYP3DCN27ZMB,,,,DJI Fly,,1.13.5,606506D4-8CA6-50D1-AD4F-F7F7ED2A7646,,,,,,,,,,
1773845327,7m 47.0s,467.0,1.40500000,103.70000000,28.9,196.9,28.9,208.9,9386.4,0.000,17.895,0.000,,0.000,,3.579,,-6.40,0.00,319.4,319.4,,LANDING,,,18,4,TRUE,,Mini 4 Pro,,,,,,FALSE,TRUE,,,,,,,,,,,,,,,,,,,,,,,,,,,,,,,,,,,,,,,,,,,,,,,,74.3,,,,7.951,,,,,,,4.572,,,,,,,,,,,,,,,,,,,,,,,,,,,,,,,,1.40500000,103.70000000,0.0,,,,,,,,,,,,,,,,,,,,,,,,,,,,Mini 4 Pro,SYNHBTYP3DCN27ZMB,CAM6DGF46D3QRQAQB,RCSAK6RX8DFEXERNB,BATCE5VSLHKU2L2CH,,,,,,,,Mini 4 Pro,SYNHBTYP3DCN27ZMB,,,,DJI Fly,,1.13.5,606506D4-8CA6-50D1-AD4F-F7F7ED2A7646,,,,,,,,,,
1773845328,7m 48.0s,468.0,1.40500000,103.70000000,23.6,196.9,23.6,203.6,9386.4,0.000,17.895,0.000,,0.000,,3.579,,-6.40,0.00,319.4,319.4,,LANDING,,,18,4,TRUE,,Mini 4 Pro,,,,,,FALSE,TRUE,,,,,,,,,,,,,,,,,,,,,,,,,,,,,,,,,,,,,,,,,,,,,,,,74.2,,,,7.951,,,,,,,4.572,,,,,,,,,,,,,,,,,,,,,,,,,,,,,,,,1.40500000,103.70000000,0.0,,,,,,,,,,,,,,,,,,,,,,,,,,,,Mini 4 Pro,SYNHBTYP3DCN27ZMB,CAM6DGF46D3QRQAQB,RCSAK6RX8DFEXERNB,BATCE5VSLHKU2L2CH,,,,,,,,Mini 4 Pro,SYNHBTYP3DCN27ZMB,,,,DJI Fly,,1.13.5,606506D4-8CA6-50D1-AD4F-F7F7ED2A7646,,,,,,,,,,
1773845329,7m 49.0s,469.0,1.40500000,103.70000000,18.4,196.9,18.4,198.4,9386.4,0.000,17.895,0.000,,0.000,,3.579,,-6.40,0.00,319.4,319.4,,LANDING,,,18,4,TRUE,,Mini 4 Pro,,,,,,FALSE,TRUE,,,,,,,,,,,,,,,,,,,,,,,,,,,,,,,,,,,,,,,,,,,,,,,,74.2,,,,7.950,,,,,,,4.572,,,,,,,,,,,,,,,,,,,,,,,,,,,,,,,,1.40500000,103.70000000,0.0,,,,,,,,,,,,,,,,,,,,,,,,,,,,Mini 4 Pro,SYNHBTYP3DCN27ZMB,CAM6DGF46D3QRQAQB,RCSAK6RX8DFEXERNB,BATCE5VSLHKU2L2CH,,,,,,,,Mini 4 Pro,SYNHBTYP3DCN27ZMB,,,,DJI Fly,,1.13.5,606506D4-8CA6-50D1-AD4F-F7F7ED2A7646,,,,,,,,,,
1773845330,7m 50.0s,470.0,1.40500000,103.70000000,13.1,196.9,13.1,193.1,9386.4,0.000,17.895,0.000,,0.000,,3.579,,-6.40,0.00,319.4,319.4,,LANDING,,,18,4,TRUE,,Mini 4 Pro,,,,,,FALSE,TRUE,,,,,,,,,,,,,,,,,,,,,,,,,,,,,,,,,,,,,,,,,,,,,,,,74.2,,,,7.950,,,,,,,4.572,,,,,,,,,,,,,,,,,,,,,,,,,,,,,,,,1.40500000,103.70000000,0.0,,,,,,,,,,,,,,,,,,,,,,,,,,,,Mini 4 Pro,SYNHBTYP3DCN27ZMB,CAM6DGF46D3QRQAQB,RCSAK6RX8DFEXERNB,BATCE5VSLHKU2L2CH,,,,,,,,Mini 4 Pro,SYNHBTYP3DCN27ZMB,,,,DJI Fly,,1.13.5,606506D4-8CA6-50D1-AD4F-F7F7ED2A7646,,,,,,,,,,
1773845331,7m 51.0s,471.0,1.40500000,103.70000000,7.9,196.9,7.9,187.9,9386.4,0.000,17.895,0.000,,0.000,,3.579,,-6.40,0.00,319.4,319.4,,LANDING,,,18,4,TRUE,,Mini 4 Pro,,,,,,FALSE,TRUE,,,,,,,,,,,,,,,,,,,,,,,,,,,,,,,,,,,,,,,,,,,,,,,,74.1,,,,7.949,,,,,,,4.572,,,,,,,,,,,,,,,,,,,,,,,,,,,,,,,,1.40500000,103.70000000,0.0,,,,,,,,,,,,,,,,,,,,,,,,,,,,Mini 4 Pro,SYNHBTYP3DCN27ZMB,CAM6DGF46D3QRQAQB,RCSAK6RX8DFEXERNB,BATCE5VSLHKU2L2CH,,,,,,,,Mini 4 Pro,SYNHBTYP3DCN27ZMB,,,,DJI Fly,,1.13.5,606506D4-8CA6-50D1-AD4F-F7F7ED2A7646,,,,,,,,,,
1773845332,7m 52.0s,472.0,1.40500000,103.70000000,2.6,196.9,2.6,182.6,9386.4,0.000,17.895,0.000,,0.000,,3.579,,-6.40,0.00,319.4,319.4,,LANDING,,,18,4,TRUE,,Mini 4 Pro,,,,,,FALSE,TRUE,,,,,,,,,,,,,,,,,,,,,,,,,,,,,,,,,,,,,,,,,,,,,,,,74.1,,,,7.949,,,,,,,4.572,,,,,,,,,,,,,,,,,,,,,,,,,,,,,,,,1.40500000,103.70000000,0.0,,,,,,,,,,,,,,,,,,,,,,,,,,,,Mini 4 Pro,SYNHBTYP3DCN27ZMB,CAM6DGF46D3QRQAQB,RCSAK6RX8DFEXERNB,BATCE5VSLHKU2L2CH,,,,,,,,Mini 4 Pro,SYNHBTYP3DCN27ZMB,,,,DJI Fly,,1.13.5,606506D4-8CA6-50D1-AD4F-F7F7ED2A7646,,,,,,,,,,
1773845333,7m 53.0s,473.0,1.40500000,103.70000000,0.0,196.9,0.0,180.0,9386.4,0.000,17.895,0.000,,0.000,,-0.000,,0.20,0.10,319.4,319.4,,LAND,,,18,4,TRUE,,Mini 4 Pro,,,,,,TRUE,TRUE,,,,,,,,,,,,,,,,,,,,,,,,,,,,,,,,,,,,,,,,,,,,,,,,74.1,,,,7.948,,,,,,,4.572,,,,,,,,,,,,,,,,,,,,,,,,,,,,,,,,1.40500000,103.70000000,0.0,,,,,,,,,,,,,,,,,,,,,,,,,,,,Mini 4 Pro,SYNHBTYP3DCN27ZMB,CAM6DGF46D3QRQAQB,RCSAK6RX8DFEXERNB,BATCE5VSLHKU2L2CH,,,,,,,,Mini 4 Pro,SYNHBTYP3DCN27ZMB,,,,DJI Fly,,1.13.5,606506D4-8CA6-50D1-AD4F-F7F7ED2A7646,,,,,,,,,,
1773845334,7m 54.0s,474.0,1.40500000,103.70000000,0.0,196.9,0.0,180.0,9386.4,0.000,17.895,0.000,,0.000,,-0.000,,0.20,0.10,319.4,319.4,,LAND,,,18,4,TRUE,,Mini 4 Pro,,,,,,TRUE,TRUE,,,,,,,,,,,,,,,,,,,,,,,,,,,,,,,,,,,,,,,,,,,,,,,,74.1,,,,7.948,,,,,,,4.572,,,,,,,,,,,,,,,,,,,,,,,,,,,,,,,,1.40500000,103.70000000,0.0,,,,,,,,,,,,,,,,,,,,,,,,,,,,Mini 4 Pro,SYNHBTYP3DCN27ZMB,CAM6DGF46D3QRQAQB,RCSAK6RX8DFEXERNB,BATCE5VSLHKU2L2CH,,,,,,,,Mini 4 Pro,SYNHBTYP3DCN27ZMB,,,,DJI Fly,,1.13.5,606506D4-8CA6-50D1-AD4F-F7F7ED2A7646,,,,,,,,,,
1773845335,7m 55.0s,475.0,1.40500000,103.70000000,0.0,196.9,0.0,180.0,9386.4,0.000,17.895,0.000,,0.000,,-0.000,,0.20,0.10,319.4,319.4,,LAND,,,18,4,TRUE,,Mini 4 Pro,,,,,,TRUE,TRUE,,,,,,,,,,,,,,,,,,,,,,,,,,,,,,,,,,,,,,,,,,,,,,,,74.0,,,,7.947,,,,,,,4.572,,,,,,,,,,,,,,,,,,,,,,,,,,,,,,,,1.40500000,103.70000000,0.0,,,,,,,,,,,,,,,,,,,,,,,,,,,,Mini 4 Pro,SYNHBTYP3DCN27ZMB,CAM6DGF46D3QRQAQB,RCSAK6RX8DFEXERNB,BATCE5VSLHKU2L2CH,,,,,,,,Mini 4 Pro,SYNHBTYP3DCN27ZMB,,,,DJI Fly,,1.13.5,606506D4-8CA6-50D1-AD4F-F7F7ED2A7646,,,,,,,,,,
