timestamps,OSD.flyTime,OSD.flyTime [s],OSD.latitude,OSD.longitude,OSD.height [ft],OSD.heightMax [ft],OSD.vpsHeight [ft],OSD.altitude [ft],OSD.mileage [ft],OSD.hSpeed [MPH],OSD.hSpeedMax [MPH],OSD.xSpeed [MPH],OSD.xSpeedMax [MPH],OSD.ySpeed [MPH],OSD.ySpeedMax [MPH],OSD.zSpeed [MPH],OSD.zSpeedMax [MPH],OSD.pitch,OSD.roll,OSD.yaw,OSD.yaw [360],OSD.directionOfTravel,OSD.flycState,OSD.flycCommand,OSD.flightAction,OSD.gpsNum,OSD.gpsLevel,OSD.isGPSUsed,OSD.nonGPSCause,OSD.droneType,OSD.isSwaveWork,OSD.waveError,OSD.goHomeStatus,OSD.batteryType,OSD.ctrlDevice,OSD.isOnGround,OSD.isMotorOn,OSD.isMotorBlocked,OSD.motorStartFailedCause,OSD.motorFailReason,OSD.isImuPreheated,OSD.imuInitFailReason,OSD.isAcceletorOverRange,OSD.isBarometerDeadInAir,OSD.isCompassError,OSD.isGoHomeHeightModified,OSD.canIOCWork,OSD.isNotEnoughForce,OSD.isOutOfLimit,OSD.isPropellerCatapult,OSD.isVibrating,OSD.isVisionUsed,OSD.voltageWarning,GIMBAL.mode,GIMBAL.pitch,GIMBAL.roll,GIMBAL.yaw,GIMBAL.yaw [360],GIMBAL.isPitchAtLimit,GIMBAL.isRollAtLimit,GIMBAL.isYawAtLimit,GIMBAL.isStuck,CAMERA.isPhoto,CAMERA.isVideo,CAMERA.filename,CAMERA.sdCardIsInserted,CAMERA.sdCardState,RC.downlinkSignal,RC.uplinkSignal,RC.aileron,RC.elevator,RC.throttle,RC.rudder,RC.mode,RC.goHomeDepressed,RC.recordDepressed,RC.shutterDepressed,RC.playbackDepressed,RC.wheelDepressed,RC.wheelOffset,RC.custom1Depressed,RC.custom2Depressed,RC.custom3Depressed,RC.custom4Depressed,BATTERY.chargeLevel,BATTERY.currentPV [V],BATTERY.currentCapacity [mAh],BATTERY.fullCapacity [mAh],BATTERY.voltage [V],BATTERY.isCellVoltageEstimated,BATTERY.cellVoltage1 [V],BATTERY.cellVoltage2 [V],BATTERY.maxCellVoltageDeviation,BATTERY.isCellVoltageDeviationHigh,BATTERY.isVoltageLow,BATTERY.current [A],BATTERY.temperature [F],BATTERY.minTemperature [F],BATTERY.maxTemperature [F],BATTERY.usefulTime [s],BATTERY.goHomeTime [s],BATTERY.landTime [s],BATTERY.goHomeBattery,BATTERY.landBattery,BATTERY.safeFlyRadius,BATTERY.volumeConsume,BATTERY.status,BATTERY.goHomeStatus,BATTERY.goHomeCountdown,BATTERY.lowWarning,BATTERY.lowWarningGoHome,BATTERY.seriousLowWarning,BATTERY.seriousLowWarningLanding,BATTERY.timesCharged,MC.failSafeAction,MC.isObstacleAvoidanceEnabled,MC.isCollisionAvoidanceEnabled,MC.isRthObstacleAvoidanceEnabled,MC.isBraking,MC.isAvoidingObstacle,MC.isAvoidingActiveObstacle,MC.isAscentLimitedByObstacle,MC.isLandingConfirmationNeeded,MC.atLowAltitudeLimit,MC.atDistanceLimit,MC.atAirportAltitudeLimit,MC.atAirportBoundary,HOME.latitude,HOME.longitude,HOME.distance [ft],HOME.height [ft],HOME.heightLimit [ft],HOME.isHomeRecord,HOME.goHomeMode,HOME.aircraftHeadDirection,HOME.isDynamicHomePointEnabled,HOME.isReachedLimitDistance,HOME.isReachedLimitHeight,HOME.isCompassCalibrating,HOME.compassCalibrationState,HOME.isMultipleFlightModeEnabled,HOME.isBeginnerMode,HOME.isIOCEnabled,HOME.iocMode,HOME.goHomeHeight [ft],HOME.courseLockAngle,HOME.forceLandingHeight [ft],HOME.dataRecorderFileIndex,WEATHER.windDirection,WEATHER.windRelativeDirection,WEATHER.windSpeed [MPH],WEATHER.maxWindSpeed [MPH],WEATHER.windStrength,WEATHER.isFacingWind,WEATHER.isFlyingIntoWind,RECOVER.appType,RECOVER.appVersion,RECOVER.aircraftName,RECOVER.aircraftSerial,RECOVER.cameraSerial,RECOVER.rcSerial,RECOVER.batterySerial,DETAILS.totalTime [s],DETAILS.totalDistance [ft],DETAILS.maxHeight [ft],DETAILS.maxHorizontalSpeed [MPH],DETAILS.maxVerticalSpeed [MPH],DETAILS.photoNum,DETAILS.videoTime [s],DETAILS.aircraftName,DETAILS.aircraftSerial,DETAILS.cameraSerial,DETAILS.rcSerial,DETAILS.batterySerial,DETAILS.appName,DETAILS.appType,DETAILS.appVersion,DETAILS.guid,SERIAL.flightController,SERIAL.camera,SERIAL.gimbal,SERIAL.rc,SERIAL.battery,APPGPS.latitude,APPGPS.longitude,APPGPS.accuracy,APP.tip,APP.warning
1773849540,0m 0.0s,0.0,1.41650000,103.86550000,0.0,0.0,0.0,180.0,0.0,0.000,0.000,0.000,,0.000,,-0.000,,0.20,0.10,45.0,45.0,,Starting Motors,,,18,4,TRUE,,Mini 4 Pro,,,,,,TRUE,TRUE,,,,,,,,,,,,,,,,,,,,,,,,,,,,,,,,,,,,,,,,,,,,,,,,80.0,,,,8.040,,,,,,,1.100,,,,,,,,,,,,,,,,,,,,,,,,,,,,,,,,1.41650000,103.86550000,0.0,,,,,,,,,,,,,,,,,,,,,,,,,,,,Mini 4 Pro,SYNYKJVHNBVEB278D,CAMMN7BWRBQBWLQ7D,RCSRC4QSYBLRVFLED,BATTNUSL7BWB55SRD,,,,,,,,Mini 4 Pro,SYNYKJVHNBVEB278D,,,,DJI Fly,,1.13.5,6B469372-F5AD-5F54-AF7F-FF9D0C53EFE0,,,,,,,,,,
1773849541,0m 1.0s,1.0,1.41650000,103.86550000,0.0,0.0,0.0,180.0,0.0,0.000,0.000,0.000,,0.000,,-0.000,,0.20,0.10,45.0,45.0,,Starting Motors,,,18,4,TRUE,,Mini 4 Pro,,,,,,TRUE,TRUE,,,,,,,,,,,,,,,,,,,,,,,,,,,,,,,,,,,,,,,,,,,,,,,,80.0,,,,8.039,,,,,,,1.100,,,,,,,,,,,,,,,,,,,,,,,,,,,,,,,,1.41650000,103.86550000,0.0,,,,,,,,,,,,,,,,,,,,,,,,,,,,Mini 4 Pro,SYNYKJVHNBVEB278D,CAMMN7BWRBQBWLQ7D,RCSRC4QSYBLRVFLED,BATTNUSL7BWB55SRD,,,,,,,,Mini 4 Pro,SYNYKJVHNBVEB278D,,,,DJI Fly,,1.13.5,6B469372-F5AD-5F54-AF7F-FF9D0C53EFE0,,,,,,,,,,
1773849542,0m 2.0s,2.0,1.41650000,103.86550000,0.0,0.0,0.0,180.0,0.0,0.000,0.000,0.000,,0.000,,-0.000,,0.20,0.10,45.0,45.0,,Starting Motors,,,18,4,TRUE,,Mini 4 Pro,,,,,,TRUE,TRUE,,,,,,,,,,,,,,,,,,,,,,,,,,,,,,,,,,,,,,,,,,,,,,,,79.9,,,,8.039,,,,,,,1.100,,,,,,,,,,,,,,,,,,,,,,,,,,,,,,,,1.41650000,103.86550000,0.0,,,,,,,,,,,,,,,,,,,,,,,,,,,,Mini 4 Pro,SYNYKJVHNBVEB278D,CAMMN7BWRBQBWLQ7D,RCSRC4QSYBLRVFLED,BATTNUSL7BWB55SRD,,,,,,,,Mini 4 Pro,SYNYKJVHNBVEB278D,,,,DJI Fly,,1.13.5,6B469372-F5AD-5F54-AF7F-FF9D0C53EFE0,,,,,,,,,,
1773849543,0m 3.0s,3.0,1.41650000,103.86550000,0.0,0.0,0.0,180.0,0.0,0.000,0.000,0.000,,0.000,,-0.000,,0.20,0.10,45.0,45.0,,Starting Motors,,,18,4,TRUE,,Mini 4 Pro,,,,,,TRUE,TRUE,,,,,,,,,,,,,,,,,,,,,,,,,,,,,,,,,,,,,,,,,,,,,,,,79.9,,,,8.038,,,,,,,1.100,,,,,,,,,,,,,,,,,,,,,,,,,,,,,,,,1.41650000,103.86550000,0.0,,,,,,,,,,,,,,,,,,,,,,,,,,,,Mini 4 Pro,SYNYKJVHNBVEB278D,CAMMN7BWRBQBWLQ7D,RCSRC4QSYBLRVFLED,BATTNUSL7BWB55SRD,,,,,,,,Mini 4 Pro,SYNYKJVHNBVEB278D,,,,DJI Fly,,1.13.5,6B469372-F5AD-5F54-AF7F-FF9D0C53EFE0,,,,,,,,,,
1773849544,0m 4.0s,4.0,1.41650000,103.86550000,0.0,0.0,0.0,180.0,0.0,0.000,0.000,0.000,,0.000,,-0.000,,0.20,0.10,45.0,45.0,,Starting Motors,,,18,4,TRUE,,Mini 4 Pro,,,,,,TRUE,TRUE,,,,,,,,,,,,,,,,,,,,,,,,,,,,,,,,,,,,,,,,,,,,,,,,79.8,,,,8.037,,,,,,,1.100,,,,,,,,,,,,,,,,,,,,,,,,,,,,,,,,1.41650000,103.86550000,0.0,,,,,,,,,,,,,,,,,,,,,,,,,,,,Mini 4 Pro,SYNYKJVHNBVEB278D,CAMMN7BWRBQBWLQ7D,RCSRC4QSYBLRVFLED,BATTNUSL7BWB55SRD,,,,,,,,Mini 4 Pro,SYNYKJVHNBVEB278D,,,,DJI Fly,,1.13.5,6B469372-F5AD-5F54-AF7F-FF9D0C53EFE0,,,,,,,,,,
1773849545,0m 5.0s,5.0,1.41650000,103.86550000,0.0,0.0,0.0,180.0,0.0,0.000,0.000,0.000,,0.000,,-0.000,,0.20,0.10,45.0,45.0,,Starting Motors,,,18,4,TRUE,,Mini 4 Pro,,,,,,TRUE,TRUE,,,,,,,,,,,,,,,,,,,,,,,,,,,,,,,,,,,,,,,,,,,,,,,,79.8,,,,8.037,,,,,,,1.100,,,,,,,,,,,,,,,,,,,,,,,,,,,,,,,,1.41650000,103.86550000,0.0,,,,,,,,,,,,,,,,,,,,,,,,,,,,Mini 4 Pro,SYNYKJVHNBVEB278D,CAMMN7BWRBQBWLQ7D,RCSRC4QSYBLRVFLED,BATTNUSL7BWB55SRD,,,,,,,,Mini 4 Pro,SYNYKJVHNBVEB278D,,,,DJI Fly,,1.13.5,6B469372-F5AD-5F54-AF7F-FF9D0C53EFE0,,,,,,,,,,
1773849546,0m 6.0s,6.0,1.41650000,103.86550000,0.0,0.0,0.0,180.0,0.0,0.000,0.000,0.000,,0.000,,-0.000,,0.20,0.10,45.0,45.0,,Starting Motors,,,18,4,TRUE,,Mini 4 Pro,,,,,,TRUE,TRUE,,,,,,,,,,,,,,,,,,,,,,,,,,,,,,,,,,,,,,,,,,,,,,,,79.8,,,,8.036,,,,,,,1.100,,,,,,,,,,,,,,,,,,,,,,,,,,,,,,,,1.41650000,103.86550000,0.0,,,,,,,,,,,,,,,,,,,,,,,,,,,,Mini 4 Pro,SYNYKJVHNBVEB278D,CAMMN7BWRBQBWLQ7D,RCSRC4QSYBLRVFLED,BATTNUSL7BWB55SRD,,,,,,,,Mini 4 Pro,SYNYKJVHNBVEB278D,,,,DJI Fly,,1.13.5,6B469372-F5AD-5F54-AF7F-FF9D0C53EFE0,,,,,,,,,,
1773849547,0m 7.0s,7.0,1.41650000,103.86550000,0.0,0.0,0.0,180.0,0.0,0.000,0.000,0.000,,0.000,,-0.000,,0.20,0.10,45.0,45.0,,Starting Motors,,,18,4,TRUE,,Mini 4 Pro,,,,,,TRUE,TRUE,,,,,,,,,,,,,,,,,,,,,,,,,,,,,,,,,,,,,,,,,,,,,,,,79.7,,,,8.036,,,,,,,1.100,,,,,,,,,,,,,,,,,,,,,,,,,,,,,,,,1.41650000,103.86550000,0.0,,,,,,,,,,,,,,,,,,,,,,,,,,,,Mini 4 Pro,SYNYKJVHNBVEB278D,CAMMN7BWRBQBWLQ7D,RCSRC4QSYBLRVFLED,BATTNUSL7BWB55SRD,,,,,,,,Mini 4 Pro,SYNYKJVHNBVEB278D,,,,DJI Fly,,1.13.5,6B469372-F5AD-5F54-AF7F-FF9D0C53EFE0,,,,,,,,,,
1773849548,0m 8.0s,8.0,1.41650000,103.86550000,7.9,7.9,7.9,187.9,0.0,0.000,0.000,0.000,,0.000,,-5.369,,9.60,0.00,45.0,45.0,,Auto Takeoff,,,18,4,TRUE,,Mini 4 Pro,,,,,,FALSE,TRUE,,,,,,,,,,,,,,,,,,,,,,,,,,,,,,,,,,,,,,,,,,,,,,,,79.7,,,,8.035,,,,,,,12.268,,,,,,,,,,,,,,,,,,,,,,,,,,,,,,,,1.41650000,103.86550000,0.0,,,,,,,,,,,,,,,,,,,,,,,,,,,,Mini 4 Pro,SYNYKJVHNBVEB278D,CAMMN7BWRBQBWLQ7D,RCSRC4QSYBLRVFLED,BATTNUSL7BWB55SRD,,,,,,,,Mini 4 Pro,SYNYKJVHNBVEB278D,,,,DJI Fly,,1.13.5,6B469372-F5AD-5F54-AF7F-FF9D0C53EFE0,,,,,,,,,,
1773849549,0m 9.0s,9.0,1.41650000,103.86550000,15.7,15.7,15.7,195.7,0.0,0.000,0.000,0.000,,0.000,,-5.369,,9.60,0.00,45.0,45.0,,Auto Takeoff,,,18,4,TRUE,,Mini 4 Pro,,,,,,FALSE,TRUE,,,,,,,,,,,,,,,,,,,,,,,,,,,,,,,,,,,,,,,,,,,,,,,,79.6,,,,8.034,,,,,,,12.268,,,,,,,,,,,,,,,,,,,,,,,,,,,,,,,,1.41650000,103.86550000,0.0,,,,,,,,,,,,,,,,,,,,,,,,,,,,Mini 4 Pro,SYNYKJVHNBVEB278D,CAMMN7BWRBQBWLQ7D,RCSRC4QSYBLRVFLED,BATTNUSL7BWB55SRD,,,,,,,,Mini 4 Pro,SYNYKJVHNBVEB278D,,,,DJI Fly,,1.13.5,6B469372-F5AD-5F54-AF7F-FF9D0C53EFE0,,,,,,,,,,
1773849550,0m 10.0s,10.0,1.41650000,103.86550000,23.6,23.6,23.6,203.6,0.0,0.000,0.000,0.000,,0.000,,-5.369,,9.60,0.00,45.0,45.0,,Auto Takeoff,,,18,4,TRUE,,Mini 4 Pro,,,,,,FALSE,TRUE,,,,,,,,,,,,,,,,,,,,,,,,,,,,,,,,,,,,,,,,,,,,,,,,79.6,,,,8.034,,,,,,,12.268,,,,,,,,,,,,,,,,,,,,,,,,,,,,,,,,1.41650000,103.86550000,0.0,,,,,,,,,,,,,,,,,,,,,,,,,,,,Mini 4 Pro,SYNYKJVHNBVEB278D,CAMMN7BWRBQBWLQ7D,RCSRC4QSYBLRVFLED,BATTNUSL7BWB55SRD,,,,,,,,Mini 4 Pro,SYNYKJVHNBVEB278D,,,,DJI Fly,,1.13.5,6B469372-F5AD-5F54-AF7F-FF9D0C53EFE0,,,,,,,,,,
1773849551,0m 11.0s,11.0,1.41650000,103.86550000,31.5,31.5,30.0,211.5,0.0,0.000,0.000,0.000,,0.000,,-5.369,,9.60,0.00,45.0,45.0,,Auto Takeoff,,,18,4,TRUE,,Mini 4 Pro,,,,,,FALSE,TRUE,,,,,,,,,,,,,,,,,,,,,,,,,,,,,,,,,,,,,,,,,,,,,,,,79.6,,,,8.033,,,,,,,12.268,,,,,,,,,,,,,,,,,,,,,,,,,,,,,,,,1.41650000,103.86550000,0.0,,,,,,,,,,,,,,,,,,,,,,,,,,,,Mini 4 Pro,SYNYKJVHNBVEB278D,CAMMN7BWRBQBWLQ7D,RCSRC4QSYBLRVFLED,BATTNUSL7BWB55SRD,,,,,,,,Mini 4 Pro,SYNYKJVHNBVEB278D,,,,DJI Fly,,1.13.5,6B469372-F5AD-5F54-AF7F-FF9D0C53EFE0,,,,,,,,,,
1773849552,0m 12.0s,12.0,1.41650000,103.86550000,39.4,39.4,30.0,219.4,0.0,0.000,0.000,0.000,,0.000,,-5.369,,9.60,0.00,45.0,45.0,,Auto Takeoff,,,18,4,TRUE,,Mini 4 Pro,,,,,,FALSE,TRUE,,,,,,,,,,,,,,,,,,,,,,,,,,,,,,,,,,,,,,,,,,,,,,,,79.5,,,,8.032,,,,,,,12.268,,,,,,,,,,,,,,,,,,,,,,,,,,,,,,,,1.41650000,103.86550000,0.0,,,,,,,,,,,,,,,,,,,,,,,,,,,,Mini 4 Pro,SYNYKJVHNBVEB278D,CAMMN7BWRBQBWLQ7D,RCSRC4QSYBLRVFLED,BATTNUSL7BWB55SRD,,,,,,,,Mini 4 Pro,SYNYKJVHNBVEB278D,,,,DJI Fly,,1.13.5,6B469372-F5AD-5F54-AF7F-FF9D0C53EFE0,,,,,,,,,,
1773849553,0m 13.0s,13.0,1.41650000,103.86550000,47.2,47.2,30.0,227.2,0.0,0.000,0.000,0.000,,0.000,,-5.369,,9.60,0.00,45.0,45.0,,Auto Takeoff,,,18,4,TRUE,,Mini 4 Pro,,,,,,FALSE,TRUE,,,,,,,,,,,,,,,,,,,,,,,,,,,,,,,,,,,,,,,,,,,,,,,,79.5,,,,8.032,,,,,,,12.268,,,,,,,,,,,,,,,,,,,,,,,,,,,,,,,,1.41650000,103.86550000,0.0,,,,,,,,,,,,,,,,,,,,,,,,,,,,Mini 4 Pro,SYNYKJVHNBVEB278D,CAMMN7BWRBQBWLQ7D,RCSRC4QSYBLRVFLED,BATTNUSL7BWB55SRD,,,,,,,,Mini 4 Pro,SYNYKJVHNBVEB278D,,,,DJI Fly,,1.13.5,6B469372-F5AD-5F54-AF7F-FF9D0C53EFE0,,,,,,,,,,
1773849554,0m 14.0s,14.0,1.41650000,103.86550000,55.1,55.1,30.0,235.1,0.0,0.000,0.000,0.000,,0.000,,-5.369,,9.60,0.00,45.0,45.0,,Auto Takeoff,,,18,4,TRUE,,Mini 4 Pro,,,,,,FALSE,TRUE,,,,,,,,,,,,,,,,,,,,,,,,,,,,,,,,,,,,,,,,,,,,,,,,79.4,,,,8.031,,,,,,,12.268,,,,,,,,,,,,,,,,,,,,,,,,,,,,,,,,1.41650000,103.86550000,0.0,,,,,,,,,,,,,,,,,,,,,,,,,,,,Mini 4 Pro,SYNYKJVHNBVEB278D,CAMMN7BWRBQBWLQ7D,RCSRC4QSYBLRVFLED,BATTNUSL7BWB55SRD,,,,,,,,Mini 4 Pro,SYNYKJVHNBVEB278D,,,,DJI Fly,,1.13.5,6B469372-F5AD-5F54-AF7F-FF9D0C53EFE0,,,,,,,,,,
1773849555,0m 15.0s,15.0,1.41650000,103.86550000,63.0,63.0,30.0,243.0,0.0,0.000,0.000,0.000,,0.000,,-5.369,,9.60,0.00,45.0,45.0,,Auto Takeoff,,,18,4,TRUE,,Mini 4 Pro,,,,,,FALSE,TRUE,,,,,,,,,,,,,,,,,,,,,,,,,,,,,,,,,,,,,,,,,,,,,,,,79.4,,,,8.031,,,,,,,12.268,,,,,,,,,,,,,,,,,,,,,,,,,,,,,,,,1.41650000,103.86550000,0.0,,,,,,,,,,,,,,,,,,,,,,,,,,,,Mini 4 Pro,SYNYKJVHNBVEB278D,CAMMN7BWRBQBWLQ7D,RCSRC4QSYBLRVFLED,BATTNUSL7BWB55SRD,,,,,,,,Mini 4 Pro,SYNYKJVHNBVEB278D,,,,DJI Fly,,1.13.5,6B469372-F5AD-5F54-AF7F-FF9D0C53EFE0,,,,,,,,,,
1773849556,0m 16.0s,16.0,1.41650000,103.86550000,70.9,70.9,30.0,250.9,0.0,0.000,0.000,0.000,,0.000,,-5.369,,9.60,0.00,45.0,45.0,,Auto Takeoff,,,18,4,TRUE,,Mini 4 Pro,,,,,,FALSE,TRUE,,,,,,,,,,,,,,,,,,,,,,,,,,,,,,,,,,,,,,,,,,,,,,,,79.4,,,,8.030,,,,,,,12.268,,,,,,,,,,,,,,,,,,,,,,,,,,,,,,,,1.41650000,103.86550000,0.0,,,,,,,,,,,,,,,,,,,,,,,,,,,,Mini 4 Pro,SYNYKJVHNBVEB278D,CAMMN7BWRBQBWLQ7D,RCSRC4QSYBLRVFLED,BATTNUSL7BWB55SRD,,,,,,,,Mini 4 Pro,SYNYKJVHNBVEB278D,,,,DJI Fly,,1.13.5,6B469372-F5AD-5F54-AF7F-FF9D0C53EFE0,,,,,,,,,,
1773849557,0m 17.0s,17.0,1.41650000,103.86550000,78.7,78.7,30.0,258.7,0.0,0.000,0.000,0.000,,0.000,,-5.369,,9.60,0.00,45.0,45.0,,Auto Takeoff,,,18,4,TRUE,,Mini 4 Pro,,,,,,FALSE,TRUE,,,,,,,,,,,,,,,,,,,,,,,,,,,,,,,,,,,,,,,,,,,,,,,,79.3,,,,8.029,,,,,,,12.268,,,,,,,,,,,,,,,,,,,,,,,,,,,,,,,,1.41650000,103.86550000,0.0,,,,,,,,,,,,,,,,,,,,,,,,,,,,Mini 4 Pro,SYNYKJVHNBVEB278D,CAMMN7BWRBQBWLQ7D,RCSRC4QSYBLRVFLED,BATTNUSL7BWB55SRD,,,,,,,,Mini 4 Pro,SYNYKJVHNBVEB278D,,,,DJI Fly,,1.13.5,6B469372-F5AD-5F54-AF7F-FF9D0C53EFE0,,,,,,,,,,
1773849558,0m 18.0s,18.0,1.41650000,103.86550000,86.6,86.6,30.0,266.6,0.0,0.000,0.000,0.000,,0.000,,-5.369,,9.60,0.00,45.0,45.0,,Auto Takeoff,,,18,4,TRUE,,Mini 4 Pro,,,,,,FALSE,TRUE,,,,,,,,,,,,,,,,,,,,,,,,,,,,,,,,,,,,,,,,,,,,,,,,79.3,,,,8.029,,,,,,,12.268,,,,,,,,,,,,,,,,,,,,,,,,,,,,,,,,1.41650000,103.86550000,0.0,,,,,,,,,,,,,,,,,,,,,,,,,,,,Mini 4 Pro,SYNYKJVHNBVEB278D,CAMMN7BWRBQBWLQ7D,RCSRC4QSYBLRVFLED,BATTNUSL7BWB55SRD,,,,,,,,Mini 4 Pro,SYNYKJVHNBVEB278D,,,,DJI Fly,,1.13.5,6B469372-F5AD-5F54-AF7F-FF9D0C53EFE0,,,,,,,,,,
1773849559,0m 19.0s,19.0,1.41650000,103.86550000,94.5,94.5,30.0,274.5,0.0,0.000,0.000,0.000,,0.000,,-5.369,,9.60,0.00,45.0,45.0,,Auto Takeoff,,,18,4,TRUE,,Mini 4 Pro,,,,,,FALSE,TRUE,,,,,,,,,,,,,,,,,,,,,,,,,,,,,,,,,,,,,,,,,,,,,,,,79.2,,,,8.028,,,,,,,12.268,,,,,,,,,,,,,,,,,,,,,,,,,,,,,,,,1.41650000,103.86550000,0.0,,,,,,,,,,,,,,,,,,,,,,,,,,,,Mini 4 Pro,SYNYKJVHNBVEB278D,CAMMN7BWRBQBWLQ7D,RCSRC4QSYBLRVFLED,BATTNUSL7BWB55SRD,,,,,,,,Mini 4 Pro,SYNYKJVHNBVEB278D,,,,DJI Fly,,1.13.5,6B469372-F5AD-5F54-AF7F-FF9D0C53EFE0,,,,,,,,,,
1773849560,0m 20.0s,20.0,1.41650000,103.86550000,102.4,102.4,30.0,282.4,0.0,0.000,0.000,0.000,,0.000,,-5.369,,9.60,0.00,45.0,45.0,,Auto Takeoff,,,18,4,TRUE,,Mini 4 Pro,,,,,,FALSE,TRUE,,,,,,,,,,,,,,,,,,,,,,,,,,,,,,,,,,,,,,,,,,,,,,,,79.2,,,,8.027,,,,,,,12.268,,,,,,,,,,,,,,,,,,,,,,,,,,,,,,,,1.41650000,103.86550000,0.0,,,,,,,,,,,,,,,,,,,,,,,,,,,,Mini 4 Pro,SYNYKJVHNBVEB278D,CAMMN7BWRBQBWLQ7D,RCSRC4QSYBLRVFLED,BATTNUSL7BWB55SRD,,,,,,,,Mini 4 Pro,SYNYKJVHNBVEB278D,,,,DJI Fly,,1.13.5,6B469372-F5AD-5F54-AF7F-FF9D0C53EFE0,,,,,,,,,,
1773849561,0m 21.0s,21.0,1.41650000,103.86550000,110.2,110.2,30.0,290.2,0.0,0.000,0.000,0.000,,0.000,,-5.369,,9.60,0.00,45.0,45.0,,Auto Takeoff,,,18,4,TRUE,,Mini 4 Pro,,,,,,FALSE,TRUE,,,,,,,,,,,,,,,,,,,,,,,,,,,,,,,,,,,,,,,,,,,,,,,,79.1,,,,8.027,,,,,,,12.268,,,,,,,,,,,,,,,,,,,,,,,,,,,,,,,,1.41650000,103.86550000,0.0,,,,,,,,,,,,,,,,,,,,,,,,,,,,Mini 4 Pro,SYNYKJVHNBVEB278D,CAMMN7BWRBQBWLQ7D,RCSRC4QSYBLRVFLED,BATTNUSL7BWB55SRD,,,,,,,,Mini 4 Pro,SYNYKJVHNBVEB278D,,,,DJI Fly,,1.13.5,6B469372-F5AD-5F54-AF7F-FF9D0C53EFE0,,,,,,,,,,
1773849562,0m 22.0s,22.0,1.41650000,103.86550000,118.1,118.1,30.0,298.1,0.0,0.000,0.000,0.000,,0.000,,-5.369,,9.60,0.00,45.0,45.0,,Auto Takeoff,,,18,4,TRUE,,Mini 4 Pro,,,,,,FALSE,TRUE,,,,,,,,,,,,,,,,,,,,,,,,,,,,,,,,,,,,,,,,,,,,,,,,79.1,,,,8.026,,,,,,,12.268,,,,,,,,,,,,,,,,,,,,,,,,,,,,,,,,1.41650000,103.86550000,0.0,,,,,,,,,,,,,,,,,,,,,,,,,,,,Mini 4 Pro,SYNYKJVHNBVEB278D,CAMMN7BWRBQBWLQ7D,RCSRC4QSYBLRVFLED,BATTNUSL7BWB55SRD,,,,,,,,Mini 4 Pro,SYNYKJVHNBVEB278D,,,,DJI Fly,,1.13.5,6B469372-F5AD-5F54-AF7F-FF9D0C53EFE0,,,,,,,,,,
1773849563,0m 23.0s,23.0,1.41650000,103.86550000,126.0,126.0,30.0,306.0,0.0,0.000,0.000,0.000,,0.000,,-5.369,,9.60,0.00,45.0,45.0,,Auto Takeoff,,,18,4,TRUE,,Mini 4 Pro,,,,,,FALSE,TRUE,,,,,,,,,,,,,,,,,,,,,,,,,,,,,,,,,,,,,,,,,,,,,,,,79.1,,,,8.026,,,,,,,12.268,,,,,,,,,,,,,,,,,,,,,,,,,,,,,,,,1.41650000,103.86550000,0.0,,,,,,,,,,,,,,,,,,,,,,,,,,,,Mini 4 Pro,SYNYKJVHNBVEB278D,CAMMN7BWRBQBWLQ7D,RCSRC4QSYBLRVFLED,BATTNUSL7BWB55SRD,,,,,,,,Mini 4 Pro,SYNYKJVHNBVEB278D,,,,DJI Fly,,1.13.5,6B469372-F5AD-5F54-AF7F-FF9D0C53EFE0,,,,,,,,,,
1773849564,0m 24.0s,24.0,1.41650000,103.86550000,133.9,133.9,30.0,313.9,0.0,0.000,0.000,0.000,,0.000,,-5.369,,9.60,0.00,45.0,45.0,,Auto Takeoff,,,18,4,TRUE,,Mini 4 Pro,,,,,,FALSE,TRUE,,,,,,,,,,,,,,,,,,,,,,,,,,,,,,,,,,,,,,,,,,,,,,,,79.0,,,,8.025,,,,,,,12.268,,,,,,,,,,,,,,,,,,,,,,,,,,,,,,,,1.41650000,103.86550000,0.0,,,,,,,,,,,,,,,,,,,,,,,,,,,,Mini 4 Pro,SYNYKJVHNBVEB278D,CAMMN7BWRBQBWLQ7D,RCSRC4QSYBLRVFLED,BATTNUSL7BWB55SRD,,,,,,,,Mini 4 Pro,SYNYKJVHNBVEB278D,,,,DJI Fly,,1.13.5,6B469372-F5AD-5F54-AF7F-FF9D0C53EFE0,,,,,,,,,,
1773849565,0m 25.0s,25.0,1.41650000,103.86550000,141.7,141.7,30.0,321.7,0.0,0.000,0.000,0.000,,0.000,,-5.369,,9.60,0.00,45.0,45.0,,Auto Takeoff,,,18,4,TRUE,,Mini 4 Pro,,,,,,FALSE,TRUE,,,,,,,,,,,,,,,,,,,,,,,,,,,,,,,,,,,,,,,,,,,,,,,,79.0,,,,8.024,,,,,,,12.268,,,,,,,,,,,,,,,,,,,,,,,,,,,,,,,,1.41650000,103.86550000,0.0,,,,,,,,,,,,,,,,,,,,,,,,,,,,Mini 4 Pro,SYNYKJVHNBVEB278D,CAMMN7BWRBQBWLQ7D,RCSRC4QSYBLRVFLED,BATTNUSL7BWB55SRD,,,,,,,,Mini 4 Pro,SYNYKJVHNBVEB278D,,,,DJI Fly,,1.13.5,6B469372-F5AD-5F54-AF7F-FF9D0C53EFE0,,,,,,,,,,
1773849566,0m 26.0s,26.0,1.41650000,103.86550000,147.6,147.6,30.0,327.6,0.0,0.000,0.000,0.000,,0.000,,-4.026,,7.20,0.00,45.0,45.0,,Auto Takeoff,,,18,4,TRUE,,Mini 4 Pro,,,,,,FALSE,TRUE,,,,,,,,,,,,,,,,,,,,,,,,,,,,,,,,,,,,,,,,,,,,,,,,78.9,,,,8.024,,,,,,,10.348,,,,,,,,,,,,,,,,,,,,,,,,,,,,,,,,1.41650000,103.86550000,0.0,,,,,,,,,,,,,,,,,,,,,,,,,,,,Mini 4 Pro,SYNYKJVHNBVEB278D,CAMMN7BWRBQBWLQ7D,RCSRC4QSYBLRVFLED,BATTNUSL7BWB55SRD,,,,,,,,Mini 4 Pro,SYNYKJVHNBVEB278D,,,,DJI Fly,,1.13.5,6B469372-F5AD-5F54-AF7F-FF9D0C53EFE0,,,,,,,,,,
1773849567,0m 27.0s,27.0,1.41650000,103.86550000,147.6,147.6,30.0,327.6,0.0,0.000,0.000,0.000,,0.000,,-0.000,,0.00,0.00,45.0,45.0,,Auto Takeoff,,,18,4,TRUE,,Mini 4 Pro,,,,,,FALSE,TRUE,,,,,,,,,,,,,,,,,,,,,,,,,,,,,,,,,,,,,,,,,,,,,,,,78.9,,,,8.023,,,,,,,4.588,,,,,,,,,,,,,,,,,,,,,,,,,,,,,,,,1.41650000,103.86550000,0.0,,,,,,,,,,,,,,,,,,,,,,,,,,,,Mini 4 Pro,SYNYKJVHNBVEB278D,CAMMN7BWRBQBWLQ7D,RCSRC4QSYBLRVFLED,BATTNUSL7BWB55SRD,,,,,,,,Mini 4 Pro,SYNYKJVHNBVEB278D,,,,DJI Fly,,1.13.5,6B469372-F5AD-5F54-AF7F-FF9D0C53EFE0,,,,,,,,,,
1773849568,0m 28.0s,28.0,1.41650000,103.86556297,147.6,147.6,30.0,327.6,23.0,15.659,15.659,0.000,,15.659,,-0.000,,2.45,25.00,90.0,90.0,,P-GPS,,,18,4,TRUE,,Mini 4 Pro,,,,,,FALSE,TRUE,,,,,,,,,,,,,,,,,,,,,,,,,,,,,,,,,,,,,,,,,,,,,,,,78.9,,,,8.022,,,,,,,8.438,,,,,,,,,,,,,,,,,,,,,,,,,,,,,,,,1.41650000,103.86550000,23.0,,,,,,,,,,,,,,,,,,,,,,,,,,,,Mini 4 Pro,SYNYKJVHNBVEB278D,CAMMN7BWRBQBWLQ7D,RCSRC4QSYBLRVFLED,BATTNUSL7BWB55SRD,,,,,,,,Mini 4 Pro,SYNYKJVHNBVEB278D,,,,DJI Fly,,1.13.5,6B469372-F5AD-5F54-AF7F-FF9D0C53EFE0,,,,,,,,,,
1773849569,0m 29.0s,29.0,1.41650000,103.86562594,147.6,147.6,30.0,327.6,45.9,15.659,15.659,0.000,,15.659,,-0.000,,2.45,0.00,90.0,90.0,,P-GPS,,,18,4,TRUE,,Mini 4 Pro,,,,,,FALSE,TRUE,,,,,,,,,,,,,,,,,,,,,,,,,,,,,,,,,,,,,,,,,,,,,,,,78.8,,,,8.022,,,,,,,8.438,,,,,,,,,,,,,,,,,,,,,,,,,,,,,,,,1.41650000,103.86550000,45.9,,,,,,,,,,,,,,,,,,,,,,,,,,,,Mini 4 Pro,SYNYKJVHNBVEB278D,CAMMN7BWRBQBWLQ7D,RCSRC4QSYBLRVFLED,BATTNUSL7BWB55SRD,,,,,,,,Mini 4 Pro,SYNYKJVHNBVEB278D,,,,DJI Fly,,1.13.5,6B469372-F5AD-5F54-AF7F-FF9D0C53EFE0,,,,,,,,,,
1773849570,0m 30.0s,30.0,1.41650000,103.86568892,147.6,147.6,30.0,327.6,68.9,15.659,15.659,0.000,,15.659,,-0.000,,2.45,0.00,90.0,90.0,,P-GPS,,,18,4,TRUE,,Mini 4 Pro,,,,,,FALSE,TRUE,,,,,,,,,,,,,,,,,,,,,,,,,,,,,,,,,,,,,,,,,,,,,,,,78.8,,,,8.021,,,,,,,8.438,,,,,,,,,,,,,,,,,,,,,,,,,,,,,,,,1.41650000,103.86550000,68.9,,,,,,,,,,,,,,,,,,,,,,,,,,,,Mini 4 Pro,SYNYKJVHNBVEB278D,CAMMN7BWRBQBWLQ7D,RCSRC4QSYBLRVFLED,BATTNUSL7BWB55SRD,,,,,,,,Mini 4 Pro,SYNYKJVHNBVEB278D,,,,DJI Fly,,1.13.5,6B469372-F5AD-5F54-AF7F-FF9D0C53EFE0,,,,,,,,,,
1773849571,0m 31.0s,31.0,1.41650000,103.86575189,147.6,147.6,30.0,327.6,91.9,15.659,15.659,0.000,,15.659,,-0.000,,2.45,0.00,90.0,90.0,,P-GPS,,,18,4,TRUE,,Mini 4 Pro,,,,,,FALSE,TRUE,,,,,,,,,,,,,,,,,,,,,,,,,,,,,,,,,,,,,,,,,,,,,,,,78.7,,,,8.021,,,,,,,8.438,,,,,,,,,,,,,,,,,,,,,,,,,,,,,,,,1.41650000,103.86550000,91.9,,,,,,,,,,,,,,,,,,,,,,,,,,,,Mini 4 Pro,SYNYKJVHNBVEB278D,CAMMN7BWRBQBWLQ7D,RCSRC4QSYBLRVFLED,BATTNUSL7BWB55SRD,,,,,,,,Mini 4 Pro,SYNYKJVHNBVEB278D,,,,DJI Fly,,1.13.5,6B469372-F5AD-5F54-AF7F-FF9D0C53EFE0,,,,,,,,,,
1773849572,0m 32.0s,32.0,1.41650000,103.86581486,147.6,147.6,30.0,327.6,114.8,15.659,15.659,0.000,,15.659,,-0.000,,2.45,0.00,90.0,90.0,,P-GPS,,,18,4,TRUE,,Mini 4 Pro,,,,,,FALSE,TRUE,,,,,,,,,,,,,,,,,,,,,,,,,,,,,,,,,,,,,,,,,,,,,,,,78.7,,,,8.020,,,,,,,8.438,,,,,,,,,,,,,,,,,,,,,,,,,,,,,,,,1.41650000,103.86550000,114.8,,,,,,,,,,,,,,,,,,,,,,,,,,,,Mini 4 Pro,SYNYKJVHNBVEB278D,CAMMN7BWRBQBWLQ7D,RCSRC4QSYBLRVFLED,BATTNUSL7BWB55SRD,,,,,,,,Mini 4 Pro,SYNYKJVHNBVEB278D,,,,DJI Fly,,1.13.5,6B469372-F5AD-5F54-AF7F-FF9D0C53EFE0,,,,,,,,,,
1773849573,0m 33.0s,33.0,1.41650000,103.86587783,147.6,147.6,30.0,327.6,137.8,15.659,15.659,0.000,,15.659,,-0.000,,2.45,0.00,90.0,90.0,,P-GPS,,,18,4,TRUE,,Mini 4 Pro,,,,,,FALSE,TRUE,,,,,,,,,,,,,,,,,,,,,,,,,,,,,,,,,,,,,,,,,,,,,,,,78.7,,,,8.019,,,,,,,8.438,,,,,,,,,,,,,,,,,,,,,,,,,,,,,,,,1.41650000,103.86550000,137.8,,,,,,,,,,,,,,,,,,,,,,,,,,,,Mini 4 Pro,SYNYKJVHNBVEB278D,CAMMN7BWRBQBWLQ7D,RCSRC4QSYBLRVFLED,BATTNUSL7BWB55SRD,,,,,,,,Mini 4 Pro,SYNYKJVHNBVEB278D,,,,DJI Fly,,1.13.5,6B469372-F5AD-5F54-AF7F-FF9D0C53EFE0,,,,,,,,,,
1773849574,0m 34.0s,34.0,1.41650000,103.86594080,147.6,147.6,30.0,327.6,160.8,15.659,15.659,0.000,,15.659,,-0.000,,2.45,0.00,90.0,90.0,,P-GPS,,,18,4,TRUE,,Mini 4 Pro,,,,,,FALSE,TRUE,,,,,,,,,,,,,,,,,,,,,,,,,,,,,,,,,,,,,,,,,,,,,,,,78.6,,,,8.019,,,,,,,8.438,,,,,,,,,,,,,,,,,,,,,,,,,,,,,,,,1.41650000,103.86550000,160.8,,,,,,,,,,,,,,,,,,,,,,,,,,,,Mini 4 Pro,SYNYKJVHNBVEB278D,CAMMN7BWRBQBWLQ7D,RCSRC4QSYBLRVFLED,BATTNUSL7BWB55SRD,,,,,,,,Mini 4 Pro,SYNYKJVHNBVEB278D,,,,DJI Fly,,1.13.5,6B469372-F5AD-5F54-AF7F-FF9D0C53EFE0,,,,,,,,,,
1773849575,0m 35.0s,35.0,1.41650000,103.86600377,147.6,147.6,30.0,327.6,183.7,15.659,15.659,0.000,,15.659,,-0.000,,2.45,0.00,90.0,90.0,,P-GPS,,,18,4,TRUE,,Mini 4 Pro,,,,,,FALSE,TRUE,,,,,,,,,,,,,,,,,,,,,,,,,,,,,,,,,,,,,,,,,,,,,,,,78.6,,,,8.018,,,,,,,8.438,,,,,,,,,,,,,,,,,,,,,,,,,,,,,,,,1.41650000,103.86550000,183.7,,,,,,,,,,,,,,,,,,,,,,,,,,,,Mini 4 Pro,SYNYKJVHNBVEB278D,CAMMN7BWRBQBWLQ7D,RCSRC4QSYBLRVFLED,BATTNUSL7BWB55SRD,,,,,,,,Mini 4 Pro,SYNYKJVHNBVEB278D,,,,DJI Fly,,1.13.5,6B469372-F5AD-5F54-AF7F-FF9D0C53EFE0,,,,,,,,,,
1773849576,0m 36.0s,36.0,1.41650000,103.86606675,147.6,147.6,30.0,327.6,206.7,15.659,15.659,0.000,,15.659,,-0.000,,2.45,0.00,90.0,90.0,,P-GPS,,,18,4,TRUE,,Mini 4 Pro,,,,,,FALSE,TRUE,,,,,,,,,,,,,,,,,,,,,,,,,,,,,,,,,,,,,,,,,,,,,,,,78.5,,,,8.017,,,,,,,8.438,,,,,,,,,,,,,,,,,,,,,,,,,,,,,,,,1.41650000,103.86550000,206.7,,,,,,,,,,,,,,,,,,,,,,,,,,,,Mini 4 Pro,SYNYKJVHNBVEB278D,CAMMN7BWRBQBWLQ7D,RCSRC4QSYBLRVFLED,BATTNUSL7BWB55SRD,,,,,,,,Mini 4 Pro,SYNYKJVHNBVEB278D,,,,DJI Fly,,1.13.5,6B469372-F5AD-5F54-AF7F-FF9D0C53EFE0,,,,,,,,,,
1773849577,0m 37.0s,37.0,1.41650000,103.86612972,147.6,147.6,30.0,327.6,229.7,15.659,15.659,0.000,,15.659,,-0.000,,2.45,0.00,90.0,90.0,,P-GPS,,,18,4,TRUE,,Mini 4 Pro,,,,,,FALSE,TRUE,,,,,,,,,,,,,,,,,,,,,,,,,,,,,,,,,,,,,,,,,,,,,,,,78.5,,,,8.017,,,,,,,8.438,,,,,,,,,,,,,,,,,,,,,,,,,,,,,,,,1.41650000,103.86550000,229.7,,,,,,,,,,,,,,,,,,,,,,,,,,,,Mini 4 Pro,SYNYKJVHNBVEB278D,CAMMN7BWRBQBWLQ7D,RCSRC4QSYBLRVFLED,BATTNUSL7BWB55SRD,,,,,,,,Mini 4 Pro,SYNYKJVHNBVEB278D,,,,DJI Fly,,1.13.5,6B469372-F5AD-5F54-AF7F-FF9D0C53EFE0,,,,,,,,,,
1773849578,0m 38.0s,38.0,1.41650000,103.86619269,147.6,147.6,30.0,327.6,252.6,15.659,15.659,0.000,,15.659,,-0.000,,2.45,0.00,90.0,90.0,,P-GPS,,,18,4,TRUE,,Mini 4 Pro,,,,,,FALSE,TRUE,,,,,,,,,,,,,,,,,,,,,,,,,,,,,,,,,,,,,,,,,,,,,,,,78.5,,,,8.016,,,,,,,8.438,,,,,,,,,,,,,,,,,,,,,,,,,,,,,,,,1.41650000,103.86550000,252.6,,,,,,,,,,,,,,,,,,,,,,,,,,,,Mini 4 Pro,SYNYKJVHNBVEB278D,CAMMN7BWRBQBWLQ7D,RCSRC4QSYBLRVFLED,BATTNUSL7BWB55SRD,,,,,,,,Mini 4 Pro,SYNYKJVHNBVEB278D,,,,DJI Fly,,1.13.5,6B469372-F5AD-5F54-AF7F-FF9D0C53EFE0,,,,,,,,,,
1773849579,0m 39.0s,39.0,1.41650000,103.86625566,147.6,147.6,30.0,327.6,275.6,15.659,15.659,0.000,,15.659,,-0.000,,2.45,0.00,90.0,90.0,,P-GPS,,,18,4,TRUE,,Mini 4 Pro,,,,,,FALSE,TRUE,,,,,,,,,,,,,,,,,,,,,,,,,,,,,,,,,,,,,,,,,,,,,,,,78.4,,,,8.015,,,,,,,8.438,,,,,,,,,,,,,,,,,,,,,,,,,,,,,,,,1.41650000,103.86550000,275.6,,,,,,,,,,,,,,,,,,,,,,,,,,,,Mini 4 Pro,SYNYKJVHNBVEB278D,CAMMN7BWRBQBWLQ7D,RCSRC4QSYBLRVFLED,BATTNUSL7BWB55SRD,,,,,,,,Mini 4 Pro,SYNYKJVHNBVEB278D,,,,DJI Fly,,1.13.5,6B469372-F5AD-5F54-AF7F-FF9D0C53EFE0,,,,,,,,,,
1773849580,0m 40.0s,40.0,1.41650000,103.86631863,147.6,147.6,30.0,327.6,298.6,15.659,15.659,0.000,,15.659,,-0.000,,2.45,0.00,90.0,90.0,,P-GPS,,,18,4,TRUE,,Mini 4 Pro,,,,,,FALSE,TRUE,,,,,,,,,,,,,,,,,,,,,,,,,,,,,,,,,,,,,,,,,,,,,,,,78.4,,,,8.015,,,,,,,8.438,,,,,,,,,,,,,,,,,,,,,,,,,,,,,,,,1.41650000,103.86550000,298.6,,,,,,,,,,,,,,,,,,,,,,,,,,,,Mini 4 Pro,SYNYKJVHNBVEB278D,CAMMN7BWRBQBWLQ7D,RCSRC4QSYBLRVFLED,BATTNUSL7BWB55SRD,,,,,,,,Mini 4 Pro,SYNYKJVHNBVEB278D,,,,DJI Fly,,1.13.5,6B469372-F5AD-5F54-AF7F-FF9D0C53EFE0,,,,,,,,,,
1773849581,0m 41.0s,41.0,1.41650000,103.86638160,147.6,147.6,30.0,327.6,321.5,15.659,15.659,0.000,,15.659,,-0.000,,2.45,0.00,90.0,90.0,,P-GPS,,,18,4,TRUE,,Mini 4 Pro,,,,,,FALSE,TRUE,,,,,,,,,,,,,,,,,,,,,,,,,,,,,,,,,,,,,,,,,,,,,,,,78.3,,,,8.014,,,,,,,8.438,,,,,,,,,,,,,,,,,,,,,,,,,,,,,,,,1.41650000,103.86550000,321.5,,,,,,,,,,,,,,,,,,,,,,,,,,,,Mini 4 Pro,SYNYKJVHNBVEB278D,CAMMN7BWRBQBWLQ7D,RCSRC4QSYBLRVFLED,BATTNUSL7BWB55SRD,,,,,,,,Mini 4 Pro,SYNYKJVHNBVEB278D,,,,DJI Fly,,1.13.5,6B469372-F5AD-5F54-AF7F-FF9D0C53EFE0,,,,,,,,,,
1773849582,0m 42.0s,42.0,1.41650000,103.86644458,147.6,147.6,30.0,327.6,344.5,15.659,15.659,0.000,,15.659,,-0.000,,2.45,0.00,90.0,90.0,,P-GPS,,,18,4,TRUE,,Mini 4 Pro,,,,,,FALSE,TRUE,,,,,,,,,,,,,,,,,,,,,,,,,,,,,,,,,,,,,,,,,,,,,,,,78.3,,,,8.014,,,,,,,8.438,,,,,,,,,,,,,,,,,,,,,,,,,,,,,,,,1.41650000,103.86550000,344.5,,,,,,,,,,,,,,,,,,,,,,,,,,,,Mini 4 Pro,SYNYKJVHNBVEB278D,CAMMN7BWRBQBWLQ7D,RCSRC4QSYBLRVFLED,BATTNUSL7BWB55SRD,,,,,,,,Mini 4 Pro,SYNYKJVHNBVEB278D,,,,DJI Fly,,1.13.5,6B469372-F5AD-5F54-AF7F-FF9D0C53EFE0,,,,,,,,,,
1773849583,0m 43.0s,43.0,1.41650000,103.86650755,147.6,147.6,30.0,327.6,367.5,15.659,15.659,0.000,,15.659,,-0.000,,2.45,0.00,90.0,90.0,,P-GPS,,,18,4,TRUE,,Mini 4 Pro,,,,,,FALSE,TRUE,,,,,,,,,,,,,,,,,,,,,,,,,,,,,,,,,,,,,,,,,,,,,,,,78.3,,,,8.013,,,,,,,8.438,,,,,,,,,,,,,,,,,,,,,,,,,,,,,,,,1.41650000,103.86550000,367.5,,,,,,,,,,,,,,,,,,,,,,,,,,,,Mini 4 Pro,SYNYKJVHNBVEB278D,CAMMN7BWRBQBWLQ7D,RCSRC4QSYBLRVFLED,BATTNUSL7BWB55SRD,,,,,,,,Mini 4 Pro,SYNYKJVHNBVEB278D,,,,DJI Fly,,1.13.5,6B469372-F5AD-5F54-AF7F-FF9D0C53EFE0,,,,,,,,,,
1773849584,0m 44.0s,44.0,1.41650000,103.86657052,147.6,147.6,30.0,327.6,390.4,15.659,15.659,0.000,,15.659,,-0.000,,2.45,0.00,90.0,90.0,,P-GPS,,,18,4,TRUE,,Mini 4 Pro,,,,,,FALSE,TRUE,,,,,,,,,,,,,,,,,,,,,,,,,,,,,,,,,,,,,,,,,,,,,,,,78.2,,,,8.012,,,,,,,8.438,,,,,,,,,,,,,,,,,,,,,,,,,,,,,,,,1.41650000,103.86550000,390.4,,,,,,,,,,,,,,,,,,,,,,,,,,,,Mini 4 Pro,SYNYKJVHNBVEB278D,CAMMN7BWRBQBWLQ7D,RCSRC4QSYBLRVFLED,BATTNUSL7BWB55SRD,,,,,,,,Mini 4 Pro,SYNYKJVHNBVEB278D,,,,DJI Fly,,1.13.5,6B469372-F5AD-5F54-AF7F-FF9D0C53EFE0,,,,,,,,,,
1773849585,0m 45.0s,45.0,1.41650000,103.86663349,147.6,147.6,30.0,327.6,413.4,15.659,15.659,0.000,,15.659,,-0.000,,2.45,0.00,90.0,90.0,,P-GPS,,,18,4,TRUE,,Mini 4 Pro,,,,,,FALSE,TRUE,,,,,,,,,,,,,,,,,,,,,,,,,,,,,,,,,,,,,,,,,,,,,,,,78.2,,,,8.012,,,,,,,8.438,,,,,,,,,,,,,,,,,,,,,,,,,,,,,,,,1.41650000,103.86550000,413.4,,,,,,,,,,,,,,,,,,,,,,,,,,,,Mini 4 Pro,SYNYKJVHNBVEB278D,CAMMN7BWRBQBWLQ7D,RCSRC4QSYBLRVFLED,BATTNUSL7BWB55SRD,,,,,,,,Mini 4 Pro,SYNYKJVHNBVEB278D,,,,DJI Fly,,1.13.5,6B469372-F5AD-5F54-AF7F-FF9D0C53EFE0,,,,,,,,,,
1773849586,0m 46.0s,46.0,1.41650000,103.86669646,147.6,147.6,30.0,327.6,436.4,15.659,15.659,0.000,,15.659,,-0.000,,2.45,0.00,90.0,90.0,,P-GPS,,,18,4,TRUE,,Mini 4 Pro,,,,,,FALSE,TRUE,,,,,,,,,,,,,,,,,,,,,,,,,,,,,,,,,,,,,,,,,,,,,,,,78.1,,,,8.011,,,,,,,8.438,,,,,,,,,,,,,,,,,,,,,,,,,,,,,,,,1.41650000,103.86550000,436.4,,,,,,,,,,,,,,,,,,,,,,,,,,,,Mini 4 Pro,SYNYKJVHNBVEB278D,CAMMN7BWRBQBWLQ7D,RCSRC4QSYBLRVFLED,BATTNUSL7BWB55SRD,,,,,,,,Mini 4 Pro,SYNYKJVHNBVEB278D,,,,DJI Fly,,1.13.5,6B469372-F5AD-5F54-AF7F-FF9D0C53EFE0,,,,,,,,,,
1773849587,0m 47.0s,47.0,1.41650000,103.86675944,147.6,147.6,30.0,327.6,459.3,15.659,15.659,0.000,,15.659,,-0.000,,2.45,0.00,90.0,90.0,,P-GPS,,,18,4,TRUE,,Mini 4 Pro,,,,,,FALSE,TRUE,,,,,,,,,,,,,,,,,,,,,,,,,,,,,,,,,,,,,,,,,,,,,,,,78.1,,,,8.010,,,,,,,8.438,,,,,,,,,,,,,,,,,,,,,,,,,,,,,,,,1.41650000,103.86550000,459.3,,,,,,,,,,,,,,,,,,,,,,,,,,,,Mini 4 Pro,SYNYKJVHNBVEB278D,CAMMN7BWRBQBWLQ7D,RCSRC4QSYBLRVFLED,BATTNUSL7BWB55SRD,,,,,,,,Mini 4 Pro,SYNYKJVHNBVEB278D,,,,DJI Fly,,1.13.5,6B469372-F5AD-5F54-AF7F-FF9D0C53EFE0,,,,,,,,,,
1773849588,0m 48.0s,48.0,1.41650000,103.86682241,147.6,147.6,30.0,327.6,482.3,15.659,15.659,0.000,,15.659,,-0.000,,2.45,0.00,90.0,90.0,,P-GPS,,,18,4,TRUE,,Mini 4 Pro,,,,,,FALSE,TRUE,,,,,,,,,,,,,,,,,,,,,,,,,,,,,,,,,,,,,,,,,,,,,,,,78.1,,,,8.010,,,,,,,8.438,,,,,,,,,,,,,,,,,,,,,,,,,,,,,,,,1.41650000,103.86550000,482.3,,,,,,,,,,,,,,,,,,,,,,,,,,,,Mini 4 Pro,SYNYKJVHNBVEB278D,CAMMN7BWRBQBWLQ7D,RCSRC4QSYBLRVFLED,BATTNUSL7BWB55SRD,,,,,,,,Mini 4 Pro,SYNYKJVHNBVEB278D,,,,DJI Fly,,1.13.5,6B469372-F5AD-5F54-AF7F-FF9D0C53EFE0,,,,,,,,,,
1773849589,0m 49.0s,49.0,1.41650000,103.86688538,147.6,147.6,30.0,327.6,505.2,15.659,15.659,0.000,,15.659,,-0.000,,2.45,0.00,90.0,90.0,,P-GPS,,,18,4,TRUE,,Mini 4 Pro,,,,,,FALSE,TRUE,,,,,,,,,,,,,,,,,,,,,,,,,,,,,,,,,,,,,,,,,,,,,,,,78.0,,,,8.009,,,,,,,8.438,,,,,,,,,,,,,,,,,,,,,,,,,,,,,,,,1.41650000,103.86550000,505.2,,,,,,,,,,,,,,,,,,,,,,,,,,,,Mini 4 Pro,SYNYKJVHNBVEB278D,CAMMN7BWRBQBWLQ7D,RCSRC4QSYBLRVFLED,BATTNUSL7BWB55SRD,,,,,,,,Mini 4 Pro,SYNYKJVHNBVEB278D,,,,DJI Fly,,1.13.5,6B469372-F5AD-5F54-AF7F-FF9D0C53EFE0,,,,,,,,,,
1773849590,0m 50.0s,50.0,1.41650000,103.86694835,147.6,147.6,30.0,327.6,528.2,15.659,15.659,0.000,,15.659,,-0.000,,2.45,0.00,90.0,90.0,,P-GPS,,,18,4,TRUE,,Mini 4 Pro,,,,,,FALSE,TRUE,,,,,,,,,,,,,,,,,,,,,,,,,,,,,,,,,,,,,,,,,,,,,,,,78.0,,,,8.009,,,,,,,8.438,,,,,,,,,,,,,,,,,,,,,,,,,,,,,,,,1.41650000,103.86550000,528.2,,,,,,,,,,,,,,,,,,,,,,,,,,,,Mini 4 Pro,SYNYKJVHNBVEB278D,CAMMN7BWRBQBWLQ7D,RCSRC4QSYBLRVFLED,BATTNUSL7BWB55SRD,,,,,,,,Mini 4 Pro,SYNYKJVHNBVEB278D,,,,DJI Fly,,1.13.5,6B469372-F5AD-5F54-AF7F-FF9D0C53EFE0,,,,,,,,,,
1773849591,0m 51.0s,51.0,1.41650000,103.86701132,147.6,147.6,30.0,327.6,551.2,15.659,15.659,0.000,,15.659,,-0.000,,2.45,0.00,90.0,90.0,,P-GPS,,,18,4,TRUE,,Mini 4 Pro,,,,,,FALSE,TRUE,,,,,,,,,,,,,,,,,,,,,,,,,,,,,,,,,,,,,,,,,,,,,,,,77.9,,,,8.008,,,,,,,8.438,,,,,,,,,,,,,,,,,,,,,,,,,,,,,,,,1.41650000,103.86550000,551.2,,,,,,,,,,,,,,,,,,,,,,,,,,,,Mini 4 Pro,SYNYKJVHNBVEB278D,CAMMN7BWRBQBWLQ7D,RCSRC4QSYBLRVFLED,BATTNUSL7BWB55SRD,,,,,,,,Mini 4 Pro,SYNYKJVHNBVEB278D,,,,DJI Fly,,1.13.5,6B469372-F5AD-5F54-AF7F-FF9D0C53EFE0,,,,,,,,,,
1773849592,0m 52.0s,52.0,1.41650000,103.86707429,147.6,147.6,30.0,327.6,574.1,15.659,15.659,0.000,,15.659,,-0.000,,2.45,0.00,90.0,90.0,,P-GPS,,,18,4,TRUE,,Mini 4 Pro,,,,,,FALSE,TRUE,,,,,,,,,,,,,,,,,,,,,,,,,,,,,,,,,,,,,,,,,,,,,,,,77.9,,,,8.007,,,,,,,8.438,,,,,,,,,,,,,,,,,,,,,,,,,,,,,,,,1.41650000,103.86550000,574.1,,,,,,,,,,,,,,,,,,,,,,,,,,,,Mini 4 Pro,SYNYKJVHNBVEB278D,CAMMN7BWRBQBWLQ7D,RCSRC4QSYBLRVFLED,BATTNUSL7BWB55SRD,,,,,,,,Mini 4 Pro,SYNYKJVHNBVEB278D,,,,DJI Fly,,1.13.5,6B469372-F5AD-5F54-AF7F-FF9D0C53EFE0,,,,,,,,,,
1773849593,0m 53.0s,53.0,1.41650000,103.86713727,147.6,147.6,30.0,327.6,597.1,15.659,15.659,0.000,,15.659,,-0.000,,2.45,0.00,90.0,90.0,,P-GPS,,,18,4,TRUE,,Mini 4 Pro,,,,,,FALSE,TRUE,,,,,,,,,,,,,,,,,,,,,,,,,,,,,,,,,,,,,,,,,,,,,,,,77.9,,,,8.007,,,,,,,8.438,,,,,,,,,,,,,,,,,,,,,,,,,,,,,,,,1.41650000,103.86550000,597.1,,,,,,,,,,,,,,,,,,,,,,,,,,,,Mini 4 Pro,SYNYKJVHNBVEB278D,CAMMN7BWRBQBWLQ7D,RCSRC4QSYBLRVFLED,BATTNUSL7BWB55SRD,,,,,,,,Mini 4 Pro,SYNYKJVHNBVEB278D,,,,DJI Fly,,1.13.5,6B469372-F5AD-5F54-AF7F-FF9D0C53EFE0,,,,,,,,,,
1773849594,0m 54.0s,54.0,1.41650000,103.86720024,147.6,147.6,30.0,327.6,620.1,15.659,15.659,0.000,,15.659,,-0.000,,2.45,0.00,90.0,90.0,,P-GPS,,,18,4,TRUE,,Mini 4 Pro,,,,,,FALSE,TRUE,,,,,,,,,,,,,,,,,,,,,,,,,,,,,,,,,,,,,,,,,,,,,,,,77.8,,,,8.006,,,,,,,8.438,,,,,,,,,,,,,,,,,,,,,,,,,,,,,,,,1.41650000,103.86550000,620.1,,,,,,,,,,,,,,,,,,,,,,,,,,,,Mini 4 Pro,SYNYKJVHNBVEB278D,CAMMN7BWRBQBWLQ7D,RCSRC4QSYBLRVFLED,BATTNUSL7BWB55SRD,,,,,,,,Mini 4 Pro,SYNYKJVHNBVEB278D,,,,DJI Fly,,1.13.5,6B469372-F5AD-5F54-AF7F-FF9D0C53EFE0,,,,,,,,,,
1773849595,0m 55.0s,55.0,1.41650000,103.86726321,147.6,147.6,30.0,327.6,643.0,15.659,15.659,0.000,,15.659,,-0.000,,2.45,0.00,90.0,90.0,,P-GPS,,,18,4,TRUE,,Mini 4 Pro,,,,,,FALSE,TRUE,,,,,,,,,,,,,,,,,,,,,,,,,,,,,,,,,,,,,,,,,,,,,,,,77.8,,,,8.005,,,,,,,8.438,,,,,,,,,,,,,,,,,,,,,,,,,,,,,,,,1.41650000,103.86550000,643.0,,,,,,,,,,,,,,,,,,,,,,,,,,,,Mini 4 Pro,SYNYKJVHNBVEB278D,CAMMN7BWRBQBWLQ7D,RCSRC4QSYBLRVFLED,BATTNUSL7BWB55SRD,,,,,,,,Mini 4 Pro,SYNYKJVHNBVEB278D,,,,DJI Fly,,1.13.5,6B469372-F5AD-5F54-AF7F-FF9D0C53EFE0,,,,,,,,,,
1773849596,0m 56.0s,56.0,1.41650000,103.86732618,147.6,147.6,30.0,327.6,666.0,15.659,15.659,0.000,,15.659,,-0.000,,2.45,0.00,90.0,90.0,,P-GPS,,,18,4,TRUE,,Mini 4 Pro,,,,,,FALSE,TRUE,,,,,,,,,,,,,,,,,,,,,,,,,,,,,,,,,,,,,,,,,,,,,,,,77.7,,,,8.005,,,,,,,8.438,,,,,,,,,,,,,,,,,,,,,,,,,,,,,,,,1.41650000,103.86550000,666.0,,,,,,,,,,,,,,,,,,,,,,,,,,,,Mini 4 Pro,SYNYKJVHNBVEB278D,CAMMN7BWRBQBWLQ7D,RCSRC4QSYBLRVFLED,BATTNUSL7BWB55SRD,,,,,,,,Mini 4 Pro,SYNYKJVHNBVEB278D,,,,DJI Fly,,1.13.5,6B469372-F5AD-5F54-AF7F-FF9D0C53EFE0,,,,,,,,,,
1773849597,0m 57.0s,57.0,1.41650000,103.86738915,147.6,147.6,30.0,327.6,689.0,15.659,15.659,0.000,,15.659,,-0.000,,2.45,0.00,90.0,90.0,,P-GPS,,,18,4,TRUE,,Mini 4 Pro,,,,,,FALSE,TRUE,,,,,,,,,,,,,,,,,,,,,,,,,,,,,,,,,,,,,,,,,,,,,,,,77.7,,,,8.004,,,,,,,8.438,,,,,,,,,,,,,,,,,,,,,,,,,,,,,,,,1.41650000,103.86550000,689.0,,,,,,,,,,,,,,,,,,,,,,,,,,,,Mini 4 Pro,SYNYKJVHNBVEB278D,CAMMN7BWRBQBWLQ7D,RCSRC4QSYBLRVFLED,BATTNUSL7BWB55SRD,,,,,,,,Mini 4 Pro,SYNYKJVHNBVEB278D,,,,DJI Fly,,1.13.5,6B469372-F5AD-5F54-AF7F-FF9D0C53EFE0,,,,,,,,,,
1773849598,0m 58.0s,58.0,1.41650000,103.86745212,147.6,147.6,30.0,327.6,711.9,15.659,15.659,0.000,,15.659,,-0.000,,2.45,0.00,90.0,90.0,,P-GPS,,,18,4,TRUE,,Mini 4 Pro,,,,,,FALSE,TRUE,,,,,,,,,,,,,,,,,,,,,,,,,,,,,,,,,,,,,,,,,,,,,,,,77.6,,,,8.004,,,,,,,8.438,,,,,,,,,,,,,,,,,,,,,,,,,,,,,,,,1.41650000,103.86550000,711.9,,,,,,,,,,,,,,,,,,,,,,,,,,,,Mini 4 Pro,SYNYKJVHNBVEB278D,CAMMN7BWRBQBWLQ7D,RCSRC4QSYBLRVFLED,BATTNUSL7BWB55SRD,,,,,,,,Mini 4 Pro,SYNYKJVHNBVEB278D,,,,DJI Fly,,1.13.5,6B469372-F5AD-5F54-AF7F-FF9D0C53EFE0,,,,,,,,,,
1773849599,0m 59.0s,59.0,1.41650000,103.86751510,147.6,147.6,30.0,327.6,734.9,15.659,15.659,0.000,,15.659,,-0.000,,2.45,0.00,90.0,90.0,,P-GPS,,,18,4,TRUE,,Mini 4 Pro,,,,,,FALSE,TRUE,,,,,,,,,,,,,,,,,,,,,,,,,,,,,,,,,,,,,,,,,,,,,,,,77.6,,,,8.003,,,,,,,8.438,,,,,,,,,,,,,,,,,,,,,,,,,,,,,,,,1.41650000,103.86550000,734.9,,,,,,,,,,,,,,,,,,,,,,,,,,,,Mini 4 Pro,SYNYKJVHNBVEB278D,CAMMN7BWRBQBWLQ7D,RCSRC4QSYBLRVFLED,BATTNUSL7BWB55SRD,,,,,,,,Mini 4 Pro,SYNYKJVHNBVEB278D,,,,DJI Fly,,1.13.5,6B469372-F5AD-5F54-AF7F-FF9D0C53EFE0,,,,,,,,,,
1773849600,1m 0.0s,60.0,1.41650000,103.86757807,147.6,147.6,30.0,327.6,757.9,15.659,15.659,0.000,,15.659,,-0.000,,2.45,0.00,90.0,90.0,,P-GPS,,,18,4,TRUE,,Mini 4 Pro,,,,,,FALSE,TRUE,,,,,,,,,,,,,,,,,,,,,,,,,,,,,,,,,,,,,,,,,,,,,,,,77.6,,,,8.002,,,,,,,8.438,,,,,,,,,,,,,,,,,,,,,,,,,,,,,,,,1.41650000,103.86550000,757.9,,,,,,,,,,,,,,,,,,,,,,,,,,,,Mini 4 Pro,SYNYKJVHNBVEB278D,CAMMN7BWRBQBWLQ7D,RCSRC4QSYBLRVFLED,BATTNUSL7BWB55SRD,,,,,,,,Mini 4 Pro,SYNYKJVHNBVEB278D,,,,DJI Fly,,1.13.5,6B469372-F5AD-5F54-AF7F-FF9D0C53EFE0,,,,,,,,,,
1773849601,1m 1.0s,61.0,1.41650000,103.86764104,147.6,147.6,30.0,327.6,780.8,15.659,15.659,0.000,,15.659,,-0.000,,2.45,0.00,90.0,90.0,,P-GPS,,,18,4,TRUE,,Mini 4 Pro,,,,,,FALSE,TRUE,,,,,,,,,,,,,,,,,,,,,,,,,,,,,,,,,,,,,,,,,,,,,,,,77.5,,,,8.002,,,,,,,8.438,,,,,,,,,,,,,,,,,,,,,,,,,,,,,,,,1.41650000,103.86550000,780.8,,,,,,,,,,,,,,,,,,,,,,,,,,,,Mini 4 Pro,SYNYKJVHNBVEB278D,CAMMN7BWRBQBWLQ7D,RCSRC4QSYBLRVFLED,BATTNUSL7BWB55SRD,,,,,,,,Mini 4 Pro,SYNYKJVHNBVEB278D,,,,DJI Fly,,1.13.5,6B469372-F5AD-5F54-AF7F-FF9D0C53EFE0,,,,,,,,,,
1773849602,1m 2.0s,62.0,1.41650000,103.86770401,147.6,147.6,30.0,327.6,803.8,15.659,15.659,0.000,,15.659,,-0.000,,2.45,0.00,90.0,90.0,,P-GPS,,,18,4,TRUE,,Mini 4 Pro,,,,,,FALSE,TRUE,,,,,,,,,,,,,,,,,,,,,,,,,,,,,,,,,,,,,,,,,,,,,,,,77.5,,,,8.001,,,,,,,8.438,,,,,,,,,,,,,,,,,,,,,,,,,,,,,,,,1.41650000,103.86550000,803.8,,,,,,,,,,,,,,,,,,,,,,,,,,,,Mini 4 Pro,SYNYKJVHNBVEB278D,CAMMN7BWRBQBWLQ7D,RCSRC4QSYBLRVFLED,BATTNUSL7BWB55SRD,,,,,,,,Mini 4 Pro,SYNYKJVHNBVEB278D,,,,DJI Fly,,1.13.5,6B469372-F5AD-5F54-AF7F-FF9D0C53EFE0,,,,,,,,,,
1773849603,1m 3.0s,63.0,1.41650000,103.86776698,147.6,147.6,30.0,327.6,826.8,15.659,15.659,0.000,,15.659,,-0.000,,2.45,0.00,90.0,90.0,,P-GPS,,,18,4,TRUE,,Mini 4 Pro,,,,,,FALSE,TRUE,,,,,,,,,,,,,,,,,,,,,,,,,,,,,,,,,,,,,,,,,,,,,,,,77.4,,,,8.000,,,,,,,8.438,,,,,,,,,,,,,,,,,,,,,,,,,,,,,,,,1.41650000,103.86550000,826.8,,,,,,,,,,,,,,,,,,,,,,,,,,,,Mini 4 Pro,SYNYKJVHNBVEB278D,CAMMN7BWRBQBWLQ7D,RCSRC4QSYBLRVFLED,BATTNUSL7BWB55SRD,,,,,,,,Mini 4 Pro,SYNYKJVHNBVEB278D,,,,DJI Fly,,1.13.5,6B469372-F5AD-5F54-AF7F-FF9D0C53EFE0,,,,,,,,,,
1773849604,1m 4.0s,64.0,1.41650000,103.86782995,147.6,147.6,30.0,327.6,849.7,15.659,15.659,0.000,,15.659,,-0.000,,2.45,0.00,90.0,90.0,,P-GPS,,,18,4,TRUE,,Mini 4 Pro,,,,,,FALSE,TRUE,,,,,,,,,,,,,,,,,,,,,,,,,,,,,,,,,,,,,,,,,,,,,,,,77.4,,,,8.000,,,,,,,8.438,,,,,,,,,,,,,,,,,,,,,,,,,,,,,,,,1.41650000,103.86550000,849.7,,,,,,,,,,,,,,,,,,,,,,,,,,,,Mini 4 Pro,SYNYKJVHNBVEB278D,CAMMN7BWRBQBWLQ7D,RCSRC4QSYBLRVFLED,BATTNUSL7BWB55SRD,,,,,,,,Mini 4 Pro,SYNYKJVHNBVEB278D,,,,DJI Fly,,1.13.5,6B469372-F5AD-5F54-AF7F-FF9D0C53EFE0,,,,,,,,,,
1773849605,1m 5.0s,65.0,1.41650000,103.86783895,147.6,147.6,30.0,327.6,853.0,2.237,15.659,0.000,,2.237,,-0.000,,0.35,0.00,90.0,90.0,,P-GPS,,,18,4,TRUE,,Mini 4 Pro,,,,,,FALSE,TRUE,,,,,,,,,,,,,,,,,,,,,,,,,,,,,,,,,,,,,,,,,,,,,,,,77.4,,,,7.999,,,,,,,5.138,,,,,,,,,,,,,,,,,,,,,,,,,,,,,,,,1.41650000,103.86550000,853.0,,,,,,,,,,,,,,,,,,,,,,,,,,,,Mini 4 Pro,SYNYKJVHNBVEB278D,CAMMN7BWRBQBWLQ7D,RCSRC4QSYBLRVFLED,BATTNUSL7BWB55SRD,,,,,,,,Mini 4 Pro,SYNYKJVHNBVEB278D,,,,DJI Fly,,1.13.5,6B469372-F5AD-5F54-AF7F-FF9D0C53EFE0,,,,,,,,,,
1773849606,1m 6.0s,66.0,1.41650000,103.86783895,147.6,147.6,30.0,327.6,853.0,0.000,15.659,0.000,,0.000,,-0.000,,0.00,0.00,90.0,90.0,,P-GPS,,,18,4,TRUE,,Mini 4 Pro,,,,,,FALSE,TRUE,,,,,,,,,,,,,,,,,,,,,,,,,,,,,,,,,,,,,,,,,,,,,,,,77.3,,,,7.999,,,,,,,4.588,,,,,,,,,,,,,,,,,,,,,,,,,,,,,,,,1.41650000,103.86550000,853.0,,,,,,,,,,,,,,,,,,,,,,,,,,,,Mini 4 Pro,SYNYKJVHNBVEB278D,CAMMN7BWRBQBWLQ7D,RCSRC4QSYBLRVFLED,BATTNUSL7BWB55SRD,,,,,,,,Mini 4 Pro,SYNYKJVHNBVEB278D,,,,DJI Fly,,1.13.5,6B469372-F5AD-5F54-AF7F-FF9D0C53EFE0,,,,,,,,,,
1773849607,1m 7.0s,67.0,1.41650000,103.86783895,147.6,147.6,30.0,327.6,853.0,0.000,15.659,0.000,,0.000,,-0.000,,0.00,0.00,90.0,90.0,,P-GPS,,,18,4,TRUE,,Mini 4 Pro,,,,,,FALSE,TRUE,,,,,,,,,,,,,,,,,,,,,,,,,,,,,,,,,,,,,,,,,,,,,,,,77.3,,,,7.998,,,,,,,4.588,,,,,,,,,,,,,,,,,,,,,,,,,,,,,,,,1.41650000,103.86550000,853.0,,,,,,,,,,,,,,,,,,,,,,,,,,,,Mini 4 Pro,SYNYKJVHNBVEB278D,CAMMN7BWRBQBWLQ7D,RCSRC4QSYBLRVFLED,BATTNUSL7BWB55SRD,,,,,,,,Mini 4 Pro,SYNYKJVHNBVEB278D,,,,DJI Fly,,1.13.5,6B469372-F5AD-5F54-AF7F-FF9D0C53EFE0,,,,,,,,,,
1773849608,1m 8.0s,68.0,1.41656295,103.86783895,147.6,147.6,30.0,327.6,876.0,15.659,15.659,15.659,,0.000,,-0.000,,2.45,-25.00,0.0,0.0,,P-GPS,,,18,4,TRUE,,Mini 4 Pro,,,,,,FALSE,TRUE,,,,,,,,,,,,,,,,,,,,,,,,,,,,,,,,,,,,,,,,,,,,,,,,77.2,,,,7.997,,,,,,,8.438,,,,,,,,,,,,,,,,,,,,,,,,,,,,,,,,1.41650000,103.86550000,853.3,,,,,,,,,,,,,,,,,,,,,,,,,,,,Mini 4 Pro,SYNYKJVHNBVEB278D,CAMMN7BWRBQBWLQ7D,RCSRC4QSYBLRVFLED,BATTNUSL7BWB55SRD,,,,,,,,Mini 4 Pro,SYNYKJVHNBVEB278D,,,,DJI Fly,,1.13.5,6B469372-F5AD-5F54-AF7F-FF9D0C53EFE0,,,,,,,,,,
1773849609,1m 9.0s,69.0,1.41662591,103.86783895,147.6,147.6,30.0,327.6,899.0,15.659,15.659,15.659,,0.000,,-0.000,,2.45,0.00,0.0,0.0,,P-GPS,,,18,4,TRUE,,Mini 4 Pro,,,,,,FALSE,TRUE,,,,,,,,,,,,,,,,,,,,,,,,,,,,,,,,,,,,,,,,,,,,,,,,77.2,,,,7.997,,,,,,,8.438,,,,,,,,,,,,,,,,,,,,,,,,,,,,,,,,1.41650000,103.86550000,854.3,,,,,,,,,,,,,,,,,,,,,,,,,,,,Mini 4 Pro,SYNYKJVHNBVEB278D,CAMMN7BWRBQBWLQ7D,RCSRC4QSYBLRVFLED,BATTNUSL7BWB55SRD,,,,,,,,Mini 4 Pro,SYNYKJVHNBVEB278D,,,,DJI Fly,,1.13.5,6B469372-F5AD-5F54-AF7F-FF9D0C53EFE0,,,,,,,,,,
1773849610,1m 10.0s,70.0,1.41668886,103.86783895,147.6,147.6,30.0,327.6,921.9,15.659,15.659,15.659,,0.000,,-0.000,,2.45,0.00,0.0,0.0,,P-GPS,,,18,4,TRUE,,Mini 4 Pro,,,,,,FALSE,TRUE,,,,,,,,,,,,,,,,,,,,,,,,,,,,,,,,,,,,,,,,,,,,,,,,77.2,,,,7.996,,,,,,,8.438,,,,,,,,,,,,,,,,,,,,,,,,,,,,,,,,1.41650000,103.86550000,855.8,,,,,,,,,,,,,,,,,,,,,,,,,,,,Mini 4 Pro,SYNYKJVHNBVEB278D,CAMMN7BWRBQBWLQ7D,RCSRC4QSYBLRVFLED,BATTNUSL7BWB55SRD,,,,,,,,Mini 4 Pro,SYNYKJVHNBVEB278D,,,,DJI Fly,,1.13.5,6B469372-F5AD-5F54-AF7F-FF9D0C53EFE0,,,,,,,,,,
1773849611,1m 11.0s,71.0,1.41675181,103.86783895,147.6,147.6,30.0,327.6,944.9,15.659,15.659,15.659,,0.000,,-0.000,,2.45,0.00,0.0,0.0,,P-GPS,,,18,4,TRUE,,Mini 4 Pro,,,,,,FALSE,TRUE,,,,,,,,,,,,,,,,,,,,,,,,,,,,,,,,,,,,,,,,,,,,,,,,77.1,,,,7.995,,,,,,,8.438,,,,,,,,,,,,,,,,,,,,,,,,,,,,,,,,1.41650000,103.86550000,858.0,,,,,,,,,,,,,,,,,,,,,,,,,,,,Mini 4 Pro,SYNYKJVHNBVEB278D,CAMMN7BWRBQBWLQ7D,RCSRC4QSYBLRVFLED,BATTNUSL7BWB55SRD,,,,,,,,Mini 4 Pro,SYNYKJVHNBVEB278D,,,,DJI Fly,,1.13.5,6B469372-F5AD-5F54-AF7F-FF9D0C53EFE0,,,,,,,,,,
1773849612,1m 12.0s,72.0,1.41681476,103.86783895,147.6,147.6,30.0,327.6,967.8,15.659,15.659,15.659,,0.000,,-0.000,,2.45,0.00,0.0,0.0,,P-GPS,,,18,4,TRUE,,Mini 4 Pro,,,,,,FALSE,TRUE,,,,,,,,,,,,,,,,,,,,,,,,,,,,,,,,,,,,,,,,,,,,,,,,77.1,,,,7.995,,,,,,,8.438,,,,,,,,,,,,,,,,,,,,,,,,,,,,,,,,1.41650000,103.86550000,860.7,,,,,,,,,,,,,,,,,,,,,,,,,,,,Mini 4 Pro,SYNYKJVHNBVEB278D,CAMMN7BWRBQBWLQ7D,RCSRC4QSYBLRVFLED,BATTNUSL7BWB55SRD,,,,,,,,Mini 4 Pro,SYNYKJVHNBVEB278D,,,,DJI Fly,,1.13.5,6B469372-F5AD-5F54-AF7F-FF9D0C53EFE0,,,,,,,,,,
1773849613,1m 13.0s,73.0,1.41687772,103.86783895,147.6,147.6,30.0,327.6,990.8,15.659,15.659,15.659,,0.000,,-0.000,,2.45,0.00,0.0,0.0,,P-GPS,,,18,4,TRUE,,Mini 4 Pro,,,,,,FALSE,TRUE,,,,,,,,,,,,,,,,,,,,,,,,,,,,,,,,,,,,,,,,,,,,,,,,77.0,,,,7.994,,,,,,,8.438,,,,,,,,,,,,,,,,,,,,,,,,,,,,,,,,1.41650000,103.86550000,864.1,,,,,,,,,,,,,,,,,,,,,,,,,,,,Mini 4 Pro,SYNYKJVHNBVEB278D,CAMMN7BWRBQBWLQ7D,RCSRC4QSYBLRVFLED,BATTNUSL7BWB55SRD,,,,,,,,Mini 4 Pro,SYNYKJVHNBVEB278D,,,,DJI Fly,,1.13.5,6B469372-F5AD-5F54-AF7F-FF9D0C53EFE0,,,,,,,,,,
1773849614,1m 14.0s,74.0,1.41694067,103.86783895,147.6,147.6,30.0,327.6,1013.8,15.659,15.659,15.659,,0.000,,-0.000,,2.45,0.00,0.0,0.0,,P-GPS,,,18,4,TRUE,,Mini 4 Pro,,,,,,FALSE,TRUE,,,,,,,,,,,,,,,,,,,,,,,,,,,,,,,,,,,,,,,,,,,,,,,,77.0,,,,7.993,,,,,,,8.438,,,,,,,,,,,,,,,,,,,,,,,,,,,,,,,,1.41650000,103.86550000,868.0,,,,,,,,,,,,,,,,,,,,,,,,,,,,Mini 4 Pro,SYNYKJVHNBVEB278D,CAMMN7BWRBQBWLQ7D,RCSRC4QSYBLRVFLED,BATTNUSL7BWB55SRD,,,,,,,,Mini 4 Pro,SYNYKJVHNBVEB278D,,,,DJI Fly,,1.13.5,6B469372-F5AD-5F54-AF7F-FF9D0C53EFE0,,,,,,,,,,
1773849615,1m 15.0s,75.0,1.41700362,103.86783895,147.6,147.6,30.0,327.6,1036.7,15.659,15.659,15.659,,0.000,,-0.000,,2.45,0.00,0.0,0.0,,P-GPS,,,18,4,TRUE,,Mini 4 Pro,,,,,,FALSE,TRUE,,,,,,,,,,,,,,,,,,,,,,,,,,,,,,,,,,,,,,,,,,,,,,,,77.0,,,,7.993,,,,,,,8.438,,,,,,,,,,,,,,,,,,,,,,,,,,,,,,,,1.41650000,103.86550000,872.6,,,,,,,,,,,,,,,,,,,,,,,,,,,,Mini 4 Pro,SYNYKJVHNBVEB278D,CAMMN7BWRBQBWLQ7D,RCSRC4QSYBLRVFLED,BATTNUSL7BWB55SRD,,,,,,,,Mini 4 Pro,SYNYKJVHNBVEB278D,,,,DJI Fly,,1.13.5,6B469372-F5AD-5F54-AF7F-FF9D0C53EFE0,,,,,,,,,,
1773849616,1m 16.0s,76.0,1.41706657,103.86783895,147.6,147.6,30.0,327.6,1059.7,15.659,15.659,15.659,,0.000,,-0.000,,2.45,0.00,0.0,0.0,,P-GPS,,,18,4,TRUE,,Mini 4 Pro,,,,,,FALSE,TRUE,,,,,,,,,,,,,,,,,,,,,,,,,,,,,,,,,,,,,,,,,,,,,,,,76.9,,,,7.992,,,,,,,8.438,,,,,,,,,,,,,,,,,,,,,,,,,,,,,,,,1.41650000,103.86550000,877.7,,,,,,,,,,,,,,,,,,,,,,,,,,,,Mini 4 Pro,SYNYKJVHNBVEB278D,CAMMN7BWRBQBWLQ7D,RCSRC4QSYBLRVFLED,BATTNUSL7BWB55SRD,,,,,,,,Mini 4 Pro,SYNYKJVHNBVEB278D,,,,DJI Fly,,1.13.5,6B469372-F5AD-5F54-AF7F-FF9D0C53EFE0,,,,,,,,,,
1773849617,1m 17.0s,77.0,1.41712953,103.86783895,147.6,147.6,30.0,327.6,1082.7,15.659,15.659,15.659,,0.000,,-0.000,,2.45,0.00,0.0,0.0,,P-GPS,,,18,4,TRUE,,Mini 4 Pro,,,,,,FALSE,TRUE,,,,,,,,,,,,,,,,,,,,,,,,,,,,,,,,,,,,,,,,,,,,,,,,76.9,,,,7.992,,,,,,,8.438,,,,,,,,,,,,,,,,,,,,,,,,,,,,,,,,1.41650000,103.86550000,883.4,,,,,,,,,,,,,,,,,,,,,,,,,,,,Mini 4 Pro,SYNYKJVHNBVEB278D,CAMMN7BWRBQBWLQ7D,RCSRC4QSYBLRVFLED,BATTNUSL7BWB55SRD,,,,,,,,Mini 4 Pro,SYNYKJVHNBVEB278D,,,,DJI Fly,,1.13.5,6B469372-F5AD-5F54-AF7F-FF9D0C53EFE0,,,,,,,,,,
1773849618,1m 18.0s,78.0,1.41719248,103.86783895,147.6,147.6,30.0,327.6,1105.6,15.659,15.659,15.659,,0.000,,-0.000,,2.45,0.00,0.0,0.0,,P-GPS,,,18,4,TRUE,,Mini 4 Pro,,,,,,FALSE,TRUE,,,,,,,,,,,,,,,,,,,,,,,,,,,,,,,,,,,,,,,,,,,,,,,,76.8,,,,7.991,,,,,,,8.438,,,,,,,,,,,,,,,,,,,,,,,,,,,,,,,,1.41650000,103.86550000,889.6,,,,,,,,,,,,,,,,,,,,,,,,,,,,Mini 4 Pro,SYNYKJVHNBVEB278D,CAMMN7BWRBQBWLQ7D,RCSRC4QSYBLRVFLED,BATTNUSL7BWB55SRD,,,,,,,,Mini 4 Pro,SYNYKJVHNBVEB278D,,,,DJI Fly,,1.13.5,6B469372-F5AD-5F54-AF7F-FF9D0C53EFE0,,,,,,,,,,
1773849619,1m 19.0s,79.0,1.41725543,103.86783895,147.6,147.6,30.0,327.6,1128.6,15.659,15.659,15.659,,0.000,,-0.000,,2.45,0.00,0.0,0.0,,P-GPS,,,18,4,TRUE,,Mini 4 Pro,,,,,,FALSE,TRUE,,,,,,,,,,,,,,,,,,,,,,,,,,,,,,,,,,,,,,,,,,,,,,,,76.8,,,,7.990,,,,,,,8.438,,,,,,,,,,,,,,,,,,,,,,,,,,,,,,,,1.41650000,103.86550000,896.4,,,,,,,,,,,,,,,,,,,,,,,,,,,,Mini 4 Pro,SYNYKJVHNBVEB278D,CAMMN7BWRBQBWLQ7D,RCSRC4QSYBLRVFLED,BATTNUSL7BWB55SRD,,,,,,,,Mini 4 Pro,SYNYKJVHNBVEB278D,,,,DJI Fly,,1.13.5,6B469372-F5AD-5F54-AF7F-FF9D0C53EFE0,,,,,,,,,,
1773849620,1m 20.0s,80.0,1.41731838,103.86783895,147.6,147.6,30.0,327.6,1151.6,15.659,15.659,15.659,,0.000,,-0.000,,2.45,0.00,0.0,0.0,,P-GPS,,,18,4,TRUE,,Mini 4 Pro,,,,,,FALSE,TRUE,,,,,,,,,,,,,,,,,,,,,,,,,,,,,,,,,,,,,,,,,,,,,,,,76.8,,,,7.990,,,,,,,8.438,,,,,,,,,,,,,,,,,,,,,,,,,,,,,,,,1.41650000,103.86550000,903.8,,,,,,,,,,,,,,,,,,,,,,,,,,,,Mini 4 Pro,SYNYKJVHNBVEB278D,CAMMN7BWRBQBWLQ7D,RCSRC4QSYBLRVFLED,BATTNUSL7BWB55SRD,,,,,,,,Mini 4 Pro,SYNYKJVHNBVEB278D,,,,DJI Fly,,1.13.5,6B469372-F5AD-5F54-AF7F-FF9D0C53EFE0,,,,,,,,,,
1773849621,1m 21.0s,81.0,1.41738134,103.86783895,147.6,147.6,30.0,327.6,1174.5,15.659,15.659,15.659,,0.000,,-0.000,,2.45,0.00,0.0,0.0,,P-GPS,,,18,4,TRUE,,Mini 4 Pro,,,,,,FALSE,TRUE,,,,,,,,,,,,,,,,,,,,,,,,,,,,,,,,,,,,,,,,,,,,,,,,76.7,,,,7.989,,,,,,,8.438,,,,,,,,,,,,,,,,,,,,,,,,,,,,,,,,1.41650000,103.86550000,911.6,,,,,,,,,,,,,,,,,,,,,,,,,,,,Mini 4 Pro,SYNYKJVHNBVEB278D,CAMMN7BWRBQBWLQ7D,RCSRC4QSYBLRVFLED,BATTNUSL7BWB55SRD,,,,,,,,Mini 4 Pro,SYNYKJVHNBVEB278D,,,,DJI Fly,,1.13.5,6B469372-F5AD-5F54-AF7F-FF9D0C53EFE0,,,,,,,,,,
1773849622,1m 22.0s,82.0,1.41744429,103.86783895,147.6,147.6,30.0,327.6,1197.5,15.659,15.659,15.659,,0.000,,-0.000,,2.45,0.00,0.0,0.0,,P-GPS,,,18,4,TRUE,,Mini 4 Pro,,,,,,FALSE,TRUE,,,,,,,,,,,,,,,,,,,,,,,,,,,,,,,,,,,,,,,,,,,,,,,,76.7,,,,7.988,,,,,,,8.438,,,,,,,,,,,,,,,,,,,,,,,,,,,,,,,,1.41650000,103.86550000,920.0,,,,,,,,,,,,,,,,,,,,,,,,,,,,Mini 4 Pro,SYNYKJVHNBVEB278D,CAMMN7BWRBQBWLQ7D,RCSRC4QSYBLRVFLED,BATTNUSL7BWB55SRD,,,,,,,,Mini 4 Pro,SYNYKJVHNBVEB278D,,,,DJI Fly,,1.13.5,6B469372-F5AD-5F54-AF7F-FF9D0C53EFE0,,,,,,,,,,
1773849623,1m 23.0s,83.0,1.41750724,103.86783895,147.6,147.6,30.0,327.6,1220.5,15.659,15.659,15.659,,0.000,,-0.000,,2.45,0.00,0.0,0.0,,P-GPS,,,18,4,TRUE,,Mini 4 Pro,,,,,,FALSE,TRUE,,,,,,,,,,,,,,,,,,,,,,,,,,,,,,,,,,,,,,,,,,,,,,,,76.6,,,,7.988,,,,,,,8.438,,,,,,,,,,,,,,,,,,,,,,,,,,,,,,,,1.41650000,103.86550000,928.8,,,,,,,,,,,,,,,,,,,,,,,,,,,,Mini 4 Pro,SYNYKJVHNBVEB278D,CAMMN7BWRBQBWLQ7D,RCSRC4QSYBLRVFLED,BATTNUSL7BWB55SRD,,,,,,,,Mini 4 Pro,SYNYKJVHNBVEB278D,,,,DJI Fly,,1.13.5,6B469372-F5AD-5F54-AF7F-FF9D0C53EFE0,,,,,,,,,,
1773849624,1m 24.0s,84.0,1.41757019,103.86783895,147.6,147.6,30.0,327.6,1243.4,15.659,15.659,15.659,,0.000,,-0.000,,2.45,0.00,0.0,0.0,,P-GPS,,,18,4,TRUE,,Mini 4 Pro,,,,,,FALSE,TRUE,,,,,,,,,,,,,,,,,,,,,,,,,,,,,,,,,,,,,,,,,,,,,,,,76.6,,,,7.987,,,,,,,8.438,,,,,,,,,,,,,,,,,,,,,,,,,,,,,,,,1.41650000,103.86550000,938.1,,,,,,,,,,,,,,,,,,,,,,,,,,,,Mini 4 Pro,SYNYKJVHNBVEB278D,CAMMN7BWRBQBWLQ7D,RCSRC4QSYBLRVFLED,BATTNUSL7BWB55SRD,,,,,,,,Mini 4 Pro,SYNYKJVHNBVEB278D,,,,DJI Fly,,1.13.5,6B469372-F5AD-5F54-AF7F-FF9D0C53EFE0,,,,,,,,,,
1773849625,1m 25.0s,85.0,1.41763315,103.86783895,147.6,147.6,30.0,327.6,1266.4,15.659,15.659,15.659,,0.000,,-0.000,,2.45,0.00,0.0,0.0,,P-GPS,,,18,4,TRUE,,Mini 4 Pro,,,,,,FALSE,TRUE,,,,,,,,,,,,,,,,,,,,,,,,,,,,,,,,,,,,,,,,,,,,,,,,76.6,,,,7.987,,,,,,,8.438,,,,,,,,,,,,,,,,,,,,,,,,,,,,,,,,1.41650000,103.86550000,947.9,,,,,,,,,,,,,,,,,,,,,,,,,,,,Mini 4 Pro,SYNYKJVHNBVEB278D,CAMMN7BWRBQBWLQ7D,RCSRC4QSYBLRVFLED,BATTNUSL7BWB55SRD,,,,,,,,Mini 4 Pro,SYNYKJVHNBVEB278D,,,,DJI Fly,,1.13.5,6B469372-F5AD-5F54-AF7F-FF9D0C53EFE0,,,,,,,,,,
1773849626,1m 26.0s,86.0,1.41769610,103.86783895,147.6,147.6,30.0,327.6,1289.4,15.659,15.659,15.659,,0.000,,-0.000,,2.45,0.00,0.0,0.0,,P-GPS,,,18,4,TRUE,,Mini 4 Pro,,,,,,FALSE,TRUE,,,,,,,,,,,,,,,,,,,,,,,,,,,,,,,,,,,,,,,,,,,,,,,,76.5,,,,7.986,,,,,,,8.438,,,,,,,,,,,,,,,,,,,,,,,,,,,,,,,,1.41650000,103.86550000,958.1,,,,,,,,,,,,,,,,,,,,,,,,,,,,Mini 4 Pro,SYNYKJVHNBVEB278D,CAMMN7BWRBQBWLQ7D,RCSRC4QSYBLRVFLED,BATTNUSL7BWB55SRD,,,,,,,,Mini 4 Pro,SYNYKJVHNBVEB278D,,,,DJI Fly,,1.13.5,6B469372-F5AD-5F54-AF7F-FF9D0C53EFE0,,,,,,,,,,
1773849627,1m 27.0s,87.0,1.41775905,103.86783895,147.6,147.6,30.0,327.6,1312.3,15.659,15.659,15.659,,0.000,,-0.000,,2.45,0.00,0.0,0.0,,P-GPS,,,18,4,TRUE,,Mini 4 Pro,,,,,,FALSE,TRUE,,,,,,,,,,,,,,,,,,,,,,,,,,,,,,,,,,,,,,,,,,,,,,,,76.5,,,,7.985,,,,,,,8.438,,,,,,,,,,,,,,,,,,,,,,,,,,,,,,,,1.41650000,103.86550000,968.8,,,,,,,,,,,,,,,,,,,,,,,,,,,,Mini 4 Pro,SYNYKJVHNBVEB278D,CAMMN7BWRBQBWLQ7D,RCSRC4QSYBLRVFLED,BATTNUSL7BWB55SRD,,,,,,,,Mini 4 Pro,SYNYKJVHNBVEB278D,,,,DJI Fly,,1.13.5,6B469372-F5AD-5F54-AF7F-FF9D0C53EFE0,,,,,,,,,,
1773849628,1m 28.0s,88.0,1.41782200,103.86783895,147.6,147.6,30.0,327.6,1335.3,15.659,15.659,15.659,,0.000,,-0.000,,2.45,0.00,0.0,0.0,,P-GPS,,,18,4,TRUE,,Mini 4 Pro,,,,,,FALSE,TRUE,,,,,,,,,,,,,,,,,,,,,,,,,,,,,,,,,,,,,,,,,,,,,,,,76.4,,,,7.985,,,,,,,8.438,,,,,,,,,,,,,,,,,,,,,,,,,,,,,,,,1.41650000,103.86550000,979.9,,,,,,,,,,,,,,,,,,,,,,,,,,,,Mini 4 Pro,SYNYKJVHNBVEB278D,CAMMN7BWRBQBWLQ7D,RCSRC4QSYBLRVFLED,BATTNUSL7BWB55SRD,,,,,,,,Mini 4 Pro,SYNYKJVHNBVEB278D,,,,DJI Fly,,1.13.5,6B469372-F5AD-5F54-AF7F-FF9D0C53EFE0,,,,,,,,,,
1773849629,1m 29.0s,89.0,1.41788496,103.86783895,147.6,147.6,30.0,327.6,1358.3,15.659,15.659,15.659,,0.000,,-0.000,,2.45,0.00,0.0,0.0,,P-GPS,,,18,4,TRUE,,Mini 4 Pro,,,,,,FALSE,TRUE,,,,,,,,,,,,,,,,,,,,,,,,,,,,,,,,,,,,,,,,,,,,,,,,76.4,,,,7.984,,,,,,,8.438,,,,,,,,,,,,,,,,,,,,,,,,,,,,,,,,1.41650000,103.86550000,991.4,,,,,,,,,,,,,,,,,,,,,,,,,,,,Mini 4 Pro,SYNYKJVHNBVEB278D,CAMMN7BWRBQBWLQ7D,RCSRC4QSYBLRVFLED,BATTNUSL7BWB55SRD,,,,,,,,Mini 4 Pro,SYNYKJVHNBVEB278D,,,,DJI Fly,,1.13.5,6B469372-F5AD-5F54-AF7F-FF9D0C53EFE0,,,,,,,,,,
1773849630,1m 30.0s,90.0,1.41794791,103.86783895,147.6,147.6,30.0,327.6,1381.2,15.659,15.659,15.659,,0.000,,-0.000,,2.45,0.00,0.0,0.0,,P-GPS,,,18,4,TRUE,,Mini 4 Pro,,,,,,FALSE,TRUE,,,,,,,,,,,,,,,,,,,,,,,,,,,,,,,,,,,,,,,,,,,,,,,,76.4,,,,7.983,,,,,,,8.438,,,,,,,,,,,,,,,,,,,,,,,,,,,,,,,,1.41650000,103.86550000,1003.3,,,,,,,,,,,,,,,,,,,,,,,,,,,,Mini 4 Pro,SYNYKJVHNBVEB278D,CAMMN7BWRBQBWLQ7D,RCSRC4QSYBLRVFLED,BATTNUSL7BWB55SRD,,,,,,,,Mini 4 Pro,SYNYKJVHNBVEB278D,,,,DJI Fly,,1.13.5,6B469372-F5AD-5F54-AF7F-FF9D0C53EFE0,,,,,,,,,,
1773849631,1m 31.0s,91.0,1.41801086,103.86783895,147.6,147.6,30.0,327.6,1404.2,15.659,15.659,15.659,,0.000,,-0.000,,2.45,0.00,0.0,0.0,,P-GPS,,,18,4,TRUE,,Mini 4 Pro,,,,,,FALSE,TRUE,,,,,,,,,,,,,,,,,,,,,,,,,,,,,,,,,,,,,,,,,,,,,,,,76.3,,,,7.983,,,,,,,8.438,,,,,,,,,,,,,,,,,,,,,,,,,,,,,,,,1.41650000,103.86550000,1015.6,,,,,,,,,,,,,,,,,,,,,,,,,,,,Mini 4 Pro,SYNYKJVHNBVEB278D,CAMMN7BWRBQBWLQ7D,RCSRC4QSYBLRVFLED,BATTNUSL7BWB55SRD,,,,,,,,Mini 4 Pro,SYNYKJVHNBVEB278D,,,,DJI Fly,,1.13.5,6B469372-F5AD-5F54-AF7F-FF9D0C53EFE0,,,,,,,,,,
1773849632,1m 32.0s,92.0,1.41807381,103.86783895,147.6,147.6,30.0,327.6,1427.2,15.659,15.659,15.659,,0.000,,-0.000,,2.45,0.00,0.0,0.0,,P-GPS,,,18,4,TRUE,,Mini 4 Pro,,,,,,FALSE,TRUE,,,,,,,,,,,,,,,,,,,,,,,,,,,,,,,,,,,,,,,,,,,,,,,,76.3,,,,7.982,,,,,,,8.438,,,,,,,,,,,,,,,,,,,,,,,,,,,,,,,,1.41650000,103.86550000,1028.2,,,,,,,,,,,,,,,,,,,,,,,,,,,,Mini 4 Pro,SYNYKJVHNBVEB278D,CAMMN7BWRBQBWLQ7D,RCSRC4QSYBLRVFLED,BATTNUSL7BWB55SRD,,,,,,,,Mini 4 Pro,SYNYKJVHNBVEB278D,,,,DJI Fly,,1.13.5,6B469372-F5AD-5F54-AF7F-FF9D0C53EFE0,,,,,,,,,,
1773849633,1m 33.0s,93.0,1.41813677,103.86783895,147.6,147.6,30.0,327.6,1450.1,15.659,15.659,15.659,,0.000,,-0.000,,2.45,0.00,0.0,0.0,,P-GPS,,,18,4,TRUE,,Mini 4 Pro,,,,,,FALSE,TRUE,,,,,,,,,,,,,,,,,,,,,,,,,,,,,,,,,,,,,,,,,,,,,,,,76.2,,,,7.982,,,,,,,8.438,,,,,,,,,,,,,,,,,,,,,,,,,,,,,,,,1.41650000,103.86550000,1041.2,,,,,,,,,,,,,,,,,,,,,,,,,,,,Mini 4 Pro,SYNYKJVHNBVEB278D,CAMMN7BWRBQBWLQ7D,RCSRC4QSYBLRVFLED,BATTNUSL7BWB55SRD,,,,,,,,Mini 4 Pro,SYNYKJVHNBVEB278D,,,,DJI Fly,,1.13.5,6B469372-F5AD-5F54-AF7F-FF9D0C53EFE0,,,,,,,,,,
1773849634,1m 34.0s,94.0,1.41819972,103.86783895,147.6,147.6,30.0,327.6,1473.1,15.659,15.659,15.659,,0.000,,-0.000,,2.45,0.00,0.0,0.0,,P-GPS,,,18,4,TRUE,,Mini 4 Pro,,,,,,FALSE,TRUE,,,,,,,,,,,,,,,,,,,,,,,,,,,,,,,,,,,,,,,,,,,,,,,,76.2,,,,7.981,,,,,,,8.438,,,,,,,,,,,,,,,,,,,,,,,,,,,,,,,,1.41650000,103.86550000,1054.6,,,,,,,,,,,,,,,,,,,,,,,,,,,,Mini 4 Pro,SYNYKJVHNBVEB278D,CAMMN7BWRBQBWLQ7D,RCSRC4QSYBLRVFLED,BATTNUSL7BWB55SRD,,,,,,,,Mini 4 Pro,SYNYKJVHNBVEB278D,,,,DJI Fly,,1.13.5,6B469372-F5AD-5F54-AF7F-FF9D0C53EFE0,,,,,,,,,,
1773849635,1m 35.0s,95.0,1.41826267,103.86783895,147.6,147.6,30.0,327.6,1496.1,15.659,15.659,15.659,,0.000,,-0.000,,2.45,0.00,0.0,0.0,,P-GPS,,,18,4,TRUE,,Mini 4 Pro,,,,,,FALSE,TRUE,,,,,,,,,,,,,,,,,,,,,,,,,,,,,,,,,,,,,,,,,,,,,,,,76.1,,,,7.980,,,,,,,8.438,,,,,,,,,,,,,,,,,,,,,,,,,,,,,,,,1.41650000,103.86550000,1068.2,,,,,,,,,,,,,,,,,,,,,,,,,,,,Mini 4 Pro,SYNYKJVHNBVEB278D,CAMMN7BWRBQBWLQ7D,RCSRC4QSYBLRVFLED,BATTNUSL7BWB55SRD,,,,,,,,Mini 4 Pro,SYNYKJVHNBVEB278D,,,,DJI Fly,,1.13.5,6B469372-F5AD-5F54-AF7F-FF9D0C53EFE0,,,,,,,,,,
1773849636,1m 36.0s,96.0,1.41832562,103.86783895,147.6,147.6,30.0,327.6,1519.0,15.659,15.659,15.659,,0.000,,-0.000,,2.45,0.00,0.0,0.0,,P-GPS,,,18,4,TRUE,,Mini 4 Pro,,,,,,FALSE,TRUE,,,,,,,,,,,,,,,,,,,,,,,,,,,,,,,,,,,,,,,,,,,,,,,,76.1,,,,7.980,,,,,,,8.438,,,,,,,,,,,,,,,,,,,,,,,,,,,,,,,,1.41650000,103.86550000,1082.2,,,,,,,,,,,,,,,,,,,,,,,,,,,,Mini 4 Pro,SYNYKJVHNBVEB278D,CAMMN7BWRBQBWLQ7D,RCSRC4QSYBLRVFLED,BATTNUSL7BWB55SRD,,,,,,,,Mini 4 Pro,SYNYKJVHNBVEB278D,,,,DJI Fly,,1.13.5,6B469372-F5AD-5F54-AF7F-FF9D0C53EFE0,,,,,,,,,,
1773849637,1m 37.0s,97.0,1.41838858,103.86783895,147.6,147.6,30.0,327.6,1542.0,15.659,15.659,15.659,,0.000,,-0.000,,2.45,0.00,0.0,0.0,,P-GPS,,,18,4,TRUE,,Mini 4 Pro,,,,,,FALSE,TRUE,,,,,,,,,,,,,,,,,,,,,,,,,,,,,,,,,,,,,,,,,,,,,,,,76.1,,,,7.979,,,,,,,8.438,,,,,,,,,,,,,,,,,,,,,,,,,,,,,,,,1.41650000,103.86550000,1096.5,,,,,,,,,,,,,,,,,,,,,,,,,,,,Mini 4 Pro,SYNYKJVHNBVEB278D,CAMMN7BWRBQBWLQ7D,RCSRC4QSYBLRVFLED,BATTNUSL7BWB55SRD,,,,,,,,Mini 4 Pro,SYNYKJVHNBVEB278D,,,,DJI Fly,,1.13.5,6B469372-F5AD-5F54-AF7F-FF9D0C53EFE0,,,,,,,,,,
1773849638,1m 38.0s,98.0,1.41845153,103.86783895,147.6,147.6,30.0,327.6,1565.0,15.659,15.659,15.659,,0.000,,-0.000,,2.45,0.00,0.0,0.0,,P-GPS,,,18,4,TRUE,,Mini 4 Pro,,,,,,FALSE,TRUE,,,,,,,,,,,,,,,,,,,,,,,,,,,,,,,,,,,,,,,,,,,,,,,,76.0,,,,7.978,,,,,,,8.438,,,,,,,,,,,,,,,,,,,,,,,,,,,,,,,,1.41650000,103.86550000,1111.1,,,,,,,,,,,,,,,,,,,,,,,,,,,,Mini 4 Pro,SYNYKJVHNBVEB278D,CAMMN7BWRBQBWLQ7D,RCSRC4QSYBLRVFLED,BATTNUSL7BWB55SRD,,,,,,,,Mini 4 Pro,SYNYKJVHNBVEB278D,,,,DJI Fly,,1.13.5,6B469372-F5AD-5F54-AF7F-FF9D0C53EFE0,,,,,,,,,,
1773849639,1m 39.0s,99.0,1.41851448,103.86783895,147.6,147.6,30.0,327.6,1587.9,15.659,15.659,15.659,,0.000,,-0.000,,2.45,0.00,0.0,0.0,,P-GPS,,,18,4,TRUE,,Mini 4 Pro,,,,,,FALSE,TRUE,,,,,,,,,,,,,,,,,,,,,,,,,,,,,,,,,,,,,,,,,,,,,,,,76.0,,,,7.978,,,,,,,8.438,,,,,,,,,,,,,,,,,,,,,,,,,,,,,,,,1.41650000,103.86550000,1125.9,,,,,,,,,,,,,,,,,,,,,,,,,,,,Mini 4 Pro,SYNYKJVHNBVEB278D,CAMMN7BWRBQBWLQ7D,RCSRC4QSYBLRVFLED,BATTNUSL7BWB55SRD,,,,,,,,Mini 4 Pro,SYNYKJVHNBVEB278D,,,,DJI Fly,,1.13.5,6B469372-F5AD-5F54-AF7F-FF9D0C53EFE0,,,,,,,,,,
1773849640,1m 40.0s,100.0,1.41857743,103.86783895,147.6,147.6,30.0,327.6,1610.9,15.659,15.659,15.659,,0.000,,-0.000,,2.45,0.00,0.0,0.0,,P-GPS,,,18,4,TRUE,,Mini 4 Pro,,,,,,FALSE,TRUE,,,,,,,,,,,,,,,,,,,,,,,,,,,,,,,,,,,,,,,,,,,,,,,,75.9,,,,7.977,,,,,,,8.438,,,,,,,,,,,,,,,,,,,,,,,,,,,,,,,,1.41650000,103.86550000,1141.1,,,,,,,,,,,,,,,,,,,,,,,,,,,,Mini 4 Pro,SYNYKJVHNBVEB278D,CAMMN7BWRBQBWLQ7D,RCSRC4QSYBLRVFLED,BATTNUSL7BWB55SRD,,,,,,,,Mini 4 Pro,SYNYKJVHNBVEB278D,,,,DJI Fly,,1.13.5,6B469372-F5AD-5F54-AF7F-FF9D0C53EFE0,,,,,,,,,,
1773849641,1m 41.0s,101.0,1.41864039,103.86783895,147.6,147.6,30.0,327.6,1633.9,15.659,15.659,15.659,,0.000,,-0.000,,2.45,0.00,0.0,0.0,,P-GPS,,,18,4,TRUE,,Mini 4 Pro,,,,,,FALSE,TRUE,,,,,,,,,,,,,,,,,,,,,,,,,,,,,,,,,,,,,,,,,,,,,,,,75.9,,,,7.977,,,,,,,8.438,,,,,,,,,,,,,,,,,,,,,,,,,,,,,,,,1.41650000,103.86550000,1156.4,,,,,,,,,,,,,,,,,,,,,,,,,,,,Mini 4 Pro,SYNYKJVHNBVEB278D,CAMMN7BWRBQBWLQ7D,RCSRC4QSYBLRVFLED,BATTNUSL7BWB55SRD,,,,,,,,Mini 4 Pro,SYNYKJVHNBVEB278D,,,,DJI Fly,,1.13.5,6B469372-F5AD-5F54-AF7F-FF9D0C53EFE0,,,,,,,,,,
1773849642,1m 42.0s,102.0,1.41870334,103.86783895,147.6,147.6,30.0,327.6,1656.8,15.659,15.659,15.659,,0.000,,-0.000,,2.45,0.00,0.0,0.0,,P-GPS,,,18,4,TRUE,,Mini 4 Pro,,,,,,FALSE,TRUE,,,,,,,,,,,,,,,,,,,,,,,,,,,,,,,,,,,,,,,,,,,,,,,,75.9,,,,7.976,,,,,,,8.438,,,,,,,,,,,,,,,,,,,,,,,,,,,,,,,,1.41650000,103.86550000,1172.1,,,,,,,,,,,,,,,,,,,,,,,,,,,,Mini 4 Pro,SYNYKJVHNBVEB278D,CAMMN7BWRBQBWLQ7D,RCSRC4QSYBLRVFLED,BATTNUSL7BWB55SRD,,,,,,,,Mini 4 Pro,SYNYKJVHNBVEB278D,,,,DJI Fly,,1.13.5,6B469372-F5AD-5F54-AF7F-FF9D0C53EFE0,,,,,,,,,,
1773849643,1m 43.0s,103.0,1.41876629,103.86783895,147.6,147.6,30.0,327.6,1679.8,15.659,15.659,15.659,,0.000,,-0.000,,2.45,0.00,0.0,0.0,,P-GPS,,,18,4,TRUE,,Mini 4 Pro,,,,,,FALSE,TRUE,,,,,,,,,,,,,,,,,,,,,,,,,,,,,,,,,,,,,,,,,,,,,,,,75.8,,,,7.975,,,,,,,8.438,,,,,,,,,,,,,,,,,,,,,,,,,,,,,,,,1.41650000,103.86550000,1187.9,,,,,,,,,,,,,,,,,,,,,,,,,,,,Mini 4 Pro,SYNYKJVHNBVEB278D,CAMMN7BWRBQBWLQ7D,RCSRC4QSYBLRVFLED,BATTNUSL7BWB55SRD,,,,,,,,Mini 4 Pro,SYNYKJVHNBVEB278D,,,,DJI Fly,,1.13.5,6B469372-F5AD-5F54-AF7F-FF9D0C53EFE0,,,,,,,,,,
1773849644,1m 44.0s,104.0,1.41882924,103.86783895,147.6,147.6,30.0,327.6,1702.8,15.659,15.659,15.659,,0.000,,-0.000,,2.45,0.00,0.0,0.0,,P-GPS,,,18,4,TRUE,,Mini 4 Pro,,,,,,FALSE,TRUE,,,,,,,,,,,,,,,,,,,,,,,,,,,,,,,,,,,,,,,,,,,,,,,,75.8,,,,7.975,,,,,,,8.438,,,,,,,,,,,,,,,,,,,,,,,,,,,,,,,,1.41650000,103.86550000,1204.0,,,,,,,,,,,,,,,,,,,,,,,,,,,,Mini 4 Pro,SYNYKJVHNBVEB278D,CAMMN7BWRBQBWLQ7D,RCSRC4QSYBLRVFLED,BATTNUSL7BWB55SRD,,,,,,,,Mini 4 Pro,SYNYKJVHNBVEB278D,,,,DJI Fly,,1.13.5,6B469372-F5AD-5F54-AF7F-FF9D0C53EFE0,,,,,,,,,,
1773849645,1m 45.0s,105.0,1.41889220,103.86783895,147.6,147.6,30.0,327.6,1725.7,15.659,15.659,15.659,,0.000,,-0.000,,2.45,0.00,0.0,0.0,,P-GPS,,,18,4,TRUE,,Mini 4 Pro,,,,,,FALSE,TRUE,,,,,,,,,,,,,,,,,,,,,,,,,,,,,,,,,,,,,,,,,,,,,,,,75.7,,,,7.974,,,,,,,8.438,,,,,,,,,,,,,,,,,,,,,,,,,,,,,,,,1.41650000,103.86550000,1220.3,,,,,,,,,,,,,,,,,,,,,,,,,,,,Mini 4 Pro,SYNYKJVHNBVEB278D,CAMMN7BWRBQBWLQ7D,RCSRC4QSYBLRVFLED,BATTNUSL7BWB55SRD,,,,,,,,Mini 4 Pro,SYNYKJVHNBVEB278D,,,,DJI Fly,,1.13.5,6B469372-F5AD-5F54-AF7F-FF9D0C53EFE0,,,,,,,,,,
1773849646,1m 46.0s,106.0,1.41895515,103.86783895,147.6,147.6,30.0,327.6,1748.7,15.659,15.659,15.659,,0.000,,-0.000,,2.45,0.00,0.0,0.0,,P-GPS,,,18,4,TRUE,,Mini 4 Pro,,,,,,FALSE,TRUE,,,,,,,,,,,,,,,,,,,,,,,,,,,,,,,,,,,,,,,,,,,,,,,,75.7,,,,7.973,,,,,,,8.438,,,,,,,,,,,,,,,,,,,,,,,,,,,,,,,,1.41650000,103.86550000,1236.9,,,,,,,,,,,,,,,,,,,,,,,,,,,,Mini 4 Pro,SYNYKJVHNBVEB278D,CAMMN7BWRBQBWLQ7D,RCSRC4QSYBLRVFLED,BATTNUSL7BWB55SRD,,,,,,,,Mini 4 Pro,SYNYKJVHNBVEB278D,,,,DJI Fly,,1.13.5,6B469372-F5AD-5F54-AF7F-FF9D0C53EFE0,,,,,,,,,,
1773849647,1m 47.0s,107.0,1.41901810,103.86783895,147.6,147.6,30.0,327.6,1771.7,15.659,15.659,15.659,,0.000,,-0.000,,2.45,0.00,0.0,0.0,,P-GPS,,,18,4,TRUE,,Mini 4 Pro,,,,,,FALSE,TRUE,,,,,,,,,,,,,,,,,,,,,,,,,,,,,,,,,,,,,,,,,,,,,,,,75.7,,,,7.973,,,,,,,8.438,,,,,,,,,,,,,,,,,,,,,,,,,,,,,,,,1.41650000,103.86550000,1253.6,,,,,,,,,,,,,,,,,,,,,,,,,,,,Mini 4 Pro,SYNYKJVHNBVEB278D,CAMMN7BWRBQBWLQ7D,RCSRC4QSYBLRVFLED,BATTNUSL7BWB55SRD,,,,,,,,Mini 4 Pro,SYNYKJVHNBVEB278D,,,,DJI Fly,,1.13.5,6B469372-F5AD-5F54-AF7F-FF9D0C53EFE0,,,,,,,,,,
1773849648,1m 48.0s,108.0,1.41901810,103.86783895,147.6,147.6,30.0,327.6,1771.7,0.000,15.659,0.000,,0.000,,-0.000,,0.00,0.00,0.0,0.0,,P-GPS,,,18,4,TRUE,,Mini 4 Pro,,,,,,FALSE,TRUE,,,,,,,,,,,,,,,,,,,,,,,,,,,,,,,,,,,,,,,,,,,,,,,,75.6,,,,7.972,,,,,,,4.588,,,,,,,,,,,,,,,,,,,,,,,,,,,,,,,,1.41650000,103.86550000,1253.6,,,,,,,,,,,,,,,,,,,,,,,,,,,,Mini 4 Pro,SYNYKJVHNBVEB278D,CAMMN7BWRBQBWLQ7D,RCSRC4QSYBLRVFLED,BATTNUSL7BWB55SRD,,,,,,,,Mini 4 Pro,SYNYKJVHNBVEB278D,,,,DJI Fly,,1.13.5,6B469372-F5AD-5F54-AF7F-FF9D0C53EFE0,,,,,,,,,,
1773849649,1m 49.0s,109.0,1.41901810,103.86783895,147.6,147.6,30.0,327.6,1771.7,0.000,15.659,0.000,,0.000,,-0.000,,0.00,0.00,0.0,0.0,,P-GPS,,,18,4,TRUE,,Mini 4 Pro,,,,,,FALSE,TRUE,,,,,,,,,,,,,,,,,,,,,,,,,,,,,,,,,,,,,,,,,,,,,,,,75.6,,,,7.972,,,,,,,4.588,,,,,,,,,,,,,,,,,,,,,,,,,,,,,,,,1.41650000,103.86550000,1253.6,,,,,,,,,,,,,,,,,,,,,,,,,,,,Mini 4 Pro,SYNYKJVHNBVEB278D,CAMMN7BWRBQBWLQ7D,RCSRC4QSYBLRVFLED,BATTNUSL7BWB55SRD,,,,,,,,Mini 4 Pro,SYNYKJVHNBVEB278D,,,,DJI Fly,,1.13.5,6B469372-F5AD-5F54-AF7F-FF9D0C53EFE0,,,,,,,,,,
1773849650,1m 50.0s,110.0,1.41901810,103.86777598,147.6,147.6,30.0,327.6,1794.6,15.659,15.659,0.000,,-15.659,,-0.000,,2.45,-25.00,270.0,270.0,,P-GPS,,,18,4,TRUE,,Mini 4 Pro,,,,,,FALSE,TRUE,,,,,,,,,,,,,,,,,,,,,,,,,,,,,,,,,,,,,,,,,,,,,,,,75.5,,,,7.971,,,,,,,8.438,,,,,,,,,,,,,,,,,,,,,,,,,,,,,,,,1.41650000,103.86550000,1238.1,,,,,,,,,,,,,,,,,,,,,,,,,,,,Mini 4 Pro,SYNYKJVHNBVEB278D,CAMMN7BWRBQBWLQ7D,RCSRC4QSYBLRVFLED,BATTNUSL7BWB55SRD,,,,,,,,Mini 4 Pro,SYNYKJVHNBVEB278D,,,,DJI Fly,,1.13.5,6B469372-F5AD-5F54-AF7F-FF9D0C53EFE0,,,,,,,,,,
1773849651,1m 51.0s,111.0,1.41901810,103.86771301,147.6,147.6,30.0,327.6,1817.6,15.659,15.659,0.000,,-15.659,,-0.000,,2.45,0.00,270.0,270.0,,P-GPS,,,18,4,TRUE,,Mini 4 Pro,,,,,,FALSE,TRUE,,,,,,,,,,,,,,,,,,,,,,,,,,,,,,,,,,,,,,,,,,,,,,,,75.5,,,,7.970,,,,,,,8.438,,,,,,,,,,,,,,,,,,,,,,,,,,,,,,,,1.41650000,103.86550000,1222.8,,,,,,,,,,,,,,,,,,,,,,,,,,,,Mini 4 Pro,SYNYKJVHNBVEB278D,CAMMN7BWRBQBWLQ7D,RCSRC4QSYBLRVFLED,BATTNUSL7BWB55SRD,,,,,,,,Mini 4 Pro,SYNYKJVHNBVEB278D,,,,DJI Fly,,1.13.5,6B469372-F5AD-5F54-AF7F-FF9D0C53EFE0,,,,,,,,,,
1773849652,1m 52.0s,112.0,1.41901810,103.86765004,147.6,147.6,30.0,327.6,1840.6,15.659,15.659,0.000,,-15.659,,-0.000,,2.45,0.00,270.0,270.0,,P-GPS,,,18,4,TRUE,,Mini 4 Pro,,,,,,FALSE,TRUE,,,,,,,,,,,,,,,,,,,,,,,,,,,,,,,,,,,,,,,,,,,,,,,,75.5,,,,7.970,,,,,,,8.438,,,,,,,,,,,,,,,,,,,,,,,,,,,,,,,,1.41650000,103.86550000,1207.8,,,,,,,,,,,,,,,,,,,,,,,,,,,,Mini 4 Pro,SYNYKJVHNBVEB278D,CAMMN7BWRBQBWLQ7D,RCSRC4QSYBLRVFLED,BATTNUSL7BWB55SRD,,,,,,,,Mini 4 Pro,SYNYKJVHNBVEB278D,,,,DJI Fly,,1.13.5,6B469372-F5AD-5F54-AF7F-FF9D0C53EFE0,,,,,,,,,,
1773849653,1m 53.0s,113.0,1.41901810,103.86758706,147.6,147.6,30.0,327.6,1863.5,15.659,15.659,0.000,,-15.659,,-0.000,,2.45,0.00,270.0,270.0,,P-GPS,,,18,4,TRUE,,Mini 4 Pro,,,,,,FALSE,TRUE,,,,,,,,,,,,,,,,,,,,,,,,,,,,,,,,,,,,,,,,,,,,,,,,75.4,,,,7.969,,,,,,,8.438,,,,,,,,,,,,,,,,,,,,,,,,,,,,,,,,1.41650000,103.86550000,1193.0,,,,,,,,,,,,,,,,,,,,,,,,,,,,Mini 4 Pro,SYNYKJVHNBVEB278D,CAMMN7BWRBQBWLQ7D,RCSRC4QSYBLRVFLED,BATTNUSL7BWB55SRD,,,,,,,,Mini 4 Pro,SYNYKJVHNBVEB278D,,,,DJI Fly,,1.13.5,6B469372-F5AD-5F54-AF7F-FF9D0C53EFE0,,,,,,,,,,
1773849654,1m 54.0s,114.0,1.41901810,103.86752409,147.6,147.6,30.0,327.6,1886.5,15.659,15.659,0.000,,-15.659,,-0.000,,2.45,0.00,270.0,270.0,,P-GPS,,,18,4,TRUE,,Mini 4 Pro,,,,,,FALSE,TRUE,,,,,,,,,,,,,,,,,,,,,,,,,,,,,,,,,,,,,,,,,,,,,,,,75.4,,,,7.968,,,,,,,8.438,,,,,,,,,,,,,,,,,,,,,,,,,,,,,,,,1.41650000,103.86550000,1178.5,,,,,,,,,,,,,,,,,,,,,,,,,,,,Mini 4 Pro,SYNYKJVHNBVEB278D,CAMMN7BWRBQBWLQ7D,RCSRC4QSYBLRVFLED,BATTNUSL7BWB55SRD,,,,,,,,Mini 4 Pro,SYNYKJVHNBVEB278D,,,,DJI Fly,,1.13.5,6B469372-F5AD-5F54-AF7F-FF9D0C53EFE0,,,,,,,,,,
1773849655,1m 55.0s,115.0,1.41901810,103.86746112,147.6,147.6,30.0,327.6,1909.4,15.659,15.659,0.000,,-15.659,,-0.000,,2.45,0.00,270.0,270.0,,P-GPS,,,18,4,TRUE,,Mini 4 Pro,,,,,,FALSE,TRUE,,,,,,,,,,,,,,,,,,,,,,,,,,,,,,,,,,,,,,,,,,,,,,,,75.3,,,,7.968,,,,,,,8.438,,,,,,,,,,,,,,,,,,,,,,,,,,,,,,,,1.41650000,103.86550000,1164.2,,,,,,,,,,,,,,,,,,,,,,,,,,,,Mini 4 Pro,SYNYKJVHNBVEB278D,CAMMN7BWRBQBWLQ7D,RCSRC4QSYBLRVFLED,BATTNUSL7BWB55SRD,,,,,,,,Mini 4 Pro,SYNYKJVHNBVEB278D,,,,DJI Fly,,1.13.5,6B469372-F5AD-5F54-AF7F-FF9D0C53EFE0,,,,,,,,,,
1773849656,1m 56.0s,116.0,1.41901810,103.86739815,147.6,147.6,30.0,327.6,1932.4,15.659,15.659,0.000,,-15.659,,-0.000,,2.45,0.00,270.0,270.0,,P-GPS,,,18,4,TRUE,,Mini 4 Pro,,,,,,FALSE,TRUE,,,,,,,,,,,,,,,,,,,,,,,,,,,,,,,,,,,,,,,,,,,,,,,,75.3,,,,7.967,,,,,,,8.438,,,,,,,,,,,,,,,,,,,,,,,,,,,,,,,,1.41650000,103.86550000,1150.3,,,,,,,,,,,,,,,,,,,,,,,,,,,,Mini 4 Pro,SYNYKJVHNBVEB278D,CAMMN7BWRBQBWLQ7D,RCSRC4QSYBLRVFLED,BATTNUSL7BWB55SRD,,,,,,,,Mini 4 Pro,SYNYKJVHNBVEB278D,,,,DJI Fly,,1.13.5,6B469372-F5AD-5F54-AF7F-FF9D0C53EFE0,,,,,,,,,,
1773849657,1m 57.0s,117.0,1.41901810,103.86733518,147.6,147.6,30.0,327.6,1955.4,15.659,15.659,0.000,,-15.659,,-0.000,,2.45,0.00,270.0,270.0,,P-GPS,,,18,4,TRUE,,Mini 4 Pro,,,,,,FALSE,TRUE,,,,,,,,,,,,,,,,,,,,,,,,,,,,,,,,,,,,,,,,,,,,,,,,75.3,,,,7.966,,,,,,,8.438,,,,,,,,,,,,,,,,,,,,,,,,,,,,,,,,1.41650000,103.86550000,1136.6,,,,,,,,,,,,,,,,,,,,,,,,,,,,Mini 4 Pro,SYNYKJVHNBVEB278D,CAMMN7BWRBQBWLQ7D,RCSRC4QSYBLRVFLED,BATTNUSL7BWB55SRD,,,,,,,,Mini 4 Pro,SYNYKJVHNBVEB278D,,,,DJI Fly,,1.13.5,6B469372-F5AD-5F54-AF7F-FF9D0C53EFE0,,,,,,,,,,
1773849658,1m 58.0s,118.0,1.41901810,103.86727221,147.6,147.6,30.0,327.6,1978.3,15.659,15.659,0.000,,-15.659,,-0.000,,2.45,0.00,270.0,270.0,,P-GPS,,,18,4,TRUE,,Mini 4 Pro,,,,,,FALSE,TRUE,,,,,,,,,,,,,,,,,,,,,,,,,,,,,,,,,,,,,,,,,,,,,,,,75.2,,,,7.966,,,,,,,8.438,,,,,,,,,,,,,,,,,,,,,,,,,,,,,,,,1.41650000,103.86550000,1123.2,,,,,,,,,,,,,,,,,,,,,,,,,,,,Mini 4 Pro,SYNYKJVHNBVEB278D,CAMMN7BWRBQBWLQ7D,RCSRC4QSYBLRVFLED,BATTNUSL7BWB55SRD,,,,,,,,Mini 4 Pro,SYNYKJVHNBVEB278D,,,,DJI Fly,,1.13.5,6B469372-F5AD-5F54-AF7F-FF9D0C53EFE0,,,,,,,,,,
1773849659,1m 59.0s,119.0,1.41901810,103.86720923,147.6,147.6,30.0,327.6,2001.3,15.659,15.659,0.000,,-15.659,,-0.000,,2.45,0.00,270.0,270.0,,P-GPS,,,18,4,TRUE,,Mini 4 Pro,,,,,,FALSE,TRUE,,,,,,,,,,,,,,,,,,,,,,,,,,,,,,,,,,,,,,,,,,,,,,,,75.2,,,,7.965,,,,,,,8.438,,,,,,,,,,,,,,,,,,,,,,,,,,,,,,,,1.41650000,103.86550000,1110.2,,,,,,,,,,,,,,,,,,,,,,,,,,,,Mini 4 Pro,SYNYKJVHNBVEB278D,CAMMN7BWRBQBWLQ7D,RCSRC4QSYBLRVFLED,BATTNUSL7BWB55SRD,,,,,,,,Mini 4 Pro,SYNYKJVHNBVEB278D,,,,DJI Fly,,1.13.5,6B469372-F5AD-5F54-AF7F-FF9D0C53EFE0,,,,,,,,,,
1773849660,2m 0.0s,120.0,1.41901810,103.86714626,147.6,147.6,30.0,327.6,2024.3,15.659,15.659,0.000,,-15.659,,-0.000,,2.45,0.00,270.0,270.0,,P-GPS,,,18,4,TRUE,,Mini 4 Pro,,,,,,FALSE,TRUE,,,,,,,,,,,,,,,,,,,,,,,,,,,,,,,,,,,,,,,,,,,,,,,,75.1,,,,7.965,,,,,,,8.438,,,,,,,,,,,,,,,,,,,,,,,,,,,,,,,,1.41650000,103.86550000,1097.4,,,,,,,,,,,,,,,,,,,,,,,,,,,,Mini 4 Pro,SYNYKJVHNBVEB278D,CAMMN7BWRBQBWLQ7D,RCSRC4QSYBLRVFLED,BATTNUSL7BWB55SRD,,,,,,,,Mini 4 Pro,SYNYKJVHNBVEB278D,,,,DJI Fly,,1.13.5,6B469372-F5AD-5F54-AF7F-FF9D0C53EFE0,,,,,,,,,,
1773849661,2m 1.0s,121.0,1.41901810,103.86708329,147.6,147.6,30.0,327.6,2047.2,15.659,15.659,0.000,,-15.659,,-0.000,,2.45,0.00,270.0,270.0,,P-GPS,,,18,4,TRUE,,Mini 4 Pro,,,,,,FALSE,TRUE,,,,,,,,,,,,,,,,,,,,,,,,,,,,,,,,,,,,,,,,,,,,,,,,75.1,,,,7.964,,,,,,,8.438,,,,,,,,,,,,,,,,,,,,,,,,,,,,,,,,1.41650000,103.86550000,1085.0,,,,,,,,,,,,,,,,,,,,,,,,,,,,Mini 4 Pro,SYNYKJVHNBVEB278D,CAMMN7BWRBQBWLQ7D,RCSRC4QSYBLRVFLED,BATTNUSL7BWB55SRD,,,,,,,,Mini 4 Pro,SYNYKJVHNBVEB278D,,,,DJI Fly,,1.13.5,6B469372-F5AD-5F54-AF7F-FF9D0C53EFE0,,,,,,,,,,
1773849662,2m 2.0s,122.0,1.41901810,103.86702032,147.6,147.6,30.0,327.6,2070.2,15.659,15.659,0.000,,-15.659,,-0.000,,2.45,0.00,270.0,270.0,,P-GPS,,,18,4,TRUE,,Mini 4 Pro,,,,,,FALSE,TRUE,,,,,,,,,,,,,,,,,,,,,,,,,,,,,,,,,,,,,,,,,,,,,,,,75.1,,,,7.963,,,,,,,8.438,,,,,,,,,,,,,,,,,,,,,,,,,,,,,,,,1.41650000,103.86550000,1073.0,,,,,,,,,,,,,,,,,,,,,,,,,,,,Mini 4 Pro,SYNYKJVHNBVEB278D,CAMMN7BWRBQBWLQ7D,RCSRC4QSYBLRVFLED,BATTNUSL7BWB55SRD,,,,,,,,Mini 4 Pro,SYNYKJVHNBVEB278D,,,,DJI Fly,,1.13.5,6B469372-F5AD-5F54-AF7F-FF9D0C53EFE0,,,,,,,,,,
1773849663,2m 3.0s,123.0,1.41901810,103.86695735,147.6,147.6,30.0,327.6,2093.2,15.659,15.659,0.000,,-15.659,,-0.000,,2.45,0.00,270.0,270.0,,P-GPS,,,18,4,TRUE,,Mini 4 Pro,,,,,,FALSE,TRUE,,,,,,,,,,,,,,,,,,,,,,,,,,,,,,,,,,,,,,,,,,,,,,,,75.0,,,,7.963,,,,,,,8.438,,,,,,,,,,,,,,,,,,,,,,,,,,,,,,,,1.41650000,103.86550000,1061.3,,,,,,,,,,,,,,,,,,,,,,,,,,,,Mini 4 Pro,SYNYKJVHNBVEB278D,CAMMN7BWRBQBWLQ7D,RCSRC4QSYBLRVFLED,BATTNUSL7BWB55SRD,,,,,,,,Mini 4 Pro,SYNYKJVHNBVEB278D,,,,DJI Fly,,1.13.5,6B469372-F5AD-5F54-AF7F-FF9D0C53EFE0,,,,,,,,,,
1773849664,2m 4.0s,124.0,1.41901810,103.86689437,147.6,147.6,30.0,327.6,2116.1,15.659,15.659,0.000,,-15.659,,-0.000,,2.45,0.00,270.0,270.0,,P-GPS,,,18,4,TRUE,,Mini 4 Pro,,,,,,FALSE,TRUE,,,,,,,,,,,,,,,,,,,,,,,,,,,,,,,,,,,,,,,,,,,,,,,,75.0,,,,7.962,,,,,,,8.438,,,,,,,,,,,,,,,,,,,,,,,,,,,,,,,,1.41650000,103.86550000,1050.0,,,,,,,,,,,,,,,,,,,,,,,,,,,,Mini 4 Pro,SYNYKJVHNBVEB278D,CAMMN7BWRBQBWLQ7D,RCSRC4QSYBLRVFLED,BATTNUSL7BWB55SRD,,,,,,,,Mini 4 Pro,SYNYKJVHNBVEB278D,,,,DJI Fly,,1.13.5,6B469372-F5AD-5F54-AF7F-FF9D0C53EFE0,,,,,,,,,,
1773849665,2m 5.0s,125.0,1.41901810,103.86683140,147.6,147.6,30.0,327.6,2139.1,15.659,15.659,0.000,,-15.659,,-0.000,,2.45,0.00,270.0,270.0,,P-GPS,,,18,4,TRUE,,Mini 4 Pro,,,,,,FALSE,TRUE,,,,,,,,,,,,,,,,,,,,,,,,,,,,,,,,,,,,,,,,,,,,,,,,74.9,,,,7.961,,,,,,,8.438,,,,,,,,,,,,,,,,,,,,,,,,,,,,,,,,1.41650000,103.86550000,1039.1,,,,,,,,,,,,,,,,,,,,,,,,,,,,Mini 4 Pro,SYNYKJVHNBVEB278D,CAMMN7BWRBQBWLQ7D,RCSRC4QSYBLRVFLED,BATTNUSL7BWB55SRD,,,,,,,,Mini 4 Pro,SYNYKJVHNBVEB278D,,,,DJI Fly,,1.13.5,6B469372-F5AD-5F54-AF7F-FF9D0C53EFE0,,,,,,,,,,
1773849666,2m 6.0s,126.0,1.41901810,103.86676843,147.6,147.6,30.0,327.6,2162.1,15.659,15.659,0.000,,-15.659,,-0.000,,2.45,0.00,270.0,270.0,,P-GPS,,,18,4,TRUE,,Mini 4 Pro,,,,,,FALSE,TRUE,,,,,,,,,,,,,,,,,,,,,,,,,,,,,,,,,,,,,,,,,,,,,,,,74.9,,,,7.961,,,,,,,8.438,,,,,,,,,,,,,,,,,,,,,,,,,,,,,,,,1.41650000,103.86550000,1028.5,,,,,,,,,,,,,,,,,,,,,,,,,,,,Mini 4 Pro,SYNYKJVHNBVEB278D,CAMMN7BWRBQBWLQ7D,RCSRC4QSYBLRVFLED,BATTNUSL7BWB55SRD,,,,,,,,Mini 4 Pro,SYNYKJVHNBVEB278D,,,,DJI Fly,,1.13.5,6B469372-F5AD-5F54-AF7F-FF9D0C53EFE0,,,,,,,,,,
1773849667,2m 7.0s,127.0,1.41901810,103.86670546,147.6,147.6,30.0,327.6,2185.0,15.659,15.659,0.000,,-15.659,,-0.000,,2.45,0.00,270.0,270.0,,P-GPS,,,18,4,TRUE,,Mini 4 Pro,,,,,,FALSE,TRUE,,,,,,,,,,,,,,,,,,,,,,,,,,,,,,,,,,,,,,,,,,,,,,,,74.9,,,,7.960,,,,,,,8.438,,,,,,,,,,,,,,,,,,,,,,,,,,,,,,,,1.41650000,103.86550000,1018.4,,,,,,,,,,,,,,,,,,,,,,,,,,,,Mini 4 Pro,SYNYKJVHNBVEB278D,CAMMN7BWRBQBWLQ7D,RCSRC4QSYBLRVFLED,BATTNUSL7BWB55SRD,,,,,,,,Mini 4 Pro,SYNYKJVHNBVEB278D,,,,DJI Fly,,1.13.5,6B469372-F5AD-5F54-AF7F-FF9D0C53EFE0,,,,,,,,,,
1773849668,2m 8.0s,128.0,1.41901810,103.86664249,147.6,147.6,30.0,327.6,2208.0,15.659,15.659,0.000,,-15.659,,-0.000,,2.45,0.00,270.0,270.0,,P-GPS,,,18,4,TRUE,,Mini 4 Pro,,,,,,FALSE,TRUE,,,,,,,,,,,,,,,,,,,,,,,,,,,,,,,,,,,,,,,,,,,,,,,,74.8,,,,7.960,,,,,,,8.438,,,,,,,,,,,,,,,,,,,,,,,,,,,,,,,,1.41650000,103.86550000,1008.7,,,,,,,,,,,,,,,,,,,,,,,,,,,,Mini 4 Pro,SYNYKJVHNBVEB278D,CAMMN7BWRBQBWLQ7D,RCSRC4QSYBLRVFLED,BATTNUSL7BWB55SRD,,,,,,,,Mini 4 Pro,SYNYKJVHNBVEB278D,,,,DJI Fly,,1.13.5,6B469372-F5AD-5F54-AF7F-FF9D0C53EFE0,,,,,,,,,,
1773849669,2m 9.0s,129.0,1.41901810,103.86657952,147.6,147.6,30.0,327.6,2231.0,15.659,15.659,0.000,,-15.659,,-0.000,,2.45,0.00,270.0,270.0,,P-GPS,,,18,4,TRUE,,Mini 4 Pro,,,,,,FALSE,TRUE,,,,,,,,,,,,,,,,,,,,,,,,,,,,,,,,,,,,,,,,,,,,,,,,74.8,,,,7.959,,,,,,,8.438,,,,,,,,,,,,,,,,,,,,,,,,,,,,,,,,1.41650000,103.86550000,999.4,,,,,,,,,,,,,,,,,,,,,,,,,,,,Mini 4 Pro,SYNYKJVHNBVEB278D,CAMMN7BWRBQBWLQ7D,RCSRC4QSYBLRVFLED,BATTNUSL7BWB55SRD,,,,,,,,Mini 4 Pro,SYNYKJVHNBVEB278D,,,,DJI Fly,,1.13.5,6B469372-F5AD-5F54-AF7F-FF9D0C53EFE0,,,,,,,,,,
1773849670,2m 10.0s,130.0,1.41901810,103.86651654,147.6,147.6,30.0,327.6,2253.9,15.659,15.659,0.000,,-15.659,,-0.000,,2.45,0.00,270.0,270.0,,P-GPS,,,18,4,TRUE,,Mini 4 Pro,,,,,,FALSE,TRUE,,,,,,,,,,,,,,,,,,,,,,,,,,,,,,,,,,,,,,,,,,,,,,,,74.7,,,,7.958,,,,,,,8.438,,,,,,,,,,,,,,,,,,,,,,,,,,,,,,,,1.41650000,103.86550000,990.6,,,,,,,,,,,,,,,,,,,,,,,,,,,,Mini 4 Pro,SYNYKJVHNBVEB278D,CAMMN7BWRBQBWLQ7D,RCSRC4QSYBLRVFLED,BATTNUSL7BWB55SRD,,,,,,,,Mini 4 Pro,SYNYKJVHNBVEB278D,,,,DJI Fly,,1.13.5,6B469372-F5AD-5F54-AF7F-FF9D0C53EFE0,,,,,,,,,,
1773849671,2m 11.0s,131.0,1.41901810,103.86645357,147.6,147.6,30.0,327.6,2276.9,15.659,15.659,0.000,,-15.659,,-0.000,,2.45,0.00,270.0,270.0,,P-GPS,,,18,4,TRUE,,Mini 4 Pro,,,,,,FALSE,TRUE,,,,,,,,,,,,,,,,,,,,,,,,,,,,,,,,,,,,,,,,,,,,,,,,74.7,,,,7.958,,,,,,,8.438,,,,,,,,,,,,,,,,,,,,,,,,,,,,,,,,1.41650000,103.86550000,982.3,,,,,,,,,,,,,,,,,,,,,,,,,,,,Mini 4 Pro,SYNYKJVHNBVEB278D,CAMMN7BWRBQBWLQ7D,RCSRC4QSYBLRVFLED,BATTNUSL7BWB55SRD,,,,,,,,Mini 4 Pro,SYNYKJVHNBVEB278D,,,,DJI Fly,,1.13.5,6B469372-F5AD-5F54-AF7F-FF9D0C53EFE0,,,,,,,,,,
1773849672,2m 12.0s,132.0,1.41901810,103.86639060,147.6,147.6,30.0,327.6,2299.9,15.659,15.659,0.000,,-15.659,,-0.000,,2.45,0.00,270.0,270.0,,P-GPS,,,18,4,TRUE,,Mini 4 Pro,,,,,,FALSE,TRUE,,,,,,,,,,,,,,,,,,,,,,,,,,,,,,,,,,,,,,,,,,,,,,,,74.6,,,,7.957,,,,,,,8.438,,,,,,,,,,,,,,,,,,,,,,,,,,,,,,,,1.41650000,103.86550000,974.4,,,,,,,,,,,,,,,,,,,,,,,,,,,,Mini 4 Pro,SYNYKJVHNBVEB278D,CAMMN7BWRBQBWLQ7D,RCSRC4QSYBLRVFLED,BATTNUSL7BWB55SRD,,,,,,,,Mini 4 Pro,SYNYKJVHNBVEB278D,,,,DJI Fly,,1.13.5,6B469372-F5AD-5F54-AF7F-FF9D0C53EFE0,,,,,,,,,,
1773849673,2m 13.0s,133.0,1.41901810,103.86632763,147.6,147.6,30.0,327.6,2322.8,15.659,15.659,0.000,,-15.659,,-0.000,,2.45,0.00,270.0,270.0,,P-GPS,,,18,4,TRUE,,Mini 4 Pro,,,,,,FALSE,TRUE,,,,,,,,,,,,,,,,,,,,,,,,,,,,,,,,,,,,,,,,,,,,,,,,74.6,,,,7.956,,,,,,,8.438,,,,,,,,,,,,,,,,,,,,,,,,,,,,,,,,1.41650000,103.86550000,967.0,,,,,,,,,,,,,,,,,,,,,,,,,,,,Mini 4 Pro,SYNYKJVHNBVEB278D,CAMMN7BWRBQBWLQ7D,RCSRC4QSYBLRVFLED,BATTNUSL7BWB55SRD,,,,,,,,Mini 4 Pro,SYNYKJVHNBVEB278D,,,,DJI Fly,,1.13.5,6B469372-F5AD-5F54-AF7F-FF9D0C53EFE0,,,,,,,,,,
1773849674,2m 14.0s,134.0,1.41901810,103.86626466,147.6,147.6,30.0,327.6,2345.8,15.659,15.659,0.000,,-15.659,,-0.000,,2.45,0.00,270.0,270.0,,P-GPS,,,18,4,TRUE,,Mini 4 Pro,,,,,,FALSE,TRUE,,,,,,,,,,,,,,,,,,,,,,,,,,,,,,,,,,,,,,,,,,,,,,,,74.6,,,,7.956,,,,,,,8.438,,,,,,,,,,,,,,,,,,,,,,,,,,,,,,,,1.41650000,103.86550000,960.0,,,,,,,,,,,,,,,,,,,,,,,,,,,,Mini 4 Pro,SYNYKJVHNBVEB278D,CAMMN7BWRBQBWLQ7D,RCSRC4QSYBLRVFLED,BATTNUSL7BWB55SRD,,,,,,,,Mini 4 Pro,SYNYKJVHNBVEB278D,,,,DJI Fly,,1.13.5,6B469372-F5AD-5F54-AF7F-FF9D0C53EFE0,,,,,,,,,,
1773849675,2m 15.0s,135.0,1.41901810,103.86620169,147.6,147.6,30.0,327.6,2368.8,15.659,15.659,0.000,,-15.659,,-0.000,,2.45,0.00,270.0,270.0,,P-GPS,,,18,4,TRUE,,Mini 4 Pro,,,,,,FALSE,TRUE,,,,,,,,,,,,,,,,,,,,,,,,,,,,,,,,,,,,,,,,,,,,,,,,74.5,,,,7.955,,,,,,,8.438,,,,,,,,,,,,,,,,,,,,,,,,,,,,,,,,1.41650000,103.86550000,953.6,,,,,,,,,,,,,,,,,,,,,,,,,,,,Mini 4 Pro,SYNYKJVHNBVEB278D,CAMMN7BWRBQBWLQ7D,RCSRC4QSYBLRVFLED,BATTNUSL7BWB55SRD,,,,,,,,Mini 4 Pro,SYNYKJVHNBVEB278D,,,,DJI Fly,,1.13.5,6B469372-F5AD-5F54-AF7F-FF9D0C53EFE0,,,,,,,,,,
1773849676,2m 16.0s,136.0,1.41901810,103.86613871,147.6,147.6,30.0,327.6,2391.7,15.659,15.659,0.000,,-15.659,,-0.000,,2.45,0.00,270.0,270.0,,P-GPS,,,18,4,TRUE,,Mini 4 Pro,,,,,,FALSE,TRUE,,,,,,,,,,,,,,,,,,,,,,,,,,,,,,,,,,,,,,,,,,,,,,,,74.5,,,,7.955,,,,,,,8.438,,,,,,,,,,,,,,,,,,,,,,,,,,,,,,,,1.41650000,103.86550000,947.7,,,,,,,,,,,,,,,,,,,,,,,,,,,,Mini 4 Pro,SYNYKJVHNBVEB278D,CAMMN7BWRBQBWLQ7D,RCSRC4QSYBLRVFLED,BATTNUSL7BWB55SRD,,,,,,,,Mini 4 Pro,SYNYKJVHNBVEB278D,,,,DJI Fly,,1.13.5,6B469372-F5AD-5F54-AF7F-FF9D0C53EFE0,,,,,,,,,,
1773849677,2m 17.0s,137.0,1.41901810,103.86607574,147.6,147.6,30.0,327.6,2414.7,15.659,15.659,0.000,,-15.659,,-0.000,,2.45,0.00,270.0,270.0,,P-GPS,,,18,4,TRUE,,Mini 4 Pro,,,,,,FALSE,TRUE,,,,,,,,,,,,,,,,,,,,,,,,,,,,,,,,,,,,,,,,,,,,,,,,74.4,,,,7.954,,,,,,,8.438,,,,,,,,,,,,,,,,,,,,,,,,,,,,,,,,1.41650000,103.86550000,942.3,,,,,,,,,,,,,,,,,,,,,,,,,,,,Mini 4 Pro,SYNYKJVHNBVEB278D,CAMMN7BWRBQBWLQ7D,RCSRC4QSYBLRVFLED,BATTNUSL7BWB55SRD,,,,,,,,Mini 4 Pro,SYNYKJVHNBVEB278D,,,,DJI Fly,,1.13.5,6B469372-F5AD-5F54-AF7F-FF9D0C53EFE0,,,,,,,,,,
1773849678,2m 18.0s,138.0,1.41901810,103.86601277,147.6,147.6,30.0,327.6,2437.7,15.659,15.659,0.000,,-15.659,,-0.000,,2.45,0.00,270.0,270.0,,P-GPS,,,18,4,TRUE,,Mini 4 Pro,,,,,,FALSE,TRUE,,,,,,,,,,,,,,,,,,,,,,,,,,,,,,,,,,,,,,,,,,,,,,,,74.4,,,,7.953,,,,,,,8.438,,,,,,,,,,,,,,,,,,,,,,,,,,,,,,,,1.41650000,103.86550000,937.5,,,,,,,,,,,,,,,,,,,,,,,,,,,,Mini 4 Pro,SYNYKJVHNBVEB278D,CAMMN7BWRBQBWLQ7D,RCSRC4QSYBLRVFLED,BATTNUSL7BWB55SRD,,,,,,,,Mini 4 Pro,SYNYKJVHNBVEB278D,,,,DJI Fly,,1.13.5,6B469372-F5AD-5F54-AF7F-FF9D0C53EFE0,,,,,,,,,,
1773849679,2m 19.0s,139.0,1.41901810,103.86594980,147.6,147.6,30.0,327.6,2460.6,15.659,15.659,0.000,,-15.659,,-0.000,,2.45,0.00,270.0,270.0,,P-GPS,,,18,4,TRUE,,Mini 4 Pro,,,,,,FALSE,TRUE,,,,,,,,,,,,,,,,,,,,,,,,,,,,,,,,,,,,,,,,,,,,,,,,74.4,,,,7.953,,,,,,,8.438,,,,,,,,,,,,,,,,,,,,,,,,,,,,,,,,1.41650000,103.86550000,933.2,,,,,,,,,,,,,,,,,,,,,,,,,,,,Mini 4 Pro,SYNYKJVHNBVEB278D,CAMMN7BWRBQBWLQ7D,RCSRC4QSYBLRVFLED,BATTNUSL7BWB55SRD,,,,,,,,Mini 4 Pro,SYNYKJVHNBVEB278D,,,,DJI Fly,,1.13.5,6B469372-F5AD-5F54-AF7F-FF9D0C53EFE0,,,,,,,,,,
1773849680,2m 20.0s,140.0,1.41901810,103.86588683,147.6,147.6,30.0,327.6,2483.6,15.659,15.659,0.000,,-15.659,,-0.000,,2.45,0.00,270.0,270.0,,P-GPS,,,18,4,TRUE,,Mini 4 Pro,,,,,,FALSE,TRUE,,,,,,,,,,,,,,,,,,,,,,,,,,,,,,,,,,,,,,,,,,,,,,,,74.3,,,,7.952,,,,,,,8.438,,,,,,,,,,,,,,,,,,,,,,,,,,,,,,,,1.41650000,103.86550000,929.4,,,,,,,,,,,,,,,,,,,,,,,,,,,,Mini 4 Pro,SYNYKJVHNBVEB278D,CAMMN7BWRBQBWLQ7D,RCSRC4QSYBLRVFLED,BATTNUSL7BWB55SRD,,,,,,,,Mini 4 Pro,SYNYKJVHNBVEB278D,,,,DJI Fly,,1.13.5,6B469372-F5AD-5F54-AF7F-FF9D0C53EFE0,,,,,,,,,,
1773849681,2m 21.0s,141.0,1.41901810,103.86582385,147.6,147.6,30.0,327.6,2506.6,15.659,15.659,0.000,,-15.659,,-0.000,,2.45,0.00,270.0,270.0,,P-GPS,,,18,4,TRUE,,Mini 4 Pro,,,,,,FALSE,TRUE,,,,,,,,,,,,,,,,,,,,,,,,,,,,,,,,,,,,,,,,,,,,,,,,74.3,,,,7.951,,,,,,,8.438,,,,,,,,,,,,,,,,,,,,,,,,,,,,,,,,1.41650000,103.86550000,926.2,,,,,,,,,,,,,,,,,,,,,,,,,,,,Mini 4 Pro,SYNYKJVHNBVEB278D,CAMMN7BWRBQBWLQ7D,RCSRC4QSYBLRVFLED,BATTNUSL7BWB55SRD,,,,,,,,Mini 4 Pro,SYNYKJVHNBVEB278D,,,,DJI Fly,,1.13.5,6B469372-F5AD-5F54-AF7F-FF9D0C53EFE0,,,,,,,,,,
1773849682,2m 22.0s,142.0,1.41901810,103.86576088,147.6,147.6,30.0,327.6,2529.5,15.659,15.659,0.000,,-15.659,,-0.000,,2.45,0.00,270.0,270.0,,P-GPS,,,18,4,TRUE,,Mini 4 Pro,,,,,,FALSE,TRUE,,,,,,,,,,,,,,,,,,,,,,,,,,,,,,,,,,,,,,,,,,,,,,,,74.2,,,,7.951,,,,,,,8.438,,,,,,,,,,,,,,,,,,,,,,,,,,,,,,,,1.41650000,103.86550000,923.5,,,,,,,,,,,,,,,,,,,,,,,,,,,,Mini 4 Pro,SYNYKJVHNBVEB278D,CAMMN7BWRBQBWLQ7D,RCSRC4QSYBLRVFLED,BATTNUSL7BWB55SRD,,,,,,,,Mini 4 Pro,SYNYKJVHNBVEB278D,,,,DJI Fly,,1.13.5,6B469372-F5AD-5F54-AF7F-FF9D0C53EFE0,,,,,,,,,,
1773849683,2m 23.0s,143.0,1.41901810,103.86569791,147.6,147.6,30.0,327.6,2552.5,15.659,15.659,0.000,,-15.659,,-0.000,,2.45,0.00,270.0,270.0,,P-GPS,,,18,4,TRUE,,Mini 4 Pro,,,,,,FALSE,TRUE,,,,,,,,,,,,,,,,,,,,,,,,,,,,,,,,,,,,,,,,,,,,,,,,74.2,,,,7.950,,,,,,,8.438,,,,,,,,,,,,,,,,,,,,,,,,,,,,,,,,1.41650000,103.86550000,921.5,,,,,,,,,,,,,,,,,,,,,,,,,,,,Mini 4 Pro,SYNYKJVHNBVEB278D,CAMMN7BWRBQBWLQ7D,RCSRC4QSYBLRVFLED,BATTNUSL7BWB55SRD,,,,,,,,Mini 4 Pro,SYNYKJVHNBVEB278D,,,,DJI Fly,,1.13.5,6B469372-F5AD-5F54-AF7F-FF9D0C53EFE0,,,,,,,,,,
1773849684,2m 24.0s,144.0,1.41901810,103.86563494,147.6,147.6,30.0,327.6,2575.5,15.659,15.659,0.000,,-15.659,,-0.000,,2.45,0.00,270.0,270.0,,P-GPS,,,18,4,TRUE,,Mini 4 Pro,,,,,,FALSE,TRUE,,,,,,,,,,,,,,,,,,,,,,,,,,,,,,,,,,,,,,,,,,,,,,,,74.2,,,,7.950,,,,,,,8.438,,,,,,,,,,,,,,,,,,,,,,,,,,,,,,,,1.41650000,103.86550000,920.0,,,,,,,,,,,,,,,,,,,,,,,,,,,,Mini 4 Pro,SYNYKJVHNBVEB278D,CAMMN7BWRBQBWLQ7D,RCSRC4QSYBLRVFLED,BATTNUSL7BWB55SRD,,,,,,,,Mini 4 Pro,SYNYKJVHNBVEB278D,,,,DJI Fly,,1.13.5,6B469372-F5AD-5F54-AF7F-FF9D0C53EFE0,,,,,,,,,,
1773849685,2m 25.0s,145.0,1.41901810,103.86557197,147.6,147.6,30.0,327.6,2598.4,15.659,15.659,0.000,,-15.659,,-0.000,,2.45,0.00,270.0,270.0,,P-GPS,,,18,4,TRUE,,Mini 4 Pro,,,,,,FALSE,TRUE,,,,,,,,,,,,,,,,,,,,,,,,,,,,,,,,,,,,,,,,,,,,,,,,74.1,,,,7.949,,,,,,,8.438,,,,,,,,,,,,,,,,,,,,,,,,,,,,,,,,1.41650000,103.86550000,919.0,,,,,,,,,,,,,,,,,,,,,,,,,,,,Mini 4 Pro,SYNYKJVHNBVEB278D,CAMMN7BWRBQBWLQ7D,RCSRC4QSYBLRVFLED,BATTNUSL7BWB55SRD,,,,,,,,Mini 4 Pro,SYNYKJVHNBVEB278D,,,,DJI Fly,,1.13.5,6B469372-F5AD-5F54-AF7F-FF9D0C53EFE0,,,,,,,,,,
1773849686,2m 26.0s,146.0,1.41901810,103.86550900,147.6,147.6,30.0,327.6,2621.4,15.659,15.659,0.000,,-15.659,,-0.000,,2.45,0.00,270.0,270.0,,P-GPS,,,18,4,TRUE,,Mini 4 Pro,,,,,,FALSE,TRUE,,,,,,,,,,,,,,,,,,,,,,,,,,,,,,,,,,,,,,,,,,,,,,,,74.1,,,,7.948,,,,,,,8.438,,,,,,,,,,,,,,,,,,,,,,,,,,,,,,,,1.41650000,103.86550000,918.6,,,,,,,,,,,,,,,,,,,,,,,,,,,,Mini 4 Pro,SYNYKJVHNBVEB278D,CAMMN7BWRBQBWLQ7D,RCSRC4QSYBLRVFLED,BATTNUSL7BWB55SRD,,,,,,,,Mini 4 Pro,SYNYKJVHNBVEB278D,,,,DJI Fly,,1.13.5,6B469372-F5AD-5F54-AF7F-FF9D0C53EFE0,,,,,,,,,,
1773849687,2m 27.0s,147.0,1.41901810,103.86544602,147.6,147.6,30.0,327.6,2644.4,15.659,15.659,0.000,,-15.659,,-0.000,,2.45,0.00,270.0,270.0,,P-GPS,,,18,4,TRUE,,Mini 4 Pro,,,,,,FALSE,TRUE,,,,,,,,,,,,,,,,,,,,,,,,,,,,,,,,,,,,,,,,,,,,,,,,74.0,,,,7.948,,,,,,,8.438,,,,,,,,,,,,,,,,,,,,,,,,,,,,,,,,1.41650000,103.86550000,918.8,,,,,,,,,,,,,,,,,,,,,,,,,,,,Mini 4 Pro,SYNYKJVHNBVEB278D,CAMMN7BWRBQBWLQ7D,RCSRC4QSYBLRVFLED,BATTNUSL7BWB55SRD,,,,,,,,Mini 4 Pro,SYNYKJVHNBVEB278D,,,,DJI Fly,,1.13.5,6B469372-F5AD-5F54-AF7F-FF9D0C53EFE0,,,,,,,,,,
1773849688,2m 28.0s,148.0,1.41901810,103.86538305,147.6,147.6,30.0,327.6,2667.3,15.659,15.659,0.000,,-15.659,,-0.000,,2.45,0.00,270.0,270.0,,P-GPS,,,18,4,TRUE,,Mini 4 Pro,,,,,,FALSE,TRUE,,,,,,,,,,,,,,,,,,,,,,,,,,,,,,,,,,,,,,,,,,,,,,,,74.0,,,,7.947,,,,,,,8.438,,,,,,,,,,,,,,,,,,,,,,,,,,,,,,,,1.41650000,103.86550000,919.6,,,,,,,,,,,,,,,,,,,,,,,,,,,,Mini 4 Pro,SYNYKJVHNBVEB278D,CAMMN7BWRBQBWLQ7D,RCSRC4QSYBLRVFLED,BATTNUSL7BWB55SRD,,,,,,,,Mini 4 Pro,SYNYKJVHNBVEB278D,,,,DJI Fly,,1.13.5,6B469372-F5AD-5F54-AF7F-FF9D0C53EFE0,,,,,,,,,,
1773849689,2m 29.0s,149.0,1.41901810,103.86532008,147.6,147.6,30.0,327.6,2690.3,15.659,15.659,0.000,,-15.659,,-0.000,,2.45,0.00,270.0,270.0,,P-GPS,,,18,4,TRUE,,Mini 4 Pro,,,,,,FALSE,TRUE,,,,,,,,,,,,,,,,,,,,,,,,,,,,,,,,,,,,,,,,,,,,,,,,74.0,,,,7.946,,,,,,,8.438,,,,,,,,,,,,,,,,,,,,,,,,,,,,,,,,1.41650000,103.86550000,921.0,,,,,,,,,,,,,,,,,,,,,,,,,,,,Mini 4 Pro,SYNYKJVHNBVEB278D,CAMMN7BWRBQBWLQ7D,RCSRC4QSYBLRVFLED,BATTNUSL7BWB55SRD,,,,,,,,Mini 4 Pro,SYNYKJVHNBVEB278D,,,,DJI Fly,,1.13.5,6B469372-F5AD-5F54-AF7F-FF9D0C53EFE0,,,,,,,,,,
1773849690,2m 30.0s,150.0,1.41901810,103.86525711,147.6,147.6,30.0,327.6,2713.3,15.659,15.659,0.000,,-15.659,,-0.000,,2.45,0.00,270.0,270.0,,P-GPS,,,18,4,TRUE,,Mini 4 Pro,,,,,,FALSE,TRUE,,,,,,,,,,,,,,,,,,,,,,,,,,,,,,,,,,,,,,,,,,,,,,,,73.9,,,,7.946,,,,,,,8.438,,,,,,,,,,,,,,,,,,,,,,,,,,,,,,,,1.41650000,103.86550000,922.9,,,,,,,,,,,,,,,,,,,,,,,,,,,,Mini 4 Pro,SYNYKJVHNBVEB278D,CAMMN7BWRBQBWLQ7D,RCSRC4QSYBLRVFLED,BATTNUSL7BWB55SRD,,,,,,,,Mini 4 Pro,SYNYKJVHNBVEB278D,,,,DJI Fly,,1.13.5,6B469372-F5AD-5F54-AF7F-FF9D0C53EFE0,,,,,,,,,,
1773849691,2m 31.0s,151.0,1.41901810,103.86519414,147.6,147.6,30.0,327.6,2736.2,15.659,15.659,0.000,,-15.659,,-0.000,,2.45,0.00,270.0,270.0,,P-GPS,,,18,4,TRUE,,Mini 4 Pro,,,,,,FALSE,TRUE,,,,,,,,,,,,,,,,,,,,,,,,,,,,,,,,,,,,,,,,,,,,,,,,73.9,,,,7.945,,,,,,,8.438,,,,,,,,,,,,,,,,,,,,,,,,,,,,,,,,1.41650000,103.86550000,925.4,,,,,,,,,,,,,,,,,,,,,,,,,,,,Mini 4 Pro,SYNYKJVHNBVEB278D,CAMMN7BWRBQBWLQ7D,RCSRC4QSYBLRVFLED,BATTNUSL7BWB55SRD,,,,,,,,Mini 4 Pro,SYNYKJVHNBVEB278D,,,,DJI Fly,,1.13.5,6B469372-F5AD-5F54-AF7F-FF9D0C53EFE0,,,,,,,,,,
1773849692,2m 32.0s,152.0,1.41896158,103.86516641,147.6,147.6,30.0,327.6,2759.2,15.659,15.659,-14.059,,-6.895,,-0.000,,2.45,-25.00,206.1,206.1,,P-GPS,,,18,4,TRUE,,Mini 4 Pro,,,,,,FALSE,TRUE,,,,,,,,,,,,,,,,,,,,,,,,,,,,,,,,,,,,,,,,,,,,,,,,73.8,,,,7.944,,,,,,,8.438,,,,,,,,,,,,,,,,,,,,,,,,,,,,,,,,1.41650000,103.86550000,906.2,,,,,,,,,,,,,,,,,,,,,,,,,,,,Mini 4 Pro,SYNYKJVHNBVEB278D,CAMMN7BWRBQBWLQ7D,RCSRC4QSYBLRVFLED,BATTNUSL7BWB55SRD,,,,,,,,Mini 4 Pro,SYNYKJVHNBVEB278D,,,,DJI Fly,,1.13.5,6B469372-F5AD-5F54-AF7F-FF9D0C53EFE0,,,,,,,,,,
1773849693,2m 33.0s,153.0,1.41890506,103.86513868,147.6,147.6,30.0,327.6,2782.2,15.659,15.659,-14.059,,-6.895,,-0.000,,2.45,0.00,206.1,206.1,,P-GPS,,,18,4,TRUE,,Mini 4 Pro,,,,,,FALSE,TRUE,,,,,,,,,,,,,,,,,,,,,,,,,,,,,,,,,,,,,,,,,,,,,,,,73.8,,,,7.944,,,,,,,8.438,,,,,,,,,,,,,,,,,,,,,,,,,,,,,,,,1.41650000,103.86550000,887.2,,,,,,,,,,,,,,,,,,,,,,,,,,,,Mini 4 Pro,SYNYKJVHNBVEB278D,CAMMN7BWRBQBWLQ7D,RCSRC4QSYBLRVFLED,BATTNUSL7BWB55SRD,,,,,,,,Mini 4 Pro,SYNYKJVHNBVEB278D,,,,DJI Fly,,1.13.5,6B469372-F5AD-5F54-AF7F-FF9D0C53EFE0,,,,,,,,,,
1773849694,2m 34.0s,154.0,1.41884854,103.86511095,147.6,147.6,30.0,327.6,2805.1,15.659,15.659,-14.059,,-6.895,,-0.000,,2.45,0.00,206.1,206.1,,P-GPS,,,18,4,TRUE,,Mini 4 Pro,,,,,,FALSE,TRUE,,,,,,,,,,,,,,,,,,,,,,,,,,,,,,,,,,,,,,,,,,,,,,,,73.8,,,,7.943,,,,,,,8.438,,,,,,,,,,,,,,,,,,,,,,,,,,,,,,,,1.41650000,103.86550000,868.4,,,,,,,,,,,,,,,,,,,,,,,,,,,,Mini 4 Pro,SYNYKJVHNBVEB278D,CAMMN7BWRBQBWLQ7D,RCSRC4QSYBLRVFLED,BATTNUSL7BWB55SRD,,,,,,,,Mini 4 Pro,SYNYKJVHNBVEB278D,,,,DJI Fly,,1.13.5,6B469372-F5AD-5F54-AF7F-FF9D0C53EFE0,,,,,,,,,,
1773849695,2m 35.0s,155.0,1.41879202,103.86508322,147.6,147.6,30.0,327.6,2828.1,15.659,15.659,-14.059,,-6.895,,-0.000,,2.45,0.00,206.1,206.1,,P-GPS,,,18,4,TRUE,,Mini 4 Pro,,,,,,FALSE,TRUE,,,,,,,,,,,,,,,,,,,,,,,,,,,,,,,,,,,,,,,,,,,,,,,,73.7,,,,7.943,,,,,,,8.438,,,,,,,,,,,,,,,,,,,,,,,,,,,,,,,,1.41650000,103.86550000,849.9,,,,,,,,,,,,,,,,,,,,,,,,,,,,Mini 4 Pro,SYNYKJVHNBVEB278D,CAMMN7BWRBQBWLQ7D,RCSRC4QSYBLRVFLED,BATTNUSL7BWB55SRD,,,,,,,,Mini 4 Pro,SYNYKJVHNBVEB278D,,,,DJI Fly,,1.13.5,6B469372-F5AD-5F54-AF7F-FF9D0C53EFE0,,,,,,,,,,
1773849696,2m 36.0s,156.0,1.41873550,103.86505549,147.6,147.6,30.0,327.6,2851.0,15.659,15.659,-14.059,,-6.895,,-0.000,,2.45,0.00,206.1,206.1,,P-GPS,,,18,4,TRUE,,Mini 4 Pro,,,,,,FALSE,TRUE,,,,,,,,,,,,,,,,,,,,,,,,,,,,,,,,,,,,,,,,,,,,,,,,73.7,,,,7.942,,,,,,,8.438,,,,,,,,,,,,,,,,,,,,,,,,,,,,,,,,1.41650000,103.86550000,831.5,,,,,,,,,,,,,,,,,,,,,,,,,,,,Mini 4 Pro,SYNYKJVHNBVEB278D,CAMMN7BWRBQBWLQ7D,RCSRC4QSYBLRVFLED,BATTNUSL7BWB55SRD,,,,,,,,Mini 4 Pro,SYNYKJVHNBVEB278D,,,,DJI Fly,,1.13.5,6B469372-F5AD-5F54-AF7F-FF9D0C53EFE0,,,,,,,,,,
1773849697,2m 37.0s,157.0,1.41867898,103.86502776,147.6,147.6,30.0,327.6,2874.0,15.659,15.659,-14.059,,-6.895,,-0.000,,2.45,0.00,206.1,206.1,,P-GPS,,,18,4,TRUE,,Mini 4 Pro,,,,,,FALSE,TRUE,,,,,,,,,,,,,,,,,,,,,,,,,,,,,,,,,,,,,,,,,,,,,,,,73.6,,,,7.941,,,,,,,8.438,,,,,,,,,,,,,,,,,,,,,,,,,,,,,,,,1.41650000,103.86550000,813.4,,,,,,,,,,,,,,,,,,,,,,,,,,,,Mini 4 Pro,SYNYKJVHNBVEB278D,CAMMN7BWRBQBWLQ7D,RCSRC4QSYBLRVFLED,BATTNUSL7BWB55SRD,,,,,,,,Mini 4 Pro,SYNYKJVHNBVEB278D,,,,DJI Fly,,1.13.5,6B469372-F5AD-5F54-AF7F-FF9D0C53EFE0,,,,,,,,,,
1773849698,2m 38.0s,158.0,1.41862246,103.86500003,147.6,147.6,30.0,327.6,2897.0,15.659,15.659,-14.059,,-6.895,,-0.000,,2.45,0.00,206.1,206.1,,P-GPS,,,18,4,TRUE,,Mini 4 Pro,,,,,,FALSE,TRUE,,,,,,,,,,,,,,,,,,,,,,,,,,,,,,,,,,,,,,,,,,,,,,,,73.6,,,,7.941,,,,,,,8.438,,,,,,,,,,,,,,,,,,,,,,,,,,,,,,,,1.41650000,103.86550000,795.5,,,,,,,,,,,,,,,,,,,,,,,,,,,,Mini 4 Pro,SYNYKJVHNBVEB278D,CAMMN7BWRBQBWLQ7D,RCSRC4QSYBLRVFLED,BATTNUSL7BWB55SRD,,,,,,,,Mini 4 Pro,SYNYKJVHNBVEB278D,,,,DJI Fly,,1.13.5,6B469372-F5AD-5F54-AF7F-FF9D0C53EFE0,,,,,,,,,,
1773849699,2m 39.0s,159.0,1.41856594,103.86497230,147.6,147.6,30.0,327.6,2919.9,15.659,15.659,-14.059,,-6.895,,-0.000,,2.45,0.00,206.1,206.1,,P-GPS,,,18,4,TRUE,,Mini 4 Pro,,,,,,FALSE,TRUE,,,,,,,,,,,,,,,,,,,,,,,,,,,,,,,,,,,,,,,,,,,,,,,,73.6,,,,7.940,,,,,,,8.438,,,,,,,,,,,,,,,,,,,,,,,,,,,,,,,,1.41650000,103.86550000,777.9,,,,,,,,,,,,,,,,,,,,,,,,,,,,Mini 4 Pro,SYNYKJVHNBVEB278D,CAMMN7BWRBQBWLQ7D,RCSRC4QSYBLRVFLED,BATTNUSL7BWB55SRD,,,,,,,,Mini 4 Pro,SYNYKJVHNBVEB278D,,,,DJI Fly,,1.13.5,6B469372-F5AD-5F54-AF7F-FF9D0C53EFE0,,,,,,,,,,
1773849700,2m 40.0s,160.0,1.41850942,103.86494457,147.6,147.6,30.0,327.6,2942.9,15.659,15.659,-14.059,,-6.895,,-0.000,,2.45,0.00,206.1,206.1,,P-GPS,,,18,4,TRUE,,Mini 4 Pro,,,,,,FALSE,TRUE,,,,,,,,,,,,,,,,,,,,,,,,,,,,,,,,,,,,,,,,,,,,,,,,73.5,,,,7.939,,,,,,,8.438,,,,,,,,,,,,,,,,,,,,,,,,,,,,,,,,1.41650000,103.86550000,760.5,,,,,,,,,,,,,,,,,,,,,,,,,,,,Mini 4 Pro,SYNYKJVHNBVEB278D,CAMMN7BWRBQBWLQ7D,RCSRC4QSYBLRVFLED,BATTNUSL7BWB55SRD,,,,,,,,Mini 4 Pro,SYNYKJVHNBVEB278D,,,,DJI Fly,,1.13.5,6B469372-F5AD-5F54-AF7F-FF9D0C53EFE0,,,,,,,,,,
1773849701,2m 41.0s,161.0,1.41845290,103.86491683,147.6,147.6,30.0,327.6,2965.9,15.659,15.659,-14.059,,-6.895,,-0.000,,2.45,0.00,206.1,206.1,,P-GPS,,,18,4,TRUE,,Mini 4 Pro,,,,,,FALSE,TRUE,,,,,,,,,,,,,,,,,,,,,,,,,,,,,,,,,,,,,,,,,,,,,,,,73.5,,,,7.939,,,,,,,8.438,,,,,,,,,,,,,,,,,,,,,,,,,,,,,,,,1.41650000,103.86550000,743.5,,,,,,,,,,,,,,,,,,,,,,,,,,,,Mini 4 Pro,SYNYKJVHNBVEB278D,CAMMN7BWRBQBWLQ7D,RCSRC4QSYBLRVFLED,BATTNUSL7BWB55SRD,,,,,,,,Mini 4 Pro,SYNYKJVHNBVEB278D,,,,DJI Fly,,1.13.5,6B469372-F5AD-5F54-AF7F-FF9D0C53EFE0,,,,,,,,,,
1773849702,2m 42.0s,162.0,1.41839638,103.86488910,147.6,147.6,30.0,327.6,2988.8,15.659,15.659,-14.059,,-6.895,,-0.000,,2.45,0.00,206.1,206.1,,P-GPS,,,18,4,TRUE,,Mini 4 Pro,,,,,,FALSE,TRUE,,,,,,,,,,,,,,,,,,,,,,,,,,,,,,,,,,,,,,,,,,,,,,,,73.4,,,,7.938,,,,,,,8.438,,,,,,,,,,,,,,,,,,,,,,,,,,,,,,,,1.41650000,103.86550000,726.8,,,,,,,,,,,,,,,,,,,,,,,,,,,,Mini 4 Pro,SYNYKJVHNBVEB278D,CAMMN7BWRBQBWLQ7D,RCSRC4QSYBLRVFLED,BATTNUSL7BWB55SRD,,,,,,,,Mini 4 Pro,SYNYKJVHNBVEB278D,,,,DJI Fly,,1.13.5,6B469372-F5AD-5F54-AF7F-FF9D0C53EFE0,,,,,,,,,,
1773849703,2m 43.0s,163.0,1.41833986,103.86486137,147.6,147.6,30.0,327.6,3011.8,15.659,15.659,-14.059,,-6.895,,-0.000,,2.45,0.00,206.1,206.1,,P-GPS,,,18,4,TRUE,,Mini 4 Pro,,,,,,FALSE,TRUE,,,,,,,,,,,,,,,,,,,,,,,,,,,,,,,,,,,,,,,,,,,,,,,,73.4,,,,7.938,,,,,,,8.438,,,,,,,,,,,,,,,,,,,,,,,,,,,,,,,,1.41650000,103.86550000,710.5,,,,,,,,,,,,,,,,,,,,,,,,,,,,Mini 4 Pro,SYNYKJVHNBVEB278D,CAMMN7BWRBQBWLQ7D,RCSRC4QSYBLRVFLED,BATTNUSL7BWB55SRD,,,,,,,,Mini 4 Pro,SYNYKJVHNBVEB278D,,,,DJI Fly,,1.13.5,6B469372-F5AD-5F54-AF7F-FF9D0C53EFE0,,,,,,,,,,
1773849704,2m 44.0s,164.0,1.41828334,103.86483364,147.6,147.6,30.0,327.6,3034.8,15.659,15.659,-14.059,,-6.895,,-0.000,,2.45,0.00,206.1,206.1,,P-GPS,,,18,4,TRUE,,Mini 4 Pro,,,,,,FALSE,TRUE,,,,,,,,,,,,,,,,,,,,,,,,,,,,,,,,,,,,,,,,,,,,,,,,73.4,,,,7.937,,,,,,,8.438,,,,,,,,,,,,,,,,,,,,,,,,,,,,,,,,1.41650000,103.86550000,694.5,,,,,,,,,,,,,,,,,,,,,,,,,,,,Mini 4 Pro,SYNYKJVHNBVEB278D,CAMMN7BWRBQBWLQ7D,RCSRC4QSYBLRVFLED,BATTNUSL7BWB55SRD,,,,,,,,Mini 4 Pro,SYNYKJVHNBVEB278D,,,,DJI Fly,,1.13.5,6B469372-F5AD-5F54-AF7F-FF9D0C53EFE0,,,,,,,,,,
1773849705,2m 45.0s,165.0,1.41822682,103.86480591,147.6,147.6,30.0,327.6,3057.7,15.659,15.659,-14.059,,-6.895,,-0.000,,2.45,0.00,206.1,206.1,,P-GPS,,,18,4,TRUE,,Mini 4 Pro,,,,,,FALSE,TRUE,,,,,,,,,,,,,,,,,,,,,,,,,,,,,,,,,,,,,,,,,,,,,,,,73.3,,,,7.936,,,,,,,8.438,,,,,,,,,,,,,,,,,,,,,,,,,,,,,,,,1.41650000,103.86550000,678.9,,,,,,,,,,,,,,,,,,,,,,,,,,,,Mini 4 Pro,SYNYKJVHNBVEB278D,CAMMN7BWRBQBWLQ7D,RCSRC4QSYBLRVFLED,BATTNUSL7BWB55SRD,,,,,,,,Mini 4 Pro,SYNYKJVHNBVEB278D,,,,DJI Fly,,1.13.5,6B469372-F5AD-5F54-AF7F-FF9D0C53EFE0,,,,,,,,,,
1773849706,2m 46.0s,166.0,1.41817030,103.86477818,147.6,147.6,30.0,327.6,3080.7,15.659,15.659,-14.059,,-6.895,,-0.000,,2.45,0.00,206.1,206.1,,P-GPS,,,18,4,TRUE,,Mini 4 Pro,,,,,,FALSE,TRUE,,,,,,,,,,,,,,,,,,,,,,,,,,,,,,,,,,,,,,,,,,,,,,,,73.3,,,,7.936,,,,,,,8.438,,,,,,,,,,,,,,,,,,,,,,,,,,,,,,,,1.41650000,103.86550000,663.8,,,,,,,,,,,,,,,,,,,,,,,,,,,,Mini 4 Pro,SYNYKJVHNBVEB278D,CAMMN7BWRBQBWLQ7D,RCSRC4QSYBLRVFLED,BATTNUSL7BWB55SRD,,,,,,,,Mini 4 Pro,SYNYKJVHNBVEB278D,,,,DJI Fly,,1.13.5,6B469372-F5AD-5F54-AF7F-FF9D0C53EFE0,,,,,,,,,,
1773849707,2m 47.0s,167.0,1.41811378,103.86475045,147.6,147.6,30.0,327.6,3103.7,15.659,15.659,-14.059,,-6.895,,-0.000,,2.45,0.00,206.1,206.1,,P-GPS,,,18,4,TRUE,,Mini 4 Pro,,,,,,FALSE,TRUE,,,,,,,,,,,,,,,,,,,,,,,,,,,,,,,,,,,,,,,,,,,,,,,,73.2,,,,7.935,,,,,,,8.438,,,,,,,,,,,,,,,,,,,,,,,,,,,,,,,,1.41650000,103.86550000,649.1,,,,,,,,,,,,,,,,,,,,,,,,,,,,Mini 4 Pro,SYNYKJVHNBVEB278D,CAMMN7BWRBQBWLQ7D,RCSRC4QSYBLRVFLED,BATTNUSL7BWB55SRD,,,,,,,,Mini 4 Pro,SYNYKJVHNBVEB278D,,,,DJI Fly,,1.13.5,6B469372-F5AD-5F54-AF7F-FF9D0C53EFE0,,,,,,,,,,
1773849708,2m 48.0s,168.0,1.41805726,103.86472272,147.6,147.6,30.0,327.6,3126.6,15.659,15.659,-14.059,,-6.895,,-0.000,,2.45,0.00,206.1,206.1,,P-GPS,,,18,4,TRUE,,Mini 4 Pro,,,,,,FALSE,TRUE,,,,,,,,,,,,,,,,,,,,,,,,,,,,,,,,,,,,,,,,,,,,,,,,73.2,,,,7.934,,,,,,,8.438,,,,,,,,,,,,,,,,,,,,,,,,,,,,,,,,1.41650000,103.86550000,634.9,,,,,,,,,,,,,,,,,,,,,,,,,,,,Mini 4 Pro,SYNYKJVHNBVEB278D,CAMMN7BWRBQBWLQ7D,RCSRC4QSYBLRVFLED,BATTNUSL7BWB55SRD,,,,,,,,Mini 4 Pro,SYNYKJVHNBVEB278D,,,,DJI Fly,,1.13.5,6B469372-F5AD-5F54-AF7F-FF9D0C53EFE0,,,,,,,,,,
1773849709,2m 49.0s,169.0,1.41800074,103.86469499,147.6,147.6,30.0,327.6,3149.6,15.659,15.659,-14.059,,-6.895,,-0.000,,2.45,0.00,206.1,206.1,,P-GPS,,,18,4,TRUE,,Mini 4 Pro,,,,,,FALSE,TRUE,,,,,,,,,,,,,,,,,,,,,,,,,,,,,,,,,,,,,,,,,,,,,,,,73.1,,,,7.934,,,,,,,8.438,,,,,,,,,,,,,,,,,,,,,,,,,,,,,,,,1.41650000,103.86550000,621.2,,,,,,,,,,,,,,,,,,,,,,,,,,,,Mini 4 Pro,SYNYKJVHNBVEB278D,CAMMN7BWRBQBWLQ7D,RCSRC4QSYBLRVFLED,BATTNUSL7BWB55SRD,,,,,,,,Mini 4 Pro,SYNYKJVHNBVEB278D,,,,DJI Fly,,1.13.5,6B469372-F5AD-5F54-AF7F-FF9D0C53EFE0,,,,,,,,,,
1773849710,2m 50.0s,170.0,1.41794422,103.86466726,147.6,147.6,30.0,327.6,3172.6,15.659,15.659,-14.059,,-6.895,,-0.000,,2.45,0.00,206.1,206.1,,P-GPS,,,18,4,TRUE,,Mini 4 Pro,,,,,,FALSE,TRUE,,,,,,,,,,,,,,,,,,,,,,,,,,,,,,,,,,,,,,,,,,,,,,,,73.1,,,,7.933,,,,,,,8.438,,,,,,,,,,,,,,,,,,,,,,,,,,,,,,,,1.41650000,103.86550000,608.1,,,,,,,,,,,,,,,,,,,,,,,,,,,,Mini 4 Pro,SYNYKJVHNBVEB278D,CAMMN7BWRBQBWLQ7D,RCSRC4QSYBLRVFLED,BATTNUSL7BWB55SRD,,,,,,,,Mini 4 Pro,SYNYKJVHNBVEB278D,,,,DJI Fly,,1.13.5,6B469372-F5AD-5F54-AF7F-FF9D0C53EFE0,,,,,,,,,,
1773849711,2m 51.0s,171.0,1.41788770,103.86463953,147.6,147.6,30.0,327.6,3195.5,15.659,15.659,-14.059,,-6.895,,-0.000,,2.45,0.00,206.1,206.1,,P-GPS,,,18,4,TRUE,,Mini 4 Pro,,,,,,FALSE,TRUE,,,,,,,,,,,,,,,,,,,,,,,,,,,,,,,,,,,,,,,,,,,,,,,,73.1,,,,7.933,,,,,,,8.438,,,,,,,,,,,,,,,,,,,,,,,,,,,,,,,,1.41650000,103.86550000,595.6,,,,,,,,,,,,,,,,,,,,,,,,,,,,Mini 4 Pro,SYNYKJVHNBVEB278D,CAMMN7BWRBQBWLQ7D,RCSRC4QSYBLRVFLED,BATTNUSL7BWB55SRD,,,,,,,,Mini 4 Pro,SYNYKJVHNBVEB278D,,,,DJI Fly,,1.13.5,6B469372-F5AD-5F54-AF7F-FF9D0C53EFE0,,,,,,,,,,
1773849712,2m 52.0s,172.0,1.41783118,103.86461180,147.6,147.6,30.0,327.6,3218.5,15.659,15.659,-14.059,,-6.895,,-0.000,,2.45,0.00,206.1,206.1,,P-GPS,,,18,4,TRUE,,Mini 4 Pro,,,,,,FALSE,TRUE,,,,,,,,,,,,,,,,,,,,,,,,,,,,,,,,,,,,,,,,,,,,,,,,73.0,,,,7.932,,,,,,,8.438,,,,,,,,,,,,,,,,,,,,,,,,,,,,,,,,1.41650000,103.86550000,583.8,,,,,,,,,,,,,,,,,,,,,,,,,,,,Mini 4 Pro,SYNYKJVHNBVEB278D,CAMMN7BWRBQBWLQ7D,RCSRC4QSYBLRVFLED,BATTNUSL7BWB55SRD,,,,,,,,Mini 4 Pro,SYNYKJVHNBVEB278D,,,,DJI Fly,,1.13.5,6B469372-F5AD-5F54-AF7F-FF9D0C53EFE0,,,,,,,,,,
1773849713,2m 53.0s,173.0,1.41777466,103.86458407,147.6,147.6,30.0,327.6,3241.5,15.659,15.659,-14.059,,-6.895,,-0.000,,2.45,0.00,206.1,206.1,,P-GPS,,,18,4,TRUE,,Mini 4 Pro,,,,,,FALSE,TRUE,,,,,,,,,,,,,,,,,,,,,,,,,,,,,,,,,,,,,,,,,,,,,,,,73.0,,,,7.931,,,,,,,8.438,,,,,,,,,,,,,,,,,,,,,,,,,,,,,,,,1.41650000,103.86550000,572.6,,,,,,,,,,,,,,,,,,,,,,,,,,,,Mini 4 Pro,SYNYKJVHNBVEB278D,CAMMN7BWRBQBWLQ7D,RCSRC4QSYBLRVFLED,BATTNUSL7BWB55SRD,,,,,,,,Mini 4 Pro,SYNYKJVHNBVEB278D,,,,DJI Fly,,1.13.5,6B469372-F5AD-5F54-AF7F-FF9D0C53EFE0,,,,,,,,,,
1773849714,2m 54.0s,174.0,1.41771814,103.86455634,147.6,147.6,30.0,327.6,3264.4,15.659,15.659,-14.059,,-6.895,,-0.000,,2.45,0.00,206.1,206.1,,P-GPS,,,18,4,TRUE,,Mini 4 Pro,,,,,,FALSE,TRUE,,,,,,,,,,,,,,,,,,,,,,,,,,,,,,,,,,,,,,,,,,,,,,,,72.9,,,,7.931,,,,,,,8.438,,,,,,,,,,,,,,,,,,,,,,,,,,,,,,,,1.41650000,103.86550000,562.1,,,,,,,,,,,,,,,,,,,,,,,,,,,,Mini 4 Pro,SYNYKJVHNBVEB278D,CAMMN7BWRBQBWLQ7D,RCSRC4QSYBLRVFLED,BATTNUSL7BWB55SRD,,,,,,,,Mini 4 Pro,SYNYKJVHNBVEB278D,,,,DJI Fly,,1.13.5,6B469372-F5AD-5F54-AF7F-FF9D0C53EFE0,,,,,,,,,,
1773849715,2m 55.0s,175.0,1.41766162,103.86452861,147.6,147.6,30.0,327.6,3287.4,15.659,15.659,-14.059,,-6.895,,-0.000,,2.45,0.00,206.1,206.1,,P-GPS,,,18,4,TRUE,,Mini 4 Pro,,,,,,FALSE,TRUE,,,,,,,,,,,,,,,,,,,,,,,,,,,,,,,,,,,,,,,,,,,,,,,,72.9,,,,7.930,,,,,,,8.438,,,,,,,,,,,,,,,,,,,,,,,,,,,,,,,,1.41650000,103.86550000,552.3,,,,,,,,,,,,,,,,,,,,,,,,,,,,Mini 4 Pro,SYNYKJVHNBVEB278D,CAMMN7BWRBQBWLQ7D,RCSRC4QSYBLRVFLED,BATTNUSL7BWB55SRD,,,,,,,,Mini 4 Pro,SYNYKJVHNBVEB278D,,,,DJI Fly,,1.13.5,6B469372-F5AD-5F54-AF7F-FF9D0C53EFE0,,,,,,,,,,
1773849716,2m 56.0s,176.0,1.41760510,103.86450088,147.6,147.6,30.0,327.6,3310.4,15.659,15.659,-14.059,,-6.895,,-0.000,,2.45,0.00,206.1,206.1,,P-GPS,,,18,4,TRUE,,Mini 4 Pro,,,,,,FALSE,TRUE,,,,,,,,,,,,,,,,,,,,,,,,,,,,,,,,,,,,,,,,,,,,,,,,72.9,,,,7.929,,,,,,,8.438,,,,,,,,,,,,,,,,,,,,,,,,,,,,,,,,1.41650000,103.86550000,543.4,,,,,,,,,,,,,,,,,,,,,,,,,,,,Mini 4 Pro,SYNYKJVHNBVEB278D,CAMMN7BWRBQBWLQ7D,RCSRC4QSYBLRVFLED,BATTNUSL7BWB55SRD,,,,,,,,Mini 4 Pro,SYNYKJVHNBVEB278D,,,,DJI Fly,,1.13.5,6B469372-F5AD-5F54-AF7F-FF9D0C53EFE0,,,,,,,,,,
1773849717,2m 57.0s,177.0,1.41754858,103.86447315,147.6,147.6,30.0,327.6,3333.3,15.659,15.659,-14.059,,-6.895,,-0.000,,2.45,0.00,206.1,206.1,,P-GPS,,,18,4,TRUE,,Mini 4 Pro,,,,,,FALSE,TRUE,,,,,,,,,,,,,,,,,,,,,,,,,,,,,,,,,,,,,,,,,,,,,,,,72.8,,,,7.929,,,,,,,8.438,,,,,,,,,,,,,,,,,,,,,,,,,,,,,,,,1.41650000,103.86550000,535.3,,,,,,,,,,,,,,,,,,,,,,,,,,,,Mini 4 Pro,SYNYKJVHNBVEB278D,CAMMN7BWRBQBWLQ7D,RCSRC4QSYBLRVFLED,BATTNUSL7BWB55SRD,,,,,,,,Mini 4 Pro,SYNYKJVHNBVEB278D,,,,DJI Fly,,1.13.5,6B469372-F5AD-5F54-AF7F-FF9D0C53EFE0,,,,,,,,,,
1773849718,2m 58.0s,178.0,1.41749206,103.86444542,147.6,147.6,30.0,327.6,3356.3,15.659,15.659,-14.059,,-6.895,,-0.000,,2.45,0.00,206.1,206.1,,P-GPS,,,18,4,TRUE,,Mini 4 Pro,,,,,,FALSE,TRUE,,,,,,,,,,,,,,,,,,,,,,,,,,,,,,,,,,,,,,,,,,,,,,,,72.8,,,,7.928,,,,,,,8.438,,,,,,,,,,,,,,,,,,,,,,,,,,,,,,,,1.41650000,103.86550000,528.1,,,,,,,,,,,,,,,,,,,,,,,,,,,,Mini 4 Pro,SYNYKJVHNBVEB278D,CAMMN7BWRBQBWLQ7D,RCSRC4QSYBLRVFLED,BATTNUSL7BWB55SRD,,,,,,,,Mini 4 Pro,SYNYKJVHNBVEB278D,,,,DJI Fly,,1.13.5,6B469372-F5AD-5F54-AF7F-FF9D0C53EFE0,,,,,,,,,,
1773849719,2m 59.0s,179.0,1.41743554,103.86441769,147.6,147.6,30.0,327.6,3379.3,15.659,15.659,-14.059,,-6.895,,-0.000,,2.45,0.00,206.1,206.1,,P-GPS,,,18,4,TRUE,,Mini 4 Pro,,,,,,FALSE,TRUE,,,,,,,,,,,,,,,,,,,,,,,,,,,,,,,,,,,,,,,,,,,,,,,,72.7,,,,7.928,,,,,,,8.438,,,,,,,,,,,,,,,,,,,,,,,,,,,,,,,,1.41650000,103.86550000,521.8,,,,,,,,,,,,,,,,,,,,,,,,,,,,Mini 4 Pro,SYNYKJVHNBVEB278D,CAMMN7BWRBQBWLQ7D,RCSRC4QSYBLRVFLED,BATTNUSL7BWB55SRD,,,,,,,,Mini 4 Pro,SYNYKJVHNBVEB278D,,,,DJI Fly,,1.13.5,6B469372-F5AD-5F54-AF7F-FF9D0C53EFE0,,,,,,,,,,
1773849720,3m 0.0s,180.0,1.41737902,103.86438996,147.6,147.6,30.0,327.6,3402.2,15.659,15.659,-14.059,,-6.895,,-0.000,,2.45,0.00,206.1,206.1,,P-GPS,,,18,4,TRUE,,Mini 4 Pro,,,,,,FALSE,TRUE,,,,,,,,,,,,,,,,,,,,,,,,,,,,,,,,,,,,,,,,,,,,,,,,72.7,,,,7.927,,,,,,,8.438,,,,,,,,,,,,,,,,,,,,,,,,,,,,,,,,1.41650000,103.86550000,516.5,,,,,,,,,,,,,,,,,,,,,,,,,,,,Mini 4 Pro,SYNYKJVHNBVEB278D,CAMMN7BWRBQBWLQ7D,RCSRC4QSYBLRVFLED,BATTNUSL7BWB55SRD,,,,,,,,Mini 4 Pro,SYNYKJVHNBVEB278D,,,,DJI Fly,,1.13.5,6B469372-F5AD-5F54-AF7F-FF9D0C53EFE0,,,,,,,,,,
1773849721,3m 1.0s,181.0,1.41732250,103.86436223,147.6,147.6,30.0,327.6,3425.2,15.659,15.659,-14.059,,-6.895,,-0.000,,2.45,0.00,206.1,206.1,,P-GPS,,,18,4,TRUE,,Mini 4 Pro,,,,,,FALSE,TRUE,,,,,,,,,,,,,,,,,,,,,,,,,,,,,,,,,,,,,,,,,,,,,,,,72.7,,,,7.926,,,,,,,8.438,,,,,,,,,,,,,,,,,,,,,,,,,,,,,,,,1.41650000,103.86550000,512.1,,,,,,,,,,,,,,,,,,,,,,,,,,,,Mini 4 Pro,SYNYKJVHNBVEB278D,CAMMN7BWRBQBWLQ7D,RCSRC4QSYBLRVFLED,BATTNUSL7BWB55SRD,,,,,,,,Mini 4 Pro,SYNYKJVHNBVEB278D,,,,DJI Fly,,1.13.5,6B469372-F5AD-5F54-AF7F-FF9D0C53EFE0,,,,,,,,,,
1773849722,3m 2.0s,182.0,1.41726598,103.86433450,147.6,147.6,30.0,327.6,3448.2,15.659,15.659,-14.059,,-6.895,,-0.000,,2.45,0.00,206.1,206.1,,P-GPS,,,18,4,TRUE,,Mini 4 Pro,,,,,,FALSE,TRUE,,,,,,,,,,,,,,,,,,,,,,,,,,,,,,,,,,,,,,,,,,,,,,,,72.6,,,,7.926,,,,,,,8.438,,,,,,,,,,,,,,,,,,,,,,,,,,,,,,,,1.41650000,103.86550000,508.7,,,,,,,,,,,,,,,,,,,,,,,,,,,,Mini 4 Pro,SYNYKJVHNBVEB278D,CAMMN7BWRBQBWLQ7D,RCSRC4QSYBLRVFLED,BATTNUSL7BWB55SRD,,,,,,,,Mini 4 Pro,SYNYKJVHNBVEB278D,,,,DJI Fly,,1.13.5,6B469372-F5AD-5F54-AF7F-FF9D0C53EFE0,,,,,,,,,,
1773849723,3m 3.0s,183.0,1.41720946,103.86430677,147.6,147.6,30.0,327.6,3471.1,15.659,15.659,-14.059,,-6.895,,-0.000,,2.45,0.00,206.1,206.1,,P-GPS,,,18,4,TRUE,,Mini 4 Pro,,,,,,FALSE,TRUE,,,,,,,,,,,,,,,,,,,,,,,,,,,,,,,,,,,,,,,,,,,,,,,,72.6,,,,7.925,,,,,,,8.438,,,,,,,,,,,,,,,,,,,,,,,,,,,,,,,,1.41650000,103.86550000,506.3,,,,,,,,,,,,,,,,,,,,,,,,,,,,Mini 4 Pro,SYNYKJVHNBVEB278D,CAMMN7BWRBQBWLQ7D,RCSRC4QSYBLRVFLED,BATTNUSL7BWB55SRD,,,,,,,,Mini 4 Pro,SYNYKJVHNBVEB278D,,,,DJI Fly,,1.13.5,6B469372-F5AD-5F54-AF7F-FF9D0C53EFE0,,,,,,,,,,
1773849724,3m 4.0s,184.0,1.41715294,103.86427904,147.6,147.6,30.0,327.6,3494.1,15.659,15.659,-14.059,,-6.895,,-0.000,,2.45,0.00,206.1,206.1,,P-GPS,,,18,4,TRUE,,Mini 4 Pro,,,,,,FALSE,TRUE,,,,,,,,,,,,,,,,,,,,,,,,,,,,,,,,,,,,,,,,,,,,,,,,72.5,,,,7.924,,,,,,,8.438,,,,,,,,,,,,,,,,,,,,,,,,,,,,,,,,1.41650000,103.86550000,505.0,,,,,,,,,,,,,,,,,,,,,,,,,,,,Mini 4 Pro,SYNYKJVHNBVEB278D,CAMMN7BWRBQBWLQ7D,RCSRC4QSYBLRVFLED,BATTNUSL7BWB55SRD,,,,,,,,Mini 4 Pro,SYNYKJVHNBVEB278D,,,,DJI Fly,,1.13.5,6B469372-F5AD-5F54-AF7F-FF9D0C53EFE0,,,,,,,,,,
1773849725,3m 5.0s,185.0,1.41709642,103.86425131,147.6,147.6,30.0,327.6,3517.1,15.659,15.659,-14.059,,-6.895,,-0.000,,2.45,0.00,206.1,206.1,,P-GPS,,,18,4,TRUE,,Mini 4 Pro,,,,,,FALSE,TRUE,,,,,,,,,,,,,,,,,,,,,,,,,,,,,,,,,,,,,,,,,,,,,,,,72.5,,,,7.924,,,,,,,8.438,,,,,,,,,,,,,,,,,,,,,,,,,,,,,,,,1.41650000,103.86550000,504.7,,,,,,,,,,,,,,,,,,,,,,,,,,,,Mini 4 Pro,SYNYKJVHNBVEB278D,CAMMN7BWRBQBWLQ7D,RCSRC4QSYBLRVFLED,BATTNUSL7BWB55SRD,,,,,,,,Mini 4 Pro,SYNYKJVHNBVEB278D,,,,DJI Fly,,1.13.5,6B469372-F5AD-5F54-AF7F-FF9D0C53EFE0,,,,,,,,,,
1773849726,3m 6.0s,186.0,1.41703990,103.86422358,147.6,147.6,30.0,327.6,3540.0,15.659,15.659,-14.059,,-6.895,,-0.000,,2.45,0.00,206.1,206.1,,P-GPS,,,18,4,TRUE,,Mini 4 Pro,,,,,,FALSE,TRUE,,,,,,,,,,,,,,,,,,,,,,,,,,,,,,,,,,,,,,,,,,,,,,,,72.5,,,,7.923,,,,,,,8.438,,,,,,,,,,,,,,,,,,,,,,,,,,,,,,,,1.41650000,103.86550000,505.5,,,,,,,,,,,,,,,,,,,,,,,,,,,,Mini 4 Pro,SYNYKJVHNBVEB278D,CAMMN7BWRBQBWLQ7D,RCSRC4QSYBLRVFLED,BATTNUSL7BWB55SRD,,,,,,,,Mini 4 Pro,SYNYKJVHNBVEB278D,,,,DJI Fly,,1.13.5,6B469372-F5AD-5F54-AF7F-FF9D0C53EFE0,,,,,,,,,,
1773849727,3m 7.0s,187.0,1.41698338,103.86419585,147.6,147.6,30.0,327.6,3563.0,15.659,15.659,-14.059,,-6.895,,-0.000,,2.45,0.00,206.1,206.1,,P-GPS,,,18,4,TRUE,,Mini 4 Pro,,,,,,FALSE,TRUE,,,,,,,,,,,,,,,,,,,,,,,,,,,,,,,,,,,,,,,,,,,,,,,,72.4,,,,7.922,,,,,,,8.438,,,,,,,,,,,,,,,,,,,,,,,,,,,,,,,,1.41650000,103.86550000,507.3,,,,,,,,,,,,,,,,,,,,,,,,,,,,Mini 4 Pro,SYNYKJVHNBVEB278D,CAMMN7BWRBQBWLQ7D,RCSRC4QSYBLRVFLED,BATTNUSL7BWB55SRD,,,,,,,,Mini 4 Pro,SYNYKJVHNBVEB278D,,,,DJI Fly,,1.13.5,6B469372-F5AD-5F54-AF7F-FF9D0C53EFE0,,,,,,,,,,
1773849728,3m 8.0s,188.0,1.41692686,103.86416812,147.6,147.6,30.0,327.6,3586.0,15.659,15.659,-14.059,,-6.895,,-0.000,,2.45,0.00,206.1,206.1,,P-GPS,,,18,4,TRUE,,Mini 4 Pro,,,,,,FALSE,TRUE,,,,,,,,,,,,,,,,,,,,,,,,,,,,,,,,,,,,,,,,,,,,,,,,72.4,,,,7.922,,,,,,,8.438,,,,,,,,,,,,,,,,,,,,,,,,,,,,,,,,1.41650000,103.86550000,510.1,,,,,,,,,,,,,,,,,,,,,,,,,,,,Mini 4 Pro,SYNYKJVHNBVEB278D,CAMMN7BWRBQBWLQ7D,RCSRC4QSYBLRVFLED,BATTNUSL7BWB55SRD,,,,,,,,Mini 4 Pro,SYNYKJVHNBVEB278D,,,,DJI Fly,,1.13.5,6B469372-F5AD-5F54-AF7F-FF9D0C53EFE0,,,,,,,,,,
1773849729,3m 9.0s,189.0,1.41687034,103.86414039,147.6,147.6,30.0,327.6,3608.9,15.659,15.659,-14.059,,-6.895,,-0.000,,2.45,0.00,206.1,206.1,,P-GPS,,,18,4,TRUE,,Mini 4 Pro,,,,,,FALSE,TRUE,,,,,,,,,,,,,,,,,,,,,,,,,,,,,,,,,,,,,,,,,,,,,,,,72.3,,,,7.921,,,,,,,8.438,,,,,,,,,,,,,,,,,,,,,,,,,,,,,,,,1.41650000,103.86550000,513.9,,,,,,,,,,,,,,,,,,,,,,,,,,,,Mini 4 Pro,SYNYKJVHNBVEB278D,CAMMN7BWRBQBWLQ7D,RCSRC4QSYBLRVFLED,BATTNUSL7BWB55SRD,,,,,,,,Mini 4 Pro,SYNYKJVHNBVEB278D,,,,DJI Fly,,1.13.5,6B469372-F5AD-5F54-AF7F-FF9D0C53EFE0,,,,,,,,,,
1773849730,3m 10.0s,190.0,1.41681382,103.86411266,147.6,147.6,30.0,327.6,3631.9,15.659,15.659,-14.059,,-6.895,,-0.000,,2.45,0.00,206.1,206.1,,P-GPS,,,18,4,TRUE,,Mini 4 Pro,,,,,,FALSE,TRUE,,,,,,,,,,,,,,,,,,,,,,,,,,,,,,,,,,,,,,,,,,,,,,,,72.3,,,,7.921,,,,,,,8.438,,,,,,,,,,,,,,,,,,,,,,,,,,,,,,,,1.41650000,103.86550000,518.8,,,,,,,,,,,,,,,,,,,,,,,,,,,,Mini 4 Pro,SYNYKJVHNBVEB278D,CAMMN7BWRBQBWLQ7D,RCSRC4QSYBLRVFLED,BATTNUSL7BWB55SRD,,,,,,,,Mini 4 Pro,SYNYKJVHNBVEB278D,,,,DJI Fly,,1.13.5,6B469372-F5AD-5F54-AF7F-FF9D0C53EFE0,,,,,,,,,,
1773849731,3m 11.0s,191.0,1.41675730,103.86408493,147.6,147.6,30.0,327.6,3654.9,15.659,15.659,-14.059,,-6.895,,-0.000,,2.45,0.00,206.1,206.1,,P-GPS,,,18,4,TRUE,,Mini 4 Pro,,,,,,FALSE,TRUE,,,,,,,,,,,,,,,,,,,,,,,,,,,,,,,,,,,,,,,,,,,,,,,,72.3,,,,7.920,,,,,,,8.438,,,,,,,,,,,,,,,,,,,,,,,,,,,,,,,,1.41650000,103.86550000,524.5,,,,,,,,,,,,,,,,,,,,,,,,,,,,Mini 4 Pro,SYNYKJVHNBVEB278D,CAMMN7BWRBQBWLQ7D,RCSRC4QSYBLRVFLED,BATTNUSL7BWB55SRD,,,,,,,,Mini 4 Pro,SYNYKJVHNBVEB278D,,,,DJI Fly,,1.13.5,6B469372-F5AD-5F54-AF7F-FF9D0C53EFE0,,,,,,,,,,
1773849732,3m 12.0s,192.0,1.41670078,103.86405720,147.6,147.6,30.0,327.6,3677.8,15.659,15.659,-14.059,,-6.895,,-0.000,,2.45,0.00,206.1,206.1,,P-GPS,,,18,4,TRUE,,Mini 4 Pro,,,,,,FALSE,TRUE,,,,,,,,,,,,,,,,,,,,,,,,,,,,,,,,,,,,,,,,,,,,,,,,72.2,,,,7.919,,,,,,,8.438,,,,,,,,,,,,,,,,,,,,,,,,,,,,,,,,1.41650000,103.86550000,531.3,,,,,,,,,,,,,,,,,,,,,,,,,,,,Mini 4 Pro,SYNYKJVHNBVEB278D,CAMMN7BWRBQBWLQ7D,RCSRC4QSYBLRVFLED,BATTNUSL7BWB55SRD,,,,,,,,Mini 4 Pro,SYNYKJVHNBVEB278D,,,,DJI Fly,,1.13.5,6B469372-F5AD-5F54-AF7F-FF9D0C53EFE0,,,,,,,,,,
1773849733,3m 13.0s,193.0,1.41664426,103.86402947,147.6,147.6,30.0,327.6,3700.8,15.659,15.659,-14.059,,-6.895,,-0.000,,2.45,0.00,206.1,206.1,,P-GPS,,,18,4,TRUE,,Mini 4 Pro,,,,,,FALSE,TRUE,,,,,,,,,,,,,,,,,,,,,,,,,,,,,,,,,,,,,,,,,,,,,,,,72.2,,,,7.919,,,,,,,8.438,,,,,,,,,,,,,,,,,,,,,,,,,,,,,,,,1.41650000,103.86550000,538.9,,,,,,,,,,,,,,,,,,,,,,,,,,,,Mini 4 Pro,SYNYKJVHNBVEB278D,CAMMN7BWRBQBWLQ7D,RCSRC4QSYBLRVFLED,BATTNUSL7BWB55SRD,,,,,,,,Mini 4 Pro,SYNYKJVHNBVEB278D,,,,DJI Fly,,1.13.5,6B469372-F5AD-5F54-AF7F-FF9D0C53EFE0,,,,,,,,,,
1773849734,3m 14.0s,194.0,1.41660079,103.86407502,147.6,147.6,30.0,327.6,3723.8,15.659,15.659,-10.812,,11.327,,-0.000,,2.45,-25.00,133.7,133.7,,P-GPS,,,18,4,TRUE,,Mini 4 Pro,,,,,,FALSE,TRUE,,,,,,,,,,,,,,,,,,,,,,,,,,,,,,,,,,,,,,,,,,,,,,,,72.1,,,,7.918,,,,,,,8.438,,,,,,,,,,,,,,,,,,,,,,,,,,,,,,,,1.41650000,103.86550000,521.0,,,,,,,,,,,,,,,,,,,,,,,,,,,,Mini 4 Pro,SYNYKJVHNBVEB278D,CAMMN7BWRBQBWLQ7D,RCSRC4QSYBLRVFLED,BATTNUSL7BWB55SRD,,,,,,,,Mini 4 Pro,SYNYKJVHNBVEB278D,,,,DJI Fly,,1.13.5,6B469372-F5AD-5F54-AF7F-FF9D0C53EFE0,,,,,,,,,,
1773849735,3m 15.0s,195.0,1.41655732,103.86412057,147.6,147.6,30.0,327.6,3746.7,15.659,15.659,-10.812,,11.327,,-0.000,,2.45,0.00,133.7,133.7,,P-GPS,,,18,4,TRUE,,Mini 4 Pro,,,,,,FALSE,TRUE,,,,,,,,,,,,,,,,,,,,,,,,,,,,,,,,,,,,,,,,,,,,,,,,72.1,,,,7.917,,,,,,,8.438,,,,,,,,,,,,,,,,,,,,,,,,,,,,,,,,1.41650000,103.86550000,503.5,,,,,,,,,,,,,,,,,,,,,,,,,,,,Mini 4 Pro,SYNYKJVHNBVEB278D,CAMMN7BWRBQBWLQ7D,RCSRC4QSYBLRVFLED,BATTNUSL7BWB55SRD,,,,,,,,Mini 4 Pro,SYNYKJVHNBVEB278D,,,,DJI Fly,,1.13.5,6B469372-F5AD-5F54-AF7F-FF9D0C53EFE0,,,,,,,,,,
1773849736,3m 16.0s,196.0,1.41651385,103.86416612,147.6,147.6,30.0,327.6,3769.7,15.659,15.659,-10.812,,11.327,,-0.000,,2.45,0.00,133.7,133.7,,P-GPS,,,18,4,TRUE,,Mini 4 Pro,,,,,,FALSE,TRUE,,,,,,,,,,,,,,,,,,,,,,,,,,,,,,,,,,,,,,,,,,,,,,,,72.1,,,,7.917,,,,,,,8.438,,,,,,,,,,,,,,,,,,,,,,,,,,,,,,,,1.41650000,103.86550000,486.5,,,,,,,,,,,,,,,,,,,,,,,,,,,,Mini 4 Pro,SYNYKJVHNBVEB278D,CAMMN7BWRBQBWLQ7D,RCSRC4QSYBLRVFLED,BATTNUSL7BWB55SRD,,,,,,,,Mini 4 Pro,SYNYKJVHNBVEB278D,,,,DJI Fly,,1.13.5,6B469372-F5AD-5F54-AF7F-FF9D0C53EFE0,,,,,,,,,,
1773849737,3m 17.0s,197.0,1.41647038,103.86421167,147.6,147.6,30.0,327.6,3792.7,15.659,15.659,-10.812,,11.327,,-0.000,,2.45,0.00,133.7,133.7,,P-GPS,,,18,4,TRUE,,Mini 4 Pro,,,,,,FALSE,TRUE,,,,,,,,,,,,,,,,,,,,,,,,,,,,,,,,,,,,,,,,,,,,,,,,72.0,,,,7.916,,,,,,,8.438,,,,,,,,,,,,,,,,,,,,,,,,,,,,,,,,1.41650000,103.86550000,470.0,,,,,,,,,,,,,,,,,,,,,,,,,,,,Mini 4 Pro,SYNYKJVHNBVEB278D,CAMMN7BWRBQBWLQ7D,RCSRC4QSYBLRVFLED,BATTNUSL7BWB55SRD,,,,,,,,Mini 4 Pro,SYNYKJVHNBVEB278D,,,,DJI Fly,,1.13.5,6B469372-F5AD-5F54-AF7F-FF9D0C53EFE0,,,,,,,,,,
1773849738,3m 18.0s,198.0,1.41642692,103.86425722,147.6,147.6,30.0,327.6,3815.6,15.659,15.659,-10.812,,11.327,,-0.000,,2.45,0.00,133.7,133.7,,P-GPS,,,18,4,TRUE,,Mini 4 Pro,,,,,,FALSE,TRUE,,,,,,,,,,,,,,,,,,,,,,,,,,,,,,,,,,,,,,,,,,,,,,,,72.0,,,,7.916,,,,,,,8.438,,,,,,,,,,,,,,,,,,,,,,,,,,,,,,,,1.41650000,103.86550000,454.0,,,,,,,,,,,,,,,,,,,,,,,,,,,,Mini 4 Pro,SYNYKJVHNBVEB278D,CAMMN7BWRBQBWLQ7D,RCSRC4QSYBLRVFLED,BATTNUSL7BWB55SRD,,,,,,,,Mini 4 Pro,SYNYKJVHNBVEB278D,,,,DJI Fly,,1.13.5,6B469372-F5AD-5F54-AF7F-FF9D0C53EFE0,,,,,,,,,,
1773849739,3m 19.0s,199.0,1.41638345,103.86430277,147.6,147.6,30.0,327.6,3838.6,15.659,15.659,-10.812,,11.327,,-0.000,,2.45,0.00,133.7,133.7,,P-GPS,,,18,4,TRUE,,Mini 4 Pro,,,,,,FALSE,TRUE,,,,,,,,,,,,,,,,,,,,,,,,,,,,,,,,,,,,,,,,,,,,,,,,71.9,,,,7.915,,,,,,,8.438,,,,,,,,,,,,,,,,,,,,,,,,,,,,,,,,1.41650000,103.86550000,438.7,,,,,,,,,,,,,,,,,,,,,,,,,,,,Mini 4 Pro,SYNYKJVHNBVEB278D,CAMMN7BWRBQBWLQ7D,RCSRC4QSYBLRVFLED,BATTNUSL7BWB55SRD,,,,,,,,Mini 4 Pro,SYNYKJVHNBVEB278D,,,,DJI Fly,,1.13.5,6B469372-F5AD-5F54-AF7F-FF9D0C53EFE0,,,,,,,,,,
