timestamps,OSD.flyTime,OSD.flyTime [s],OSD.latitude,OSD.longitude,OSD.height [ft],OSD.heightMax [ft],OSD.vpsHeight [ft],OSD.altitude [ft],OSD.mileage [ft],OSD.hSpeed [MPH],OSD.hSpeedMax [MPH],OSD.xSpeed [MPH],OSD.xSpeedMax [MPH],OSD.ySpeed [MPH],OSD.ySpeedMax [MPH],OSD.zSpeed [MPH],OSD.zSpeedMax [MPH],OSD.pitch,OSD.roll,OSD.yaw,OSD.yaw [360],OSD.directionOfTravel,OSD.flycState,OSD.flycCommand,OSD.flightAction,OSD.gpsNum,OSD.gpsLevel,OSD.isGPSUsed,OSD.nonGPSCause,OSD.droneType,OSD.isSwaveWork,OSD.waveError,OSD.goHomeStatus,OSD.batteryType,OSD.ctrlDevice,OSD.isOnGround,OSD.isMotorOn,OSD.isMotorBlocked,OSD.motorStartFailedCause,OSD.motorFailReason,OSD.isImuPreheated,OSD.imuInitFailReason,OSD.isAcceletorOverRange,OSD.isBarometerDeadInAir,OSD.isCompassError,OSD.isGoHomeHeightModified,OSD.canIOCWork,OSD.isNotEnoughForce,OSD.isOutOfLimit,OSD.isPropellerCatapult,OSD.isVibrating,OSD.isVisionUsed,OSD.voltageWarning,GIMBAL.mode,GIMBAL.pitch,GIMBAL.roll,GIMBAL.yaw,GIMBAL.yaw [360],GIMBAL.isPitchAtLimit,GIMBAL.isRollAtLimit,GIMBAL.isYawAtLimit,GIMBAL.isStuck,CAMERA.isPhoto,CAMERA.isVideo,CAMERA.filename,CAMERA.sdCardIsInserted,CAMERA.sdCardState,RC.downlinkSignal,RC.uplinkSignal,RC.aileron,RC.elevator,RC.throttle,RC.rudder,RC.mode,RC.goHomeDepressed,RC.recordDepressed,RC.shutterDepressed,RC.playbackDepressed,RC.wheelDepressed,RC.wheelOffset,RC.custom1Depressed,RC.custom2Depressed,RC.custom3Depressed,RC.custom4Depressed,BATTERY.chargeLevel,BATTERY.currentPV [V],BATTERY.currentCapacity [mAh],BATTERY.fullCapacity [mAh],BATTERY.voltage [V],BATTERY.isCellVoltageEstimated,BATTERY.cellVoltage1 [V],BATTERY.cellVoltage2 [V],BATTERY.maxCellVoltageDeviation,BATTERY.isCellVoltageDeviationHigh,BATTERY.isVoltageLow,BATTERY.current [A],BATTERY.temperature [F],BATTERY.minTemperature [F],BATTERY.maxTemperature [F],BATTERY.usefulTime [s],BATTERY.goHomeTime [s],BATTERY.landTime [s],BATTERY.goHomeBattery,BATTERY.landBattery,BATTERY.safeFlyRadius,BATTERY.volumeConsume,BATTERY.status,BATTERY.goHomeStatus,BATTERY.goHomeCountdown,BATTERY.lowWarning,BATTERY.lowWarningGoHome,BATTERY.seriousLowWarning,BATTERY.seriousLowWarningLanding,BATTERY.timesCharged,MC.failSafeAction,MC.isObstacleAvoidanceEnabled,MC.isCollisionAvoidanceEnabled,MC.isRthObstacleAvoidanceEnabled,MC.isBraking,MC.isAvoidingObstacle,MC.isAvoidingActiveObstacle,MC.isAscentLimitedByObstacle,MC.isLandingConfirmationNeeded,MC.atLowAltitudeLimit,MC.atDistanceLimit,MC.atAirportAltitudeLimit,MC.atAirportBoundary,HOME.latitude,HOME.longitude,HOME.distance [ft],HOME.height [ft],HOME.heightLimit [ft],HOME.isHomeRecord,HOME.goHomeMode,HOME.aircraftHeadDirection,HOME.isDynamicHomePointEnabled,HOME.isReachedLimitDistance,HOME.isReachedLimitHeight,HOME.isCompassCalibrating,HOME.compassCalibrationState,HOME.isMultipleFlightModeEnabled,HOME.isBeginnerMode,HOME.isIOCEnabled,HOME.iocMode,HOME.goHomeHeight [ft],HOME.courseLockAngle,HOME.forceLandingHeight [ft],HOME.dataRecorderFileIndex,WEATHER.windDirection,WEATHER.windRelativeDirection,WEATHER.windSpeed [MPH],WEATHER.maxWindSpeed [MPH],WEATHER.windStrength,WEATHER.isFacingWind,WEATHER.isFlyingIntoWind,RECOVER.appType,RECOVER.appVersion,RECOVER.aircraftName,RECOVER.aircraftSerial,RECOVER.cameraSerial,RECOVER.rcSerial,RECOVER.batterySerial,DETAILS.totalTime [s],DETAILS.totalDistance [ft],DETAILS.maxHeight [ft],DETAILS.maxHorizontalSpeed [MPH],DETAILS.maxVerticalSpeed [MPH],DETAILS.photoNum,DETAILS.videoTime [s],DETAILS.aircraftName,DETAILS.aircraftSerial,DETAILS.cameraSerial,DETAILS.rcSerial,DETAILS.batterySerial,DETAILS.appName,DETAILS.appType,DETAILS.appVersion,DETAILS.guid,SERIAL.flightController,SERIAL.camera,SERIAL.gimbal,SERIAL.rc,SERIAL.battery,APPGPS.latitude,APPGPS.longitude,APPGPS.accuracy,APP.tip,APP.warning
1773850560,0m 0.0s,0.0,51.17310475,-1.83172528,0.0,0.0,0.0,180.0,0.0,0.000,0.000,0.000,,0.000,,-0.000,,0.20,0.10,45.0,45.0,,Starting Motors,,,18,4,TRUE,,Mini 4 Pro,,,,,,TRUE,TRUE,,,,,,,,,,,,,,,,,,,,,,,,,,,,,,,,,,,,,,,,,,,,,,,,88.0,,,,8.164,,,,,,,1.100,,,,,,,,,,,,,,,,,,,,,,,,,,,,,,,,51.17310475,-1.83172528,0.0,,,,,,,,,,,,,,,,,,,,,,,,,,,,Mini 4 Pro,SYNX6652NBSTXSC8D,CAML9TLFSBRU2B9CD,RCSQY4Y3PCM5V7D9M,BATS9G357BXURUBRD,,,,,,,,Mini 4 Pro,SYNX6652NBSTXSC8D,,,,DJI Fly,,1.13.5,A3471387-773D-58FE-9AF0-E9A619EF761D,,,,,,,,,,
1773850561,0m 1.0s,1.0,51.17310475,-1.83172528,0.0,0.0,0.0,180.0,0.0,0.000,0.000,0.000,,0.000,,-0.000,,0.20,0.10,45.0,45.0,,Starting Motors,,,18,4,TRUE,,Mini 4 Pro,,,,,,TRUE,TRUE,,,,,,,,,,,,,,,,,,,,,,,,,,,,,,,,,,,,,,,,,,,,,,,,88.0,,,,8.164,,,,,,,1.100,,,,,,,,,,,,,,,,,,,,,,,,,,,,,,,,51.17310475,-1.83172528,0.0,,,,,,,,,,,,,,,,,,,,,,,,,,,,Mini 4 Pro,SYNX6652NBSTXSC8D,CAML9TLFSBRU2B9CD,RCSQY4Y3PCM5V7D9M,BATS9G357BXURUBRD,,,,,,,,Mini 4 Pro,SYNX6652NBSTXSC8D,,,,DJI Fly,,1.13.5,A3471387-773D-58FE-9AF0-E9A619EF761D,,,,,,,,,,
1773850562,0m 2.0s,2.0,51.17310475,-1.83172528,0.0,0.0,0.0,180.0,0.0,0.000,0.000,0.000,,0.000,,-0.000,,0.20,0.10,45.0,45.0,,Starting Motors,,,18,4,TRUE,,Mini 4 Pro,,,,,,TRUE,TRUE,,,,,,,,,,,,,,,,,,,,,,,,,,,,,,,,,,,,,,,,,,,,,,,,88.0,,,,8.164,,,,,,,1.100,,,,,,,,,,,,,,,,,,,,,,,,,,,,,,,,51.17310475,-1.83172528,0.0,,,,,,,,,,,,,,,,,,,,,,,,,,,,Mini 4 Pro,SYNX6652NBSTXSC8D,CAML9TLFSBRU2B9CD,RCSQY4Y3PCM5V7D9M,BATS9G357BXURUBRD,,,,,,,,Mini 4 Pro,SYNX6652NBSTXSC8D,,,,DJI Fly,,1.13.5,A3471387-773D-58FE-9AF0-E9A619EF761D,,,,,,,,,,
1773850563,0m 3.0s,3.0,51.17310475,-1.83172528,0.0,0.0,0.0,180.0,0.0,0.000,0.000,0.000,,0.000,,-0.000,,0.20,0.10,45.0,45.0,,Starting Motors,,,18,4,TRUE,,Mini 4 Pro,,,,,,TRUE,TRUE,,,,,,,,,,,,,,,,,,,,,,,,,,,,,,,,,,,,,,,,,,,,,,,,88.0,,,,8.164,,,,,,,1.100,,,,,,,,,,,,,,,,,,,,,,,,,,,,,,,,51.17310475,-1.83172528,0.0,,,,,,,,,,,,,,,,,,,,,,,,,,,,Mini 4 Pro,SYNX6652NBSTXSC8D,CAML9TLFSBRU2B9CD,RCSQY4Y3PCM5V7D9M,BATS9G357BXURUBRD,,,,,,,,Mini 4 Pro,SYNX6652NBSTXSC8D,,,,DJI Fly,,1.13.5,A3471387-773D-58FE-9AF0-E9A619EF761D,,,,,,,,,,
1773850564,0m 4.0s,4.0,51.17310475,-1.83172528,0.0,0.0,0.0,180.0,0.0,0.000,0.000,0.000,,0.000,,-0.000,,0.20,0.10,45.0,45.0,,Starting Motors,,,18,4,TRUE,,Mini 4 Pro,,,,,,TRUE,TRUE,,,,,,,,,,,,,,,,,,,,,,,,,,,,,,,,,,,,,,,,,,,,,,,,88.0,,,,8.164,,,,,,,1.100,,,,,,,,,,,,,,,,,,,,,,,,,,,,,,,,51.17310475,-1.83172528,0.0,,,,,,,,,,,,,,,,,,,,,,,,,,,,Mini 4 Pro,SYNX6652NBSTXSC8D,CAML9TLFSBRU2B9CD,RCSQY4Y3PCM5V7D9M,BATS9G357BXURUBRD,,,,,,,,Mini 4 Pro,SYNX6652NBSTXSC8D,,,,DJI Fly,,1.13.5,A3471387-773D-58FE-9AF0-E9A619EF761D,,,,,,,,,,
1773850565,0m 5.0s,5.0,51.17310475,-1.83172528,0.0,0.0,0.0,180.0,0.0,0.000,0.000,0.000,,0.000,,-0.000,,0.20,0.10,45.0,45.0,,Starting Motors,,,18,4,TRUE,,Mini 4 Pro,,,,,,TRUE,TRUE,,,,,,,,,,,,,,,,,,,,,,,,,,,,,,,,,,,,,,,,,,,,,,,,88.0,,,,8.163,,,,,,,1.100,,,,,,,,,,,,,,,,,,,,,,,,,,,,,,,,51.17310475,-1.83172528,0.0,,,,,,,,,,,,,,,,,,,,,,,,,,,,Mini 4 Pro,SYNX6652NBSTXSC8D,CAML9TLFSBRU2B9CD,RCSQY4Y3PCM5V7D9M,BATS9G357BXURUBRD,,,,,,,,Mini 4 Pro,SYNX6652NBSTXSC8D,,,,DJI Fly,,1.13.5,A3471387-773D-58FE-9AF0-E9A619EF761D,,,,,,,,,,
1773850566,0m 6.0s,6.0,51.17310475,-1.83172528,0.0,0.0,0.0,180.0,0.0,0.000,0.000,0.000,,0.000,,-0.000,,0.20,0.10,45.0,45.0,,Starting Motors,,,18,4,TRUE,,Mini 4 Pro,,,,,,TRUE,TRUE,,,,,,,,,,,,,,,,,,,,,,,,,,,,,,,,,,,,,,,,,,,,,,,,88.0,,,,8.163,,,,,,,1.100,,,,,,,,,,,,,,,,,,,,,,,,,,,,,,,,51.17310475,-1.83172528,0.0,,,,,,,,,,,,,,,,,,,,,,,,,,,,Mini 4 Pro,SYNX6652NBSTXSC8D,CAML9TLFSBRU2B9CD,RCSQY4Y3PCM5V7D9M,BATS9G357BXURUBRD,,,,,,,,Mini 4 Pro,SYNX6652NBSTXSC8D,,,,DJI Fly,,1.13.5,A3471387-773D-58FE-9AF0-E9A619EF761D,,,,,,,,,,
1773850567,0m 7.0s,7.0,51.17310475,-1.83172528,0.0,0.0,0.0,180.0,0.0,0.000,0.000,0.000,,0.000,,-0.000,,0.20,0.10,45.0,45.0,,Starting Motors,,,18,4,TRUE,,Mini 4 Pro,,,,,,TRUE,TRUE,,,,,,,,,,,,,,,,,,,,,,,,,,,,,,,,,,,,,,,,,,,,,,,,88.0,,,,8.163,,,,,,,1.100,,,,,,,,,,,,,,,,,,,,,,,,,,,,,,,,51.17310475,-1.83172528,0.0,,,,,,,,,,,,,,,,,,,,,,,,,,,,Mini 4 Pro,SYNX6652NBSTXSC8D,CAML9TLFSBRU2B9CD,RCSQY4Y3PCM5V7D9M,BATS9G357BXURUBRD,,,,,,,,Mini 4 Pro,SYNX6652NBSTXSC8D,,,,DJI Fly,,1.13.5,A3471387-773D-58FE-9AF0-E9A619EF761D,,,,,,,,,,
1773850568,0m 8.0s,8.0,51.17310475,-1.83172528,7.9,7.9,7.9,187.9,0.0,0.000,0.000,0.000,,0.000,,-5.369,,9.60,0.00,45.0,45.0,,Auto Takeoff,,,18,4,TRUE,,Mini 4 Pro,,,,,,FALSE,TRUE,,,,,,,,,,,,,,,,,,,,,,,,,,,,,,,,,,,,,,,,,,,,,,,,87.9,,,,8.163,,,,,,,12.276,,,,,,,,,,,,,,,,,,,,,,,,,,,,,,,,51.17310475,-1.83172528,0.0,,,,,,,,,,,,,,,,,,,,,,,,,,,,Mini 4 Pro,SYNX6652NBSTXSC8D,CAML9TLFSBRU2B9CD,RCSQY4Y3PCM5V7D9M,BATS9G357BXURUBRD,,,,,,,,Mini 4 Pro,SYNX6652NBSTXSC8D,,,,DJI Fly,,1.13.5,A3471387-773D-58FE-9AF0-E9A619EF761D,,,,,,,,,,
1773850569,0m 9.0s,9.0,51.17310475,-1.83172528,15.7,15.7,15.7,195.7,0.0,0.000,0.000,0.000,,0.000,,-5.369,,9.60,0.00,45.0,45.0,,Auto Takeoff,,,18,4,TRUE,,Mini 4 Pro,,,,,,FALSE,TRUE,,,,,,,,,,,,,,,,,,,,,,,,,,,,,,,,,,,,,,,,,,,,,,,,87.9,,,,8.163,,,,,,,12.276,,,,,,,,,,,,,,,,,,,,,,,,,,,,,,,,51.17310475,-1.83172528,0.0,,,,,,,,,,,,,,,,,,,,,,,,,,,,Mini 4 Pro,SYNX6652NBSTXSC8D,CAML9TLFSBRU2B9CD,RCSQY4Y3PCM5V7D9M,BATS9G357BXURUBRD,,,,,,,,Mini 4 Pro,SYNX6652NBSTXSC8D,,,,DJI Fly,,1.13.5,A3471387-773D-58FE-9AF0-E9A619EF761D,,,,,,,,,,
1773850570,0m 10.0s,10.0,51.17310475,-1.83172528,23.6,23.6,23.6,203.6,0.0,0.000,0.000,0.000,,0.000,,-5.369,,9.60,0.00,45.0,45.0,,Auto Takeoff,,,18,4,TRUE,,Mini 4 Pro,,,,,,FALSE,TRUE,,,,,,,,,,,,,,,,,,,,,,,,,,,,,,,,,,,,,,,,,,,,,,,,87.9,,,,8.163,,,,,,,12.276,,,,,,,,,,,,,,,,,,,,,,,,,,,,,,,,51.17310475,-1.83172528,0.0,,,,,,,,,,,,,,,,,,,,,,,,,,,,Mini 4 Pro,SYNX6652NBSTXSC8D,CAML9TLFSBRU2B9CD,RCSQY4Y3PCM5V7D9M,BATS9G357BXURUBRD,,,,,,,,Mini 4 Pro,SYNX6652NBSTXSC8D,,,,DJI Fly,,1.13.5,A3471387-773D-58FE-9AF0-E9A619EF761D,,,,,,,,,,
1773850571,0m 11.0s,11.0,51.17310475,-1.83172528,31.5,31.5,30.0,211.5,0.0,0.000,0.000,0.000,,0.000,,-5.369,,9.60,0.00,45.0,45.0,,Auto Takeoff,,,18,4,TRUE,,Mini 4 Pro,,,,,,FALSE,TRUE,,,,,,,,,,,,,,,,,,,,,,,,,,,,,,,,,,,,,,,,,,,,,,,,87.9,,,,8.162,,,,,,,12.276,,,,,,,,,,,,,,,,,,,,,,,,,,,,,,,,51.17310475,-1.83172528,0.0,,,,,,,,,,,,,,,,,,,,,,,,,,,,Mini 4 Pro,SYNX6652NBSTXSC8D,CAML9TLFSBRU2B9CD,RCSQY4Y3PCM5V7D9M,BATS9G357BXURUBRD,,,,,,,,Mini 4 Pro,SYNX6652NBSTXSC8D,,,,DJI Fly,,1.13.5,A3471387-773D-58FE-9AF0-E9A619EF761D,,,,,,,,,,
1773850572,0m 12.0s,12.0,51.17310475,-1.83172528,39.4,39.4,30.0,219.4,0.0,0.000,0.000,0.000,,0.000,,-5.369,,9.60,0.00,45.0,45.0,,Auto Takeoff,,,18,4,TRUE,,Mini 4 Pro,,,,,,FALSE,TRUE,,,,,,,,,,,,,,,,,,,,,,,,,,,,,,,,,,,,,,,,,,,,,,,,87.9,,,,8.162,,,,,,,12.276,,,,,,,,,,,,,,,,,,,,,,,,,,,,,,,,51.17310475,-1.83172528,0.0,,,,,,,,,,,,,,,,,,,,,,,,,,,,Mini 4 Pro,SYNX6652NBSTXSC8D,CAML9TLFSBRU2B9CD,RCSQY4Y3PCM5V7D9M,BATS9G357BXURUBRD,,,,,,,,Mini 4 Pro,SYNX6652NBSTXSC8D,,,,DJI Fly,,1.13.5,A3471387-773D-58FE-9AF0-E9A619EF761D,,,,,,,,,,
1773850573,0m 13.0s,13.0,51.17310475,-1.83172528,47.2,47.2,30.0,227.2,0.0,0.000,0.000,0.000,,0.000,,-5.369,,9.60,0.00,45.0,45.0,,Auto Takeoff,,,18,4,TRUE,,Mini 4 Pro,,,,,,FALSE,TRUE,,,,,,,,,,,,,,,,,,,,,,,,,,,,,,,,,,,,,,,,,,,,,,,,87.9,,,,8.162,,,,,,,12.276,,,,,,,,,,,,,,,,,,,,,,,,,,,,,,,,51.17310475,-1.83172528,0.0,,,,,,,,,,,,,,,,,,,,,,,,,,,,Mini 4 Pro,SYNX6652NBSTXSC8D,CAML9TLFSBRU2B9CD,RCSQY4Y3PCM5V7D9M,BATS9G357BXURUBRD,,,,,,,,Mini 4 Pro,SYNX6652NBSTXSC8D,,,,DJI Fly,,1.13.5,A3471387-773D-58FE-9AF0-E9A619EF761D,,,,,,,,,,
1773850574,0m 14.0s,14.0,51.17310475,-1.83172528,55.1,55.1,30.0,235.1,0.0,0.000,0.000,0.000,,0.000,,-5.369,,9.60,0.00,45.0,45.0,,Auto Takeoff,,,18,4,TRUE,,Mini 4 Pro,,,,,,FALSE,TRUE,,,,,,,,,,,,,,,,,,,,,,,,,,,,,,,,,,,,,,,,,,,,,,,,87.9,,,,8.162,,,,,,,12.276,,,,,,,,,,,,,,,,,,,,,,,,,,,,,,,,51.17310475,-1.83172528,0.0,,,,,,,,,,,,,,,,,,,,,,,,,,,,Mini 4 Pro,SYNX6652NBSTXSC8D,CAML9TLFSBRU2B9CD,RCSQY4Y3PCM5V7D9M,BATS9G357BXURUBRD,,,,,,,,Mini 4 Pro,SYNX6652NBSTXSC8D,,,,DJI Fly,,1.13.5,A3471387-773D-58FE-9AF0-E9A619EF761D,,,,,,,,,,
1773850575,0m 15.0s,15.0,51.17310475,-1.83172528,63.0,63.0,30.0,243.0,0.0,0.000,0.000,0.000,,0.000,,-5.369,,9.60,0.00,45.0,45.0,,Auto Takeoff,,,18,4,TRUE,,Mini 4 Pro,,,,,,FALSE,TRUE,,,,,,,,,,,,,,,,,,,,,,,,,,,,,,,,,,,,,,,,,,,,,,,,87.8,,,,8.161,,,,,,,12.276,,,,,,,,,,,,,,,,,,,,,,,,,,,,,,,,51.17310475,-1.83172528,0.0,,,,,,,,,,,,,,,,,,,,,,,,,,,,Mini 4 Pro,SYNX6652NBSTXSC8D,CAML9TLFSBRU2B9CD,RCSQY4Y3PCM5V7D9M,BATS9G357BXURUBRD,,,,,,,,Mini 4 Pro,SYNX6652NBSTXSC8D,,,,DJI Fly,,1.13.5,A3471387-773D-58FE-9AF0-E9A619EF761D,,,,,,,,,,
1773850576,0m 16.0s,16.0,51.17310475,-1.83172528,70.9,70.9,30.0,250.9,0.0,0.000,0.000,0.000,,0.000,,-5.369,,9.60,0.00,45.0,45.0,,Auto Takeoff,,,18,4,TRUE,,Mini 4 Pro,,,,,,FALSE,TRUE,,,,,,,,,,,,,,,,,,,,,,,,,,,,,,,,,,,,,,,,,,,,,,,,87.8,,,,8.161,,,,,,,12.276,,,,,,,,,,,,,,,,,,,,,,,,,,,,,,,,51.17310475,-1.83172528,0.0,,,,,,,,,,,,,,,,,,,,,,,,,,,,Mini 4 Pro,SYNX6652NBSTXSC8D,CAML9TLFSBRU2B9CD,RCSQY4Y3PCM5V7D9M,BATS9G357BXURUBRD,,,,,,,,Mini 4 Pro,SYNX6652NBSTXSC8D,,,,DJI Fly,,1.13.5,A3471387-773D-58FE-9AF0-E9A619EF761D,,,,,,,,,,
1773850577,0m 17.0s,17.0,51.17310475,-1.83172528,78.7,78.7,30.0,258.7,0.0,0.000,0.000,0.000,,0.000,,-5.369,,9.60,0.00,45.0,45.0,,Auto Takeoff,,,18,4,TRUE,,Mini 4 Pro,,,,,,FALSE,TRUE,,,,,,,,,,,,,,,,,,,,,,,,,,,,,,,,,,,,,,,,,,,,,,,,87.8,,,,8.161,,,,,,,12.276,,,,,,,,,,,,,,,,,,,,,,,,,,,,,,,,51.17310475,-1.83172528,0.0,,,,,,,,,,,,,,,,,,,,,,,,,,,,Mini 4 Pro,SYNX6652NBSTXSC8D,CAML9TLFSBRU2B9CD,RCSQY4Y3PCM5V7D9M,BATS9G357BXURUBRD,,,,,,,,Mini 4 Pro,SYNX6652NBSTXSC8D,,,,DJI Fly,,1.13.5,A3471387-773D-58FE-9AF0-E9A619EF761D,,,,,,,,,,
1773850578,0m 18.0s,18.0,51.17310475,-1.83172528,86.6,86.6,30.0,266.6,0.0,0.000,0.000,0.000,,0.000,,-5.369,,9.60,0.00,45.0,45.0,,Auto Takeoff,,,18,4,TRUE,,Mini 4 Pro,,,,,,FALSE,TRUE,,,,,,,,,,,,,,,,,,,,,,,,,,,,,,,,,,,,,,,,,,,,,,,,87.8,,,,8.161,,,,,,,12.276,,,,,,,,,,,,,,,,,,,,,,,,,,,,,,,,51.17310475,-1.83172528,0.0,,,,,,,,,,,,,,,,,,,,,,,,,,,,Mini 4 Pro,SYNX6652NBSTXSC8D,CAML9TLFSBRU2B9CD,RCSQY4Y3PCM5V7D9M,BATS9G357BXURUBRD,,,,,,,,Mini 4 Pro,SYNX6652NBSTXSC8D,,,,DJI Fly,,1.13.5,A3471387-773D-58FE-9AF0-E9A619EF761D,,,,,,,,,,
1773850579,0m 19.0s,19.0,51.17310475,-1.83172528,94.5,94.5,30.0,274.5,0.0,0.000,0.000,0.000,,0.000,,-5.369,,9.60,0.00,45.0,45.0,,Auto Takeoff,,,18,4,TRUE,,Mini 4 Pro,,,,,,FALSE,TRUE,,,,,,,,,,,,,,,,,,,,,,,,,,,,,,,,,,,,,,,,,,,,,,,,87.8,,,,8.161,,,,,,,12.276,,,,,,,,,,,,,,,,,,,,,,,,,,,,,,,,51.17310475,-1.83172528,0.0,,,,,,,,,,,,,,,,,,,,,,,,,,,,Mini 4 Pro,SYNX6652NBSTXSC8D,CAML9TLFSBRU2B9CD,RCSQY4Y3PCM5V7D9M,BATS9G357BXURUBRD,,,,,,,,Mini 4 Pro,SYNX6652NBSTXSC8D,,,,DJI Fly,,1.13.5,A3471387-773D-58FE-9AF0-E9A619EF761D,,,,,,,,,,
1773850580,0m 20.0s,20.0,51.17310475,-1.83172528,102.4,102.4,30.0,282.4,0.0,0.000,0.000,0.000,,0.000,,-5.369,,9.60,0.00,45.0,45.0,,Auto Takeoff,,,18,4,TRUE,,Mini 4 Pro,,,,,,FALSE,TRUE,,,,,,,,,,,,,,,,,,,,,,,,,,,,,,,,,,,,,,,,,,,,,,,,87.8,,,,8.160,,,,,,,12.276,,,,,,,,,,,,,,,,,,,,,,,,,,,,,,,,51.17310475,-1.83172528,0.0,,,,,,,,,,,,,,,,,,,,,,,,,,,,Mini 4 Pro,SYNX6652NBSTXSC8D,CAML9TLFSBRU2B9CD,RCSQY4Y3PCM5V7D9M,BATS9G357BXURUBRD,,,,,,,,Mini 4 Pro,SYNX6652NBSTXSC8D,,,,DJI Fly,,1.13.5,A3471387-773D-58FE-9AF0-E9A619EF761D,,,,,,,,,,
1773850581,0m 21.0s,21.0,51.17310475,-1.83172528,110.2,110.2,30.0,290.2,0.0,0.000,0.000,0.000,,0.000,,-5.369,,9.60,0.00,45.0,45.0,,Auto Takeoff,,,18,4,TRUE,,Mini 4 Pro,,,,,,FALSE,TRUE,,,,,,,,,,,,,,,,,,,,,,,,,,,,,,,,,,,,,,,,,,,,,,,,87.7,,,,8.160,,,,,,,12.276,,,,,,,,,,,,,,,,,,,,,,,,,,,,,,,,51.17310475,-1.83172528,0.0,,,,,,,,,,,,,,,,,,,,,,,,,,,,Mini 4 Pro,SYNX6652NBSTXSC8D,CAML9TLFSBRU2B9CD,RCSQY4Y3PCM5V7D9M,BATS9G357BXURUBRD,,,,,,,,Mini 4 Pro,SYNX6652NBSTXSC8D,,,,DJI Fly,,1.13.5,A3471387-773D-58FE-9AF0-E9A619EF761D,,,,,,,,,,
1773850582,0m 22.0s,22.0,51.17310475,-1.83172528,118.1,118.1,30.0,298.1,0.0,0.000,0.000,0.000,,0.000,,-5.369,,9.60,0.00,45.0,45.0,,Auto Takeoff,,,18,4,TRUE,,Mini 4 Pro,,,,,,FALSE,TRUE,,,,,,,,,,,,,,,,,,,,,,,,,,,,,,,,,,,,,,,,,,,,,,,,87.7,,,,8.160,,,,,,,12.276,,,,,,,,,,,,,,,,,,,,,,,,,,,,,,,,51.17310475,-1.83172528,0.0,,,,,,,,,,,,,,,,,,,,,,,,,,,,Mini 4 Pro,SYNX6652NBSTXSC8D,CAML9TLFSBRU2B9CD,RCSQY4Y3PCM5V7D9M,BATS9G357BXURUBRD,,,,,,,,Mini 4 Pro,SYNX6652NBSTXSC8D,,,,DJI Fly,,1.13.5,A3471387-773D-58FE-9AF0-E9A619EF761D,,,,,,,,,,
1773850583,0m 23.0s,23.0,51.17310475,-1.83172528,118.1,118.1,30.0,298.1,0.0,0.000,0.000,0.000,,0.000,,-0.000,,0.00,0.00,45.0,45.0,,Auto Takeoff,,,18,4,TRUE,,Mini 4 Pro,,,,,,FALSE,TRUE,,,,,,,,,,,,,,,,,,,,,,,,,,,,,,,,,,,,,,,,,,,,,,,,87.7,,,,8.160,,,,,,,4.596,,,,,,,,,,,,,,,,,,,,,,,,,,,,,,,,51.17310475,-1.83172528,0.0,,,,,,,,,,,,,,,,,,,,,,,,,,,,Mini 4 Pro,SYNX6652NBSTXSC8D,CAML9TLFSBRU2B9CD,RCSQY4Y3PCM5V7D9M,BATS9G357BXURUBRD,,,,,,,,Mini 4 Pro,SYNX6652NBSTXSC8D,,,,DJI Fly,,1.13.5,A3471387-773D-58FE-9AF0-E9A619EF761D,,,,,,,,,,
1773850584,0m 24.0s,24.0,51.17310475,-1.83172528,118.1,118.1,30.0,298.1,0.0,0.000,0.000,0.000,,0.000,,-0.000,,0.00,0.00,45.0,45.0,,Auto Takeoff,,,18,4,TRUE,,Mini 4 Pro,,,,,,FALSE,TRUE,,,,,,,,,,,,,,,,,,,,,,,,,,,,,,,,,,,,,,,,,,,,,,,,87.7,,,,8.160,,,,,,,4.596,,,,,,,,,,,,,,,,,,,,,,,,,,,,,,,,51.17310475,-1.83172528,0.0,,,,,,,,,,,,,,,,,,,,,,,,,,,,Mini 4 Pro,SYNX6652NBSTXSC8D,CAML9TLFSBRU2B9CD,RCSQY4Y3PCM5V7D9M,BATS9G357BXURUBRD,,,,,,,,Mini 4 Pro,SYNX6652NBSTXSC8D,,,,DJI Fly,,1.13.5,A3471387-773D-58FE-9AF0-E9A619EF761D,,,,,,,,,,
1773850585,0m 25.0s,25.0,51.17310475,-1.83172528,118.1,118.1,30.0,298.1,0.0,0.000,0.000,0.000,,0.000,,-0.000,,0.00,0.00,45.0,45.0,,Auto Takeoff,,,18,4,TRUE,,Mini 4 Pro,,,,,,FALSE,TRUE,,,,,,,,,,,,,,,,,,,,,,,,,,,,,,,,,,,,,,,,,,,,,,,,87.7,,,,8.160,,,,,,,4.596,,,,,,,,,,,,,,,,,,,,,,,,,,,,,,,,51.17310475,-1.83172528,0.0,,,,,,,,,,,,,,,,,,,,,,,,,,,,Mini 4 Pro,SYNX6652NBSTXSC8D,CAML9TLFSBRU2B9CD,RCSQY4Y3PCM5V7D9M,BATS9G357BXURUBRD,,,,,,,,Mini 4 Pro,SYNX6652NBSTXSC8D,,,,DJI Fly,,1.13.5,A3471387-773D-58FE-9AF0-E9A619EF761D,,,,,,,,,,
1773850586,0m 26.0s,26.0,51.17310475,-1.83172528,118.1,118.1,30.0,298.1,0.0,0.000,0.000,0.000,,0.000,,-0.000,,0.00,0.00,45.0,45.0,,Auto Takeoff,,,18,4,TRUE,,Mini 4 Pro,,,,,,FALSE,TRUE,,,,,,,,,,,,,,,,,,,,,,,,,,,,,,,,,,,,,,,,,,,,,,,,87.7,,,,8.159,,,,,,,4.596,,,,,,,,,,,,,,,,,,,,,,,,,,,,,,,,51.17310475,-1.83172528,0.0,,,,,,,,,,,,,,,,,,,,,,,,,,,,Mini 4 Pro,SYNX6652NBSTXSC8D,CAML9TLFSBRU2B9CD,RCSQY4Y3PCM5V7D9M,BATS9G357BXURUBRD,,,,,,,,Mini 4 Pro,SYNX6652NBSTXSC8D,,,,DJI Fly,,1.13.5,A3471387-773D-58FE-9AF0-E9A619EF761D,,,,,,,,,,
1773850587,0m 27.0s,27.0,51.17310475,-1.83172528,118.1,118.1,30.0,298.1,0.0,0.000,0.000,0.000,,0.000,,-0.000,,0.00,0.00,45.0,45.0,,Auto Takeoff,,,18,4,TRUE,,Mini 4 Pro,,,,,,FALSE,TRUE,,,,,,,,,,,,,,,,,,,,,,,,,,,,,,,,,,,,,,,,,,,,,,,,87.7,,,,8.159,,,,,,,4.596,,,,,,,,,,,,,,,,,,,,,,,,,,,,,,,,51.17310475,-1.83172528,0.0,,,,,,,,,,,,,,,,,,,,,,,,,,,,Mini 4 Pro,SYNX6652NBSTXSC8D,CAML9TLFSBRU2B9CD,RCSQY4Y3PCM5V7D9M,BATS9G357BXURUBRD,,,,,,,,Mini 4 Pro,SYNX6652NBSTXSC8D,,,,DJI Fly,,1.13.5,A3471387-773D-58FE-9AF0-E9A619EF761D,,,,,,,,,,
1773850588,0m 28.0s,28.0,51.17310475,-1.83172528,118.1,118.1,30.0,298.1,0.0,0.000,0.000,0.000,,0.000,,-0.000,,0.00,0.00,45.0,45.0,,Auto Takeoff,,,18,4,TRUE,,Mini 4 Pro,,,,,,FALSE,TRUE,,,,,,,,,,,,,,,,,,,,,,,,,,,,,,,,,,,,,,,,,,,,,,,,87.7,,,,8.159,,,,,,,4.596,,,,,,,,,,,,,,,,,,,,,,,,,,,,,,,,51.17310475,-1.83172528,0.0,,,,,,,,,,,,,,,,,,,,,,,,,,,,Mini 4 Pro,SYNX6652NBSTXSC8D,CAML9TLFSBRU2B9CD,RCSQY4Y3PCM5V7D9M,BATS9G357BXURUBRD,,,,,,,,Mini 4 Pro,SYNX6652NBSTXSC8D,,,,DJI Fly,,1.13.5,A3471387-773D-58FE-9AF0-E9A619EF761D,,,,,,,,,,
1773850589,0m 29.0s,29.0,51.17310475,-1.83172528,118.1,118.1,30.0,298.1,0.0,0.000,0.000,0.000,,0.000,,-0.000,,0.00,0.00,45.0,45.0,,Auto Takeoff,,,18,4,TRUE,,Mini 4 Pro,,,,,,FALSE,TRUE,,,,,,,,,,,,,,,,,,,,,,,,,,,,,,,,,,,,,,,,,,,,,,,,87.7,,,,8.159,,,,,,,4.596,,,,,,,,,,,,,,,,,,,,,,,,,,,,,,,,51.17310475,-1.83172528,0.0,,,,,,,,,,,,,,,,,,,,,,,,,,,,Mini 4 Pro,SYNX6652NBSTXSC8D,CAML9TLFSBRU2B9CD,RCSQY4Y3PCM5V7D9M,BATS9G357BXURUBRD,,,,,,,,Mini 4 Pro,SYNX6652NBSTXSC8D,,,,DJI Fly,,1.13.5,A3471387-773D-58FE-9AF0-E9A619EF761D,,,,,,,,,,
1773850590,0m 30.0s,30.0,51.17314162,-1.83171221,118.1,118.1,30.0,298.1,13.8,9.395,9.395,9.171,,2.038,,-0.000,,1.47,-25.00,12.5,12.5,,P-GPS,,,18,4,TRUE,,Mini 4 Pro,,,,,,FALSE,TRUE,,,,,,,,,,,,,,,,,,,,,,,,,,,,,,,,,,,,,,,,,,,,,,,,87.7,,,,8.159,,,,,,,6.906,,,,,,,,,,,,,,,,,,,,,,,,,,,,,,,,51.17310475,-1.83172528,13.8,,,,,,,,,,,,,,,,,,,,,,,,,,,,Mini 4 Pro,SYNX6652NBSTXSC8D,CAML9TLFSBRU2B9CD,RCSQY4Y3PCM5V7D9M,BATS9G357BXURUBRD,,,,,,,,Mini 4 Pro,SYNX6652NBSTXSC8D,,,,DJI Fly,,1.13.5,A3471387-773D-58FE-9AF0-E9A619EF761D,,,,,,,,,,
1773850591,0m 31.0s,31.0,51.17317849,-1.83169914,118.1,118.1,30.0,298.1,27.6,9.395,9.395,9.171,,2.038,,-0.000,,1.47,0.00,12.5,12.5,,P-GPS,,,18,4,TRUE,,Mini 4 Pro,,,,,,FALSE,TRUE,,,,,,,,,,,,,,,,,,,,,,,,,,,,,,,,,,,,,,,,,,,,,,,,87.7,,,,8.159,,,,,,,6.906,,,,,,,,,,,,,,,,,,,,,,,,,,,,,,,,51.17310475,-1.83172528,27.6,,,,,,,,,,,,,,,,,,,,,,,,,,,,Mini 4 Pro,SYNX6652NBSTXSC8D,CAML9TLFSBRU2B9CD,RCSQY4Y3PCM5V7D9M,BATS9G357BXURUBRD,,,,,,,,Mini 4 Pro,SYNX6652NBSTXSC8D,,,,DJI Fly,,1.13.5,A3471387-773D-58FE-9AF0-E9A619EF761D,,,,,,,,,,
1773850592,0m 32.0s,32.0,51.17321536,-1.83168607,118.1,118.1,30.0,298.1,41.3,9.395,9.395,9.171,,2.038,,-0.000,,1.47,0.00,12.5,12.5,,P-GPS,,,18,4,TRUE,,Mini 4 Pro,,,,,,FALSE,TRUE,,,,,,,,,,,,,,,,,,,,,,,,,,,,,,,,,,,,,,,,,,,,,,,,87.7,,,,8.159,,,,,,,6.906,,,,,,,,,,,,,,,,,,,,,,,,,,,,,,,,51.17310475,-1.83172528,41.3,,,,,,,,,,,,,,,,,,,,,,,,,,,,Mini 4 Pro,SYNX6652NBSTXSC8D,CAML9TLFSBRU2B9CD,RCSQY4Y3PCM5V7D9M,BATS9G357BXURUBRD,,,,,,,,Mini 4 Pro,SYNX6652NBSTXSC8D,,,,DJI Fly,,1.13.5,A3471387-773D-58FE-9AF0-E9A619EF761D,,,,,,,,,,
1773850593,0m 33.0s,33.0,51.17325224,-1.83167300,118.1,118.1,30.0,298.1,55.1,9.395,9.395,9.171,,2.038,,-0.000,,1.47,0.00,12.5,12.5,,P-GPS,,,18,4,TRUE,,Mini 4 Pro,,,,,,FALSE,TRUE,,,,,,,,,,,,,,,,,,,,,,,,,,,,,,,,,,,,,,,,,,,,,,,,87.7,,,,8.159,,,,,,,6.906,,,,,,,,,,,,,,,,,,,,,,,,,,,,,,,,51.17310475,-1.83172528,55.1,,,,,,,,,,,,,,,,,,,,,,,,,,,,Mini 4 Pro,SYNX6652NBSTXSC8D,CAML9TLFSBRU2B9CD,RCSQY4Y3PCM5V7D9M,BATS9G357BXURUBRD,,,,,,,,Mini 4 Pro,SYNX6652NBSTXSC8D,,,,DJI Fly,,1.13.5,A3471387-773D-58FE-9AF0-E9A619EF761D,,,,,,,,,,
1773850594,0m 34.0s,34.0,51.17328911,-1.83165993,118.1,118.1,30.0,298.1,68.9,9.395,9.395,9.171,,2.038,,-0.000,,1.47,0.00,12.5,12.5,,P-GPS,,,18,4,TRUE,,Mini 4 Pro,,,,,,FALSE,TRUE,,,,,,,,,,,,,,,,,,,,,,,,,,,,,,,,,,,,,,,,,,,,,,,,87.6,,,,8.159,,,,,,,6.906,,,,,,,,,,,,,,,,,,,,,,,,,,,,,,,,51.17310475,-1.83172528,68.9,,,,,,,,,,,,,,,,,,,,,,,,,,,,Mini 4 Pro,SYNX6652NBSTXSC8D,CAML9TLFSBRU2B9CD,RCSQY4Y3PCM5V7D9M,BATS9G357BXURUBRD,,,,,,,,Mini 4 Pro,SYNX6652NBSTXSC8D,,,,DJI Fly,,1.13.5,A3471387-773D-58FE-9AF0-E9A619EF761D,,,,,,,,,,
1773850595,0m 35.0s,35.0,51.17332598,-1.83164687,118.1,118.1,30.0,298.1,82.7,9.395,9.395,9.171,,2.038,,-0.000,,1.47,0.00,12.5,12.5,,P-GPS,,,18,4,TRUE,,Mini 4 Pro,,,,,,FALSE,TRUE,,,,,,,,,,,,,,,,,,,,,,,,,,,,,,,,,,,,,,,,,,,,,,,,87.6,,,,8.158,,,,,,,6.906,,,,,,,,,,,,,,,,,,,,,,,,,,,,,,,,51.17310475,-1.83172528,82.7,,,,,,,,,,,,,,,,,,,,,,,,,,,,Mini 4 Pro,SYNX6652NBSTXSC8D,CAML9TLFSBRU2B9CD,RCSQY4Y3PCM5V7D9M,BATS9G357BXURUBRD,,,,,,,,Mini 4 Pro,SYNX6652NBSTXSC8D,,,,DJI Fly,,1.13.5,A3471387-773D-58FE-9AF0-E9A619EF761D,,,,,,,,,,
1773850596,0m 36.0s,36.0,51.17336285,-1.83163380,118.1,118.1,30.0,298.1,96.5,9.395,9.395,9.171,,2.038,,-0.000,,1.47,0.00,12.5,12.5,,P-GPS,,,18,4,TRUE,,Mini 4 Pro,,,,,,FALSE,TRUE,,,,,,,,,,,,,,,,,,,,,,,,,,,,,,,,,,,,,,,,,,,,,,,,87.6,,,,8.158,,,,,,,6.906,,,,,,,,,,,,,,,,,,,,,,,,,,,,,,,,51.17310475,-1.83172528,96.5,,,,,,,,,,,,,,,,,,,,,,,,,,,,Mini 4 Pro,SYNX6652NBSTXSC8D,CAML9TLFSBRU2B9CD,RCSQY4Y3PCM5V7D9M,BATS9G357BXURUBRD,,,,,,,,Mini 4 Pro,SYNX6652NBSTXSC8D,,,,DJI Fly,,1.13.5,A3471387-773D-58FE-9AF0-E9A619EF761D,,,,,,,,,,
1773850597,0m 37.0s,37.0,51.17339973,-1.83162073,118.1,118.1,30.0,298.1,110.2,9.395,9.395,9.171,,2.038,,-0.000,,1.47,0.00,12.5,12.5,,P-GPS,,,18,4,TRUE,,Mini 4 Pro,,,,,,FALSE,TRUE,,,,,,,,,,,,,,,,,,,,,,,,,,,,,,,,,,,,,,,,,,,,,,,,87.6,,,,8.158,,,,,,,6.906,,,,,,,,,,,,,,,,,,,,,,,,,,,,,,,,51.17310475,-1.83172528,110.2,,,,,,,,,,,,,,,,,,,,,,,,,,,,Mini 4 Pro,SYNX6652NBSTXSC8D,CAML9TLFSBRU2B9CD,RCSQY4Y3PCM5V7D9M,BATS9G357BXURUBRD,,,,,,,,Mini 4 Pro,SYNX6652NBSTXSC8D,,,,DJI Fly,,1.13.5,A3471387-773D-58FE-9AF0-E9A619EF761D,,,,,,,,,,
1773850598,0m 38.0s,38.0,51.17343660,-1.83160766,118.1,118.1,30.0,298.1,124.0,9.395,9.395,9.171,,2.038,,-0.000,,1.47,0.00,12.5,12.5,,P-GPS,,,18,4,TRUE,,Mini 4 Pro,,,,,,FALSE,TRUE,,,,,,,,,,,,,,,,,,,,,,,,,,,,,,,,,,,,,,,,,,,,,,,,87.6,,,,8.158,,,,,,,6.906,,,,,,,,,,,,,,,,,,,,,,,,,,,,,,,,51.17310475,-1.83172528,124.0,,,,,,,,,,,,,,,,,,,,,,,,,,,,Mini 4 Pro,SYNX6652NBSTXSC8D,CAML9TLFSBRU2B9CD,RCSQY4Y3PCM5V7D9M,BATS9G357BXURUBRD,,,,,,,,Mini 4 Pro,SYNX6652NBSTXSC8D,,,,DJI Fly,,1.13.5,A3471387-773D-58FE-9AF0-E9A619EF761D,,,,,,,,,,
1773850599,0m 39.0s,39.0,51.17347347,-1.83159459,118.1,118.1,30.0,298.1,137.8,9.395,9.395,9.171,,2.038,,-0.000,,1.47,0.00,12.5,12.5,,P-GPS,,,18,4,TRUE,,Mini 4 Pro,,,,,,FALSE,TRUE,,,,,,,,,,,,,,,,,,,,,,,,,,,,,,,,,,,,,,,,,,,,,,,,87.6,,,,8.158,,,,,,,6.906,,,,,,,,,,,,,,,,,,,,,,,,,,,,,,,,51.17310475,-1.83172528,137.8,,,,,,,,,,,,,,,,,,,,,,,,,,,,Mini 4 Pro,SYNX6652NBSTXSC8D,CAML9TLFSBRU2B9CD,RCSQY4Y3PCM5V7D9M,BATS9G357BXURUBRD,,,,,,,,Mini 4 Pro,SYNX6652NBSTXSC8D,,,,DJI Fly,,1.13.5,A3471387-773D-58FE-9AF0-E9A619EF761D,,,,,,,,,,
1773850600,0m 40.0s,40.0,51.17351034,-1.83158152,118.1,118.1,30.0,298.1,151.6,9.395,9.395,9.171,,2.038,,-0.000,,1.47,0.00,12.5,12.5,,P-GPS,,,18,4,TRUE,,Mini 4 Pro,,,,,,FALSE,TRUE,,,,,,,,,,,,,,,,,,,,,,,,,,,,,,,,,,,,,,,,,,,,,,,,87.6,,,,8.158,,,,,,,6.906,,,,,,,,,,,,,,,,,,,,,,,,,,,,,,,,51.17310475,-1.83172528,151.6,,,,,,,,,,,,,,,,,,,,,,,,,,,,Mini 4 Pro,SYNX6652NBSTXSC8D,CAML9TLFSBRU2B9CD,RCSQY4Y3PCM5V7D9M,BATS9G357BXURUBRD,,,,,,,,Mini 4 Pro,SYNX6652NBSTXSC8D,,,,DJI Fly,,1.13.5,A3471387-773D-58FE-9AF0-E9A619EF761D,,,,,,,,,,
1773850601,0m 41.0s,41.0,51.17354721,-1.83156845,118.1,118.1,30.0,298.1,165.4,9.395,9.395,9.171,,2.038,,-0.000,,1.47,0.00,12.5,12.5,,P-GPS,,,18,4,TRUE,,Mini 4 Pro,,,,,,FALSE,TRUE,,,,,,,,,,,,,,,,,,,,,,,,,,,,,,,,,,,,,,,,,,,,,,,,87.6,,,,8.158,,,,,,,6.906,,,,,,,,,,,,,,,,,,,,,,,,,,,,,,,,51.17310475,-1.83172528,165.4,,,,,,,,,,,,,,,,,,,,,,,,,,,,Mini 4 Pro,SYNX6652NBSTXSC8D,CAML9TLFSBRU2B9CD,RCSQY4Y3PCM5V7D9M,BATS9G357BXURUBRD,,,,,,,,Mini 4 Pro,SYNX6652NBSTXSC8D,,,,DJI Fly,,1.13.5,A3471387-773D-58FE-9AF0-E9A619EF761D,,,,,,,,,,
1773850602,0m 42.0s,42.0,51.17358409,-1.83155538,118.1,118.1,30.0,298.1,179.1,9.395,9.395,9.171,,2.038,,-0.000,,1.47,0.00,12.5,12.5,,P-GPS,,,18,4,TRUE,,Mini 4 Pro,,,,,,FALSE,TRUE,,,,,,,,,,,,,,,,,,,,,,,,,,,,,,,,,,,,,,,,,,,,,,,,87.6,,,,8.158,,,,,,,6.906,,,,,,,,,,,,,,,,,,,,,,,,,,,,,,,,51.17310475,-1.83172528,179.1,,,,,,,,,,,,,,,,,,,,,,,,,,,,Mini 4 Pro,SYNX6652NBSTXSC8D,CAML9TLFSBRU2B9CD,RCSQY4Y3PCM5V7D9M,BATS9G357BXURUBRD,,,,,,,,Mini 4 Pro,SYNX6652NBSTXSC8D,,,,DJI Fly,,1.13.5,A3471387-773D-58FE-9AF0-E9A619EF761D,,,,,,,,,,
1773850603,0m 43.0s,43.0,51.17362096,-1.83154231,118.1,118.1,30.0,298.1,192.9,9.395,9.395,9.171,,2.038,,-0.000,,1.47,0.00,12.5,12.5,,P-GPS,,,18,4,TRUE,,Mini 4 Pro,,,,,,FALSE,TRUE,,,,,,,,,,,,,,,,,,,,,,,,,,,,,,,,,,,,,,,,,,,,,,,,87.6,,,,8.157,,,,,,,6.906,,,,,,,,,,,,,,,,,,,,,,,,,,,,,,,,51.17310475,-1.83172528,192.9,,,,,,,,,,,,,,,,,,,,,,,,,,,,Mini 4 Pro,SYNX6652NBSTXSC8D,CAML9TLFSBRU2B9CD,RCSQY4Y3PCM5V7D9M,BATS9G357BXURUBRD,,,,,,,,Mini 4 Pro,SYNX6652NBSTXSC8D,,,,DJI Fly,,1.13.5,A3471387-773D-58FE-9AF0-E9A619EF761D,,,,,,,,,,
1773850604,0m 44.0s,44.0,51.17365783,-1.83152925,118.1,118.1,30.0,298.1,206.7,9.395,9.395,9.171,,2.038,,-0.000,,1.47,0.00,12.5,12.5,,P-GPS,,,18,4,TRUE,,Mini 4 Pro,,,,,,FALSE,TRUE,,,,,,,,,,,,,,,,,,,,,,,,,,,,,,,,,,,,,,,,,,,,,,,,87.6,,,,8.157,,,,,,,6.906,,,,,,,,,,,,,,,,,,,,,,,,,,,,,,,,51.17310475,-1.83172528,206.7,,,,,,,,,,,,,,,,,,,,,,,,,,,,Mini 4 Pro,SYNX6652NBSTXSC8D,CAML9TLFSBRU2B9CD,RCSQY4Y3PCM5V7D9M,BATS9G357BXURUBRD,,,,,,,,Mini 4 Pro,SYNX6652NBSTXSC8D,,,,DJI Fly,,1.13.5,A3471387-773D-58FE-9AF0-E9A619EF761D,,,,,,,,,,
1773850605,0m 45.0s,45.0,51.17369470,-1.83151618,118.1,118.1,30.0,298.1,220.5,9.395,9.395,9.171,,2.038,,-0.000,,1.47,0.00,12.5,12.5,,P-GPS,,,18,4,TRUE,,Mini 4 Pro,,,,,,FALSE,TRUE,,,,,,,,,,,,,,,,,,,,,,,,,,,,,,,,,,,,,,,,,,,,,,,,87.6,,,,8.157,,,,,,,6.906,,,,,,,,,,,,,,,,,,,,,,,,,,,,,,,,51.17310475,-1.83172528,220.5,,,,,,,,,,,,,,,,,,,,,,,,,,,,Mini 4 Pro,SYNX6652NBSTXSC8D,CAML9TLFSBRU2B9CD,RCSQY4Y3PCM5V7D9M,BATS9G357BXURUBRD,,,,,,,,Mini 4 Pro,SYNX6652NBSTXSC8D,,,,DJI Fly,,1.13.5,A3471387-773D-58FE-9AF0-E9A619EF761D,,,,,,,,,,
1773850606,0m 46.0s,46.0,51.17373157,-1.83150311,118.1,118.1,30.0,298.1,234.3,9.395,9.395,9.171,,2.038,,-0.000,,1.47,0.00,12.5,12.5,,P-GPS,,,18,4,TRUE,,Mini 4 Pro,,,,,,FALSE,TRUE,,,,,,,,,,,,,,,,,,,,,,,,,,,,,,,,,,,,,,,,,,,,,,,,87.5,,,,8.157,,,,,,,6.906,,,,,,,,,,,,,,,,,,,,,,,,,,,,,,,,51.17310475,-1.83172528,234.3,,,,,,,,,,,,,,,,,,,,,,,,,,,,Mini 4 Pro,SYNX6652NBSTXSC8D,CAML9TLFSBRU2B9CD,RCSQY4Y3PCM5V7D9M,BATS9G357BXURUBRD,,,,,,,,Mini 4 Pro,SYNX6652NBSTXSC8D,,,,DJI Fly,,1.13.5,A3471387-773D-58FE-9AF0-E9A619EF761D,,,,,,,,,,
1773850607,0m 47.0s,47.0,51.17376845,-1.83149004,118.1,118.1,30.0,298.1,248.0,9.395,9.395,9.171,,2.038,,-0.000,,1.47,0.00,12.5,12.5,,P-GPS,,,18,4,TRUE,,Mini 4 Pro,,,,,,FALSE,TRUE,,,,,,,,,,,,,,,,,,,,,,,,,,,,,,,,,,,,,,,,,,,,,,,,87.5,,,,8.157,,,,,,,6.906,,,,,,,,,,,,,,,,,,,,,,,,,,,,,,,,51.17310475,-1.83172528,248.0,,,,,,,,,,,,,,,,,,,,,,,,,,,,Mini 4 Pro,SYNX6652NBSTXSC8D,CAML9TLFSBRU2B9CD,RCSQY4Y3PCM5V7D9M,BATS9G357BXURUBRD,,,,,,,,Mini 4 Pro,SYNX6652NBSTXSC8D,,,,DJI Fly,,1.13.5,A3471387-773D-58FE-9AF0-E9A619EF761D,,,,,,,,,,
1773850608,0m 48.0s,48.0,51.17380532,-1.83147697,118.1,118.1,30.0,298.1,261.8,9.395,9.395,9.171,,2.038,,-0.000,,1.47,0.00,12.5,12.5,,P-GPS,,,18,4,TRUE,,Mini 4 Pro,,,,,,FALSE,TRUE,,,,,,,,,,,,,,,,,,,,,,,,,,,,,,,,,,,,,,,,,,,,,,,,87.5,,,,8.157,,,,,,,6.906,,,,,,,,,,,,,,,,,,,,,,,,,,,,,,,,51.17310475,-1.83172528,261.8,,,,,,,,,,,,,,,,,,,,,,,,,,,,Mini 4 Pro,SYNX6652NBSTXSC8D,CAML9TLFSBRU2B9CD,RCSQY4Y3PCM5V7D9M,BATS9G357BXURUBRD,,,,,,,,Mini 4 Pro,SYNX6652NBSTXSC8D,,,,DJI Fly,,1.13.5,A3471387-773D-58FE-9AF0-E9A619EF761D,,,,,,,,,,
1773850609,0m 49.0s,49.0,51.17384219,-1.83146390,118.1,118.1,30.0,298.1,275.6,9.395,9.395,9.171,,2.038,,-0.000,,1.47,0.00,12.5,12.5,,P-GPS,,,18,4,TRUE,,Mini 4 Pro,,,,,,FALSE,TRUE,,,,,,,,,,,,,,,,,,,,,,,,,,,,,,,,,,,,,,,,,,,,,,,,87.5,,,,8.157,,,,,,,6.906,,,,,,,,,,,,,,,,,,,,,,,,,,,,,,,,51.17310475,-1.83172528,275.6,,,,,,,,,,,,,,,,,,,,,,,,,,,,Mini 4 Pro,SYNX6652NBSTXSC8D,CAML9TLFSBRU2B9CD,RCSQY4Y3PCM5V7D9M,BATS9G357BXURUBRD,,,,,,,,Mini 4 Pro,SYNX6652NBSTXSC8D,,,,DJI Fly,,1.13.5,A3471387-773D-58FE-9AF0-E9A619EF761D,,,,,,,,,,
1773850610,0m 50.0s,50.0,51.17387906,-1.83145083,118.1,118.1,30.0,298.1,289.4,9.395,9.395,9.171,,2.038,,-0.000,,1.47,0.00,12.5,12.5,,P-GPS,,,18,4,TRUE,,Mini 4 Pro,,,,,,FALSE,TRUE,,,,,,,,,,,,,,,,,,,,,,,,,,,,,,,,,,,,,,,,,,,,,,,,87.5,,,,8.156,,,,,,,6.906,,,,,,,,,,,,,,,,,,,,,,,,,,,,,,,,51.17310475,-1.83172528,289.4,,,,,,,,,,,,,,,,,,,,,,,,,,,,Mini 4 Pro,SYNX6652NBSTXSC8D,CAML9TLFSBRU2B9CD,RCSQY4Y3PCM5V7D9M,BATS9G357BXURUBRD,,,,,,,,Mini 4 Pro,SYNX6652NBSTXSC8D,,,,DJI Fly,,1.13.5,A3471387-773D-58FE-9AF0-E9A619EF761D,,,,,,,,,,
1773850611,0m 51.0s,51.0,51.17391414,-1.83143840,118.1,118.1,30.0,298.1,302.5,8.938,9.395,8.725,,1.939,,-0.000,,1.40,0.00,12.5,12.5,,P-GPS,,,18,4,TRUE,,Mini 4 Pro,,,,,,FALSE,TRUE,,,,,,,,,,,,,,,,,,,,,,,,,,,,,,,,,,,,,,,,,,,,,,,,87.5,,,,8.156,,,,,,,6.793,,,,,,,,,,,,,,,,,,,,,,,,,,,,,,,,51.17310475,-1.83172528,302.5,,,,,,,,,,,,,,,,,,,,,,,,,,,,Mini 4 Pro,SYNX6652NBSTXSC8D,CAML9TLFSBRU2B9CD,RCSQY4Y3PCM5V7D9M,BATS9G357BXURUBRD,,,,,,,,Mini 4 Pro,SYNX6652NBSTXSC8D,,,,DJI Fly,,1.13.5,A3471387-773D-58FE-9AF0-E9A619EF761D,,,,,,,,,,
1773850612,0m 52.0s,52.0,51.17391414,-1.83143840,118.1,118.1,30.0,298.1,302.5,0.000,9.395,0.000,,0.000,,-0.000,,0.00,0.00,12.5,12.5,,P-GPS,,,18,4,TRUE,,Mini 4 Pro,,,,,,FALSE,TRUE,,,,,,,,,,,,,,,,,,,,,,,,,,,,,,,,,,,,,,,,,,,,,,,,87.5,,,,8.156,,,,,,,4.596,,,,,,,,,,,,,,,,,,,,,,,,,,,,,,,,51.17310475,-1.83172528,302.5,,,,,,,,,,,,,,,,,,,,,,,,,,,,Mini 4 Pro,SYNX6652NBSTXSC8D,CAML9TLFSBRU2B9CD,RCSQY4Y3PCM5V7D9M,BATS9G357BXURUBRD,,,,,,,,Mini 4 Pro,SYNX6652NBSTXSC8D,,,,DJI Fly,,1.13.5,A3471387-773D-58FE-9AF0-E9A619EF761D,,,,,,,,,,
1773850613,0m 53.0s,53.0,51.17391414,-1.83143840,118.1,118.1,30.0,298.1,302.5,0.000,9.395,0.000,,0.000,,-0.000,,0.00,0.00,12.5,12.5,,P-GPS,,,18,4,TRUE,,Mini 4 Pro,,,,,,FALSE,TRUE,,,,,,,,,,,,,,,,,,,,,,,,,,,,,,,,,,,,,,,,,,,,,,,,87.5,,,,8.156,,,,,,,4.596,,,,,,,,,,,,,,,,,,,,,,,,,,,,,,,,51.17310475,-1.83172528,302.5,,,,,,,,,,,,,,,,,,,,,,,,,,,,Mini 4 Pro,SYNX6652NBSTXSC8D,CAML9TLFSBRU2B9CD,RCSQY4Y3PCM5V7D9M,BATS9G357BXURUBRD,,,,,,,,Mini 4 Pro,SYNX6652NBSTXSC8D,,,,DJI Fly,,1.13.5,A3471387-773D-58FE-9AF0-E9A619EF761D,,,,,,,,,,
1773850614,0m 54.0s,54.0,51.17391414,-1.83143840,118.1,118.1,30.0,298.1,302.5,0.000,9.395,0.000,,0.000,,-0.000,,0.00,0.00,12.5,12.5,,P-GPS,,,18,4,TRUE,,Mini 4 Pro,,,,,,FALSE,TRUE,,,,,,,,,,,,,,,,,,,,,,,,,,,,,,,,,,,,,,,,,,,,,,,,87.5,,,,8.156,,,,,,,4.596,,,,,,,,,,,,,,,,,,,,,,,,,,,,,,,,51.17310475,-1.83172528,302.5,,,,,,,,,,,,,,,,,,,,,,,,,,,,Mini 4 Pro,SYNX6652NBSTXSC8D,CAML9TLFSBRU2B9CD,RCSQY4Y3PCM5V7D9M,BATS9G357BXURUBRD,,,,,,,,Mini 4 Pro,SYNX6652NBSTXSC8D,,,,DJI Fly,,1.13.5,A3471387-773D-58FE-9AF0-E9A619EF761D,,,,,,,,,,
1773850615,0m 55.0s,55.0,51.17391414,-1.83143840,118.1,118.1,30.0,298.1,302.5,0.000,9.395,0.000,,0.000,,-0.000,,0.00,0.00,12.5,12.5,,P-GPS,,,18,4,TRUE,,Mini 4 Pro,,,,,,FALSE,TRUE,,,,,,,,,,,,,,,,,,,,,,,,,,,,,,,,,,,,,,,,,,,,,,,,87.5,,,,8.156,,,,,,,4.596,,,,,,,,,,,,,,,,,,,,,,,,,,,,,,,,51.17310475,-1.83172528,302.5,,,,,,,,,,,,,,,,,,,,,,,,,,,,Mini 4 Pro,SYNX6652NBSTXSC8D,CAML9TLFSBRU2B9CD,RCSQY4Y3PCM5V7D9M,BATS9G357BXURUBRD,,,,,,,,Mini 4 Pro,SYNX6652NBSTXSC8D,,,,DJI Fly,,1.13.5,A3471387-773D-58FE-9AF0-E9A619EF761D,,,,,,,,,,
1773850616,0m 56.0s,56.0,51.17391414,-1.83143840,118.1,118.1,30.0,298.1,302.5,0.000,9.395,0.000,,0.000,,-0.000,,0.00,0.00,12.5,12.5,,P-GPS,,,18,4,TRUE,,Mini 4 Pro,,,,,,FALSE,TRUE,,,,,,,,,,,,,,,,,,,,,,,,,,,,,,,,,,,,,,,,,,,,,,,,87.5,,,,8.156,,,,,,,4.596,,,,,,,,,,,,,,,,,,,,,,,,,,,,,,,,51.17310475,-1.83172528,302.5,,,,,,,,,,,,,,,,,,,,,,,,,,,,Mini 4 Pro,SYNX6652NBSTXSC8D,CAML9TLFSBRU2B9CD,RCSQY4Y3PCM5V7D9M,BATS9G357BXURUBRD,,,,,,,,Mini 4 Pro,SYNX6652NBSTXSC8D,,,,DJI Fly,,1.13.5,A3471387-773D-58FE-9AF0-E9A619EF761D,,,,,,,,,,
1773850617,0m 57.0s,57.0,51.17391414,-1.83143840,118.1,118.1,30.0,298.1,302.5,0.000,9.395,0.000,,0.000,,-0.000,,0.00,0.00,12.5,12.5,,P-GPS,,,18,4,TRUE,,Mini 4 Pro,,,,,,FALSE,TRUE,,,,,,,,,,,,,,,,,,,,,,,,,,,,,,,,,,,,,,,,,,,,,,,,87.5,,,,8.156,,,,,,,4.596,,,,,,,,,,,,,,,,,,,,,,,,,,,,,,,,51.17310475,-1.83172528,302.5,,,,,,,,,,,,,,,,,,,,,,,,,,,,Mini 4 Pro,SYNX6652NBSTXSC8D,CAML9TLFSBRU2B9CD,RCSQY4Y3PCM5V7D9M,BATS9G357BXURUBRD,,,,,,,,Mini 4 Pro,SYNX6652NBSTXSC8D,,,,DJI Fly,,1.13.5,A3471387-773D-58FE-9AF0-E9A619EF761D,,,,,,,,,,
1773850618,0m 58.0s,58.0,51.17391414,-1.83143840,118.1,118.1,30.0,298.1,302.5,0.000,9.395,0.000,,0.000,,-0.000,,0.00,0.00,12.5,12.5,,P-GPS,,,18,4,TRUE,,Mini 4 Pro,,,,,,FALSE,TRUE,,,,,,,,,,,,,,,,,,,,,,,,,,,,,,,,,,,,,,,,,,,,,,,,87.5,,,,8.156,,,,,,,4.596,,,,,,,,,,,,,,,,,,,,,,,,,,,,,,,,51.17310475,-1.83172528,302.5,,,,,,,,,,,,,,,,,,,,,,,,,,,,Mini 4 Pro,SYNX6652NBSTXSC8D,CAML9TLFSBRU2B9CD,RCSQY4Y3PCM5V7D9M,BATS9G357BXURUBRD,,,,,,,,Mini 4 Pro,SYNX6652NBSTXSC8D,,,,DJI Fly,,1.13.5,A3471387-773D-58FE-9AF0-E9A619EF761D,,,,,,,,,,
1773850619,0m 59.0s,59.0,51.17391414,-1.83143840,118.1,118.1,30.0,298.1,302.5,0.000,9.395,0.000,,0.000,,-0.000,,0.00,0.00,12.5,12.5,,P-GPS,,,18,4,TRUE,,Mini 4 Pro,,,,,,FALSE,TRUE,,,,,,,,,,,,,,,,,,,,,,,,,,,,,,,,,,,,,,,,,,,,,,,,87.5,,,,8.156,,,,,,,4.596,,,,,,,,,,,,,,,,,,,,,,,,,,,,,,,,51.17310475,-1.83172528,302.5,,,,,,,,,,,,,,,,,,,,,,,,,,,,Mini 4 Pro,SYNX6652NBSTXSC8D,CAML9TLFSBRU2B9CD,RCSQY4Y3PCM5V7D9M,BATS9G357BXURUBRD,,,,,,,,Mini 4 Pro,SYNX6652NBSTXSC8D,,,,DJI Fly,,1.13.5,A3471387-773D-58FE-9AF0-E9A619EF761D,,,,,,,,,,
1773850620,1m 0.0s,60.0,51.17391414,-1.83143840,118.1,118.1,30.0,298.1,302.5,0.000,9.395,0.000,,0.000,,-0.000,,0.00,0.00,12.5,12.5,,P-GPS,,,18,4,TRUE,,Mini 4 Pro,,,,,,FALSE,TRUE,,,,,,,,,,,,,,,,,,,,,,,,,,,,,,,,,,,,,,,,,,,,,,,,87.5,,,,8.156,,,,,,,4.596,,,,,,,,,,,,,,,,,,,,,,,,,,,,,,,,51.17310475,-1.83172528,302.5,,,,,,,,,,,,,,,,,,,,,,,,,,,,Mini 4 Pro,SYNX6652NBSTXSC8D,CAML9TLFSBRU2B9CD,RCSQY4Y3PCM5V7D9M,BATS9G357BXURUBRD,,,,,,,,Mini 4 Pro,SYNX6652NBSTXSC8D,,,,DJI Fly,,1.13.5,A3471387-773D-58FE-9AF0-E9A619EF761D,,,,,,,,,,
1773850621,1m 1.0s,61.0,51.17391414,-1.83143840,118.1,118.1,30.0,298.1,302.5,0.000,9.395,0.000,,0.000,,-0.000,,0.00,0.00,12.5,12.5,,P-GPS,,,18,4,TRUE,,Mini 4 Pro,,,,,,FALSE,TRUE,,,,,,,,,,,,,,,,,,,,,,,,,,,,,,,,,,,,,,,,,,,,,,,,87.4,,,,8.155,,,,,,,4.596,,,,,,,,,,,,,,,,,,,,,,,,,,,,,,,,51.17310475,-1.83172528,302.5,,,,,,,,,,,,,,,,,,,,,,,,,,,,Mini 4 Pro,SYNX6652NBSTXSC8D,CAML9TLFSBRU2B9CD,RCSQY4Y3PCM5V7D9M,BATS9G357BXURUBRD,,,,,,,,Mini 4 Pro,SYNX6652NBSTXSC8D,,,,DJI Fly,,1.13.5,A3471387-773D-58FE-9AF0-E9A619EF761D,,,,,,,,,,
1773850622,1m 2.0s,62.0,51.17391414,-1.83143840,118.1,118.1,30.0,298.1,302.5,0.000,9.395,0.000,,0.000,,-0.000,,0.00,0.00,12.5,12.5,,P-GPS,,,18,4,TRUE,,Mini 4 Pro,,,,,,FALSE,TRUE,,,,,,,,,,,,,,,,,,,,,,,,,,,,,,,,,,,,,,,,,,,,,,,,87.4,,,,8.155,,,,,,,4.596,,,,,,,,,,,,,,,,,,,,,,,,,,,,,,,,51.17310475,-1.83172528,302.5,,,,,,,,,,,,,,,,,,,,,,,,,,,,Mini 4 Pro,SYNX6652NBSTXSC8D,CAML9TLFSBRU2B9CD,RCSQY4Y3PCM5V7D9M,BATS9G357BXURUBRD,,,,,,,,Mini 4 Pro,SYNX6652NBSTXSC8D,,,,DJI Fly,,1.13.5,A3471387-773D-58FE-9AF0-E9A619EF761D,,,,,,,,,,
1773850623,1m 3.0s,63.0,51.17391414,-1.83143840,118.1,118.1,30.0,298.1,302.5,0.000,9.395,0.000,,0.000,,-0.000,,0.00,0.00,12.5,12.5,,P-GPS,,,18,4,TRUE,,Mini 4 Pro,,,,,,FALSE,TRUE,,,,,,,,,,,,,,,,,,,,,,,,,,,,,,,,,,,,,,,,,,,,,,,,87.4,,,,8.155,,,,,,,4.596,,,,,,,,,,,,,,,,,,,,,,,,,,,,,,,,51.17310475,-1.83172528,302.5,,,,,,,,,,,,,,,,,,,,,,,,,,,,Mini 4 Pro,SYNX6652NBSTXSC8D,CAML9TLFSBRU2B9CD,RCSQY4Y3PCM5V7D9M,BATS9G357BXURUBRD,,,,,,,,Mini 4 Pro,SYNX6652NBSTXSC8D,,,,DJI Fly,,1.13.5,A3471387-773D-58FE-9AF0-E9A619EF761D,,,,,,,,,,
1773850624,1m 4.0s,64.0,51.17391414,-1.83143840,118.1,118.1,30.0,298.1,302.5,0.000,9.395,0.000,,0.000,,-0.000,,0.00,0.00,12.5,12.5,,P-GPS,,,18,4,TRUE,,Mini 4 Pro,,,,,,FALSE,TRUE,,,,,,,,,,,,,,,,,,,,,,,,,,,,,,,,,,,,,,,,,,,,,,,,87.4,,,,8.155,,,,,,,4.596,,,,,,,,,,,,,,,,,,,,,,,,,,,,,,,,51.17310475,-1.83172528,302.5,,,,,,,,,,,,,,,,,,,,,,,,,,,,Mini 4 Pro,SYNX6652NBSTXSC8D,CAML9TLFSBRU2B9CD,RCSQY4Y3PCM5V7D9M,BATS9G357BXURUBRD,,,,,,,,Mini 4 Pro,SYNX6652NBSTXSC8D,,,,DJI Fly,,1.13.5,A3471387-773D-58FE-9AF0-E9A619EF761D,,,,,,,,,,
1773850625,1m 5.0s,65.0,51.17391414,-1.83143840,118.1,118.1,30.0,298.1,302.5,0.000,9.395,0.000,,0.000,,-0.000,,0.00,0.00,12.5,12.5,,P-GPS,,,18,4,TRUE,,Mini 4 Pro,,,,,,FALSE,TRUE,,,,,,,,,,,,,,,,,,,,,,,,,,,,,,,,,,,,,,,,,,,,,,,,87.4,,,,8.155,,,,,,,4.596,,,,,,,,,,,,,,,,,,,,,,,,,,,,,,,,51.17310475,-1.83172528,302.5,,,,,,,,,,,,,,,,,,,,,,,,,,,,Mini 4 Pro,SYNX6652NBSTXSC8D,CAML9TLFSBRU2B9CD,RCSQY4Y3PCM5V7D9M,BATS9G357BXURUBRD,,,,,,,,Mini 4 Pro,SYNX6652NBSTXSC8D,,,,DJI Fly,,1.13.5,A3471387-773D-58FE-9AF0-E9A619EF761D,,,,,,,,,,
1773850626,1m 6.0s,66.0,51.17391414,-1.83143840,118.1,118.1,30.0,298.1,302.5,0.000,9.395,0.000,,0.000,,-0.000,,0.00,0.00,12.5,12.5,,P-GPS,,,18,4,TRUE,,Mini 4 Pro,,,,,,FALSE,TRUE,,,,,,,,,,,,,,,,,,,,,,,,,,,,,,,,,,,,,,,,,,,,,,,,87.4,,,,8.155,,,,,,,4.596,,,,,,,,,,,,,,,,,,,,,,,,,,,,,,,,51.17310475,-1.83172528,302.5,,,,,,,,,,,,,,,,,,,,,,,,,,,,Mini 4 Pro,SYNX6652NBSTXSC8D,CAML9TLFSBRU2B9CD,RCSQY4Y3PCM5V7D9M,BATS9G357BXURUBRD,,,,,,,,Mini 4 Pro,SYNX6652NBSTXSC8D,,,,DJI Fly,,1.13.5,A3471387-773D-58FE-9AF0-E9A619EF761D,,,,,,,,,,
1773850627,1m 7.0s,67.0,51.17391414,-1.83143840,118.1,118.1,30.0,298.1,302.5,0.000,9.395,0.000,,0.000,,-0.000,,0.00,0.00,12.5,12.5,,P-GPS,,,18,4,TRUE,,Mini 4 Pro,,,,,,FALSE,TRUE,,,,,,,,,,,,,,,,,,,,,,,,,,,,,,,,,,,,,,,,,,,,,,,,87.4,,,,8.155,,,,,,,4.596,,,,,,,,,,,,,,,,,,,,,,,,,,,,,,,,51.17310475,-1.83172528,302.5,,,,,,,,,,,,,,,,,,,,,,,,,,,,Mini 4 Pro,SYNX6652NBSTXSC8D,CAML9TLFSBRU2B9CD,RCSQY4Y3PCM5V7D9M,BATS9G357BXURUBRD,,,,,,,,Mini 4 Pro,SYNX6652NBSTXSC8D,,,,DJI Fly,,1.13.5,A3471387-773D-58FE-9AF0-E9A619EF761D,,,,,,,,,,
1773850628,1m 8.0s,68.0,51.17391414,-1.83143840,118.1,118.1,30.0,298.1,302.5,0.000,9.395,0.000,,0.000,,-0.000,,0.00,0.00,12.5,12.5,,P-GPS,,,18,4,TRUE,,Mini 4 Pro,,,,,,FALSE,TRUE,,,,,,,,,,,,,,,,,,,,,,,,,,,,,,,,,,,,,,,,,,,,,,,,87.4,,,,8.155,,,,,,,4.596,,,,,,,,,,,,,,,,,,,,,,,,,,,,,,,,51.17310475,-1.83172528,302.5,,,,,,,,,,,,,,,,,,,,,,,,,,,,Mini 4 Pro,SYNX6652NBSTXSC8D,CAML9TLFSBRU2B9CD,RCSQY4Y3PCM5V7D9M,BATS9G357BXURUBRD,,,,,,,,Mini 4 Pro,SYNX6652NBSTXSC8D,,,,DJI Fly,,1.13.5,A3471387-773D-58FE-9AF0-E9A619EF761D,,,,,,,,,,
1773850629,1m 9.0s,69.0,51.17391414,-1.83143840,118.1,118.1,30.0,298.1,302.5,0.000,9.395,0.000,,0.000,,-0.000,,0.00,0.00,12.5,12.5,,P-GPS,,,18,4,TRUE,,Mini 4 Pro,,,,,,FALSE,TRUE,,,,,,,,,,,,,,,,,,,,,,,,,,,,,,,,,,,,,,,,,,,,,,,,87.4,,,,8.155,,,,,,,4.596,,,,,,,,,,,,,,,,,,,,,,,,,,,,,,,,51.17310475,-1.83172528,302.5,,,,,,,,,,,,,,,,,,,,,,,,,,,,Mini 4 Pro,SYNX6652NBSTXSC8D,CAML9TLFSBRU2B9CD,RCSQY4Y3PCM5V7D9M,BATS9G357BXURUBRD,,,,,,,,Mini 4 Pro,SYNX6652NBSTXSC8D,,,,DJI Fly,,1.13.5,A3471387-773D-58FE-9AF0-E9A619EF761D,,,,,,,,,,
1773850630,1m 10.0s,70.0,51.17391414,-1.83138102,124.0,124.0,30.0,304.0,315.6,8.948,9.395,0.000,,8.948,,-4.026,,8.60,25.00,90.0,90.0,,P-GPS,,,18,4,TRUE,,Mini 4 Pro,,,,,,FALSE,TRUE,,,,,,,,,,,,,,,,,,,,,,,,,,,,,,,,,,,,,,,,,,,,,,,,87.4,,,,8.155,,,,,,,12.556,,,,,,,,,,,,,,,,,,,,,,,,,,,,,,,,51.17310475,-1.83172528,305.6,,,,,,,,,,,,,,,,,,,,,,,,,,,,Mini 4 Pro,SYNX6652NBSTXSC8D,CAML9TLFSBRU2B9CD,RCSQY4Y3PCM5V7D9M,BATS9G357BXURUBRD,,,,,,,,Mini 4 Pro,SYNX6652NBSTXSC8D,,,,DJI Fly,,1.13.5,A3471387-773D-58FE-9AF0-E9A619EF761D,,,,,,,,,,
1773850631,1m 11.0s,71.0,51.17391414,-1.83132365,124.7,124.7,30.0,304.7,328.7,8.948,9.395,0.000,,8.948,,-0.447,,2.20,0.00,90.0,90.0,,P-GPS,,,18,4,TRUE,,Mini 4 Pro,,,,,,FALSE,TRUE,,,,,,,,,,,,,,,,,,,,,,,,,,,,,,,,,,,,,,,,,,,,,,,,87.4,,,,8.154,,,,,,,7.436,,,,,,,,,,,,,,,,,,,,,,,,,,,,,,,,51.17310475,-1.83172528,309.2,,,,,,,,,,,,,,,,,,,,,,,,,,,,Mini 4 Pro,SYNX6652NBSTXSC8D,CAML9TLFSBRU2B9CD,RCSQY4Y3PCM5V7D9M,BATS9G357BXURUBRD,,,,,,,,Mini 4 Pro,SYNX6652NBSTXSC8D,,,,DJI Fly,,1.13.5,A3471387-773D-58FE-9AF0-E9A619EF761D,,,,,,,,,,
1773850632,1m 12.0s,72.0,51.17391414,-1.83126627,124.7,124.7,30.0,304.7,341.8,8.948,9.395,0.000,,8.948,,-0.000,,1.40,0.00,90.0,90.0,,P-GPS,,,18,4,TRUE,,Mini 4 Pro,,,,,,FALSE,TRUE,,,,,,,,,,,,,,,,,,,,,,,,,,,,,,,,,,,,,,,,,,,,,,,,87.4,,,,8.154,,,,,,,6.796,,,,,,,,,,,,,,,,,,,,,,,,,,,,,,,,51.17310475,-1.83172528,313.4,,,,,,,,,,,,,,,,,,,,,,,,,,,,Mini 4 Pro,SYNX6652NBSTXSC8D,CAML9TLFSBRU2B9CD,RCSQY4Y3PCM5V7D9M,BATS9G357BXURUBRD,,,,,,,,Mini 4 Pro,SYNX6652NBSTXSC8D,,,,DJI Fly,,1.13.5,A3471387-773D-58FE-9AF0-E9A619EF761D,,,,,,,,,,
1773850633,1m 13.0s,73.0,51.17391414,-1.83120890,124.7,124.7,30.0,304.7,355.0,8.948,9.395,0.000,,8.948,,-0.000,,1.40,0.00,90.0,90.0,,P-GPS,,,18,4,TRUE,,Mini 4 Pro,,,,,,FALSE,TRUE,,,,,,,,,,,,,,,,,,,,,,,,,,,,,,,,,,,,,,,,,,,,,,,,87.4,,,,8.154,,,,,,,6.796,,,,,,,,,,,,,,,,,,,,,,,,,,,,,,,,51.17310475,-1.83172528,318.0,,,,,,,,,,,,,,,,,,,,,,,,,,,,Mini 4 Pro,SYNX6652NBSTXSC8D,CAML9TLFSBRU2B9CD,RCSQY4Y3PCM5V7D9M,BATS9G357BXURUBRD,,,,,,,,Mini 4 Pro,SYNX6652NBSTXSC8D,,,,DJI Fly,,1.13.5,A3471387-773D-58FE-9AF0-E9A619EF761D,,,,,,,,,,
1773850634,1m 14.0s,74.0,51.17391414,-1.83115152,124.7,124.7,30.0,304.7,368.1,8.948,9.395,0.000,,8.948,,-0.000,,1.40,0.00,90.0,90.0,,P-GPS,,,18,4,TRUE,,Mini 4 Pro,,,,,,FALSE,TRUE,,,,,,,,,,,,,,,,,,,,,,,,,,,,,,,,,,,,,,,,,,,,,,,,87.4,,,,8.154,,,,,,,6.796,,,,,,,,,,,,,,,,,,,,,,,,,,,,,,,,51.17310475,-1.83172528,323.1,,,,,,,,,,,,,,,,,,,,,,,,,,,,Mini 4 Pro,SYNX6652NBSTXSC8D,CAML9TLFSBRU2B9CD,RCSQY4Y3PCM5V7D9M,BATS9G357BXURUBRD,,,,,,,,Mini 4 Pro,SYNX6652NBSTXSC8D,,,,DJI Fly,,1.13.5,A3471387-773D-58FE-9AF0-E9A619EF761D,,,,,,,,,,
1773850635,1m 15.0s,75.0,51.17391414,-1.83109415,124.7,124.7,30.0,304.7,381.2,8.948,9.395,0.000,,8.948,,-0.000,,1.40,0.00,90.0,90.0,,P-GPS,,,18,4,TRUE,,Mini 4 Pro,,,,,,FALSE,TRUE,,,,,,,,,,,,,,,,,,,,,,,,,,,,,,,,,,,,,,,,,,,,,,,,87.3,,,,8.154,,,,,,,6.796,,,,,,,,,,,,,,,,,,,,,,,,,,,,,,,,51.17310475,-1.83172528,328.7,,,,,,,,,,,,,,,,,,,,,,,,,,,,Mini 4 Pro,SYNX6652NBSTXSC8D,CAML9TLFSBRU2B9CD,RCSQY4Y3PCM5V7D9M,BATS9G357BXURUBRD,,,,,,,,Mini 4 Pro,SYNX6652NBSTXSC8D,,,,DJI Fly,,1.13.5,A3471387-773D-58FE-9AF0-E9A619EF761D,,,,,,,,,,
1773850636,1m 16.0s,76.0,51.17391414,-1.83103677,124.7,124.7,30.0,304.7,394.3,8.948,9.395,0.000,,8.948,,-0.000,,1.40,0.00,90.0,90.0,,P-GPS,,,18,4,TRUE,,Mini 4 Pro,,,,,,FALSE,TRUE,,,,,,,,,,,,,,,,,,,,,,,,,,,,,,,,,,,,,,,,,,,,,,,,87.3,,,,8.154,,,,,,,6.796,,,,,,,,,,,,,,,,,,,,,,,,,,,,,,,,51.17310475,-1.83172528,334.6,,,,,,,,,,,,,,,,,,,,,,,,,,,,Mini 4 Pro,SYNX6652NBSTXSC8D,CAML9TLFSBRU2B9CD,RCSQY4Y3PCM5V7D9M,BATS9G357BXURUBRD,,,,,,,,Mini 4 Pro,SYNX6652NBSTXSC8D,,,,DJI Fly,,1.13.5,A3471387-773D-58FE-9AF0-E9A619EF761D,,,,,,,,,,
1773850637,1m 17.0s,77.0,51.17391414,-1.83097939,124.7,124.7,30.0,304.7,407.5,8.948,9.395,0.000,,8.948,,-0.000,,1.40,0.00,90.0,90.0,,P-GPS,,,18,4,TRUE,,Mini 4 Pro,,,,,,FALSE,TRUE,,,,,,,,,,,,,,,,,,,,,,,,,,,,,,,,,,,,,,,,,,,,,,,,87.3,,,,8.154,,,,,,,6.796,,,,,,,,,,,,,,,,,,,,,,,,,,,,,,,,51.17310475,-1.83172528,341.0,,,,,,,,,,,,,,,,,,,,,,,,,,,,Mini 4 Pro,SYNX6652NBSTXSC8D,CAML9TLFSBRU2B9CD,RCSQY4Y3PCM5V7D9M,BATS9G357BXURUBRD,,,,,,,,Mini 4 Pro,SYNX6652NBSTXSC8D,,,,DJI Fly,,1.13.5,A3471387-773D-58FE-9AF0-E9A619EF761D,,,,,,,,,,
1773850638,1m 18.0s,78.0,51.17391414,-1.83092202,124.7,124.7,30.0,304.7,420.6,8.948,9.395,0.000,,8.948,,-0.000,,1.40,0.00,90.0,90.0,,P-GPS,,,18,4,TRUE,,Mini 4 Pro,,,,,,FALSE,TRUE,,,,,,,,,,,,,,,,,,,,,,,,,,,,,,,,,,,,,,,,,,,,,,,,87.3,,,,8.153,,,,,,,6.796,,,,,,,,,,,,,,,,,,,,,,,,,,,,,,,,51.17310475,-1.83172528,347.8,,,,,,,,,,,,,,,,,,,,,,,,,,,,Mini 4 Pro,SYNX6652NBSTXSC8D,CAML9TLFSBRU2B9CD,RCSQY4Y3PCM5V7D9M,BATS9G357BXURUBRD,,,,,,,,Mini 4 Pro,SYNX6652NBSTXSC8D,,,,DJI Fly,,1.13.5,A3471387-773D-58FE-9AF0-E9A619EF761D,,,,,,,,,,
1773850639,1m 19.0s,79.0,51.17391414,-1.83086464,124.7,124.7,30.0,304.7,433.7,8.948,9.395,0.000,,8.948,,-0.000,,1.40,0.00,90.0,90.0,,P-GPS,,,18,4,TRUE,,Mini 4 Pro,,,,,,FALSE,TRUE,,,,,,,,,,,,,,,,,,,,,,,,,,,,,,,,,,,,,,,,,,,,,,,,87.3,,,,8.153,,,,,,,6.796,,,,,,,,,,,,,,,,,,,,,,,,,,,,,,,,51.17310475,-1.83172528,354.9,,,,,,,,,,,,,,,,,,,,,,,,,,,,Mini 4 Pro,SYNX6652NBSTXSC8D,CAML9TLFSBRU2B9CD,RCSQY4Y3PCM5V7D9M,BATS9G357BXURUBRD,,,,,,,,Mini 4 Pro,SYNX6652NBSTXSC8D,,,,DJI Fly,,1.13.5,A3471387-773D-58FE-9AF0-E9A619EF761D,,,,,,,,,,
1773850640,1m 20.0s,80.0,51.17391414,-1.83086464,124.7,124.7,30.0,304.7,433.7,0.000,9.395,0.000,,0.000,,-0.000,,-5.68,-6.32,93.6,93.6,,P-GPS,,,18,4,TRUE,,Mini 4 Pro,,,,,,FALSE,TRUE,,,,,,,,,,,,,,,,,,,,,,,,,,,,,,,,,,,,,,,,,,,,,,,,87.3,,,,8.153,,,,,,,4.596,,,,,,,,,,,,,,,,,,,,,,,,,,,,,,,,51.17310475,-1.83172528,354.9,,,,,,,,,,,,,,,,,,,,,,,,,,,,Mini 4 Pro,SYNX6652NBSTXSC8D,CAML9TLFSBRU2B9CD,RCSQY4Y3PCM5V7D9M,BATS9G357BXURUBRD,,,,,,,,Mini 4 Pro,SYNX6652NBSTXSC8D,,,,DJI Fly,,1.13.5,A3471387-773D-58FE-9AF0-E9A619EF761D,,,,,,,,,,
1773850641,1m 21.0s,81.0,51.17391414,-1.83086464,124.7,124.7,30.0,304.7,433.7,0.000,9.395,0.000,,0.000,,-0.000,,0.34,-4.04,97.2,97.2,,P-GPS,,,18,4,TRUE,,Mini 4 Pro,,,,,,FALSE,TRUE,,,,,,,,,,,,,,,,,,,,,,,,,,,,,,,,,,,,,,,,,,,,,,,,87.3,,,,8.153,,,,,,,4.596,,,,,,,,,,,,,,,,,,,,,,,,,,,,,,,,51.17310475,-1.83172528,354.9,,,,,,,,,,,,,,,,,,,,,,,,,,,,Mini 4 Pro,SYNX6652NBSTXSC8D,CAML9TLFSBRU2B9CD,RCSQY4Y3PCM5V7D9M,BATS9G357BXURUBRD,,,,,,,,Mini 4 Pro,SYNX6652NBSTXSC8D,,,,DJI Fly,,1.13.5,A3471387-773D-58FE-9AF0-E9A619EF761D,,,,,,,,,,
1773850642,1m 22.0s,82.0,51.17391414,-1.83086464,124.7,124.7,30.0,304.7,433.7,0.000,9.395,0.000,,0.000,,-0.000,,5.86,7.37,100.8,100.8,,P-GPS,,,18,4,TRUE,,Mini 4 Pro,,,,,,FALSE,TRUE,,,,,,,,,,,,,,,,,,,,,,,,,,,,,,,,,,,,,,,,,,,,,,,,87.3,,,,8.153,,,,,,,4.596,,,,,,,,,,,,,,,,,,,,,,,,,,,,,,,,51.17310475,-1.83172528,354.9,,,,,,,,,,,,,,,,,,,,,,,,,,,,Mini 4 Pro,SYNX6652NBSTXSC8D,CAML9TLFSBRU2B9CD,RCSQY4Y3PCM5V7D9M,BATS9G357BXURUBRD,,,,,,,,Mini 4 Pro,SYNX6652NBSTXSC8D,,,,DJI Fly,,1.13.5,A3471387-773D-58FE-9AF0-E9A619EF761D,,,,,,,,,,
1773850643,1m 23.0s,83.0,51.17391414,-1.83086464,124.7,124.7,30.0,304.7,433.7,0.000,9.395,0.000,,0.000,,-0.000,,2.80,2.15,104.4,104.4,,P-GPS,,,18,4,TRUE,,Mini 4 Pro,,,,,,FALSE,TRUE,,,,,,,,,,,,,,,,,,,,,,,,,,,,,,,,,,,,,,,,,,,,,,,,87.3,,,,8.153,,,,,,,4.596,,,,,,,,,,,,,,,,,,,,,,,,,,,,,,,,51.17310475,-1.83172528,354.9,,,,,,,,,,,,,,,,,,,,,,,,,,,,Mini 4 Pro,SYNX6652NBSTXSC8D,CAML9TLFSBRU2B9CD,RCSQY4Y3PCM5V7D9M,BATS9G357BXURUBRD,,,,,,,,Mini 4 Pro,SYNX6652NBSTXSC8D,,,,DJI Fly,,1.13.5,A3471387-773D-58FE-9AF0-E9A619EF761D,,,,,,,,,,
1773850644,1m 24.0s,84.0,51.17391414,-1.83086464,124.7,124.7,30.0,304.7,433.7,0.000,9.395,0.000,,0.000,,-0.000,,-4.37,-7.92,108.0,108.0,,P-GPS,,,18,4,TRUE,,Mini 4 Pro,,,,,,FALSE,TRUE,,,,,,,,,,,,,,,,,,,,,,,,,,,,,,,,,,,,,,,,,,,,,,,,87.3,,,,8.153,,,,,,,4.596,,,,,,,,,,,,,,,,,,,,,,,,,,,,,,,,51.17310475,-1.83172528,354.9,,,,,,,,,,,,,,,,,,,,,,,,,,,,Mini 4 Pro,SYNX6652NBSTXSC8D,CAML9TLFSBRU2B9CD,RCSQY4Y3PCM5V7D9M,BATS9G357BXURUBRD,,,,,,,,Mini 4 Pro,SYNX6652NBSTXSC8D,,,,DJI Fly,,1.13.5,A3471387-773D-58FE-9AF0-E9A619EF761D,,,,,,,,,,
1773850645,1m 25.0s,85.0,51.17391414,-1.83086464,124.7,124.7,30.0,304.7,433.7,0.000,9.395,0.000,,0.000,,-0.000,,-5.13,-0.11,111.6,111.6,,P-GPS,,,18,4,TRUE,,Mini 4 Pro,,,,,,FALSE,TRUE,,,,,,,,,,,,,,,,,,,,,,,,,,,,,,,,,,,,,,,,,,,,,,,,87.3,,,,8.153,,,,,,,4.596,,,,,,,,,,,,,,,,,,,,,,,,,,,,,,,,51.17310475,-1.83172528,354.9,,,,,,,,,,,,,,,,,,,,,,,,,,,,Mini 4 Pro,SYNX6652NBSTXSC8D,CAML9TLFSBRU2B9CD,RCSQY4Y3PCM5V7D9M,BATS9G357BXURUBRD,,,,,,,,Mini 4 Pro,SYNX6652NBSTXSC8D,,,,DJI Fly,,1.13.5,A3471387-773D-58FE-9AF0-E9A619EF761D,,,,,,,,,,
1773850646,1m 26.0s,86.0,51.17391414,-1.83086464,124.7,124.7,30.0,304.7,433.7,0.000,9.395,0.000,,0.000,,-0.000,,1.62,7.95,115.2,115.2,,P-GPS,,,18,4,TRUE,,Mini 4 Pro,,,,,,FALSE,TRUE,,,,,,,,,,,,,,,,,,,,,,,,,,,,,,,,,,,,,,,,,,,,,,,,87.3,,,,8.153,,,,,,,4.596,,,,,,,,,,,,,,,,,,,,,,,,,,,,,,,,51.17310475,-1.83172528,354.9,,,,,,,,,,,,,,,,,,,,,,,,,,,,Mini 4 Pro,SYNX6652NBSTXSC8D,CAML9TLFSBRU2B9CD,RCSQY4Y3PCM5V7D9M,BATS9G357BXURUBRD,,,,,,,,Mini 4 Pro,SYNX6652NBSTXSC8D,,,,DJI Fly,,1.13.5,A3471387-773D-58FE-9AF0-E9A619EF761D,,,,,,,,,,
1773850647,1m 27.0s,87.0,51.17391414,-1.83086464,124.7,124.7,30.0,304.7,433.7,0.000,9.395,0.000,,0.000,,-0.000,,6.00,-1.94,118.8,118.8,,P-GPS,,,18,4,TRUE,,Mini 4 Pro,,,,,,FALSE,TRUE,,,,,,,,,,,,,,,,,,,,,,,,,,,,,,,,,,,,,,,,,,,,,,,,87.3,,,,8.153,,,,,,,4.596,,,,,,,,,,,,,,,,,,,,,,,,,,,,,,,,51.17310475,-1.83172528,354.9,,,,,,,,,,,,,,,,,,,,,,,,,,,,Mini 4 Pro,SYNX6652NBSTXSC8D,CAML9TLFSBRU2B9CD,RCSQY4Y3PCM5V7D9M,BATS9G357BXURUBRD,,,,,,,,Mini 4 Pro,SYNX6652NBSTXSC8D,,,,DJI Fly,,1.13.5,A3471387-773D-58FE-9AF0-E9A619EF761D,,,,,,,,,,
1773850648,1m 28.0s,88.0,51.17391414,-1.83086464,124.7,124.7,30.0,304.7,433.7,0.000,9.395,0.000,,0.000,,-0.000,,1.59,-7.45,122.4,122.4,,P-GPS,,,18,4,TRUE,,Mini 4 Pro,,,,,,FALSE,TRUE,,,,,,,,,,,,,,,,,,,,,,,,,,,,,,,,,,,,,,,,,,,,,,,,87.3,,,,8.153,,,,,,,4.596,,,,,,,,,,,,,,,,,,,,,,,,,,,,,,,,51.17310475,-1.83172528,354.9,,,,,,,,,,,,,,,,,,,,,,,,,,,,Mini 4 Pro,SYNX6652NBSTXSC8D,CAML9TLFSBRU2B9CD,RCSQY4Y3PCM5V7D9M,BATS9G357BXURUBRD,,,,,,,,Mini 4 Pro,SYNX6652NBSTXSC8D,,,,DJI Fly,,1.13.5,A3471387-773D-58FE-9AF0-E9A619EF761D,,,,,,,,,,
1773850649,1m 29.0s,89.0,51.17391414,-1.83086464,124.7,124.7,30.0,304.7,433.7,0.000,9.395,0.000,,0.000,,-0.000,,-5.15,3.86,126.0,126.0,,P-GPS,,,18,4,TRUE,,Mini 4 Pro,,,,,,FALSE,TRUE,,,,,,,,,,,,,,,,,,,,,,,,,,,,,,,,,,,,,,,,,,,,,,,,87.3,,,,8.152,,,,,,,4.596,,,,,,,,,,,,,,,,,,,,,,,,,,,,,,,,51.17310475,-1.83172528,354.9,,,,,,,,,,,,,,,,,,,,,,,,,,,,Mini 4 Pro,SYNX6652NBSTXSC8D,CAML9TLFSBRU2B9CD,RCSQY4Y3PCM5V7D9M,BATS9G357BXURUBRD,,,,,,,,Mini 4 Pro,SYNX6652NBSTXSC8D,,,,DJI Fly,,1.13.5,A3471387-773D-58FE-9AF0-E9A619EF761D,,,,,,,,,,
1773850650,1m 30.0s,90.0,51.17391414,-1.83086464,124.7,124.7,30.0,304.7,433.7,0.000,9.395,0.000,,0.000,,-0.000,,-4.34,6.45,129.6,129.6,,P-GPS,,,18,4,TRUE,,Mini 4 Pro,,,,,,FALSE,TRUE,,,,,,,,,,,,,,,,,,,,,,,,,,,,,,,,,,,,,,,,,,,,,,,,87.3,,,,8.152,,,,,,,4.596,,,,,,,,,,,,,,,,,,,,,,,,,,,,,,,,51.17310475,-1.83172528,354.9,,,,,,,,,,,,,,,,,,,,,,,,,,,,Mini 4 Pro,SYNX6652NBSTXSC8D,CAML9TLFSBRU2B9CD,RCSQY4Y3PCM5V7D9M,BATS9G357BXURUBRD,,,,,,,,Mini 4 Pro,SYNX6652NBSTXSC8D,,,,DJI Fly,,1.13.5,A3471387-773D-58FE-9AF0-E9A619EF761D,,,,,,,,,,
1773850651,1m 31.0s,91.0,51.17391414,-1.83086464,124.7,124.7,30.0,304.7,433.7,0.000,9.395,0.000,,0.000,,-0.000,,2.83,-5.52,133.2,133.2,,P-GPS,,,18,4,TRUE,,Mini 4 Pro,,,,,,FALSE,TRUE,,,,,,,,,,,,,,,,,,,,,,,,,,,,,,,,,,,,,,,,,,,,,,,,87.2,,,,8.152,,,,,,,4.596,,,,,,,,,,,,,,,,,,,,,,,,,,,,,,,,51.17310475,-1.83172528,354.9,,,,,,,,,,,,,,,,,,,,,,,,,,,,Mini 4 Pro,SYNX6652NBSTXSC8D,CAML9TLFSBRU2B9CD,RCSQY4Y3PCM5V7D9M,BATS9G357BXURUBRD,,,,,,,,Mini 4 Pro,SYNX6652NBSTXSC8D,,,,DJI Fly,,1.13.5,A3471387-773D-58FE-9AF0-E9A619EF761D,,,,,,,,,,
1773850652,1m 32.0s,92.0,51.17391414,-1.83086464,124.7,124.7,30.0,304.7,433.7,0.000,9.395,0.000,,0.000,,-0.000,,5.86,-5.03,136.8,136.8,,P-GPS,,,18,4,TRUE,,Mini 4 Pro,,,,,,FALSE,TRUE,,,,,,,,,,,,,,,,,,,,,,,,,,,,,,,,,,,,,,,,,,,,,,,,87.2,,,,8.152,,,,,,,4.596,,,,,,,,,,,,,,,,,,,,,,,,,,,,,,,,51.17310475,-1.83172528,354.9,,,,,,,,,,,,,,,,,,,,,,,,,,,,Mini 4 Pro,SYNX6652NBSTXSC8D,CAML9TLFSBRU2B9CD,RCSQY4Y3PCM5V7D9M,BATS9G357BXURUBRD,,,,,,,,Mini 4 Pro,SYNX6652NBSTXSC8D,,,,DJI Fly,,1.13.5,A3471387-773D-58FE-9AF0-E9A619EF761D,,,,,,,,,,
1773850653,1m 33.0s,93.0,51.17391414,-1.83086464,124.7,124.7,30.0,304.7,433.7,0.000,9.395,0.000,,0.000,,-0.000,,0.31,6.82,140.4,140.4,,P-GPS,,,18,4,TRUE,,Mini 4 Pro,,,,,,FALSE,TRUE,,,,,,,,,,,,,,,,,,,,,,,,,,,,,,,,,,,,,,,,,,,,,,,,87.2,,,,8.152,,,,,,,4.596,,,,,,,,,,,,,,,,,,,,,,,,,,,,,,,,51.17310475,-1.83172528,354.9,,,,,,,,,,,,,,,,,,,,,,,,,,,,Mini 4 Pro,SYNX6652NBSTXSC8D,CAML9TLFSBRU2B9CD,RCSQY4Y3PCM5V7D9M,BATS9G357BXURUBRD,,,,,,,,Mini 4 Pro,SYNX6652NBSTXSC8D,,,,DJI Fly,,1.13.5,A3471387-773D-58FE-9AF0-E9A619EF761D,,,,,,,,,,
1773850654,1m 34.0s,94.0,51.17391414,-1.83086464,124.7,124.7,30.0,304.7,433.7,0.000,9.395,0.000,,0.000,,-0.000,,-5.69,3.27,144.0,144.0,,P-GPS,,,18,4,TRUE,,Mini 4 Pro,,,,,,FALSE,TRUE,,,,,,,,,,,,,,,,,,,,,,,,,,,,,,,,,,,,,,,,,,,,,,,,87.2,,,,8.152,,,,,,,4.596,,,,,,,,,,,,,,,,,,,,,,,,,,,,,,,,51.17310475,-1.83172528,354.9,,,,,,,,,,,,,,,,,,,,,,,,,,,,Mini 4 Pro,SYNX6652NBSTXSC8D,CAML9TLFSBRU2B9CD,RCSQY4Y3PCM5V7D9M,BATS9G357BXURUBRD,,,,,,,,Mini 4 Pro,SYNX6652NBSTXSC8D,,,,DJI Fly,,1.13.5,A3471387-773D-58FE-9AF0-E9A619EF761D,,,,,,,,,,
1773850655,1m 35.0s,95.0,51.17391414,-1.83086464,124.7,124.7,30.0,304.7,433.7,0.000,9.395,0.000,,0.000,,-0.000,,-3.35,-7.66,147.6,147.6,,P-GPS,,,18,4,TRUE,,Mini 4 Pro,,,,,,FALSE,TRUE,,,,,,,,,,,,,,,,,,,,,,,,,,,,,,,,,,,,,,,,,,,,,,,,87.2,,,,8.152,,,,,,,4.596,,,,,,,,,,,,,,,,,,,,,,,,,,,,,,,,51.17310475,-1.83172528,354.9,,,,,,,,,,,,,,,,,,,,,,,,,,,,Mini 4 Pro,SYNX6652NBSTXSC8D,CAML9TLFSBRU2B9CD,RCSQY4Y3PCM5V7D9M,BATS9G357BXURUBRD,,,,,,,,Mini 4 Pro,SYNX6652NBSTXSC8D,,,,DJI Fly,,1.13.5,A3471387-773D-58FE-9AF0-E9A619EF761D,,,,,,,,,,
1773850656,1m 36.0s,96.0,51.17391414,-1.83086464,124.7,124.7,30.0,304.7,433.7,0.000,9.395,0.000,,0.000,,-0.000,,3.90,-1.30,151.2,151.2,,P-GPS,,,18,4,TRUE,,Mini 4 Pro,,,,,,FALSE,TRUE,,,,,,,,,,,,,,,,,,,,,,,,,,,,,,,,,,,,,,,,,,,,,,,,87.2,,,,8.152,,,,,,,4.596,,,,,,,,,,,,,,,,,,,,,,,,,,,,,,,,51.17310475,-1.83172528,354.9,,,,,,,,,,,,,,,,,,,,,,,,,,,,Mini 4 Pro,SYNX6652NBSTXSC8D,CAML9TLFSBRU2B9CD,RCSQY4Y3PCM5V7D9M,BATS9G357BXURUBRD,,,,,,,,Mini 4 Pro,SYNX6652NBSTXSC8D,,,,DJI Fly,,1.13.5,A3471387-773D-58FE-9AF0-E9A619EF761D,,,,,,,,,,
1773850657,1m 37.0s,97.0,51.17391414,-1.83086464,124.7,124.7,30.0,304.7,433.7,0.000,9.395,0.000,,0.000,,-0.000,,5.44,8.00,154.8,154.8,,P-GPS,,,18,4,TRUE,,Mini 4 Pro,,,,,,FALSE,TRUE,,,,,,,,,,,,,,,,,,,,,,,,,,,,,,,,,,,,,,,,,,,,,,,,87.2,,,,8.152,,,,,,,4.596,,,,,,,,,,,,,,,,,,,,,,,,,,,,,,,,51.17310475,-1.83172528,354.9,,,,,,,,,,,,,,,,,,,,,,,,,,,,Mini 4 Pro,SYNX6652NBSTXSC8D,CAML9TLFSBRU2B9CD,RCSQY4Y3PCM5V7D9M,BATS9G357BXURUBRD,,,,,,,,Mini 4 Pro,SYNX6652NBSTXSC8D,,,,DJI Fly,,1.13.5,A3471387-773D-58FE-9AF0-E9A619EF761D,,,,,,,,,,
1773850658,1m 38.0s,98.0,51.17391414,-1.83086464,124.7,124.7,30.0,304.7,433.7,0.000,9.395,0.000,,0.000,,-0.000,,-0.99,-0.76,158.4,158.4,,P-GPS,,,18,4,TRUE,,Mini 4 Pro,,,,,,FALSE,TRUE,,,,,,,,,,,,,,,,,,,,,,,,,,,,,,,,,,,,,,,,,,,,,,,,87.2,,,,8.152,,,,,,,4.596,,,,,,,,,,,,,,,,,,,,,,,,,,,,,,,,51.17310475,-1.83172528,354.9,,,,,,,,,,,,,,,,,,,,,,,,,,,,Mini 4 Pro,SYNX6652NBSTXSC8D,CAML9TLFSBRU2B9CD,RCSQY4Y3PCM5V7D9M,BATS9G357BXURUBRD,,,,,,,,Mini 4 Pro,SYNX6652NBSTXSC8D,,,,DJI Fly,,1.13.5,A3471387-773D-58FE-9AF0-E9A619EF761D,,,,,,,,,,
1773850659,1m 39.0s,99.0,51.17391414,-1.83086464,124.7,124.7,30.0,304.7,433.7,0.000,9.395,0.000,,0.000,,-0.000,,-5.97,-7.80,162.0,162.0,,P-GPS,,,18,4,TRUE,,Mini 4 Pro,,,,,,FALSE,TRUE,,,,,,,,,,,,,,,,,,,,,,,,,,,,,,,,,,,,,,,,,,,,,,,,87.2,,,,8.152,,,,,,,4.596,,,,,,,,,,,,,,,,,,,,,,,,,,,,,,,,51.17310475,-1.83172528,354.9,,,,,,,,,,,,,,,,,,,,,,,,,,,,Mini 4 Pro,SYNX6652NBSTXSC8D,CAML9TLFSBRU2B9CD,RCSQY4Y3PCM5V7D9M,BATS9G357BXURUBRD,,,,,,,,Mini 4 Pro,SYNX6652NBSTXSC8D,,,,DJI Fly,,1.13.5,A3471387-773D-58FE-9AF0-E9A619EF761D,,,,,,,,,,
1773850660,1m 40.0s,100.0,51.17391414,-1.83086464,124.7,124.7,30.0,304.7,433.7,0.000,9.395,0.000,,0.000,,-0.000,,-2.20,2.77,165.6,165.6,,P-GPS,,,18,4,TRUE,,Mini 4 Pro,,,,,,FALSE,TRUE,,,,,,,,,,,,,,,,,,,,,,,,,,,,,,,,,,,,,,,,,,,,,,,,87.2,,,,8.152,,,,,,,4.596,,,,,,,,,,,,,,,,,,,,,,,,,,,,,,,,51.17310475,-1.83172528,354.9,,,,,,,,,,,,,,,,,,,,,,,,,,,,Mini 4 Pro,SYNX6652NBSTXSC8D,CAML9TLFSBRU2B9CD,RCSQY4Y3PCM5V7D9M,BATS9G357BXURUBRD,,,,,,,,Mini 4 Pro,SYNX6652NBSTXSC8D,,,,DJI Fly,,1.13.5,A3471387-773D-58FE-9AF0-E9A619EF761D,,,,,,,,,,
1773850661,1m 41.0s,101.0,51.17391414,-1.83086464,124.7,124.7,30.0,304.7,433.7,0.000,9.395,0.000,,0.000,,-0.000,,4.79,7.08,169.2,169.2,,P-GPS,,,18,4,TRUE,,Mini 4 Pro,,,,,,FALSE,TRUE,,,,,,,,,,,,,,,,,,,,,,,,,,,,,,,,,,,,,,,,,,,,,,,,87.2,,,,8.151,,,,,,,4.596,,,,,,,,,,,,,,,,,,,,,,,,,,,,,,,,51.17310475,-1.83172528,354.9,,,,,,,,,,,,,,,,,,,,,,,,,,,,Mini 4 Pro,SYNX6652NBSTXSC8D,CAML9TLFSBRU2B9CD,RCSQY4Y3PCM5V7D9M,BATS9G357BXURUBRD,,,,,,,,Mini 4 Pro,SYNX6652NBSTXSC8D,,,,DJI Fly,,1.13.5,A3471387-773D-58FE-9AF0-E9A619EF761D,,,,,,,,,,
1773850662,1m 42.0s,102.0,51.17391414,-1.83086464,124.7,124.7,30.0,304.7,433.7,0.000,9.395,0.000,,0.000,,-0.000,,4.77,-4.60,172.8,172.8,,P-GPS,,,18,4,TRUE,,Mini 4 Pro,,,,,,FALSE,TRUE,,,,,,,,,,,,,,,,,,,,,,,,,,,,,,,,,,,,,,,,,,,,,,,,87.2,,,,8.151,,,,,,,4.596,,,,,,,,,,,,,,,,,,,,,,,,,,,,,,,,51.17310475,-1.83172528,354.9,,,,,,,,,,,,,,,,,,,,,,,,,,,,Mini 4 Pro,SYNX6652NBSTXSC8D,CAML9TLFSBRU2B9CD,RCSQY4Y3PCM5V7D9M,BATS9G357BXURUBRD,,,,,,,,Mini 4 Pro,SYNX6652NBSTXSC8D,,,,DJI Fly,,1.13.5,A3471387-773D-58FE-9AF0-E9A619EF761D,,,,,,,,,,
1773850663,1m 43.0s,103.0,51.17391414,-1.83086464,124.7,124.7,30.0,304.7,433.7,0.000,9.395,0.000,,0.000,,-0.000,,-2.24,-5.90,176.4,176.4,,P-GPS,,,18,4,TRUE,,Mini 4 Pro,,,,,,FALSE,TRUE,,,,,,,,,,,,,,,,,,,,,,,,,,,,,,,,,,,,,,,,,,,,,,,,87.2,,,,8.151,,,,,,,4.596,,,,,,,,,,,,,,,,,,,,,,,,,,,,,,,,51.17310475,-1.83172528,354.9,,,,,,,,,,,,,,,,,,,,,,,,,,,,Mini 4 Pro,SYNX6652NBSTXSC8D,CAML9TLFSBRU2B9CD,RCSQY4Y3PCM5V7D9M,BATS9G357BXURUBRD,,,,,,,,Mini 4 Pro,SYNX6652NBSTXSC8D,,,,DJI Fly,,1.13.5,A3471387-773D-58FE-9AF0-E9A619EF761D,,,,,,,,,,
1773850664,1m 44.0s,104.0,51.17391414,-1.83086464,124.7,124.7,30.0,304.7,433.7,0.000,9.395,0.000,,0.000,,-0.000,,-5.96,6.12,180.0,180.0,,P-GPS,,,18,4,TRUE,,Mini 4 Pro,,,,,,FALSE,TRUE,,,,,,,,,,,,,,,,,,,,,,,,,,,,,,,,,,,,,,,,,,,,,,,,87.2,,,,8.151,,,,,,,4.596,,,,,,,,,,,,,,,,,,,,,,,,,,,,,,,,51.17310475,-1.83172528,354.9,,,,,,,,,,,,,,,,,,,,,,,,,,,,Mini 4 Pro,SYNX6652NBSTXSC8D,CAML9TLFSBRU2B9CD,RCSQY4Y3PCM5V7D9M,BATS9G357BXURUBRD,,,,,,,,Mini 4 Pro,SYNX6652NBSTXSC8D,,,,DJI Fly,,1.13.5,A3471387-773D-58FE-9AF0-E9A619EF761D,,,,,,,,,,
1773850665,1m 45.0s,105.0,51.17391414,-1.83086464,124.7,124.7,30.0,304.7,433.7,0.000,9.395,0.000,,0.000,,-0.000,,-0.95,4.32,183.6,183.6,,P-GPS,,,18,4,TRUE,,Mini 4 Pro,,,,,,FALSE,TRUE,,,,,,,,,,,,,,,,,,,,,,,,,,,,,,,,,,,,,,,,,,,,,,,,87.2,,,,8.151,,,,,,,4.596,,,,,,,,,,,,,,,,,,,,,,,,,,,,,,,,51.17310475,-1.83172528,354.9,,,,,,,,,,,,,,,,,,,,,,,,,,,,Mini 4 Pro,SYNX6652NBSTXSC8D,CAML9TLFSBRU2B9CD,RCSQY4Y3PCM5V7D9M,BATS9G357BXURUBRD,,,,,,,,Mini 4 Pro,SYNX6652NBSTXSC8D,,,,DJI Fly,,1.13.5,A3471387-773D-58FE-9AF0-E9A619EF761D,,,,,,,,,,
1773850666,1m 46.0s,106.0,51.17391414,-1.83086464,124.7,124.7,30.0,304.7,433.7,0.000,9.395,0.000,,0.000,,-0.000,,5.45,-7.23,187.2,187.2,,P-GPS,,,18,4,TRUE,,Mini 4 Pro,,,,,,FALSE,TRUE,,,,,,,,,,,,,,,,,,,,,,,,,,,,,,,,,,,,,,,,,,,,,,,,87.2,,,,8.151,,,,,,,4.596,,,,,,,,,,,,,,,,,,,,,,,,,,,,,,,,51.17310475,-1.83172528,354.9,,,,,,,,,,,,,,,,,,,,,,,,,,,,Mini 4 Pro,SYNX6652NBSTXSC8D,CAML9TLFSBRU2B9CD,RCSQY4Y3PCM5V7D9M,BATS9G357BXURUBRD,,,,,,,,Mini 4 Pro,SYNX6652NBSTXSC8D,,,,DJI Fly,,1.13.5,A3471387-773D-58FE-9AF0-E9A619EF761D,,,,,,,,,,
1773850667,1m 47.0s,107.0,51.17391414,-1.83086464,124.7,124.7,30.0,304.7,433.7,0.000,9.395,0.000,,0.000,,-0.000,,3.87,-2.46,190.8,190.8,,P-GPS,,,18,4,TRUE,,Mini 4 Pro,,,,,,FALSE,TRUE,,,,,,,,,,,,,,,,,,,,,,,,,,,,,,,,,,,,,,,,,,,,,,,,87.2,,,,8.151,,,,,,,4.596,,,,,,,,,,,,,,,,,,,,,,,,,,,,,,,,51.17310475,-1.83172528,354.9,,,,,,,,,,,,,,,,,,,,,,,,,,,,Mini 4 Pro,SYNX6652NBSTXSC8D,CAML9TLFSBRU2B9CD,RCSQY4Y3PCM5V7D9M,BATS9G357BXURUBRD,,,,,,,,Mini 4 Pro,SYNX6652NBSTXSC8D,,,,DJI Fly,,1.13.5,A3471387-773D-58FE-9AF0-E9A619EF761D,,,,,,,,,,
1773850668,1m 48.0s,108.0,51.17391414,-1.83086464,124.7,124.7,30.0,304.7,433.7,0.000,9.395,0.000,,0.000,,-0.000,,-3.38,7.87,194.4,194.4,,P-GPS,,,18,4,TRUE,,Mini 4 Pro,,,,,,FALSE,TRUE,,,,,,,,,,,,,,,,,,,,,,,,,,,,,,,,,,,,,,,,,,,,,,,,87.2,,,,8.151,,,,,,,4.596,,,,,,,,,,,,,,,,,,,,,,,,,,,,,,,,51.17310475,-1.83172528,354.9,,,,,,,,,,,,,,,,,,,,,,,,,,,,Mini 4 Pro,SYNX6652NBSTXSC8D,CAML9TLFSBRU2B9CD,RCSQY4Y3PCM5V7D9M,BATS9G357BXURUBRD,,,,,,,,Mini 4 Pro,SYNX6652NBSTXSC8D,,,,DJI Fly,,1.13.5,A3471387-773D-58FE-9AF0-E9A619EF761D,,,,,,,,,,
1773850669,1m 49.0s,109.0,51.17391414,-1.83086464,124.7,124.7,30.0,304.7,433.7,0.000,9.395,0.000,,0.000,,-0.000,,-5.68,0.43,198.0,198.0,,P-GPS,,,18,4,TRUE,,Mini 4 Pro,,,,,,FALSE,TRUE,,,,,,,,,,,,,,,,,,,,,,,,,,,,,,,,,,,,,,,,,,,,,,,,87.1,,,,8.151,,,,,,,4.596,,,,,,,,,,,,,,,,,,,,,,,,,,,,,,,,51.17310475,-1.83172528,354.9,,,,,,,,,,,,,,,,,,,,,,,,,,,,Mini 4 Pro,SYNX6652NBSTXSC8D,CAML9TLFSBRU2B9CD,RCSQY4Y3PCM5V7D9M,BATS9G357BXURUBRD,,,,,,,,Mini 4 Pro,SYNX6652NBSTXSC8D,,,,DJI Fly,,1.13.5,A3471387-773D-58FE-9AF0-E9A619EF761D,,,,,,,,,,
1773850670,1m 50.0s,110.0,51.17391414,-1.83086464,124.7,124.7,30.0,304.7,433.7,0.000,9.395,0.000,,0.000,,-0.000,,0.35,-7.98,201.6,201.6,,P-GPS,,,18,4,TRUE,,Mini 4 Pro,,,,,,FALSE,TRUE,,,,,,,,,,,,,,,,,,,,,,,,,,,,,,,,,,,,,,,,,,,,,,,,87.1,,,,8.151,,,,,,,4.596,,,,,,,,,,,,,,,,,,,,,,,,,,,,,,,,51.17310475,-1.83172528,354.9,,,,,,,,,,,,,,,,,,,,,,,,,,,,Mini 4 Pro,SYNX6652NBSTXSC8D,CAML9TLFSBRU2B9CD,RCSQY4Y3PCM5V7D9M,BATS9G357BXURUBRD,,,,,,,,Mini 4 Pro,SYNX6652NBSTXSC8D,,,,DJI Fly,,1.13.5,A3471387-773D-58FE-9AF0-E9A619EF761D,,,,,,,,,,
1773850671,1m 51.0s,111.0,51.17391414,-1.83086464,124.7,124.7,30.0,304.7,433.7,0.000,9.395,0.000,,0.000,,-0.000,,5.86,1.62,205.2,205.2,,P-GPS,,,18,4,TRUE,,Mini 4 Pro,,,,,,FALSE,TRUE,,,,,,,,,,,,,,,,,,,,,,,,,,,,,,,,,,,,,,,,,,,,,,,,87.1,,,,8.151,,,,,,,4.596,,,,,,,,,,,,,,,,,,,,,,,,,,,,,,,,51.17310475,-1.83172528,354.9,,,,,,,,,,,,,,,,,,,,,,,,,,,,Mini 4 Pro,SYNX6652NBSTXSC8D,CAML9TLFSBRU2B9CD,RCSQY4Y3PCM5V7D9M,BATS9G357BXURUBRD,,,,,,,,Mini 4 Pro,SYNX6652NBSTXSC8D,,,,DJI Fly,,1.13.5,A3471387-773D-58FE-9AF0-E9A619EF761D,,,,,,,,,,
1773850672,1m 52.0s,112.0,51.17391414,-1.83086464,124.7,124.7,30.0,304.7,433.7,0.000,9.395,0.000,,0.000,,-0.000,,2.79,7.56,208.8,208.8,,P-GPS,,,18,4,TRUE,,Mini 4 Pro,,,,,,FALSE,TRUE,,,,,,,,,,,,,,,,,,,,,,,,,,,,,,,,,,,,,,,,,,,,,,,,87.1,,,,8.150,,,,,,,4.596,,,,,,,,,,,,,,,,,,,,,,,,,,,,,,,,51.17310475,-1.83172528,354.9,,,,,,,,,,,,,,,,,,,,,,,,,,,,Mini 4 Pro,SYNX6652NBSTXSC8D,CAML9TLFSBRU2B9CD,RCSQY4Y3PCM5V7D9M,BATS9G357BXURUBRD,,,,,,,,Mini 4 Pro,SYNX6652NBSTXSC8D,,,,DJI Fly,,1.13.5,A3471387-773D-58FE-9AF0-E9A619EF761D,,,,,,,,,,
1773850673,1m 53.0s,113.0,51.17391414,-1.83086464,124.7,124.7,30.0,304.7,433.7,0.000,9.395,0.000,,0.000,,-0.000,,-4.37,-3.57,212.4,212.4,,P-GPS,,,18,4,TRUE,,Mini 4 Pro,,,,,,FALSE,TRUE,,,,,,,,,,,,,,,,,,,,,,,,,,,,,,,,,,,,,,,,,,,,,,,,87.1,,,,8.150,,,,,,,4.596,,,,,,,,,,,,,,,,,,,,,,,,,,,,,,,,51.17310475,-1.83172528,354.9,,,,,,,,,,,,,,,,,,,,,,,,,,,,Mini 4 Pro,SYNX6652NBSTXSC8D,CAML9TLFSBRU2B9CD,RCSQY4Y3PCM5V7D9M,BATS9G357BXURUBRD,,,,,,,,Mini 4 Pro,SYNX6652NBSTXSC8D,,,,DJI Fly,,1.13.5,A3471387-773D-58FE-9AF0-E9A619EF761D,,,,,,,,,,
1773850674,1m 54.0s,114.0,51.17391414,-1.83086464,124.7,124.7,30.0,304.7,433.7,0.000,9.395,0.000,,0.000,,-0.000,,0.00,0.00,212.4,212.4,,P-GPS,,,18,4,TRUE,,Mini 4 Pro,,,,,,FALSE,TRUE,,,,,,,,,,,,,,,,,,,,,,,,,,,,,,,,,,,,,,,,,,,,,,,,87.1,,,,8.150,,,,,,,4.596,,,,,,,,,,,,,,,,,,,,,,,,,,,,,,,,51.17310475,-1.83172528,354.9,,,,,,,,,,,,,,,,,,,,,,,,,,,,Mini 4 Pro,SYNX6652NBSTXSC8D,CAML9TLFSBRU2B9CD,RCSQY4Y3PCM5V7D9M,BATS9G357BXURUBRD,,,,,,,,Mini 4 Pro,SYNX6652NBSTXSC8D,,,,DJI Fly,,1.13.5,A3471387-773D-58FE-9AF0-E9A619EF761D,,,,,,,,,,
1773850675,1m 55.0s,115.0,51.17391414,-1.83086464,124.7,124.7,30.0,304.7,433.7,0.000,9.395,0.000,,0.000,,-0.000,,0.00,0.00,212.4,212.4,,P-GPS,,,18,4,TRUE,,Mini 4 Pro,,,,,,FALSE,TRUE,,,,,,,,,,,,,,,,,,,,,,,,,,,,,,,,,,,,,,,,,,,,,,,,87.1,,,,8.150,,,,,,,4.596,,,,,,,,,,,,,,,,,,,,,,,,,,,,,,,,51.17310475,-1.83172528,354.9,,,,,,,,,,,,,,,,,,,,,,,,,,,,Mini 4 Pro,SYNX6652NBSTXSC8D,CAML9TLFSBRU2B9CD,RCSQY4Y3PCM5V7D9M,BATS9G357BXURUBRD,,,,,,,,Mini 4 Pro,SYNX6652NBSTXSC8D,,,,DJI Fly,,1.13.5,A3471387-773D-58FE-9AF0-E9A619EF761D,,,,,,,,,,
1773850676,1m 56.0s,116.0,51.17391414,-1.83086464,124.7,124.7,30.0,304.7,433.7,0.000,9.395,0.000,,0.000,,-0.000,,0.00,0.00,212.4,212.4,,P-GPS,,,18,4,TRUE,,Mini 4 Pro,,,,,,FALSE,TRUE,,,,,,,,,,,,,,,,,,,,,,,,,,,,,,,,,,,,,,,,,,,,,,,,87.1,,,,8.150,,,,,,,4.596,,,,,,,,,,,,,,,,,,,,,,,,,,,,,,,,51.17310475,-1.83172528,354.9,,,,,,,,,,,,,,,,,,,,,,,,,,,,Mini 4 Pro,SYNX6652NBSTXSC8D,CAML9TLFSBRU2B9CD,RCSQY4Y3PCM5V7D9M,BATS9G357BXURUBRD,,,,,,,,Mini 4 Pro,SYNX6652NBSTXSC8D,,,,DJI Fly,,1.13.5,A3471387-773D-58FE-9AF0-E9A619EF761D,,,,,,,,,,
1773850677,1m 57.0s,117.0,51.17391414,-1.83086464,124.7,124.7,30.0,304.7,433.7,0.000,9.395,0.000,,0.000,,-0.000,,0.00,0.00,212.4,212.4,,P-GPS,,,18,4,TRUE,,Mini 4 Pro,,,,,,FALSE,TRUE,,,,,,,,,,,,,,,,,,,,,,,,,,,,,,,,,,,,,,,,,,,,,,,,87.1,,,,8.150,,,,,,,4.596,,,,,,,,,,,,,,,,,,,,,,,,,,,,,,,,51.17310475,-1.83172528,354.9,,,,,,,,,,,,,,,,,,,,,,,,,,,,Mini 4 Pro,SYNX6652NBSTXSC8D,CAML9TLFSBRU2B9CD,RCSQY4Y3PCM5V7D9M,BATS9G357BXURUBRD,,,,,,,,Mini 4 Pro,SYNX6652NBSTXSC8D,,,,DJI Fly,,1.13.5,A3471387-773D-58FE-9AF0-E9A619EF761D,,,,,,,,,,
1773850678,1m 58.0s,118.0,51.17391414,-1.83086464,124.7,124.7,30.0,304.7,433.7,0.000,9.395,0.000,,0.000,,-0.000,,0.00,0.00,212.4,212.4,,P-GPS,,,18,4,TRUE,,Mini 4 Pro,,,,,,FALSE,TRUE,,,,,,,,,,,,,,,,,,,,,,,,,,,,,,,,,,,,,,,,,,,,,,,,87.1,,,,8.150,,,,,,,4.596,,,,,,,,,,,,,,,,,,,,,,,,,,,,,,,,51.17310475,-1.83172528,354.9,,,,,,,,,,,,,,,,,,,,,,,,,,,,Mini 4 Pro,SYNX6652NBSTXSC8D,CAML9TLFSBRU2B9CD,RCSQY4Y3PCM5V7D9M,BATS9G357BXURUBRD,,,,,,,,Mini 4 Pro,SYNX6652NBSTXSC8D,,,,DJI Fly,,1.13.5,A3471387-773D-58FE-9AF0-E9A619EF761D,,,,,,,,,,
1773850679,1m 59.0s,119.0,51.17391414,-1.83086464,124.7,124.7,30.0,304.7,433.7,0.000,9.395,0.000,,0.000,,-0.000,,0.00,0.00,212.4,212.4,,P-GPS,,,18,4,TRUE,,Mini 4 Pro,,,,,,FALSE,TRUE,,,,,,,,,,,,,,,,,,,,,,,,,,,,,,,,,,,,,,,,,,,,,,,,87.1,,,,8.150,,,,,,,4.596,,,,,,,,,,,,,,,,,,,,,,,,,,,,,,,,51.17310475,-1.83172528,354.9,,,,,,,,,,,,,,,,,,,,,,,,,,,,Mini 4 Pro,SYNX6652NBSTXSC8D,CAML9TLFSBRU2B9CD,RCSQY4Y3PCM5V7D9M,BATS9G357BXURUBRD,,,,,,,,Mini 4 Pro,SYNX6652NBSTXSC8D,,,,DJI Fly,,1.13.5,A3471387-773D-58FE-9AF0-E9A619EF761D,,,,,,,,,,
1773850680,2m 0.0s,120.0,51.17391414,-1.83086464,124.7,124.7,30.0,304.7,433.7,0.000,9.395,0.000,,0.000,,-0.000,,0.00,0.00,212.4,212.4,,P-GPS,,,18,4,TRUE,,Mini 4 Pro,,,,,,FALSE,TRUE,,,,,,,,,,,,,,,,,,,,,,,,,,,,,,,,,,,,,,,,,,,,,,,,87.1,,,,8.150,,,,,,,4.596,,,,,,,,,,,,,,,,,,,,,,,,,,,,,,,,51.17310475,-1.83172528,354.9,,,,,,,,,,,,,,,,,,,,,,,,,,,,Mini 4 Pro,SYNX6652NBSTXSC8D,CAML9TLFSBRU2B9CD,RCSQY4Y3PCM5V7D9M,BATS9G357BXURUBRD,,,,,,,,Mini 4 Pro,SYNX6652NBSTXSC8D,,,,DJI Fly,,1.13.5,A3471387-773D-58FE-9AF0-E9A619EF761D,,,,,,,,,,
1773850681,2m 1.0s,121.0,51.17391414,-1.83086464,124.7,124.7,30.0,304.7,433.7,0.000,9.395,0.000,,0.000,,-0.000,,0.00,0.00,212.4,212.4,,P-GPS,,,18,4,TRUE,,Mini 4 Pro,,,,,,FALSE,TRUE,,,,,,,,,,,,,,,,,,,,,,,,,,,,,,,,,,,,,,,,,,,,,,,,87.1,,,,8.150,,,,,,,4.596,,,,,,,,,,,,,,,,,,,,,,,,,,,,,,,,51.17310475,-1.83172528,354.9,,,,,,,,,,,,,,,,,,,,,,,,,,,,Mini 4 Pro,SYNX6652NBSTXSC8D,CAML9TLFSBRU2B9CD,RCSQY4Y3PCM5V7D9M,BATS9G357BXURUBRD,,,,,,,,Mini 4 Pro,SYNX6652NBSTXSC8D,,,,DJI Fly,,1.13.5,A3471387-773D-58FE-9AF0-E9A619EF761D,,,,,,,,,,
1773850682,2m 2.0s,122.0,51.17391414,-1.83086464,124.7,124.7,30.0,304.7,433.7,0.000,9.395,0.000,,0.000,,-0.000,,0.00,0.00,212.4,212.4,,P-GPS,,,18,4,TRUE,,Mini 4 Pro,,,,,,FALSE,TRUE,,,,,,,,,,,,,,,,,,,,,,,,,,,,,,,,,,,,,,,,,,,,,,,,87.1,,,,8.150,,,,,,,4.596,,,,,,,,,,,,,,,,,,,,,,,,,,,,,,,,51.17310475,-1.83172528,354.9,,,,,,,,,,,,,,,,,,,,,,,,,,,,Mini 4 Pro,SYNX6652NBSTXSC8D,CAML9TLFSBRU2B9CD,RCSQY4Y3PCM5V7D9M,BATS9G357BXURUBRD,,,,,,,,Mini 4 Pro,SYNX6652NBSTXSC8D,,,,DJI Fly,,1.13.5,A3471387-773D-58FE-9AF0-E9A619EF761D,,,,,,,,,,
1773850683,2m 3.0s,123.0,51.17391414,-1.83086464,124.7,124.7,30.0,304.7,433.7,0.000,9.395,0.000,,0.000,,-0.000,,0.00,0.00,212.4,212.4,,P-GPS,,,18,4,TRUE,,Mini 4 Pro,,,,,,FALSE,TRUE,,,,,,,,,,,,,,,,,,,,,,,,,,,,,,,,,,,,,,,,,,,,,,,,87.1,,,,8.150,,,,,,,4.596,,,,,,,,,,,,,,,,,,,,,,,,,,,,,,,,51.17310475,-1.83172528,354.9,,,,,,,,,,,,,,,,,,,,,,,,,,,,Mini 4 Pro,SYNX6652NBSTXSC8D,CAML9TLFSBRU2B9CD,RCSQY4Y3PCM5V7D9M,BATS9G357BXURUBRD,,,,,,,,Mini 4 Pro,SYNX6652NBSTXSC8D,,,,DJI Fly,,1.13.5,A3471387-773D-58FE-9AF0-E9A619EF761D,,,,,,,,,,
1773850684,2m 4.0s,124.0,51.17391414,-1.83086464,124.7,124.7,30.0,304.7,433.7,0.000,9.395,0.000,,0.000,,-0.000,,0.00,0.00,212.4,212.4,,P-GPS,,,18,4,TRUE,,Mini 4 Pro,,,,,,FALSE,TRUE,,,,,,,,,,,,,,,,,,,,,,,,,,,,,,,,,,,,,,,,,,,,,,,,87.1,,,,8.149,,,,,,,4.596,,,,,,,,,,,,,,,,,,,,,,,,,,,,,,,,51.17310475,-1.83172528,354.9,,,,,,,,,,,,,,,,,,,,,,,,,,,,Mini 4 Pro,SYNX6652NBSTXSC8D,CAML9TLFSBRU2B9CD,RCSQY4Y3PCM5V7D9M,BATS9G357BXURUBRD,,,,,,,,Mini 4 Pro,SYNX6652NBSTXSC8D,,,,DJI Fly,,1.13.5,A3471387-773D-58FE-9AF0-E9A619EF761D,,,,,,,,,,
1773850685,2m 5.0s,125.0,51.17391414,-1.83086464,124.7,124.7,30.0,304.7,433.7,0.000,9.395,0.000,,0.000,,-0.000,,0.00,0.00,212.4,212.4,,P-GPS,,,18,4,TRUE,,Mini 4 Pro,,,,,,FALSE,TRUE,,,,,,,,,,,,,,,,,,,,,,,,,,,,,,,,,,,,,,,,,,,,,,,,87.1,,,,8.149,,,,,,,4.596,,,,,,,,,,,,,,,,,,,,,,,,,,,,,,,,51.17310475,-1.83172528,354.9,,,,,,,,,,,,,,,,,,,,,,,,,,,,Mini 4 Pro,SYNX6652NBSTXSC8D,CAML9TLFSBRU2B9CD,RCSQY4Y3PCM5V7D9M,BATS9G357BXURUBRD,,,,,,,,Mini 4 Pro,SYNX6652NBSTXSC8D,,,,DJI Fly,,1.13.5,A3471387-773D-58FE-9AF0-E9A619EF761D,,,,,,,,,,
1773850686,2m 6.0s,126.0,51.17391414,-1.83086464,124.7,124.7,30.0,304.7,433.7,0.000,9.395,0.000,,0.000,,-0.000,,0.00,0.00,212.4,212.4,,P-GPS,,,18,4,TRUE,,Mini 4 Pro,,,,,,FALSE,TRUE,,,,,,,,,,,,,,,,,,,,,,,,,,,,,,,,,,,,,,,,,,,,,,,,87.0,,,,8.149,,,,,,,4.596,,,,,,,,,,,,,,,,,,,,,,,,,,,,,,,,51.17310475,-1.83172528,354.9,,,,,,,,,,,,,,,,,,,,,,,,,,,,Mini 4 Pro,SYNX6652NBSTXSC8D,CAML9TLFSBRU2B9CD,RCSQY4Y3PCM5V7D9M,BATS9G357BXURUBRD,,,,,,,,Mini 4 Pro,SYNX6652NBSTXSC8D,,,,DJI Fly,,1.13.5,A3471387-773D-58FE-9AF0-E9A619EF761D,,,,,,,,,,
1773850687,2m 7.0s,127.0,51.17391414,-1.83086464,124.7,124.7,30.0,304.7,433.7,0.000,9.395,0.000,,0.000,,-0.000,,0.00,0.00,212.4,212.4,,P-GPS,,,18,4,TRUE,,Mini 4 Pro,,,,,,FALSE,TRUE,,,,,,,,,,,,,,,,,,,,,,,,,,,,,,,,,,,,,,,,,,,,,,,,87.0,,,,8.149,,,,,,,4.596,,,,,,,,,,,,,,,,,,,,,,,,,,,,,,,,51.17310475,-1.83172528,354.9,,,,,,,,,,,,,,,,,,,,,,,,,,,,Mini 4 Pro,SYNX6652NBSTXSC8D,CAML9TLFSBRU2B9CD,RCSQY4Y3PCM5V7D9M,BATS9G357BXURUBRD,,,,,,,,Mini 4 Pro,SYNX6652NBSTXSC8D,,,,DJI Fly,,1.13.5,A3471387-773D-58FE-9AF0-E9A619EF761D,,,,,,,,,,
1773850688,2m 8.0s,128.0,51.17388516,-1.83083575,118.8,124.7,30.0,298.8,446.2,8.500,9.395,-7.208,,4.505,,4.026,,-5.87,-25.00,148.0,148.0,,P-GPS,,,18,4,TRUE,,Mini 4 Pro,,,,,,FALSE,TRUE,,,,,,,,,,,,,,,,,,,,,,,,,,,,,,,,,,,,,,,,,,,,,,,,87.0,,,,8.149,,,,,,,6.686,,,,,,,,,,,,,,,,,,,,,,,,,,,,,,,,51.17310475,-1.83172528,349.9,,,,,,,,,,,,,,,,,,,,,,,,,,,,Mini 4 Pro,SYNX6652NBSTXSC8D,CAML9TLFSBRU2B9CD,RCSQY4Y3PCM5V7D9M,BATS9G357BXURUBRD,,,,,,,,Mini 4 Pro,SYNX6652NBSTXSC8D,,,,DJI Fly,,1.13.5,A3471387-773D-58FE-9AF0-E9A619EF761D,,,,,,,,,,
1773850689,2m 9.0s,129.0,51.17385618,-1.83080686,112.9,124.7,30.0,292.9,458.6,8.500,9.395,-7.208,,4.505,,4.026,,-5.87,0.00,148.0,148.0,,P-GPS,,,18,4,TRUE,,Mini 4 Pro,,,,,,FALSE,TRUE,,,,,,,,,,,,,,,,,,,,,,,,,,,,,,,,,,,,,,,,,,,,,,,,87.0,,,,8.149,,,,,,,6.686,,,,,,,,,,,,,,,,,,,,,,,,,,,,,,,,51.17310475,-1.83172528,345.4,,,,,,,,,,,,,,,,,,,,,,,,,,,,Mini 4 Pro,SYNX6652NBSTXSC8D,CAML9TLFSBRU2B9CD,RCSQY4Y3PCM5V7D9M,BATS9G357BXURUBRD,,,,,,,,Mini 4 Pro,SYNX6652NBSTXSC8D,,,,DJI Fly,,1.13.5,A3471387-773D-58FE-9AF0-E9A619EF761D,,,,,,,,,,
1773850690,2m 10.0s,130.0,51.17382720,-1.83077798,111.5,124.7,30.0,291.5,471.1,8.500,9.395,-7.208,,4.505,,0.895,,-0.27,0.00,148.0,148.0,,P-GPS,,,18,4,TRUE,,Mini 4 Pro,,,,,,FALSE,TRUE,,,,,,,,,,,,,,,,,,,,,,,,,,,,,,,,,,,,,,,,,,,,,,,,87.0,,,,8.149,,,,,,,6.686,,,,,,,,,,,,,,,,,,,,,,,,,,,,,,,,51.17310475,-1.83172528,341.2,,,,,,,,,,,,,,,,,,,,,,,,,,,,Mini 4 Pro,SYNX6652NBSTXSC8D,CAML9TLFSBRU2B9CD,RCSQY4Y3PCM5V7D9M,BATS9G357BXURUBRD,,,,,,,,Mini 4 Pro,SYNX6652NBSTXSC8D,,,,DJI Fly,,1.13.5,A3471387-773D-58FE-9AF0-E9A619EF761D,,,,,,,,,,
1773850691,2m 11.0s,131.0,51.17379822,-1.83074909,111.5,124.7,30.0,291.5,483.6,8.500,9.395,-7.208,,4.505,,-0.000,,1.33,0.00,148.0,148.0,,P-GPS,,,18,4,TRUE,,Mini 4 Pro,,,,,,FALSE,TRUE,,,,,,,,,,,,,,,,,,,,,,,,,,,,,,,,,,,,,,,,,,,,,,,,87.0,,,,8.149,,,,,,,6.686,,,,,,,,,,,,,,,,,,,,,,,,,,,,,,,,51.17310475,-1.83172528,337.4,,,,,,,,,,,,,,,,,,,,,,,,,,,,Mini 4 Pro,SYNX6652NBSTXSC8D,CAML9TLFSBRU2B9CD,RCSQY4Y3PCM5V7D9M,BATS9G357BXURUBRD,,,,,,,,Mini 4 Pro,SYNX6652NBSTXSC8D,,,,DJI Fly,,1.13.5,A3471387-773D-58FE-9AF0-E9A619EF761D,,,,,,,,,,
1773850692,2m 12.0s,132.0,51.17376924,-1.83072020,111.5,124.7,30.0,291.5,496.0,8.500,9.395,-7.208,,4.505,,-0.000,,1.33,0.00,148.0,148.0,,P-GPS,,,18,4,TRUE,,Mini 4 Pro,,,,,,FALSE,TRUE,,,,,,,,,,,,,,,,,,,,,,,,,,,,,,,,,,,,,,,,,,,,,,,,87.0,,,,8.149,,,,,,,6.686,,,,,,,,,,,,,,,,,,,,,,,,,,,,,,,,51.17310475,-1.83172528,334.1,,,,,,,,,,,,,,,,,,,,,,,,,,,,Mini 4 Pro,SYNX6652NBSTXSC8D,CAML9TLFSBRU2B9CD,RCSQY4Y3PCM5V7D9M,BATS9G357BXURUBRD,,,,,,,,Mini 4 Pro,SYNX6652NBSTXSC8D,,,,DJI Fly,,1.13.5,A3471387-773D-58FE-9AF0-E9A619EF761D,,,,,,,,,,
1773850693,2m 13.0s,133.0,51.17374026,-1.83069131,111.5,124.7,30.0,291.5,508.5,8.500,9.395,-7.208,,4.505,,-0.000,,1.33,0.00,148.0,148.0,,P-GPS,,,18,4,TRUE,,Mini 4 Pro,,,,,,FALSE,TRUE,,,,,,,,,,,,,,,,,,,,,,,,,,,,,,,,,,,,,,,,,,,,,,,,87.0,,,,8.148,,,,,,,6.686,,,,,,,,,,,,,,,,,,,,,,,,,,,,,,,,51.17310475,-1.83172528,331.2,,,,,,,,,,,,,,,,,,,,,,,,,,,,Mini 4 Pro,SYNX6652NBSTXSC8D,CAML9TLFSBRU2B9CD,RCSQY4Y3PCM5V7D9M,BATS9G357BXURUBRD,,,,,,,,Mini 4 Pro,SYNX6652NBSTXSC8D,,,,DJI Fly,,1.13.5,A3471387-773D-58FE-9AF0-E9A619EF761D,,,,,,,,,,
1773850694,2m 14.0s,134.0,51.17371128,-1.83066242,111.5,124.7,30.0,291.5,521.0,8.500,9.395,-7.208,,4.505,,-0.000,,1.33,0.00,148.0,148.0,,P-GPS,,,18,4,TRUE,,Mini 4 Pro,,,,,,FALSE,TRUE,,,,,,,,,,,,,,,,,,,,,,,,,,,,,,,,,,,,,,,,,,,,,,,,87.0,,,,8.148,,,,,,,6.686,,,,,,,,,,,,,,,,,,,,,,,,,,,,,,,,51.17310475,-1.83172528,328.7,,,,,,,,,,,,,,,,,,,,,,,,,,,,Mini 4 Pro,SYNX6652NBSTXSC8D,CAML9TLFSBRU2B9CD,RCSQY4Y3PCM5V7D9M,BATS9G357BXURUBRD,,,,,,,,Mini 4 Pro,SYNX6652NBSTXSC8D,,,,DJI Fly,,1.13.5,A3471387-773D-58FE-9AF0-E9A619EF761D,,,,,,,,,,
1773850695,2m 15.0s,135.0,51.17368230,-1.83063353,111.5,124.7,30.0,291.5,533.4,8.500,9.395,-7.208,,4.505,,-0.000,,1.33,0.00,148.0,148.0,,P-GPS,,,18,4,TRUE,,Mini 4 Pro,,,,,,FALSE,TRUE,,,,,,,,,,,,,,,,,,,,,,,,,,,,,,,,,,,,,,,,,,,,,,,,87.0,,,,8.148,,,,,,,6.686,,,,,,,,,,,,,,,,,,,,,,,,,,,,,,,,51.17310475,-1.83172528,326.7,,,,,,,,,,,,,,,,,,,,,,,,,,,,Mini 4 Pro,SYNX6652NBSTXSC8D,CAML9TLFSBRU2B9CD,RCSQY4Y3PCM5V7D9M,BATS9G357BXURUBRD,,,,,,,,Mini 4 Pro,SYNX6652NBSTXSC8D,,,,DJI Fly,,1.13.5,A3471387-773D-58FE-9AF0-E9A619EF761D,,,,,,,,,,
1773850696,2m 16.0s,136.0,51.17365332,-1.83060464,111.5,124.7,30.0,291.5,545.9,8.500,9.395,-7.208,,4.505,,-0.000,,1.33,0.00,148.0,148.0,,P-GPS,,,18,4,TRUE,,Mini 4 Pro,,,,,,FALSE,TRUE,,,,,,,,,,,,,,,,,,,,,,,,,,,,,,,,,,,,,,,,,,,,,,,,87.0,,,,8.148,,,,,,,6.686,,,,,,,,,,,,,,,,,,,,,,,,,,,,,,,,51.17310475,-1.83172528,325.2,,,,,,,,,,,,,,,,,,,,,,,,,,,,Mini 4 Pro,SYNX6652NBSTXSC8D,CAML9TLFSBRU2B9CD,RCSQY4Y3PCM5V7D9M,BATS9G357BXURUBRD,,,,,,,,Mini 4 Pro,SYNX6652NBSTXSC8D,,,,DJI Fly,,1.13.5,A3471387-773D-58FE-9AF0-E9A619EF761D,,,,,,,,,,
1773850697,2m 17.0s,137.0,51.17362434,-1.83057576,111.5,124.7,30.0,291.5,558.4,8.500,9.395,-7.208,,4.505,,-0.000,,1.33,0.00,148.0,148.0,,P-GPS,,,18,4,TRUE,,Mini 4 Pro,,,,,,FALSE,TRUE,,,,,,,,,,,,,,,,,,,,,,,,,,,,,,,,,,,,,,,,,,,,,,,,87.0,,,,8.148,,,,,,,6.686,,,,,,,,,,,,,,,,,,,,,,,,,,,,,,,,51.17310475,-1.83172528,324.1,,,,,,,,,,,,,,,,,,,,,,,,,,,,Mini 4 Pro,SYNX6652NBSTXSC8D,CAML9TLFSBRU2B9CD,RCSQY4Y3PCM5V7D9M,BATS9G357BXURUBRD,,,,,,,,Mini 4 Pro,SYNX6652NBSTXSC8D,,,,DJI Fly,,1.13.5,A3471387-773D-58FE-9AF0-E9A619EF761D,,,,,,,,,,
1773850698,2m 18.0s,138.0,51.17359536,-1.83054687,111.5,124.7,30.0,291.5,570.9,8.500,9.395,-7.208,,4.505,,-0.000,,1.33,0.00,148.0,148.0,,P-GPS,,,18,4,TRUE,,Mini 4 Pro,,,,,,FALSE,TRUE,,,,,,,,,,,,,,,,,,,,,,,,,,,,,,,,,,,,,,,,,,,,,,,,87.0,,,,8.148,,,,,,,6.686,,,,,,,,,,,,,,,,,,,,,,,,,,,,,,,,51.17310475,-1.83172528,323.5,,,,,,,,,,,,,,,,,,,,,,,,,,,,Mini 4 Pro,SYNX6652NBSTXSC8D,CAML9TLFSBRU2B9CD,RCSQY4Y3PCM5V7D9M,BATS9G357BXURUBRD,,,,,,,,Mini 4 Pro,SYNX6652NBSTXSC8D,,,,DJI Fly,,1.13.5,A3471387-773D-58FE-9AF0-E9A619EF761D,,,,,,,,,,
1773850699,2m 19.0s,139.0,51.17356638,-1.83051798,111.5,124.7,30.0,291.5,583.3,8.500,9.395,-7.208,,4.505,,-0.000,,1.33,0.00,148.0,148.0,,P-GPS,,,18,4,TRUE,,Mini 4 Pro,,,,,,FALSE,TRUE,,,,,,,,,,,,,,,,,,,,,,,,,,,,,,,,,,,,,,,,,,,,,,,,86.9,,,,8.148,,,,,,,6.686,,,,,,,,,,,,,,,,,,,,,,,,,,,,,,,,51.17310475,-1.83172528,323.4,,,,,,,,,,,,,,,,,,,,,,,,,,,,Mini 4 Pro,SYNX6652NBSTXSC8D,CAML9TLFSBRU2B9CD,RCSQY4Y3PCM5V7D9M,BATS9G357BXURUBRD,,,,,,,,Mini 4 Pro,SYNX6652NBSTXSC8D,,,,DJI Fly,,1.13.5,A3471387-773D-58FE-9AF0-E9A619EF761D,,,,,,,,,,
1773850700,2m 20.0s,140.0,51.17353740,-1.83048909,111.5,124.7,30.0,291.5,595.8,8.500,9.395,-7.208,,4.505,,-0.000,,1.33,0.00,148.0,148.0,,P-GPS,,,18,4,TRUE,,Mini 4 Pro,,,,,,FALSE,TRUE,,,,,,,,,,,,,,,,,,,,,,,,,,,,,,,,,,,,,,,,,,,,,,,,86.9,,,,8.148,,,,,,,6.686,,,,,,,,,,,,,,,,,,,,,,,,,,,,,,,,51.17310475,-1.83172528,323.8,,,,,,,,,,,,,,,,,,,,,,,,,,,,Mini 4 Pro,SYNX6652NBSTXSC8D,CAML9TLFSBRU2B9CD,RCSQY4Y3PCM5V7D9M,BATS9G357BXURUBRD,,,,,,,,Mini 4 Pro,SYNX6652NBSTXSC8D,,,,DJI Fly,,1.13.5,A3471387-773D-58FE-9AF0-E9A619EF761D,,,,,,,,,,
1773850701,2m 21.0s,141.0,51.17350842,-1.83046020,111.5,124.7,30.0,291.5,608.3,8.500,9.395,-7.208,,4.505,,-0.000,,1.33,-0.00,148.0,148.0,,P-GPS,,,18,4,TRUE,,Mini 4 Pro,,,,,,FALSE,TRUE,,,,,,,,,,,,,,,,,,,,,,,,,,,,,,,,,,,,,,,,,,,,,,,,86.9,,,,8.147,,,,,,,6.686,,,,,,,,,,,,,,,,,,,,,,,,,,,,,,,,51.17310475,-1.83172528,324.7,,,,,,,,,,,,,,,,,,,,,,,,,,,,Mini 4 Pro,SYNX6652NBSTXSC8D,CAML9TLFSBRU2B9CD,RCSQY4Y3PCM5V7D9M,BATS9G357BXURUBRD,,,,,,,,Mini 4 Pro,SYNX6652NBSTXSC8D,,,,DJI Fly,,1.13.5,A3471387-773D-58FE-9AF0-E9A619EF761D,,,,,,,,,,
1773850702,2m 22.0s,142.0,51.17347944,-1.83043131,111.5,124.7,30.0,291.5,620.7,8.500,9.395,-7.208,,4.505,,-0.000,,1.33,0.00,148.0,148.0,,P-GPS,,,18,4,TRUE,,Mini 4 Pro,,,,,,FALSE,TRUE,,,,,,,,,,,,,,,,,,,,,,,,,,,,,,,,,,,,,,,,,,,,,,,,86.9,,,,8.147,,,,,,,6.686,,,,,,,,,,,,,,,,,,,,,,,,,,,,,,,,51.17310475,-1.83172528,326.0,,,,,,,,,,,,,,,,,,,,,,,,,,,,Mini 4 Pro,SYNX6652NBSTXSC8D,CAML9TLFSBRU2B9CD,RCSQY4Y3PCM5V7D9M,BATS9G357BXURUBRD,,,,,,,,Mini 4 Pro,SYNX6652NBSTXSC8D,,,,DJI Fly,,1.13.5,A3471387-773D-58FE-9AF0-E9A619EF761D,,,,,,,,,,
1773850703,2m 23.0s,143.0,51.17345046,-1.83040242,111.5,124.7,30.0,291.5,633.2,8.500,9.395,-7.208,,4.505,,-0.000,,1.33,0.00,148.0,148.0,,P-GPS,,,18,4,TRUE,,Mini 4 Pro,,,,,,FALSE,TRUE,,,,,,,,,,,,,,,,,,,,,,,,,,,,,,,,,,,,,,,,,,,,,,,,86.9,,,,8.147,,,,,,,6.686,,,,,,,,,,,,,,,,,,,,,,,,,,,,,,,,51.17310475,-1.83172528,327.8,,,,,,,,,,,,,,,,,,,,,,,,,,,,Mini 4 Pro,SYNX6652NBSTXSC8D,CAML9TLFSBRU2B9CD,RCSQY4Y3PCM5V7D9M,BATS9G357BXURUBRD,,,,,,,,Mini 4 Pro,SYNX6652NBSTXSC8D,,,,DJI Fly,,1.13.5,A3471387-773D-58FE-9AF0-E9A619EF761D,,,,,,,,,,
1773850704,2m 24.0s,144.0,51.17342148,-1.83037354,111.5,124.7,30.0,291.5,645.7,8.500,9.395,-7.208,,4.505,,-0.000,,1.33,0.00,148.0,148.0,,P-GPS,,,18,4,TRUE,,Mini 4 Pro,,,,,,FALSE,TRUE,,,,,,,,,,,,,,,,,,,,,,,,,,,,,,,,,,,,,,,,,,,,,,,,86.9,,,,8.147,,,,,,,6.686,,,,,,,,,,,,,,,,,,,,,,,,,,,,,,,,51.17310475,-1.83172528,330.1,,,,,,,,,,,,,,,,,,,,,,,,,,,,Mini 4 Pro,SYNX6652NBSTXSC8D,CAML9TLFSBRU2B9CD,RCSQY4Y3PCM5V7D9M,BATS9G357BXURUBRD,,,,,,,,Mini 4 Pro,SYNX6652NBSTXSC8D,,,,DJI Fly,,1.13.5,A3471387-773D-58FE-9AF0-E9A619EF761D,,,,,,,,,,
1773850705,2m 25.0s,145.0,51.17339250,-1.83034465,111.5,124.7,30.0,291.5,658.1,8.500,9.395,-7.208,,4.505,,-0.000,,1.33,0.00,148.0,148.0,,P-GPS,,,18,4,TRUE,,Mini 4 Pro,,,,,,FALSE,TRUE,,,,,,,,,,,,,,,,,,,,,,,,,,,,,,,,,,,,,,,,,,,,,,,,86.9,,,,8.147,,,,,,,6.686,,,,,,,,,,,,,,,,,,,,,,,,,,,,,,,,51.17310475,-1.83172528,332.8,,,,,,,,,,,,,,,,,,,,,,,,,,,,Mini 4 Pro,SYNX6652NBSTXSC8D,CAML9TLFSBRU2B9CD,RCSQY4Y3PCM5V7D9M,BATS9G357BXURUBRD,,,,,,,,Mini 4 Pro,SYNX6652NBSTXSC8D,,,,DJI Fly,,1.13.5,A3471387-773D-58FE-9AF0-E9A619EF761D,,,,,,,,,,
1773850706,2m 26.0s,146.0,51.17336352,-1.83031576,111.5,124.7,30.0,291.5,670.6,8.500,9.395,-7.208,,4.505,,-0.000,,1.33,0.00,148.0,148.0,,P-GPS,,,18,4,TRUE,,Mini 4 Pro,,,,,,FALSE,TRUE,,,,,,,,,,,,,,,,,,,,,,,,,,,,,,,,,,,,,,,,,,,,,,,,86.9,,,,8.147,,,,,,,6.686,,,,,,,,,,,,,,,,,,,,,,,,,,,,,,,,51.17310475,-1.83172528,335.9,,,,,,,,,,,,,,,,,,,,,,,,,,,,Mini 4 Pro,SYNX6652NBSTXSC8D,CAML9TLFSBRU2B9CD,RCSQY4Y3PCM5V7D9M,BATS9G357BXURUBRD,,,,,,,,Mini 4 Pro,SYNX6652NBSTXSC8D,,,,DJI Fly,,1.13.5,A3471387-773D-58FE-9AF0-E9A619EF761D,,,,,,,,,,
1773850707,2m 27.0s,147.0,51.17333454,-1.83028687,111.5,124.7,30.0,291.5,683.1,8.500,9.395,-7.208,,4.505,,-0.000,,1.33,-0.00,148.0,148.0,,P-GPS,,,18,4,TRUE,,Mini 4 Pro,,,,,,FALSE,TRUE,,,,,,,,,,,,,,,,,,,,,,,,,,,,,,,,,,,,,,,,,,,,,,,,86.9,,,,8.147,,,,,,,6.686,,,,,,,,,,,,,,,,,,,,,,,,,,,,,,,,51.17310475,-1.83172528,339.5,,,,,,,,,,,,,,,,,,,,,,,,,,,,Mini 4 Pro,SYNX6652NBSTXSC8D,CAML9TLFSBRU2B9CD,RCSQY4Y3PCM5V7D9M,BATS9G357BXURUBRD,,,,,,,,Mini 4 Pro,SYNX6652NBSTXSC8D,,,,DJI Fly,,1.13.5,A3471387-773D-58FE-9AF0-E9A619EF761D,,,,,,,,,,
1773850708,2m 28.0s,148.0,51.17330556,-1.83025798,111.5,124.7,30.0,291.5,695.5,8.500,9.395,-7.208,,4.505,,-0.000,,1.33,0.00,148.0,148.0,,P-GPS,,,18,4,TRUE,,Mini 4 Pro,,,,,,FALSE,TRUE,,,,,,,,,,,,,,,,,,,,,,,,,,,,,,,,,,,,,,,,,,,,,,,,86.9,,,,8.147,,,,,,,6.686,,,,,,,,,,,,,,,,,,,,,,,,,,,,,,,,51.17310475,-1.83172528,343.5,,,,,,,,,,,,,,,,,,,,,,,,,,,,Mini 4 Pro,SYNX6652NBSTXSC8D,CAML9TLFSBRU2B9CD,RCSQY4Y3PCM5V7D9M,BATS9G357BXURUBRD,,,,,,,,Mini 4 Pro,SYNX6652NBSTXSC8D,,,,DJI Fly,,1.13.5,A3471387-773D-58FE-9AF0-E9A619EF761D,,,,,,,,,,
1773850709,2m 29.0s,149.0,51.17327659,-1.83022909,111.5,124.7,30.0,291.5,708.0,8.500,9.395,-7.208,,4.505,,-0.000,,1.33,0.00,148.0,148.0,,P-GPS,,,18,4,TRUE,,Mini 4 Pro,,,,,,FALSE,TRUE,,,,,,,,,,,,,,,,,,,,,,,,,,,,,,,,,,,,,,,,,,,,,,,,86.9,,,,8.146,,,,,,,6.686,,,,,,,,,,,,,,,,,,,,,,,,,,,,,,,,51.17310475,-1.83172528,347.9,,,,,,,,,,,,,,,,,,,,,,,,,,,,Mini 4 Pro,SYNX6652NBSTXSC8D,CAML9TLFSBRU2B9CD,RCSQY4Y3PCM5V7D9M,BATS9G357BXURUBRD,,,,,,,,Mini 4 Pro,SYNX6652NBSTXSC8D,,,,DJI Fly,,1.13.5,A3471387-773D-58FE-9AF0-E9A619EF761D,,,,,,,,,,
1773850710,2m 30.0s,150.0,51.17324761,-1.83020020,111.5,124.7,30.0,291.5,720.5,8.500,9.395,-7.208,,4.505,,-0.000,,1.33,0.00,148.0,148.0,,P-GPS,,,18,4,TRUE,,Mini 4 Pro,,,,,,FALSE,TRUE,,,,,,,,,,,,,,,,,,,,,,,,,,,,,,,,,,,,,,,,,,,,,,,,86.9,,,,8.146,,,,,,,6.686,,,,,,,,,,,,,,,,,,,,,,,,,,,,,,,,51.17310475,-1.83172528,352.7,,,,,,,,,,,,,,,,,,,,,,,,,,,,Mini 4 Pro,SYNX6652NBSTXSC8D,CAML9TLFSBRU2B9CD,RCSQY4Y3PCM5V7D9M,BATS9G357BXURUBRD,,,,,,,,Mini 4 Pro,SYNX6652NBSTXSC8D,,,,DJI Fly,,1.13.5,A3471387-773D-58FE-9AF0-E9A619EF761D,,,,,,,,,,
1773850711,2m 31.0s,151.0,51.17321863,-1.83017131,111.5,124.7,30.0,291.5,732.9,8.500,9.395,-7.208,,4.505,,-0.000,,1.33,-0.00,148.0,148.0,,P-GPS,,,18,4,TRUE,,Mini 4 Pro,,,,,,FALSE,TRUE,,,,,,,,,,,,,,,,,,,,,,,,,,,,,,,,,,,,,,,,,,,,,,,,86.8,,,,8.146,,,,,,,6.686,,,,,,,,,,,,,,,,,,,,,,,,,,,,,,,,51.17310475,-1.83172528,357.9,,,,,,,,,,,,,,,,,,,,,,,,,,,,Mini 4 Pro,SYNX6652NBSTXSC8D,CAML9TLFSBRU2B9CD,RCSQY4Y3PCM5V7D9M,BATS9G357BXURUBRD,,,,,,,,Mini 4 Pro,SYNX6652NBSTXSC8D,,,,DJI Fly,,1.13.5,A3471387-773D-58FE-9AF0-E9A619EF761D,,,,,,,,,,
1773850712,2m 32.0s,152.0,51.17319468,-1.83014745,111.5,124.7,30.0,291.5,743.2,7.024,9.395,-5.956,,3.722,,-0.000,,1.10,0.00,148.0,148.0,,P-GPS,,,18,4,TRUE,,Mini 4 Pro,,,,,,FALSE,TRUE,,,,,,,,,,,,,,,,,,,,,,,,,,,,,,,,,,,,,,,,,,,,,,,,86.8,,,,8.146,,,,,,,6.323,,,,,,,,,,,,,,,,,,,,,,,,,,,,,,,,51.17310475,-1.83172528,362.4,,,,,,,,,,,,,,,,,,,,,,,,,,,,Mini 4 Pro,SYNX6652NBSTXSC8D,CAML9TLFSBRU2B9CD,RCSQY4Y3PCM5V7D9M,BATS9G357BXURUBRD,,,,,,,,Mini 4 Pro,SYNX6652NBSTXSC8D,,,,DJI Fly,,1.13.5,A3471387-773D-58FE-9AF0-E9A619EF761D,,,,,,,,,,
1773850713,2m 33.0s,153.0,51.17319468,-1.83014745,111.5,124.7,30.0,291.5,743.2,0.000,9.395,0.000,,0.000,,-0.000,,0.00,0.00,148.0,148.0,,P-GPS,,,18,4,TRUE,,Mini 4 Pro,,,,,,FALSE,TRUE,,,,,,,,,,,,,,,,,,,,,,,,,,,,,,,,,,,,,,,,,,,,,,,,86.8,,,,8.146,,,,,,,4.596,,,,,,,,,,,,,,,,,,,,,,,,,,,,,,,,51.17310475,-1.83172528,362.4,,,,,,,,,,,,,,,,,,,,,,,,,,,,Mini 4 Pro,SYNX6652NBSTXSC8D,CAML9TLFSBRU2B9CD,RCSQY4Y3PCM5V7D9M,BATS9G357BXURUBRD,,,,,,,,Mini 4 Pro,SYNX6652NBSTXSC8D,,,,DJI Fly,,1.13.5,A3471387-773D-58FE-9AF0-E9A619EF761D,,,,,,,,,,
1773850714,2m 34.0s,154.0,51.17319468,-1.83014745,111.5,124.7,30.0,291.5,743.2,0.000,9.395,0.000,,0.000,,-0.000,,0.00,0.00,148.0,148.0,,P-GPS,,,18,4,TRUE,,Mini 4 Pro,,,,,,FALSE,TRUE,,,,,,,,,,,,,,,,,,,,,,,,,,,,,,,,,,,,,,,,,,,,,,,,86.8,,,,8.146,,,,,,,4.596,,,,,,,,,,,,,,,,,,,,,,,,,,,,,,,,51.17310475,-1.83172528,362.4,,,,,,,,,,,,,,,,,,,,,,,,,,,,Mini 4 Pro,SYNX6652NBSTXSC8D,CAML9TLFSBRU2B9CD,RCSQY4Y3PCM5V7D9M,BATS9G357BXURUBRD,,,,,,,,Mini 4 Pro,SYNX6652NBSTXSC8D,,,,DJI Fly,,1.13.5,A3471387-773D-58FE-9AF0-E9A619EF761D,,,,,,,,,,
1773850715,2m 35.0s,155.0,51.17319468,-1.83014745,111.5,124.7,30.0,291.5,743.2,0.000,9.395,0.000,,0.000,,-0.000,,0.00,0.00,148.0,148.0,,P-GPS,,,18,4,TRUE,,Mini 4 Pro,,,,,,FALSE,TRUE,,,,,,,,,,,,,,,,,,,,,,,,,,,,,,,,,,,,,,,,,,,,,,,,86.8,,,,8.146,,,,,,,4.596,,,,,,,,,,,,,,,,,,,,,,,,,,,,,,,,51.17310475,-1.83172528,362.4,,,,,,,,,,,,,,,,,,,,,,,,,,,,Mini 4 Pro,SYNX6652NBSTXSC8D,CAML9TLFSBRU2B9CD,RCSQY4Y3PCM5V7D9M,BATS9G357BXURUBRD,,,,,,,,Mini 4 Pro,SYNX6652NBSTXSC8D,,,,DJI Fly,,1.13.5,A3471387-773D-58FE-9AF0-E9A619EF761D,,,,,,,,,,
1773850716,2m 36.0s,156.0,51.17319468,-1.83014745,111.5,124.7,30.0,291.5,743.2,0.000,9.395,0.000,,0.000,,-0.000,,0.00,0.00,148.0,148.0,,P-GPS,,,18,4,TRUE,,Mini 4 Pro,,,,,,FALSE,TRUE,,,,,,,,,,,,,,,,,,,,,,,,,,,,,,,,,,,,,,,,,,,,,,,,86.8,,,,8.146,,,,,,,4.596,,,,,,,,,,,,,,,,,,,,,,,,,,,,,,,,51.17310475,-1.83172528,362.4,,,,,,,,,,,,,,,,,,,,,,,,,,,,Mini 4 Pro,SYNX6652NBSTXSC8D,CAML9TLFSBRU2B9CD,RCSQY4Y3PCM5V7D9M,BATS9G357BXURUBRD,,,,,,,,Mini 4 Pro,SYNX6652NBSTXSC8D,,,,DJI Fly,,1.13.5,A3471387-773D-58FE-9AF0-E9A619EF761D,,,,,,,,,,
1773850717,2m 37.0s,157.0,51.17319468,-1.83014745,111.5,124.7,30.0,291.5,743.2,0.000,9.395,0.000,,0.000,,-0.000,,0.00,0.00,148.0,148.0,,P-GPS,,,18,4,TRUE,,Mini 4 Pro,,,,,,FALSE,TRUE,,,,,,,,,,,,,,,,,,,,,,,,,,,,,,,,,,,,,,,,,,,,,,,,86.8,,,,8.146,,,,,,,4.596,,,,,,,,,,,,,,,,,,,,,,,,,,,,,,,,51.17310475,-1.83172528,362.4,,,,,,,,,,,,,,,,,,,,,,,,,,,,Mini 4 Pro,SYNX6652NBSTXSC8D,CAML9TLFSBRU2B9CD,RCSQY4Y3PCM5V7D9M,BATS9G357BXURUBRD,,,,,,,,Mini 4 Pro,SYNX6652NBSTXSC8D,,,,DJI Fly,,1.13.5,A3471387-773D-58FE-9AF0-E9A619EF761D,,,,,,,,,,
1773850718,2m 38.0s,158.0,51.17319468,-1.83014745,111.5,124.7,30.0,291.5,743.2,0.000,9.395,0.000,,0.000,,-0.000,,0.00,0.00,148.0,148.0,,P-GPS,,,18,4,TRUE,,Mini 4 Pro,,,,,,FALSE,TRUE,,,,,,,,,,,,,,,,,,,,,,,,,,,,,,,,,,,,,,,,,,,,,,,,86.8,,,,8.145,,,,,,,4.596,,,,,,,,,,,,,,,,,,,,,,,,,,,,,,,,51.17310475,-1.83172528,362.4,,,,,,,,,,,,,,,,,,,,,,,,,,,,Mini 4 Pro,SYNX6652NBSTXSC8D,CAML9TLFSBRU2B9CD,RCSQY4Y3PCM5V7D9M,BATS9G357BXURUBRD,,,,,,,,Mini 4 Pro,SYNX6652NBSTXSC8D,,,,DJI Fly,,1.13.5,A3471387-773D-58FE-9AF0-E9A619EF761D,,,,,,,,,,
1773850719,2m 39.0s,159.0,51.17319468,-1.83014745,111.5,124.7,30.0,291.5,743.2,0.000,9.395,0.000,,0.000,,-0.000,,0.00,0.00,148.0,148.0,,P-GPS,,,18,4,TRUE,,Mini 4 Pro,,,,,,FALSE,TRUE,,,,,,,,,,,,,,,,,,,,,,,,,,,,,,,,,,,,,,,,,,,,,,,,86.8,,,,8.145,,,,,,,4.596,,,,,,,,,,,,,,,,,,,,,,,,,,,,,,,,51.17310475,-1.83172528,362.4,,,,,,,,,,,,,,,,,,,,,,,,,,,,Mini 4 Pro,SYNX6652NBSTXSC8D,CAML9TLFSBRU2B9CD,RCSQY4Y3PCM5V7D9M,BATS9G357BXURUBRD,,,,,,,,Mini 4 Pro,SYNX6652NBSTXSC8D,,,,DJI Fly,,1.13.5,A3471387-773D-58FE-9AF0-E9A619EF761D,,,,,,,,,,
1773850720,2m 40.0s,160.0,51.17319468,-1.83014745,111.5,124.7,30.0,291.5,743.2,0.000,9.395,0.000,,0.000,,-0.000,,0.00,0.00,148.0,148.0,,P-GPS,,,18,4,TRUE,,Mini 4 Pro,,,,,,FALSE,TRUE,,,,,,,,,,,,,,,,,,,,,,,,,,,,,,,,,,,,,,,,,,,,,,,,86.8,,,,8.145,,,,,,,4.596,,,,,,,,,,,,,,,,,,,,,,,,,,,,,,,,51.17310475,-1.83172528,362.4,,,,,,,,,,,,,,,,,,,,,,,,,,,,Mini 4 Pro,SYNX6652NBSTXSC8D,CAML9TLFSBRU2B9CD,RCSQY4Y3PCM5V7D9M,BATS9G357BXURUBRD,,,,,,,,Mini 4 Pro,SYNX6652NBSTXSC8D,,,,DJI Fly,,1.13.5,A3471387-773D-58FE-9AF0-E9A619EF761D,,,,,,,,,,
1773850721,2m 41.0s,161.0,51.17319468,-1.83014745,111.5,124.7,30.0,291.5,743.2,0.000,9.395,0.000,,0.000,,-0.000,,0.00,0.00,148.0,148.0,,P-GPS,,,18,4,TRUE,,Mini 4 Pro,,,,,,FALSE,TRUE,,,,,,,,,,,,,,,,,,,,,,,,,,,,,,,,,,,,,,,,,,,,,,,,86.8,,,,8.145,,,,,,,4.596,,,,,,,,,,,,,,,,,,,,,,,,,,,,,,,,51.17310475,-1.83172528,362.4,,,,,,,,,,,,,,,,,,,,,,,,,,,,Mini 4 Pro,SYNX6652NBSTXSC8D,CAML9TLFSBRU2B9CD,RCSQY4Y3PCM5V7D9M,BATS9G357BXURUBRD,,,,,,,,Mini 4 Pro,SYNX6652NBSTXSC8D,,,,DJI Fly,,1.13.5,A3471387-773D-58FE-9AF0-E9A619EF761D,,,,,,,,,,
1773850722,2m 42.0s,162.0,51.17319468,-1.83014745,111.5,124.7,30.0,291.5,743.2,0.000,9.395,0.000,,0.000,,-0.000,,0.00,0.00,148.0,148.0,,P-GPS,,,18,4,TRUE,,Mini 4 Pro,,,,,,FALSE,TRUE,,,,,,,,,,,,,,,,,,,,,,,,,,,,,,,,,,,,,,,,,,,,,,,,86.8,,,,8.145,,,,,,,4.596,,,,,,,,,,,,,,,,,,,,,,,,,,,,,,,,51.17310475,-1.83172528,362.4,,,,,,,,,,,,,,,,,,,,,,,,,,,,Mini 4 Pro,SYNX6652NBSTXSC8D,CAML9TLFSBRU2B9CD,RCSQY4Y3PCM5V7D9M,BATS9G357BXURUBRD,,,,,,,,Mini 4 Pro,SYNX6652NBSTXSC8D,,,,DJI Fly,,1.13.5,A3471387-773D-58FE-9AF0-E9A619EF761D,,,,,,,,,,
1773850723,2m 43.0s,163.0,51.17319142,-1.83020459,111.5,124.7,30.0,291.5,756.3,8.948,9.395,-0.810,,-8.911,,-0.000,,1.40,25.00,264.8,264.8,,SMART_RTH,,,18,4,TRUE,,Mini 4 Pro,,,,,,FALSE,TRUE,,,,,,,,,,,,,,,,,,,,,,,,,,,,,,,,,,,,,,,,,,,,,,,,86.8,,,,8.145,,,,,,,6.796,,,,,,,,,,,,,,,,,,,,,,,,,,,,,,,,51.17310475,-1.83172528,349.3,,,,,,,,,,,,,,,,,,,,,,,,,,,,Mini 4 Pro,SYNX6652NBSTXSC8D,CAML9TLFSBRU2B9CD,RCSQY4Y3PCM5V7D9M,BATS9G357BXURUBRD,,,,,,,,Mini 4 Pro,SYNX6652NBSTXSC8D,,,,DJI Fly,,1.13.5,A3471387-773D-58FE-9AF0-E9A619EF761D,,,,,,,,,,
1773850724,2m 44.0s,164.0,51.17318817,-1.83026173,111.5,124.7,30.0,291.5,769.5,8.948,9.395,-0.810,,-8.911,,-0.000,,1.40,0.00,264.8,264.8,,SMART_RTH,,,18,4,TRUE,,Mini 4 Pro,,,,,,FALSE,TRUE,,,,,,,,,,,,,,,,,,,,,,,,,,,,,,,,,,,,,,,,,,,,,,,,86.8,,,,8.145,,,,,,,6.796,,,,,,,,,,,,,,,,,,,,,,,,,,,,,,,,51.17310475,-1.83172528,336.1,,,,,,,,,,,,,,,,,,,,,,,,,,,,Mini 4 Pro,SYNX6652NBSTXSC8D,CAML9TLFSBRU2B9CD,RCSQY4Y3PCM5V7D9M,BATS9G357BXURUBRD,,,,,,,,Mini 4 Pro,SYNX6652NBSTXSC8D,,,,DJI Fly,,1.13.5,A3471387-773D-58FE-9AF0-E9A619EF761D,,,,,,,,,,
1773850725,2m 45.0s,165.0,51.17318491,-1.83031887,111.5,124.7,30.0,291.5,782.6,8.948,9.395,-0.810,,-8.911,,-0.000,,1.40,0.00,264.8,264.8,,SMART_RTH,,,18,4,TRUE,,Mini 4 Pro,,,,,,FALSE,TRUE,,,,,,,,,,,,,,,,,,,,,,,,,,,,,,,,,,,,,,,,,,,,,,,,86.8,,,,8.145,,,,,,,6.796,,,,,,,,,,,,,,,,,,,,,,,,,,,,,,,,51.17310475,-1.83172528,323.0,,,,,,,,,,,,,,,,,,,,,,,,,,,,Mini 4 Pro,SYNX6652NBSTXSC8D,CAML9TLFSBRU2B9CD,RCSQY4Y3PCM5V7D9M,BATS9G357BXURUBRD,,,,,,,,Mini 4 Pro,SYNX6652NBSTXSC8D,,,,DJI Fly,,1.13.5,A3471387-773D-58FE-9AF0-E9A619EF761D,,,,,,,,,,
1773850726,2m 46.0s,166.0,51.17318165,-1.83037601,111.5,124.7,30.0,291.5,795.7,8.948,9.395,-0.810,,-8.911,,-0.000,,1.40,0.00,264.8,264.8,,SMART_RTH,,,18,4,TRUE,,Mini 4 Pro,,,,,,FALSE,TRUE,,,,,,,,,,,,,,,,,,,,,,,,,,,,,,,,,,,,,,,,,,,,,,,,86.8,,,,8.145,,,,,,,6.796,,,,,,,,,,,,,,,,,,,,,,,,,,,,,,,,51.17310475,-1.83172528,309.9,,,,,,,,,,,,,,,,,,,,,,,,,,,,Mini 4 Pro,SYNX6652NBSTXSC8D,CAML9TLFSBRU2B9CD,RCSQY4Y3PCM5V7D9M,BATS9G357BXURUBRD,,,,,,,,Mini 4 Pro,SYNX6652NBSTXSC8D,,,,DJI Fly,,1.13.5,A3471387-773D-58FE-9AF0-E9A619EF761D,,,,,,,,,,
1773850727,2m 47.0s,167.0,51.17317840,-1.83043315,111.5,124.7,30.0,291.5,808.8,8.948,9.395,-0.810,,-8.911,,-0.000,,1.40,0.00,264.8,264.8,,SMART_RTH,,,18,4,TRUE,,Mini 4 Pro,,,,,,FALSE,TRUE,,,,,,,,,,,,,,,,,,,,,,,,,,,,,,,,,,,,,,,,,,,,,,,,86.7,,,,8.145,,,,,,,6.796,,,,,,,,,,,,,,,,,,,,,,,,,,,,,,,,51.17310475,-1.83172528,296.8,,,,,,,,,,,,,,,,,,,,,,,,,,,,Mini 4 Pro,SYNX6652NBSTXSC8D,CAML9TLFSBRU2B9CD,RCSQY4Y3PCM5V7D9M,BATS9G357BXURUBRD,,,,,,,,Mini 4 Pro,SYNX6652NBSTXSC8D,,,,DJI Fly,,1.13.5,A3471387-773D-58FE-9AF0-E9A619EF761D,,,,,,,,,,
1773850728,2m 48.0s,168.0,51.17317514,-1.83049029,111.5,124.7,30.0,291.5,822.0,8.948,9.395,-0.810,,-8.911,,-0.000,,1.40,0.00,264.8,264.8,,SMART_RTH,,,18,4,TRUE,,Mini 4 Pro,,,,,,FALSE,TRUE,,,,,,,,,,,,,,,,,,,,,,,,,,,,,,,,,,,,,,,,,,,,,,,,86.7,,,,8.144,,,,,,,6.796,,,,,,,,,,,,,,,,,,,,,,,,,,,,,,,,51.17310475,-1.83172528,283.6,,,,,,,,,,,,,,,,,,,,,,,,,,,,Mini 4 Pro,SYNX6652NBSTXSC8D,CAML9TLFSBRU2B9CD,RCSQY4Y3PCM5V7D9M,BATS9G357BXURUBRD,,,,,,,,Mini 4 Pro,SYNX6652NBSTXSC8D,,,,DJI Fly,,1.13.5,A3471387-773D-58FE-9AF0-E9A619EF761D,,,,,,,,,,
1773850729,2m 49.0s,169.0,51.17317188,-1.83054743,111.5,124.7,30.0,291.5,835.1,8.948,9.395,-0.810,,-8.911,,-0.000,,1.40,0.00,264.8,264.8,,SMART_RTH,,,18,4,TRUE,,Mini 4 Pro,,,,,,FALSE,TRUE,,,,,,,,,,,,,,,,,,,,,,,,,,,,,,,,,,,,,,,,,,,,,,,,86.7,,,,8.144,,,,,,,6.796,,,,,,,,,,,,,,,,,,,,,,,,,,,,,,,,51.17310475,-1.83172528,270.5,,,,,,,,,,,,,,,,,,,,,,,,,,,,Mini 4 Pro,SYNX6652NBSTXSC8D,CAML9TLFSBRU2B9CD,RCSQY4Y3PCM5V7D9M,BATS9G357BXURUBRD,,,,,,,,Mini 4 Pro,SYNX6652NBSTXSC8D,,,,DJI Fly,,1.13.5,A3471387-773D-58FE-9AF0-E9A619EF761D,,,,,,,,,,
1773850730,2m 50.0s,170.0,51.17316863,-1.83060457,111.5,124.7,30.0,291.5,848.2,8.948,9.395,-0.810,,-8.911,,-0.000,,1.40,0.00,264.8,264.8,,SMART_RTH,,,18,4,TRUE,,Mini 4 Pro,,,,,,FALSE,TRUE,,,,,,,,,,,,,,,,,,,,,,,,,,,,,,,,,,,,,,,,,,,,,,,,86.7,,,,8.144,,,,,,,6.796,,,,,,,,,,,,,,,,,,,,,,,,,,,,,,,,51.17310475,-1.83172528,257.4,,,,,,,,,,,,,,,,,,,,,,,,,,,,Mini 4 Pro,SYNX6652NBSTXSC8D,CAML9TLFSBRU2B9CD,RCSQY4Y3PCM5V7D9M,BATS9G357BXURUBRD,,,,,,,,Mini 4 Pro,SYNX6652NBSTXSC8D,,,,DJI Fly,,1.13.5,A3471387-773D-58FE-9AF0-E9A619EF761D,,,,,,,,,,
1773850731,2m 51.0s,171.0,51.17316537,-1.83066171,111.5,124.7,30.0,291.5,861.3,8.948,9.395,-0.810,,-8.911,,-0.000,,1.40,0.00,264.8,264.8,,SMART_RTH,,,18,4,TRUE,,Mini 4 Pro,,,,,,FALSE,TRUE,,,,,,,,,,,,,,,,,,,,,,,,,,,,,,,,,,,,,,,,,,,,,,,,86.7,,,,8.144,,,,,,,6.796,,,,,,,,,,,,,,,,,,,,,,,,,,,,,,,,51.17310475,-1.83172528,244.3,,,,,,,,,,,,,,,,,,,,,,,,,,,,Mini 4 Pro,SYNX6652NBSTXSC8D,CAML9TLFSBRU2B9CD,RCSQY4Y3PCM5V7D9M,BATS9G357BXURUBRD,,,,,,,,Mini 4 Pro,SYNX6652NBSTXSC8D,,,,DJI Fly,,1.13.5,A3471387-773D-58FE-9AF0-E9A619EF761D,,,,,,,,,,
1773850732,2m 52.0s,172.0,51.17316211,-1.83071885,111.5,124.7,30.0,291.5,874.5,8.948,9.395,-0.810,,-8.911,,-0.000,,1.40,0.00,264.8,264.8,,SMART_RTH,,,18,4,TRUE,,Mini 4 Pro,,,,,,FALSE,TRUE,,,,,,,,,,,,,,,,,,,,,,,,,,,,,,,,,,,,,,,,,,,,,,,,86.7,,,,8.144,,,,,,,6.796,,,,,,,,,,,,,,,,,,,,,,,,,,,,,,,,51.17310475,-1.83172528,231.1,,,,,,,,,,,,,,,,,,,,,,,,,,,,Mini 4 Pro,SYNX6652NBSTXSC8D,CAML9TLFSBRU2B9CD,RCSQY4Y3PCM5V7D9M,BATS9G357BXURUBRD,,,,,,,,Mini 4 Pro,SYNX6652NBSTXSC8D,,,,DJI Fly,,1.13.5,A3471387-773D-58FE-9AF0-E9A619EF761D,,,,,,,,,,
1773850733,2m 53.0s,173.0,51.17315886,-1.83077599,111.5,124.7,30.0,291.5,887.6,8.948,9.395,-0.810,,-8.911,,-0.000,,1.40,0.00,264.8,264.8,,SMART_RTH,,,18,4,TRUE,,Mini 4 Pro,,,,,,FALSE,TRUE,,,,,,,,,,,,,,,,,,,,,,,,,,,,,,,,,,,,,,,,,,,,,,,,86.7,,,,8.144,,,,,,,6.796,,,,,,,,,,,,,,,,,,,,,,,,,,,,,,,,51.17310475,-1.83172528,218.0,,,,,,,,,,,,,,,,,,,,,,,,,,,,Mini 4 Pro,SYNX6652NBSTXSC8D,CAML9TLFSBRU2B9CD,RCSQY4Y3PCM5V7D9M,BATS9G357BXURUBRD,,,,,,,,Mini 4 Pro,SYNX6652NBSTXSC8D,,,,DJI Fly,,1.13.5,A3471387-773D-58FE-9AF0-E9A619EF761D,,,,,,,,,,
1773850734,2m 54.0s,174.0,51.17315560,-1.83083313,111.5,124.7,30.0,291.5,900.7,8.948,9.395,-0.810,,-8.911,,-0.000,,1.40,0.00,264.8,264.8,,SMART_RTH,,,18,4,TRUE,,Mini 4 Pro,,,,,,FALSE,TRUE,,,,,,,,,,,,,,,,,,,,,,,,,,,,,,,,,,,,,,,,,,,,,,,,86.7,,,,8.144,,,,,,,6.796,,,,,,,,,,,,,,,,,,,,,,,,,,,,,,,,51.17310475,-1.83172528,204.9,,,,,,,,,,,,,,,,,,,,,,,,,,,,Mini 4 Pro,SYNX6652NBSTXSC8D,CAML9TLFSBRU2B9CD,RCSQY4Y3PCM5V7D9M,BATS9G357BXURUBRD,,,,,,,,Mini 4 Pro,SYNX6652NBSTXSC8D,,,,DJI Fly,,1.13.5,A3471387-773D-58FE-9AF0-E9A619EF761D,,,,,,,,,,
1773850735,2m 55.0s,175.0,51.17315234,-1.83089027,111.5,124.7,30.0,291.5,913.8,8.948,9.395,-0.810,,-8.911,,-0.000,,1.40,0.00,264.8,264.8,,SMART_RTH,,,18,4,TRUE,,Mini 4 Pro,,,,,,FALSE,TRUE,,,,,,,,,,,,,,,,,,,,,,,,,,,,,,,,,,,,,,,,,,,,,,,,86.7,,,,8.143,,,,,,,6.796,,,,,,,,,,,,,,,,,,,,,,,,,,,,,,,,51.17310475,-1.83172528,191.8,,,,,,,,,,,,,,,,,,,,,,,,,,,,Mini 4 Pro,SYNX6652NBSTXSC8D,CAML9TLFSBRU2B9CD,RCSQY4Y3PCM5V7D9M,BATS9G357BXURUBRD,,,,,,,,Mini 4 Pro,SYNX6652NBSTXSC8D,,,,DJI Fly,,1.13.5,A3471387-773D-58FE-9AF0-E9A619EF761D,,,,,,,,,,
1773850736,2m 56.0s,176.0,51.17314909,-1.83094741,111.5,124.7,30.0,291.5,927.0,8.948,9.395,-0.810,,-8.911,,-0.000,,1.40,0.00,264.8,264.8,,SMART_RTH,,,18,4,TRUE,,Mini 4 Pro,,,,,,FALSE,TRUE,,,,,,,,,,,,,,,,,,,,,,,,,,,,,,,,,,,,,,,,,,,,,,,,86.7,,,,8.143,,,,,,,6.796,,,,,,,,,,,,,,,,,,,,,,,,,,,,,,,,51.17310475,-1.83172528,178.7,,,,,,,,,,,,,,,,,,,,,,,,,,,,Mini 4 Pro,SYNX6652NBSTXSC8D,CAML9TLFSBRU2B9CD,RCSQY4Y3PCM5V7D9M,BATS9G357BXURUBRD,,,,,,,,Mini 4 Pro,SYNX6652NBSTXSC8D,,,,DJI Fly,,1.13.5,A3471387-773D-58FE-9AF0-E9A619EF761D,,,,,,,,,,
1773850737,2m 57.0s,177.0,51.17314583,-1.83100455,111.5,124.7,30.0,291.5,940.1,8.948,9.395,-0.810,,-8.911,,-0.000,,1.40,0.00,264.8,264.8,,SMART_RTH,,,18,4,TRUE,,Mini 4 Pro,,,,,,FALSE,TRUE,,,,,,,,,,,,,,,,,,,,,,,,,,,,,,,,,,,,,,,,,,,,,,,,86.7,,,,8.143,,,,,,,6.796,,,,,,,,,,,,,,,,,,,,,,,,,,,,,,,,51.17310475,-1.83172528,165.5,,,,,,,,,,,,,,,,,,,,,,,,,,,,Mini 4 Pro,SYNX6652NBSTXSC8D,CAML9TLFSBRU2B9CD,RCSQY4Y3PCM5V7D9M,BATS9G357BXURUBRD,,,,,,,,Mini 4 Pro,SYNX6652NBSTXSC8D,,,,DJI Fly,,1.13.5,A3471387-773D-58FE-9AF0-E9A619EF761D,,,,,,,,,,
1773850738,2m 58.0s,178.0,51.17314257,-1.83106169,111.5,124.7,30.0,291.5,953.2,8.948,9.395,-0.810,,-8.911,,-0.000,,1.40,0.00,264.8,264.8,,SMART_RTH,,,18,4,TRUE,,Mini 4 Pro,,,,,,FALSE,TRUE,,,,,,,,,,,,,,,,,,,,,,,,,,,,,,,,,,,,,,,,,,,,,,,,86.7,,,,8.143,,,,,,,6.796,,,,,,,,,,,,,,,,,,,,,,,,,,,,,,,,51.17310475,-1.83172528,152.4,,,,,,,,,,,,,,,,,,,,,,,,,,,,Mini 4 Pro,SYNX6652NBSTXSC8D,CAML9TLFSBRU2B9CD,RCSQY4Y3PCM5V7D9M,BATS9G357BXURUBRD,,,,,,,,Mini 4 Pro,SYNX6652NBSTXSC8D,,,,DJI Fly,,1.13.5,A3471387-773D-58FE-9AF0-E9A619EF761D,,,,,,,,,,
1773850739,2m 59.0s,179.0,51.17313931,-1.83111883,111.5,124.7,30.0,291.5,966.3,8.948,9.395,-0.810,,-8.911,,-0.000,,1.40,0.00,264.8,264.8,,SMART_RTH,,,18,4,TRUE,,Mini 4 Pro,,,,,,FALSE,TRUE,,,,,,,,,,,,,,,,,,,,,,,,,,,,,,,,,,,,,,,,,,,,,,,,86.6,,,,8.143,,,,,,,6.796,,,,,,,,,,,,,,,,,,,,,,,,,,,,,,,,51.17310475,-1.83172528,139.3,,,,,,,,,,,,,,,,,,,,,,,,,,,,Mini 4 Pro,SYNX6652NBSTXSC8D,CAML9TLFSBRU2B9CD,RCSQY4Y3PCM5V7D9M,BATS9G357BXURUBRD,,,,,,,,Mini 4 Pro,SYNX6652NBSTXSC8D,,,,DJI Fly,,1.13.5,A3471387-773D-58FE-9AF0-E9A619EF761D,,,,,,,,,,
1773850740,3m 0.0s,180.0,51.17313606,-1.83117597,111.5,124.7,30.0,291.5,979.4,8.948,9.395,-0.810,,-8.911,,-0.000,,1.40,0.00,264.8,264.8,,SMART_RTH,,,18,4,TRUE,,Mini 4 Pro,,,,,,FALSE,TRUE,,,,,,,,,,,,,,,,,,,,,,,,,,,,,,,,,,,,,,,,,,,,,,,,86.6,,,,8.143,,,,,,,6.796,,,,,,,,,,,,,,,,,,,,,,,,,,,,,,,,51.17310475,-1.83172528,126.2,,,,,,,,,,,,,,,,,,,,,,,,,,,,Mini 4 Pro,SYNX6652NBSTXSC8D,CAML9TLFSBRU2B9CD,RCSQY4Y3PCM5V7D9M,BATS9G357BXURUBRD,,,,,,,,Mini 4 Pro,SYNX6652NBSTXSC8D,,,,DJI Fly,,1.13.5,A3471387-773D-58FE-9AF0-E9A619EF761D,,,,,,,,,,
1773850741,3m 1.0s,181.0,51.17313280,-1.83123311,111.5,124.7,30.0,291.5,992.6,8.948,9.395,-0.810,,-8.911,,-0.000,,1.40,0.00,264.8,264.8,,SMART_RTH,,,18,4,TRUE,,Mini 4 Pro,,,,,,FALSE,TRUE,,,,,,,,,,,,,,,,,,,,,,,,,,,,,,,,,,,,,,,,,,,,,,,,86.6,,,,8.143,,,,,,,6.796,,,,,,,,,,,,,,,,,,,,,,,,,,,,,,,,51.17310475,-1.83172528,113.0,,,,,,,,,,,,,,,,,,,,,,,,,,,,Mini 4 Pro,SYNX6652NBSTXSC8D,CAML9TLFSBRU2B9CD,RCSQY4Y3PCM5V7D9M,BATS9G357BXURUBRD,,,,,,,,Mini 4 Pro,SYNX6652NBSTXSC8D,,,,DJI Fly,,1.13.5,A3471387-773D-58FE-9AF0-E9A619EF761D,,,,,,,,,,
1773850742,3m 2.0s,182.0,51.17312954,-1.83129025,111.5,124.7,30.0,291.5,1005.7,8.948,9.395,-0.810,,-8.911,,-0.000,,1.40,0.00,264.8,264.8,,SMART_RTH,,,18,4,TRUE,,Mini 4 Pro,,,,,,FALSE,TRUE,,,,,,,,,,,,,,,,,,,,,,,,,,,,,,,,,,,,,,,,,,,,,,,,86.6,,,,8.143,,,,,,,6.796,,,,,,,,,,,,,,,,,,,,,,,,,,,,,,,,51.17310475,-1.83172528,99.9,,,,,,,,,,,,,,,,,,,,,,,,,,,,Mini 4 Pro,SYNX6652NBSTXSC8D,CAML9TLFSBRU2B9CD,RCSQY4Y3PCM5V7D9M,BATS9G357BXURUBRD,,,,,,,,Mini 4 Pro,SYNX6652NBSTXSC8D,,,,DJI Fly,,1.13.5,A3471387-773D-58FE-9AF0-E9A619EF761D,,,,,,,,,,
1773850743,3m 3.0s,183.0,51.17312629,-1.83134739,111.5,124.7,30.0,291.5,1018.8,8.948,9.395,-0.810,,-8.911,,-0.000,,1.40,0.00,264.8,264.8,,SMART_RTH,,,18,4,TRUE,,Mini 4 Pro,,,,,,FALSE,TRUE,,,,,,,,,,,,,,,,,,,,,,,,,,,,,,,,,,,,,,,,,,,,,,,,86.6,,,,8.142,,,,,,,6.796,,,,,,,,,,,,,,,,,,,,,,,,,,,,,,,,51.17310475,-1.83172528,86.8,,,,,,,,,,,,,,,,,,,,,,,,,,,,Mini 4 Pro,SYNX6652NBSTXSC8D,CAML9TLFSBRU2B9CD,RCSQY4Y3PCM5V7D9M,BATS9G357BXURUBRD,,,,,,,,Mini 4 Pro,SYNX6652NBSTXSC8D,,,,DJI Fly,,1.13.5,A3471387-773D-58FE-9AF0-E9A619EF761D,,,,,,,,,,
1773850744,3m 4.0s,184.0,51.17312303,-1.83140453,111.5,124.7,30.0,291.5,1031.9,8.948,9.395,-0.810,,-8.911,,-0.000,,1.40,0.00,264.8,264.8,,SMART_RTH,,,18,4,TRUE,,Mini 4 Pro,,,,,,FALSE,TRUE,,,,,,,,,,,,,,,,,,,,,,,,,,,,,,,,,,,,,,,,,,,,,,,,86.6,,,,8.142,,,,,,,6.796,,,,,,,,,,,,,,,,,,,,,,,,,,,,,,,,51.17310475,-1.83172528,73.7,,,,,,,,,,,,,,,,,,,,,,,,,,,,Mini 4 Pro,SYNX6652NBSTXSC8D,CAML9TLFSBRU2B9CD,RCSQY4Y3PCM5V7D9M,BATS9G357BXURUBRD,,,,,,,,Mini 4 Pro,SYNX6652NBSTXSC8D,,,,DJI Fly,,1.13.5,A3471387-773D-58FE-9AF0-E9A619EF761D,,,,,,,,,,
1773850745,3m 5.0s,185.0,51.17311977,-1.83146167,111.5,124.7,30.0,291.5,1045.1,8.948,9.395,-0.810,,-8.911,,-0.000,,1.40,0.00,264.8,264.8,,SMART_RTH,,,18,4,TRUE,,Mini 4 Pro,,,,,,FALSE,TRUE,,,,,,,,,,,,,,,,,,,,,,,,,,,,,,,,,,,,,,,,,,,,,,,,86.6,,,,8.142,,,,,,,6.796,,,,,,,,,,,,,,,,,,,,,,,,,,,,,,,,51.17310475,-1.83172528,60.5,,,,,,,,,,,,,,,,,,,,,,,,,,,,Mini 4 Pro,SYNX6652NBSTXSC8D,CAML9TLFSBRU2B9CD,RCSQY4Y3PCM5V7D9M,BATS9G357BXURUBRD,,,,,,,,Mini 4 Pro,SYNX6652NBSTXSC8D,,,,DJI Fly,,1.13.5,A3471387-773D-58FE-9AF0-E9A619EF761D,,,,,,,,,,
1773850746,3m 6.0s,186.0,51.17311652,-1.83151881,111.5,124.7,30.0,291.5,1058.2,8.948,9.395,-0.810,,-8.911,,-0.000,,1.40,0.00,264.8,264.8,,SMART_RTH,,,18,4,TRUE,,Mini 4 Pro,,,,,,FALSE,TRUE,,,,,,,,,,,,,,,,,,,,,,,,,,,,,,,,,,,,,,,,,,,,,,,,86.6,,,,8.142,,,,,,,6.796,,,,,,,,,,,,,,,,,,,,,,,,,,,,,,,,51.17310475,-1.83172528,47.4,,,,,,,,,,,,,,,,,,,,,,,,,,,,Mini 4 Pro,SYNX6652NBSTXSC8D,CAML9TLFSBRU2B9CD,RCSQY4Y3PCM5V7D9M,BATS9G357BXURUBRD,,,,,,,,Mini 4 Pro,SYNX6652NBSTXSC8D,,,,DJI Fly,,1.13.5,A3471387-773D-58FE-9AF0-E9A619EF761D,,,,,,,,,,
1773850747,3m 7.0s,187.0,51.17311326,-1.83157595,111.5,124.7,30.0,291.5,1071.3,8.948,9.395,-0.810,,-8.911,,-0.000,,1.40,0.00,264.8,264.8,,SMART_RTH,,,18,4,TRUE,,Mini 4 Pro,,,,,,FALSE,TRUE,,,,,,,,,,,,,,,,,,,,,,,,,,,,,,,,,,,,,,,,,,,,,,,,86.6,,,,8.142,,,,,,,6.796,,,,,,,,,,,,,,,,,,,,,,,,,,,,,,,,51.17310475,-1.83172528,34.3,,,,,,,,,,,,,,,,,,,,,,,,,,,,Mini 4 Pro,SYNX6652NBSTXSC8D,CAML9TLFSBRU2B9CD,RCSQY4Y3PCM5V7D9M,BATS9G357BXURUBRD,,,,,,,,Mini 4 Pro,SYNX6652NBSTXSC8D,,,,DJI Fly,,1.13.5,A3471387-773D-58FE-9AF0-E9A619EF761D,,,,,,,,,,
1773850748,3m 8.0s,188.0,51.17311000,-1.83163309,111.5,124.7,30.0,291.5,1084.4,8.948,9.395,-0.810,,-8.911,,-0.000,,1.40,0.00,264.8,264.8,,SMART_RTH,,,18,4,TRUE,,Mini 4 Pro,,,,,,FALSE,TRUE,,,,,,,,,,,,,,,,,,,,,,,,,,,,,,,,,,,,,,,,,,,,,,,,86.6,,,,8.142,,,,,,,6.796,,,,,,,,,,,,,,,,,,,,,,,,,,,,,,,,51.17310475,-1.83172528,21.2,,,,,,,,,,,,,,,,,,,,,,,,,,,,Mini 4 Pro,SYNX6652NBSTXSC8D,CAML9TLFSBRU2B9CD,RCSQY4Y3PCM5V7D9M,BATS9G357BXURUBRD,,,,,,,,Mini 4 Pro,SYNX6652NBSTXSC8D,,,,DJI Fly,,1.13.5,A3471387-773D-58FE-9AF0-E9A619EF761D,,,,,,,,,,
1773850749,3m 9.0s,189.0,51.17310675,-1.83169023,111.5,124.7,30.0,291.5,1097.6,8.948,9.395,-0.810,,-8.911,,-0.000,,1.40,0.00,264.8,264.8,,SMART_RTH,,,18,4,TRUE,,Mini 4 Pro,,,,,,FALSE,TRUE,,,,,,,,,,,,,,,,,,,,,,,,,,,,,,,,,,,,,,,,,,,,,,,,86.6,,,,8.142,,,,,,,6.796,,,,,,,,,,,,,,,,,,,,,,,,,,,,,,,,51.17310475,-1.83172528,8.0,,,,,,,,,,,,,,,,,,,,,,,,,,,,Mini 4 Pro,SYNX6652NBSTXSC8D,CAML9TLFSBRU2B9CD,RCSQY4Y3PCM5V7D9M,BATS9G357BXURUBRD,,,,,,,,Mini 4 Pro,SYNX6652NBSTXSC8D,,,,DJI Fly,,1.13.5,A3471387-773D-58FE-9AF0-E9A619EF761D,,,,,,,,,,
1773850750,3m 10.0s,190.0,51.17310475,-1.83172528,111.5,124.7,30.0,291.5,1105.6,5.489,9.395,-0.497,,-5.466,,-0.000,,0.86,0.00,264.8,264.8,,SMART_RTH,,,18,4,TRUE,,Mini 4 Pro,,,,,,FALSE,TRUE,,,,,,,,,,,,,,,,,,,,,,,,,,,,,,,,,,,,,,,,,,,,,,,,86.6,,,,8.142,,,,,,,5.945,,,,,,,,,,,,,,,,,,,,,,,,,,,,,,,,51.17310475,-1.83172528,0.0,,,,,,,,,,,,,,,,,,,,,,,,,,,,Mini 4 Pro,SYNX6652NBSTXSC8D,CAML9TLFSBRU2B9CD,RCSQY4Y3PCM5V7D9M,BATS9G357BXURUBRD,,,,,,,,Mini 4 Pro,SYNX6652NBSTXSC8D,,,,DJI Fly,,1.13.5,A3471387-773D-58FE-9AF0-E9A619EF761D,,,,,,,,,,
1773850751,3m 11.0s,191.0,51.17310475,-1.83172528,111.5,124.7,30.0,291.5,1105.6,0.000,9.395,0.000,,0.000,,-0.000,,0.00,0.00,264.8,264.8,,SMART_RTH,,,18,4,TRUE,,Mini 4 Pro,,,,,,FALSE,TRUE,,,,,,,,,,,,,,,,,,,,,,,,,,,,,,,,,,,,,,,,,,,,,,,,86.5,,,,8.141,,,,,,,4.596,,,,,,,,,,,,,,,,,,,,,,,,,,,,,,,,51.17310475,-1.83172528,0.0,,,,,,,,,,,,,,,,,,,,,,,,,,,,Mini 4 Pro,SYNX6652NBSTXSC8D,CAML9TLFSBRU2B9CD,RCSQY4Y3PCM5V7D9M,BATS9G357BXURUBRD,,,,,,,,Mini 4 Pro,SYNX6652NBSTXSC8D,,,,DJI Fly,,1.13.5,A3471387-773D-58FE-9AF0-E9A619EF761D,,,,,,,,,,
1773850752,3m 12.0s,192.0,51.17310475,-1.83172528,111.5,124.7,30.0,291.5,1105.6,0.000,9.395,0.000,,0.000,,-0.000,,0.00,0.00,264.8,264.8,,SMART_RTH,,,18,4,TRUE,,Mini 4 Pro,,,,,,FALSE,TRUE,,,,,,,,,,,,,,,,,,,,,,,,,,,,,,,,,,,,,,,,,,,,,,,,86.5,,,,8.141,,,,,,,4.596,,,,,,,,,,,,,,,,,,,,,,,,,,,,,,,,51.17310475,-1.83172528,0.0,,,,,,,,,,,,,,,,,,,,,,,,,,,,Mini 4 Pro,SYNX6652NBSTXSC8D,CAML9TLFSBRU2B9CD,RCSQY4Y3PCM5V7D9M,BATS9G357BXURUBRD,,,,,,,,Mini 4 Pro,SYNX6652NBSTXSC8D,,,,DJI Fly,,1.13.5,A3471387-773D-58FE-9AF0-E9A619EF761D,,,,,,,,,,
1773850753,3m 13.0s,193.0,51.17310475,-1.83172528,111.5,124.7,30.0,291.5,1105.6,0.000,9.395,0.000,,0.000,,-0.000,,0.00,0.00,264.8,264.8,,SMART_RTH,,,18,4,TRUE,,Mini 4 Pro,,,,,,FALSE,TRUE,,,,,,,,,,,,,,,,,,,,,,,,,,,,,,,,,,,,,,,,,,,,,,,,86.5,,,,8.141,,,,,,,4.596,,,,,,,,,,,,,,,,,,,,,,,,,,,,,,,,51.17310475,-1.83172528,0.0,,,,,,,,,,,,,,,,,,,,,,,,,,,,Mini 4 Pro,SYNX6652NBSTXSC8D,CAML9TLFSBRU2B9CD,RCSQY4Y3PCM5V7D9M,BATS9G357BXURUBRD,,,,,,,,Mini 4 Pro,SYNX6652NBSTXSC8D,,,,DJI Fly,,1.13.5,A3471387-773D-58FE-9AF0-E9A619EF761D,,,,,,,,,,
1773850754,3m 14.0s,194.0,51.17310475,-1.83172528,111.5,124.7,30.0,291.5,1105.6,0.000,9.395,0.000,,0.000,,-0.000,,0.00,0.00,264.8,264.8,,SMART_RTH,,,18,4,TRUE,,Mini 4 Pro,,,,,,FALSE,TRUE,,,,,,,,,,,,,,,,,,,,,,,,,,,,,,,,,,,,,,,,,,,,,,,,86.5,,,,8.141,,,,,,,4.596,,,,,,,,,,,,,,,,,,,,,,,,,,,,,,,,51.17310475,-1.83172528,0.0,,,,,,,,,,,,,,,,,,,,,,,,,,,,Mini 4 Pro,SYNX6652NBSTXSC8D,CAML9TLFSBRU2B9CD,RCSQY4Y3PCM5V7D9M,BATS9G357BXURUBRD,,,,,,,,Mini 4 Pro,SYNX6652NBSTXSC8D,,,,DJI Fly,,1.13.5,A3471387-773D-58FE-9AF0-E9A619EF761D,,,,,,,,,,
1773850755,3m 15.0s,195.0,51.17310475,-1.83172528,111.5,124.7,30.0,291.5,1105.6,0.000,9.395,0.000,,0.000,,-0.000,,0.00,0.00,264.8,264.8,,SMART_RTH,,,18,4,TRUE,,Mini 4 Pro,,,,,,FALSE,TRUE,,,,,,,,,,,,,,,,,,,,,,,,,,,,,,,,,,,,,,,,,,,,,,,,86.5,,,,8.141,,,,,,,4.596,,,,,,,,,,,,,,,,,,,,,,,,,,,,,,,,51.17310475,-1.83172528,0.0,,,,,,,,,,,,,,,,,,,,,,,,,,,,Mini 4 Pro,SYNX6652NBSTXSC8D,CAML9TLFSBRU2B9CD,RCSQY4Y3PCM5V7D9M,BATS9G357BXURUBRD,,,,,,,,Mini 4 Pro,SYNX6652NBSTXSC8D,,,,DJI Fly,,1.13.5,A3471387-773D-58FE-9AF0-E9A619EF761D,,,,,,,,,,
1773850756,3m 16.0s,196.0,51.17310475,-1.83172528,111.5,124.7,30.0,291.5,1105.6,0.000,9.395,0.000,,0.000,,-0.000,,0.00,0.00,264.8,264.8,,SMART_RTH,,,18,4,TRUE,,Mini 4 Pro,,,,,,FALSE,TRUE,,,,,,,,,,,,,,,,,,,,,,,,,,,,,,,,,,,,,,,,,,,,,,,,86.5,,,,8.141,,,,,,,4.596,,,,,,,,,,,,,,,,,,,,,,,,,,,,,,,,51.17310475,-1.83172528,0.0,,,,,,,,,,,,,,,,,,,,,,,,,,,,Mini 4 Pro,SYNX6652NBSTXSC8D,CAML9TLFSBRU2B9CD,RCSQY4Y3PCM5V7D9M,BATS9G357BXURUBRD,,,,,,,,Mini 4 Pro,SYNX6652NBSTXSC8D,,,,DJI Fly,,1.13.5,A3471387-773D-58FE-9AF0-E9A619EF761D,,,,,,,,,,
1773850757,3m 17.0s,197.0,51.17310475,-1.83172528,111.5,124.7,30.0,291.5,1105.6,0.000,9.395,0.000,,0.000,,-0.000,,0.00,0.00,264.8,264.8,,SMART_RTH,,,18,4,TRUE,,Mini 4 Pro,,,,,,FALSE,TRUE,,,,,,,,,,,,,,,,,,,,,,,,,,,,,,,,,,,,,,,,,,,,,,,,86.5,,,,8.141,,,,,,,4.596,,,,,,,,,,,,,,,,,,,,,,,,,,,,,,,,51.17310475,-1.83172528,0.0,,,,,,,,,,,,,,,,,,,,,,,,,,,,Mini 4 Pro,SYNX6652NBSTXSC8D,CAML9TLFSBRU2B9CD,RCSQY4Y3PCM5V7D9M,BATS9G357BXURUBRD,,,,,,,,Mini 4 Pro,SYNX6652NBSTXSC8D,,,,DJI Fly,,1.13.5,A3471387-773D-58FE-9AF0-E9A619EF761D,,,,,,,,,,
1773850758,3m 18.0s,198.0,51.17310475,-1.83172528,111.5,124.7,30.0,291.5,1105.6,0.000,9.395,0.000,,0.000,,-0.000,,0.00,0.00,264.8,264.8,,SMART_RTH,,,18,4,TRUE,,Mini 4 Pro,,,,,,FALSE,TRUE,,,,,,,,,,,,,,,,,,,,,,,,,,,,,,,,,,,,,,,,,,,,,,,,86.5,,,,8.141,,,,,,,4.596,,,,,,,,,,,,,,,,,,,,,,,,,,,,,,,,51.17310475,-1.83172528,0.0,,,,,,,,,,,,,,,,,,,,,,,,,,,,Mini 4 Pro,SYNX6652NBSTXSC8D,CAML9TLFSBRU2B9CD,RCSQY4Y3PCM5V7D9M,BATS9G357BXURUBRD,,,,,,,,Mini 4 Pro,SYNX6652NBSTXSC8D,,,,DJI Fly,,1.13.5,A3471387-773D-58FE-9AF0-E9A619EF761D,,,,,,,,,,
1773850759,3m 19.0s,199.0,51.17310475,-1.83172528,111.5,124.7,30.0,291.5,1105.6,0.000,9.395,0.000,,0.000,,-0.000,,0.00,0.00,264.8,264.8,,SMART_RTH,,,18,4,TRUE,,Mini 4 Pro,,,,,,FALSE,TRUE,,,,,,,,,,,,,,,,,,,,,,,,,,,,,,,,,,,,,,,,,,,,,,,,86.5,,,,8.141,,,,,,,4.596,,,,,,,,,,,,,,,,,,,,,,,,,,,,,,,,51.17310475,-1.83172528,0.0,,,,,,,,,,,,,,,,,,,,,,,,,,,,Mini 4 Pro,SYNX6652NBSTXSC8D,CAML9TLFSBRU2B9CD,RCSQY4Y3PCM5V7D9M,BATS9G357BXURUBRD,,,,,,,,Mini 4 Pro,SYNX6652NBSTXSC8D,,,,DJI Fly,,1.13.5,A3471387-773D-58FE-9AF0-E9A619EF761D,,,,,,,,,,
1773850760,3m 20.0s,200.0,51.17310475,-1.83172528,111.5,124.7,30.0,291.5,1105.6,0.000,9.395,0.000,,0.000,,-0.000,,0.00,0.00,264.8,264.8,,SMART_RTH,,,18,4,TRUE,,Mini 4 Pro,,,,,,FALSE,TRUE,,,,,,,,,,,,,,,,,,,,,,,,,,,,,,,,,,,,,,,,,,,,,,,,86.5,,,,8.141,,,,,,,4.596,,,,,,,,,,,,,,,,,,,,,,,,,,,,,,,,51.17310475,-1.83172528,0.0,,,,,,,,,,,,,,,,,,,,,,,,,,,,Mini 4 Pro,SYNX6652NBSTXSC8D,CAML9TLFSBRU2B9CD,RCSQY4Y3PCM5V7D9M,BATS9G357BXURUBRD,,,,,,,,Mini 4 Pro,SYNX6652NBSTXSC8D,,,,DJI Fly,,1.13.5,A3471387-773D-58FE-9AF0-E9A619EF761D,,,,,,,,,,
1773850761,3m 21.0s,201.0,51.17310475,-1.83172528,111.5,124.7,30.0,291.5,1105.6,0.000,9.395,0.000,,0.000,,-0.000,,0.00,0.00,264.8,264.8,,SMART_RTH,,,18,4,TRUE,,Mini 4 Pro,,,,,,FALSE,TRUE,,,,,,,,,,,,,,,,,,,,,,,,,,,,,,,,,,,,,,,,,,,,,,,,86.5,,,,8.141,,,,,,,4.596,,,,,,,,,,,,,,,,,,,,,,,,,,,,,,,,51.17310475,-1.83172528,0.0,,,,,,,,,,,,,,,,,,,,,,,,,,,,Mini 4 Pro,SYNX6652NBSTXSC8D,CAML9TLFSBRU2B9CD,RCSQY4Y3PCM5V7D9M,BATS9G357BXURUBRD,,,,,,,,Mini 4 Pro,SYNX6652NBSTXSC8D,,,,DJI Fly,,1.13.5,A3471387-773D-58FE-9AF0-E9A619EF761D,,,,,,,,,,
1773850762,3m 22.0s,202.0,51.17310475,-1.83172528,111.5,124.7,30.0,291.5,1105.6,0.000,9.395,0.000,,0.000,,-0.000,,0.00,0.00,264.8,264.8,,SMART_RTH,,,18,4,TRUE,,Mini 4 Pro,,,,,,FALSE,TRUE,,,,,,,,,,,,,,,,,,,,,,,,,,,,,,,,,,,,,,,,,,,,,,,,86.5,,,,8.141,,,,,,,4.596,,,,,,,,,,,,,,,,,,,,,,,,,,,,,,,,51.17310475,-1.83172528,0.0,,,,,,,,,,,,,,,,,,,,,,,,,,,,Mini 4 Pro,SYNX6652NBSTXSC8D,CAML9TLFSBRU2B9CD,RCSQY4Y3PCM5V7D9M,BATS9G357BXURUBRD,,,,,,,,Mini 4 Pro,SYNX6652NBSTXSC8D,,,,DJI Fly,,1.13.5,A3471387-773D-58FE-9AF0-E9A619EF761D,,,,,,,,,,
1773850763,3m 23.0s,203.0,51.17310475,-1.83172528,106.3,124.7,30.0,286.3,1105.6,0.000,9.395,0.000,,0.000,,3.579,,-6.40,0.00,264.8,264.8,,LANDING,,,18,4,TRUE,,Mini 4 Pro,,,,,,FALSE,TRUE,,,,,,,,,,,,,,,,,,,,,,,,,,,,,,,,,,,,,,,,,,,,,,,,86.5,,,,8.140,,,,,,,4.596,,,,,,,,,,,,,,,,,,,,,,,,,,,,,,,,51.17310475,-1.83172528,0.0,,,,,,,,,,,,,,,,,,,,,,,,,,,,Mini 4 Pro,SYNX6652NBSTXSC8D,CAML9TLFSBRU2B9CD,RCSQY4Y3PCM5V7D9M,BATS9G357BXURUBRD,,,,,,,,Mini 4 Pro,SYNX6652NBSTXSC8D,,,,DJI Fly,,1.13.5,A3471387-773D-58FE-9AF0-E9A619EF761D,,,,,,,,,,
1773850764,3m 24.0s,204.0,51.17310475,-1.83172528,101.0,124.7,30.0,281.0,1105.6,0.000,9.395,0.000,,0.000,,3.579,,-6.40,0.00,264.8,264.8,,LANDING,,,18,4,TRUE,,Mini 4 Pro,,,,,,FALSE,TRUE,,,,,,,,,,,,,,,,,,,,,,,,,,,,,,,,,,,,,,,,,,,,,,,,86.5,,,,8.140,,,,,,,4.596,,,,,,,,,,,,,,,,,,,,,,,,,,,,,,,,51.17310475,-1.83172528,0.0,,,,,,,,,,,,,,,,,,,,,,,,,,,,Mini 4 Pro,SYNX6652NBSTXSC8D,CAML9TLFSBRU2B9CD,RCSQY4Y3PCM5V7D9M,BATS9G357BXURUBRD,,,,,,,,Mini 4 Pro,SYNX6652NBSTXSC8D,,,,DJI Fly,,1.13.5,A3471387-773D-58FE-9AF0-E9A619EF761D,,,,,,,,,,
1773850765,3m 25.0s,205.0,51.17310475,-1.83172528,95.8,124.7,30.0,275.8,1105.6,0.000,9.395,0.000,,0.000,,3.579,,-6.40,0.00,264.8,264.8,,LANDING,,,18,4,TRUE,,Mini 4 Pro,,,,,,FALSE,TRUE,,,,,,,,,,,,,,,,,,,,,,,,,,,,,,,,,,,,,,,,,,,,,,,,86.5,,,,8.140,,,,,,,4.596,,,,,,,,,,,,,,,,,,,,,,,,,,,,,,,,51.17310475,-1.83172528,0.0,,,,,,,,,,,,,,,,,,,,,,,,,,,,Mini 4 Pro,SYNX6652NBSTXSC8D,CAML9TLFSBRU2B9CD,RCSQY4Y3PCM5V7D9M,BATS9G357BXURUBRD,,,,,,,,Mini 4 Pro,SYNX6652NBSTXSC8D,,,,DJI Fly,,1.13.5,A3471387-773D-58FE-9AF0-E9A619EF761D,,,,,,,,,,
1773850766,3m 26.0s,206.0,51.17310475,-1.83172528,90.6,124.7,30.0,270.6,1105.6,0.000,9.395,0.000,,0.000,,3.579,,-6.40,0.00,264.8,264.8,,LANDING,,,18,4,TRUE,,Mini 4 Pro,,,,,,FALSE,TRUE,,,,,,,,,,,,,,,,,,,,,,,,,,,,,,,,,,,,,,,,,,,,,,,,86.5,,,,8.140,,,,,,,4.596,,,,,,,,,,,,,,,,,,,,,,,,,,,,,,,,51.17310475,-1.83172528,0.0,,,,,,,,,,,,,,,,,,,,,,,,,,,,Mini 4 Pro,SYNX6652NBSTXSC8D,CAML9TLFSBRU2B9CD,RCSQY4Y3PCM5V7D9M,BATS9G357BXURUBRD,,,,,,,,Mini 4 Pro,SYNX6652NBSTXSC8D,,,,DJI Fly,,1.13.5,A3471387-773D-58FE-9AF0-E9A619EF761D,,,,,,,,,,
1773850767,3m 27.0s,207.0,51.17310475,-1.83172528,85.3,124.7,30.0,265.3,1105.6,0.000,9.395,0.000,,0.000,,3.579,,-6.40,0.00,264.8,264.8,,LANDING,,,18,4,TRUE,,Mini 4 Pro,,,,,,FALSE,TRUE,,,,,,,,,,,,,,,,,,,,,,,,,,,,,,,,,,,,,,,,,,,,,,,,86.5,,,,8.140,,,,,,,4.596,,,,,,,,,,,,,,,,,,,,,,,,,,,,,,,,51.17310475,-1.83172528,0.0,,,,,,,,,,,,,,,,,,,,,,,,,,,,Mini 4 Pro,SYNX6652NBSTXSC8D,CAML9TLFSBRU2B9CD,RCSQY4Y3PCM5V7D9M,BATS9G357BXURUBRD,,,,,,,,Mini 4 Pro,SYNX6652NBSTXSC8D,,,,DJI Fly,,1.13.5,A3471387-773D-58FE-9AF0-E9A619EF761D,,,,,,,,,,
1773850768,3m 28.0s,208.0,51.17310475,-1.83172528,80.1,124.7,30.0,260.1,1105.6,0.000,9.395,0.000,,0.000,,3.579,,-6.40,0.00,264.8,264.8,,LANDING,,,18,4,TRUE,,Mini 4 Pro,,,,,,FALSE,TRUE,,,,,,,,,,,,,,,,,,,,,,,,,,,,,,,,,,,,,,,,,,,,,,,,86.5,,,,8.140,,,,,,,4.596,,,,,,,,,,,,,,,,,,,,,,,,,,,,,,,,51.17310475,-1.83172528,0.0,,,,,,,,,,,,,,,,,,,,,,,,,,,,Mini 4 Pro,SYNX6652NBSTXSC8D,CAML9TLFSBRU2B9CD,RCSQY4Y3PCM5V7D9M,BATS9G357BXURUBRD,,,,,,,,Mini 4 Pro,SYNX6652NBSTXSC8D,,,,DJI Fly,,1.13.5,A3471387-773D-58FE-9AF0-E9A619EF761D,,,,,,,,,,
1773850769,3m 29.0s,209.0,51.17310475,-1.83172528,74.8,124.7,30.0,254.8,1105.6,0.000,9.395,0.000,,0.000,,3.579,,-6.40,0.00,264.8,264.8,,LANDING,,,18,4,TRUE,,Mini 4 Pro,,,,,,FALSE,TRUE,,,,,,,,,,,,,,,,,,,,,,,,,,,,,,,,,,,,,,,,,,,,,,,,86.4,,,,8.140,,,,,,,4.596,,,,,,,,,,,,,,,,,,,,,,,,,,,,,,,,51.17310475,-1.83172528,0.0,,,,,,,,,,,,,,,,,,,,,,,,,,,,Mini 4 Pro,SYNX6652NBSTXSC8D,CAML9TLFSBRU2B9CD,RCSQY4Y3PCM5V7D9M,BATS9G357BXURUBRD,,,,,,,,Mini 4 Pro,SYNX6652NBSTXSC8D,,,,DJI Fly,,1.13.5,A3471387-773D-58FE-9AF0-E9A619EF761D,,,,,,,,,,
1773850770,3m 30.0s,210.0,51.17310475,-1.83172528,69.6,124.7,30.0,249.6,1105.6,0.000,9.395,0.000,,0.000,,3.579,,-6.40,0.00,264.8,264.8,,LANDING,,,18,4,TRUE,,Mini 4 Pro,,,,,,FALSE,TRUE,,,,,,,,,,,,,,,,,,,,,,,,,,,,,,,,,,,,,,,,,,,,,,,,86.4,,,,8.140,,,,,,,4.596,,,,,,,,,,,,,,,,,,,,,,,,,,,,,,,,51.17310475,-1.83172528,0.0,,,,,,,,,,,,,,,,,,,,,,,,,,,,Mini 4 Pro,SYNX6652NBSTXSC8D,CAML9TLFSBRU2B9CD,RCSQY4Y3PCM5V7D9M,BATS9G357BXURUBRD,,,,,,,,Mini 4 Pro,SYNX6652NBSTXSC8D,,,,DJI Fly,,1.13.5,A3471387-773D-58FE-9AF0-E9A619EF761D,,,,,,,,,,
1773850771,3m 31.0s,211.0,51.17310475,-1.83172528,64.3,124.7,30.0,244.3,1105.6,0.000,9.395,0.000,,0.000,,3.579,,-6.40,0.00,264.8,264.8,,LANDING,,,18,4,TRUE,,Mini 4 Pro,,,,,,FALSE,TRUE,,,,,,,,,,,,,,,,,,,,,,,,,,,,,,,,,,,,,,,,,,,,,,,,86.4,,,,8.140,,,,,,,4.596,,,,,,,,,,,,,,,,,,,,,,,,,,,,,,,,51.17310475,-1.83172528,0.0,,,,,,,,,,,,,,,,,,,,,,,,,,,,Mini 4 Pro,SYNX6652NBSTXSC8D,CAML9TLFSBRU2B9CD,RCSQY4Y3PCM5V7D9M,BATS9G357BXURUBRD,,,,,,,,Mini 4 Pro,SYNX6652NBSTXSC8D,,,,DJI Fly,,1.13.5,A3471387-773D-58FE-9AF0-E9A619EF761D,,,,,,,,,,
1773850772,3m 32.0s,212.0,51.17310475,-1.83172528,59.1,124.7,30.0,239.1,1105.6,0.000,9.395,0.000,,0.000,,3.579,,-6.40,0.00,264.8,264.8,,LANDING,,,18,4,TRUE,,Mini 4 Pro,,,,,,FALSE,TRUE,,,,,,,,,,,,,,,,,,,,,,,,,,,,,,,,,,,,,,,,,,,,,,,,86.4,,,,8.140,,,,,,,4.596,,,,,,,,,,,,,,,,,,,,,,,,,,,,,,,,51.17310475,-1.83172528,0.0,,,,,,,,,,,,,,,,,,,,,,,,,,,,Mini 4 Pro,SYNX6652NBSTXSC8D,CAML9TLFSBRU2B9CD,RCSQY4Y3PCM5V7D9M,BATS9G357BXURUBRD,,,,,,,,Mini 4 Pro,SYNX6652NBSTXSC8D,,,,DJI Fly,,1.13.5,A3471387-773D-58FE-9AF0-E9A619EF761D,,,,,,,,,,
1773850773,3m 33.0s,213.0,51.17310475,-1.83172528,53.8,124.7,30.0,233.8,1105.6,0.000,9.395,0.000,,0.000,,3.579,,-6.40,0.00,264.8,264.8,,LANDING,,,18,4,TRUE,,Mini 4 Pro,,,,,,FALSE,TRUE,,,,,,,,,,,,,,,,,,,,,,,,,,,,,,,,,,,,,,,,,,,,,,,,86.4,,,,8.140,,,,,,,4.596,,,,,,,,,,,,,,,,,,,,,,,,,,,,,,,,51.17310475,-1.83172528,0.0,,,,,,,,,,,,,,,,,,,,,,,,,,,,Mini 4 Pro,SYNX6652NBSTXSC8D,CAML9TLFSBRU2B9CD,RCSQY4Y3PCM5V7D9M,BATS9G357BXURUBRD,,,,,,,,Mini 4 Pro,SYNX6652NBSTXSC8D,,,,DJI Fly,,1.13.5,A3471387-773D-58FE-9AF0-E9A619EF761D,,,,,,,,,,
1773850774,3m 34.0s,214.0,51.17310475,-1.83172528,48.6,124.7,30.0,228.6,1105.6,0.000,9.395,0.000,,0.000,,3.579,,-6.40,0.00,264.8,264.8,,LANDING,,,18,4,TRUE,,Mini 4 Pro,,,,,,FALSE,TRUE,,,,,,,,,,,,,,,,,,,,,,,,,,,,,,,,,,,,,,,,,,,,,,,,86.4,,,,8.139,,,,,,,4.596,,,,,,,,,,,,,,,,,,,,,,,,,,,,,,,,51.17310475,-1.83172528,0.0,,,,,,,,,,,,,,,,,,,,,,,,,,,,Mini 4 Pro,SYNX6652NBSTXSC8D,CAML9TLFSBRU2B9CD,RCSQY4Y3PCM5V7D9M,BATS9G357BXURUBRD,,,,,,,,Mini 4 Pro,SYNX6652NBSTXSC8D,,,,DJI Fly,,1.13.5,A3471387-773D-58FE-9AF0-E9A619EF761D,,,,,,,,,,
1773850775,3m 35.0s,215.0,51.17310475,-1.83172528,43.3,124.7,30.0,223.3,1105.6,0.000,9.395,0.000,,0.000,,3.579,,-6.40,0.00,264.8,264.8,,LANDING,,,18,4,TRUE,,Mini 4 Pro,,,,,,FALSE,TRUE,,,,,,,,,,,,,,,,,,,,,,,,,,,,,,,,,,,,,,,,,,,,,,,,86.4,,,,8.139,,,,,,,4.596,,,,,,,,,,,,,,,,,,,,,,,,,,,,,,,,51.17310475,-1.83172528,0.0,,,,,,,,,,,,,,,,,,,,,,,,,,,,Mini 4 Pro,SYNX6652NBSTXSC8D,CAML9TLFSBRU2B9CD,RCSQY4Y3PCM5V7D9M,BATS9G357BXURUBRD,,,,,,,,Mini 4 Pro,SYNX6652NBSTXSC8D,,,,DJI Fly,,1.13.5,A3471387-773D-58FE-9AF0-E9A619EF761D,,,,,,,,,,
1773850776,3m 36.0s,216.0,51.17310475,-1.83172528,38.1,124.7,30.0,218.1,1105.6,0.000,9.395,0.000,,0.000,,3.579,,-6.40,0.00,264.8,264.8,,LANDING,,,18,4,TRUE,,Mini 4 Pro,,,,,,FALSE,TRUE,,,,,,,,,,,,,,,,,,,,,,,,,,,,,,,,,,,,,,,,,,,,,,,,86.4,,,,8.139,,,,,,,4.596,,,,,,,,,,,,,,,,,,,,,,,,,,,,,,,,51.17310475,-1.83172528,0.0,,,,,,,,,,,,,,,,,,,,,,,,,,,,Mini 4 Pro,SYNX6652NBSTXSC8D,CAML9TLFSBRU2B9CD,RCSQY4Y3PCM5V7D9M,BATS9G357BXURUBRD,,,,,,,,Mini 4 Pro,SYNX6652NBSTXSC8D,,,,DJI Fly,,1.13.5,A3471387-773D-58FE-9AF0-E9A619EF761D,,,,,,,,,,
1773850777,3m 37.0s,217.0,51.17310475,-1.83172528,32.8,124.7,30.0,212.8,1105.6,0.000,9.395,0.000,,0.000,,3.579,,-6.40,0.00,264.8,264.8,,LANDING,,,18,4,TRUE,,Mini 4 Pro,,,,,,FALSE,TRUE,,,,,,,,,,,,,,,,,,,,,,,,,,,,,,,,,,,,,,,,,,,,,,,,86.4,,,,8.139,,,,,,,4.596,,,,,,,,,,,,,,,,,,,,,,,,,,,,,,,,51.17310475,-1.83172528,0.0,,,,,,,,,,,,,,,,,,,,,,,,,,,,Mini 4 Pro,SYNX6652NBSTXSC8D,CAML9TLFSBRU2B9CD,RCSQY4Y3PCM5V7D9M,BATS9G357BXURUBRD,,,,,,,,Mini 4 Pro,SYNX6652NBSTXSC8D,,,,DJI Fly,,1.13.5,A3471387-773D-58FE-9AF0-E9A619EF761D,,,,,,,,,,
1773850778,3m 38.0s,218.0,51.17310475,-1.83172528,27.6,124.7,27.6,207.6,1105.6,0.000,9.395,0.000,,0.000,,3.579,,-6.40,0.00,264.8,264.8,,LANDING,,,18,4,TRUE,,Mini 4 Pro,,,,,,FALSE,TRUE,,,,,,,,,,,,,,,,,,,,,,,,,,,,,,,,,,,,,,,,,,,,,,,,86.4,,,,8.139,,,,,,,4.596,,,,,,,,,,,,,,,,,,,,,,,,,,,,,,,,51.17310475,-1.83172528,0.0,,,,,,,,,,,,,,,,,,,,,,,,,,,,Mini 4 Pro,SYNX6652NBSTXSC8D,CAML9TLFSBRU2B9CD,RCSQY4Y3PCM5V7D9M,BATS9G357BXURUBRD,,,,,,,,Mini 4 Pro,SYNX6652NBSTXSC8D,,,,DJI Fly,,1.13.5,A3471387-773D-58FE-9AF0-E9A619EF761D,,,,,,,,,,
1773850779,3m 39.0s,219.0,51.17310475,-1.83172528,22.3,124.7,22.3,202.3,1105.6,0.000,9.395,0.000,,0.000,,3.579,,-6.40,0.00,264.8,264.8,,LANDING,,,18,4,TRUE,,Mini 4 Pro,,,,,,FALSE,TRUE,,,,,,,,,,,,,,,,,,,,,,,,,,,,,,,,,,,,,,,,,,,,,,,,86.4,,,,8.139,,,,,,,4.596,,,,,,,,,,,,,,,,,,,,,,,,,,,,,,,,51.17310475,-1.83172528,0.0,,,,,,,,,,,,,,,,,,,,,,,,,,,,Mini 4 Pro,SYNX6652NBSTXSC8D,CAML9TLFSBRU2B9CD,RCSQY4Y3PCM5V7D9M,BATS9G357BXURUBRD,,,,,,,,Mini 4 Pro,SYNX6652NBSTXSC8D,,,,DJI Fly,,1.13.5,A3471387-773D-58FE-9AF0-E9A619EF761D,,,,,,,,,,
1773850780,3m 40.0s,220.0,51.17310475,-1.83172528,17.1,124.7,17.1,197.1,1105.6,0.000,9.395,0.000,,0.000,,3.579,,-6.40,0.00,264.8,264.8,,LANDING,,,18,4,TRUE,,Mini 4 Pro,,,,,,FALSE,TRUE,,,,,,,,,,,,,,,,,,,,,,,,,,,,,,,,,,,,,,,,,,,,,,,,86.4,,,,8.139,,,,,,,4.596,,,,,,,,,,,,,,,,,,,,,,,,,,,,,,,,51.17310475,-1.83172528,0.0,,,,,,,,,,,,,,,,,,,,,,,,,,,,Mini 4 Pro,SYNX6652NBSTXSC8D,CAML9TLFSBRU2B9CD,RCSQY4Y3PCM5V7D9M,BATS9G357BXURUBRD,,,,,,,,Mini 4 Pro,SYNX6652NBSTXSC8D,,,,DJI Fly,,1.13.5,A3471387-773D-58FE-9AF0-E9A619EF761D,,,,,,,,,,
1773850781,3m 41.0s,221.0,51.17310475,-1.83172528,11.8,124.7,11.8,191.8,1105.6,0.000,9.395,0.000,,0.000,,3.579,,-6.40,0.00,264.8,264.8,,LANDING,,,18,4,TRUE,,Mini 4 Pro,,,,,,FALSE,TRUE,,,,,,,,,,,,,,,,,,,,,,,,,,,,,,,,,,,,,,,,,,,,,,,,86.4,,,,8.139,,,,,,,4.596,,,,,,,,,,,,,,,,,,,,,,,,,,,,,,,,51.17310475,-1.83172528,0.0,,,,,,,,,,,,,,,,,,,,,,,,,,,,Mini 4 Pro,SYNX6652NBSTXSC8D,CAML9TLFSBRU2B9CD,RCSQY4Y3PCM5V7D9M,BATS9G357BXURUBRD,,,,,,,,Mini 4 Pro,SYNX6652NBSTXSC8D,,,,DJI Fly,,1.13.5,A3471387-773D-58FE-9AF0-E9A619EF761D,,,,,,,,,,
1773850782,3m 42.0s,222.0,51.17310475,-1.83172528,6.6,124.7,6.6,186.6,1105.6,0.000,9.395,0.000,,0.000,,3.579,,-6.40,0.00,264.8,264.8,,LANDING,,,18,4,TRUE,,Mini 4 Pro,,,,,,FALSE,TRUE,,,,,,,,,,,,,,,,,,,,,,,,,,,,,,,,,,,,,,,,,,,,,,,,86.4,,,,8.139,,,,,,,4.596,,,,,,,,,,,,,,,,,,,,,,,,,,,,,,,,51.17310475,-1.83172528,0.0,,,,,,,,,,,,,,,,,,,,,,,,,,,,Mini 4 Pro,SYNX6652NBSTXSC8D,CAML9TLFSBRU2B9CD,RCSQY4Y3PCM5V7D9M,BATS9G357BXURUBRD,,,,,,,,Mini 4 Pro,SYNX6652NBSTXSC8D,,,,DJI Fly,,1.13.5,A3471387-773D-58FE-9AF0-E9A619EF761D,,,,,,,,,,
1773850783,3m 43.0s,223.0,51.17310475,-1.83172528,1.3,124.7,1.3,181.3,1105.6,0.000,9.395,0.000,,0.000,,3.579,,-6.40,0.00,264.8,264.8,,LANDING,,,18,4,TRUE,,Mini 4 Pro,,,,,,FALSE,TRUE,,,,,,,,,,,,,,,,,,,,,,,,,,,,,,,,,,,,,,,,,,,,,,,,86.4,,,,8.139,,,,,,,4.596,,,,,,,,,,,,,,,,,,,,,,,,,,,,,,,,51.17310475,-1.83172528,0.0,,,,,,,,,,,,,,,,,,,,,,,,,,,,Mini 4 Pro,SYNX6652NBSTXSC8D,CAML9TLFSBRU2B9CD,RCSQY4Y3PCM5V7D9M,BATS9G357BXURUBRD,,,,,,,,Mini 4 Pro,SYNX6652NBSTXSC8D,,,,DJI Fly,,1.13.5,A3471387-773D-58FE-9AF0-E9A619EF761D,,,,,,,,,,
1773850784,3m 44.0s,224.0,51.17310475,-1.83172528,0.0,124.7,0.0,180.0,1105.6,0.000,9.395,0.000,,0.000,,-0.000,,0.20,0.10,264.8,264.8,,LAND,,,18,4,TRUE,,Mini 4 Pro,,,,,,TRUE,TRUE,,,,,,,,,,,,,,,,,,,,,,,,,,,,,,,,,,,,,,,,,,,,,,,,86.4,,,,8.139,,,,,,,4.596,,,,,,,,,,,,,,,,,,,,,,,,,,,,,,,,51.17310475,-1.83172528,0.0,,,,,,,,,,,,,,,,,,,,,,,,,,,,Mini 4 Pro,SYNX6652NBSTXSC8D,CAML9TLFSBRU2B9CD,RCSQY4Y3PCM5V7D9M,BATS9G357BXURUBRD,,,,,,,,Mini 4 Pro,SYNX6652NBSTXSC8D,,,,DJI Fly,,1.13.5,A3471387-773D-58FE-9AF0-E9A619EF761D,,,,,,,,,,
