timestamps,OSD.flyTime,OSD.flyTime [s],OSD.latitude,OSD.longitude,OSD.height [ft],OSD.heightMax [ft],OSD.vpsHeight [ft],OSD.altitude [ft],OSD.mileage [ft],OSD.hSpeed [MPH],OSD.hSpeedMax [MPH],OSD.xSpeed [MPH],OSD.xSpeedMax [MPH],OSD.ySpeed [MPH],OSD.ySpeedMax [MPH],OSD.zSpeed [MPH],OSD.zSpeedMax [MPH],OSD.pitch,OSD.roll,OSD.yaw,OSD.yaw [360],OSD.directionOfTravel,OSD.flycState,OSD.flycCommand,OSD.flightAction,OSD.gpsNum,OSD.gpsLevel,OSD.isGPSUsed,OSD.nonGPSCause,OSD.droneType,OSD.isSwaveWork,OSD.waveError,OSD.goHomeStatus,OSD.batteryType,OSD.ctrlDevice,OSD.isOnGround,OSD.isMotorOn,OSD.isMotorBlocked,OSD.motorStartFailedCause,OSD.motorFailReason,OSD.isImuPreheated,OSD.imuInitFailReason,OSD.isAcceletorOverRange,OSD.isBarometerDeadInAir,OSD.isCompassError,OSD.isGoHomeHeightModified,OSD.canIOCWork,OSD.isNotEnoughForce,OSD.isOutOfLimit,OSD.isPropellerCatapult,OSD.isVibrating,OSD.isVisionUsed,OSD.voltageWarning,GIMBAL.mode,GIMBAL.pitch,GIMBAL.roll,GIMBAL.yaw,GIMBAL.yaw [360],GIMBAL.isPitchAtLimit,GIMBAL.isRollAtLimit,GIMBAL.isYawAtLimit,GIMBAL.isStuck,CAMERA.isPhoto,CAMERA.isVideo,CAMERA.filename,CAMERA.sdCardIsInserted,CAMERA.sdCardState,RC.downlinkSignal,RC.uplinkSignal,RC.aileron,RC.elevator,RC.throttle,RC.rudder,RC.mode,RC.goHomeDepressed,RC.recordDepressed,RC.shutterDepressed,RC.playbackDepressed,RC.wheelDepressed,RC.wheelOffset,RC.custom1Depressed,RC.custom2Depressed,RC.custom3Depressed,RC.custom4Depressed,BATTERY.chargeLevel,BATTERY.currentPV [V],BATTERY.currentCapacity [mAh],BATTERY.fullCapacity [mAh],BATTERY.voltage [V],BATTERY.isCellVoltageEstimated,BATTERY.cellVoltage1 [V],BATTERY.cellVoltage2 [V],BATTERY.maxCellVoltageDeviation,BATTERY.isCellVoltageDeviationHigh,BATTERY.isVoltageLow,BATTERY.current [A],BATTERY.temperature [F],BATTERY.minTemperature [F],BATTERY.maxTemperature [F],BATTERY.usefulTime [s],BATTERY.goHomeTime [s],BATTERY.landTime [s],BATTERY.goHomeBattery,BATTERY.landBattery,BATTERY.safeFlyRadius,BATTERY.volumeConsume,BATTERY.status,BATTERY.goHomeStatus,BATTERY.goHomeCountdown,BATTERY.lowWarning,BATTERY.lowWarningGoHome,BATTERY.seriousLowWarning,BATTERY.seriousLowWarningLanding,BATTERY.timesCharged,MC.failSafeAction,MC.isObstacleAvoidanceEnabled,MC.isCollisionAvoidanceEnabled,MC.isRthObstacleAvoidanceEnabled,MC.isBraking,MC.isAvoidingObstacle,MC.isAvoidingActiveObstacle,MC.isAscentLimitedByObstacle,MC.isLandingConfirmationNeeded,MC.atLowAltitudeLimit,MC.atDistanceLimit,MC.atAirportAltitudeLimit,MC.atAirportBoundary,HOME.latitude,HOME.longitude,HOME.distance [ft],HOME.height [ft],HOME.heightLimit [ft],HOME.isHomeRecord,HOME.goHomeMode,HOME.aircraftHeadDirection,HOME.isDynamicHomePointEnabled,HOME.isReachedLimitDistance,HOME.isReachedLimitHeight,HOME.isCompassCalibrating,HOME.compassCalibrationState,HOME.isMultipleFlightModeEnabled,HOME.isBeginnerMode,HOME.isIOCEnabled,HOME.iocMode,HOME.goHomeHeight [ft],HOME.courseLockAngle,HOME.forceLandingHeight [ft],HOME.dataRecorderFileIndex,WEATHER.windDirection,WEATHER.windRelativeDirection,WEATHER.windSpeed [MPH],WEATHER.maxWindSpeed [MPH],WEATHER.windStrength,WEATHER.isFacingWind,WEATHER.isFlyingIntoWind,RECOVER.appType,RECOVER.appVersion,RECOVER.aircraftName,RECOVER.aircraftSerial,RECOVER.cameraSerial,RECOVER.rcSerial,RECOVER.batterySerial,DETAILS.totalTime [s],DETAILS.totalDistance [ft],DETAILS.maxHeight [ft],DETAILS.maxHorizontalSpeed [MPH],DETAILS.maxVerticalSpeed [MPH],DETAILS.photoNum,DETAILS.videoTime [s],DETAILS.aircraftName,DETAILS.aircraftSerial,DETAILS.cameraSerial,DETAILS.rcSerial,DETAILS.batterySerial,DETAILS.appName,DETAILS.appType,DETAILS.appVersion,DETAILS.guid,SERIAL.flightController,SERIAL.camera,SERIAL.gimbal,SERIAL.rc,SERIAL.battery,APPGPS.latitude,APPGPS.longitude,APPGPS.accuracy,APP.tip,APP.warning
1773826860,0m 0.0s,0.0,51.17890000,-1.82620000,0.0,0.0,0.0,180.0,0.0,0.000,0.000,0.000,,0.000,,-0.000,,0.20,0.10,45.0,45.0,,Starting Motors,,,18,4,TRUE,,Mini 4 Pro,,,,,,TRUE,TRUE,,,,,,,,,,,,,,,,,,,,,,,,,,,,,,,,,,,,,,,,,,,,,,,,88.0,,,,8.164,,,,,,,1.100,,,,,,,,,,,,,,,,,,,,,,,,,,,,,,,,51.17890000,-1.82620000,0.0,,,,,,,,,,,,,,,,,,,,,,,,,,,,Mini 4 Pro,SYNEQZTKWBD84VGCB,CAM3SNAYZ67FMNFC6,RCS72UWNCB2X59YSD,BAT9SBRNFB47JEYZD,,,,,,,,Mini 4 Pro,SYNEQZTKWBD84VGCB,,,,DJI Fly,,1.13.5,7620C74E-1616-5CF7-B130-32E3F2C50061,,,,,,,,,,
1773826861,0m 1.0s,1.0,51.17890000,-1.82620000,0.0,0.0,0.0,180.0,0.0,0.000,0.000,0.000,,0.000,,-0.000,,0.20,0.10,45.0,45.0,,Starting Motors,,,18,4,TRUE,,Mini 4 Pro,,,,,,TRUE,TRUE,,,,,,,,,,,,,,,,,,,,,,,,,,,,,,,,,,,,,,,,,,,,,,,,88.0,,,,8.164,,,,,,,1.100,,,,,,,,,,,,,,,,,,,,,,,,,,,,,,,,51.17890000,-1.82620000,0.0,,,,,,,,,,,,,,,,,,,,,,,,,,,,Mini 4 Pro,SYNEQZTKWBD84VGCB,CAM3SNAYZ67FMNFC6,RCS72UWNCB2X59YSD,BAT9SBRNFB47JEYZD,,,,,,,,Mini 4 Pro,SYNEQZTKWBD84VGCB,,,,DJI Fly,,1.13.5,7620C74E-1616-5CF7-B130-32E3F2C50061,,,,,,,,,,
1773826862,0m 2.0s,2.0,51.17890000,-1.82620000,0.0,0.0,0.0,180.0,0.0,0.000,0.000,0.000,,0.000,,-0.000,,0.20,0.10,45.0,45.0,,Starting Motors,,,18,4,TRUE,,Mini 4 Pro,,,,,,TRUE,TRUE,,,,,,,,,,,,,,,,,,,,,,,,,,,,,,,,,,,,,,,,,,,,,,,,88.0,,,,8.164,,,,,,,1.100,,,,,,,,,,,,,,,,,,,,,,,,,,,,,,,,51.17890000,-1.82620000,0.0,,,,,,,,,,,,,,,,,,,,,,,,,,,,Mini 4 Pro,SYNEQZTKWBD84VGCB,CAM3SNAYZ67FMNFC6,RCS72UWNCB2X59YSD,BAT9SBRNFB47JEYZD,,,,,,,,Mini 4 Pro,SYNEQZTKWBD84VGCB,,,,DJI Fly,,1.13.5,7620C74E-1616-5CF7-B130-32E3F2C50061,,,,,,,,,,
1773826863,0m 3.0s,3.0,51.17890000,-1.82620000,0.0,0.0,0.0,180.0,0.0,0.000,0.000,0.000,,0.000,,-0.000,,0.20,0.10,45.0,45.0,,Starting Motors,,,18,4,TRUE,,Mini 4 Pro,,,,,,TRUE,TRUE,,,,,,,,,,,,,,,,,,,,,,,,,,,,,,,,,,,,,,,,,,,,,,,,88.0,,,,8.164,,,,,,,1.100,,,,,,,,,,,,,,,,,,,,,,,,,,,,,,,,51.17890000,-1.82620000,0.0,,,,,,,,,,,,,,,,,,,,,,,,,,,,Mini 4 Pro,SYNEQZTKWBD84VGCB,CAM3SNAYZ67FMNFC6,RCS72UWNCB2X59YSD,BAT9SBRNFB47JEYZD,,,,,,,,Mini 4 Pro,SYNEQZTKWBD84VGCB,,,,DJI Fly,,1.13.5,7620C74E-1616-5CF7-B130-32E3F2C50061,,,,,,,,,,
1773826864,0m 4.0s,4.0,51.17890000,-1.82620000,0.0,0.0,0.0,180.0,0.0,0.000,0.000,0.000,,0.000,,-0.000,,0.20,0.10,45.0,45.0,,Starting Motors,,,18,4,TRUE,,Mini 4 Pro,,,,,,TRUE,TRUE,,,,,,,,,,,,,,,,,,,,,,,,,,,,,,,,,,,,,,,,,,,,,,,,88.0,,,,8.164,,,,,,,1.100,,,,,,,,,,,,,,,,,,,,,,,,,,,,,,,,51.17890000,-1.82620000,0.0,,,,,,,,,,,,,,,,,,,,,,,,,,,,Mini 4 Pro,SYNEQZTKWBD84VGCB,CAM3SNAYZ67FMNFC6,RCS72UWNCB2X59YSD,BAT9SBRNFB47JEYZD,,,,,,,,Mini 4 Pro,SYNEQZTKWBD84VGCB,,,,DJI Fly,,1.13.5,7620C74E-1616-5CF7-B130-32E3F2C50061,,,,,,,,,,
1773826865,0m 5.0s,5.0,51.17890000,-1.82620000,0.0,0.0,0.0,180.0,0.0,0.000,0.000,0.000,,0.000,,-0.000,,0.20,0.10,45.0,45.0,,Starting Motors,,,18,4,TRUE,,Mini 4 Pro,,,,,,TRUE,TRUE,,,,,,,,,,,,,,,,,,,,,,,,,,,,,,,,,,,,,,,,,,,,,,,,88.0,,,,8.163,,,,,,,1.100,,,,,,,,,,,,,,,,,,,,,,,,,,,,,,,,51.17890000,-1.82620000,0.0,,,,,,,,,,,,,,,,,,,,,,,,,,,,Mini 4 Pro,SYNEQZTKWBD84VGCB,CAM3SNAYZ67FMNFC6,RCS72UWNCB2X59YSD,BAT9SBRNFB47JEYZD,,,,,,,,Mini 4 Pro,SYNEQZTKWBD84VGCB,,,,DJI Fly,,1.13.5,7620C74E-1616-5CF7-B130-32E3F2C50061,,,,,,,,,,
1773826866,0m 6.0s,6.0,51.17890000,-1.82620000,0.0,0.0,0.0,180.0,0.0,0.000,0.000,0.000,,0.000,,-0.000,,0.20,0.10,45.0,45.0,,Starting Motors,,,18,4,TRUE,,Mini 4 Pro,,,,,,TRUE,TRUE,,,,,,,,,,,,,,,,,,,,,,,,,,,,,,,,,,,,,,,,,,,,,,,,88.0,,,,8.163,,,,,,,1.100,,,,,,,,,,,,,,,,,,,,,,,,,,,,,,,,51.17890000,-1.82620000,0.0,,,,,,,,,,,,,,,,,,,,,,,,,,,,Mini 4 Pro,SYNEQZTKWBD84VGCB,CAM3SNAYZ67FMNFC6,RCS72UWNCB2X59YSD,BAT9SBRNFB47JEYZD,,,,,,,,Mini 4 Pro,SYNEQZTKWBD84VGCB,,,,DJI Fly,,1.13.5,7620C74E-1616-5CF7-B130-32E3F2C50061,,,,,,,,,,
1773826867,0m 7.0s,7.0,51.17890000,-1.82620000,0.0,0.0,0.0,180.0,0.0,0.000,0.000,0.000,,0.000,,-0.000,,0.20,0.10,45.0,45.0,,Starting Motors,,,18,4,TRUE,,Mini 4 Pro,,,,,,TRUE,TRUE,,,,,,,,,,,,,,,,,,,,,,,,,,,,,,,,,,,,,,,,,,,,,,,,88.0,,,,8.163,,,,,,,1.100,,,,,,,,,,,,,,,,,,,,,,,,,,,,,,,,51.17890000,-1.82620000,0.0,,,,,,,,,,,,,,,,,,,,,,,,,,,,Mini 4 Pro,SYNEQZTKWBD84VGCB,CAM3SNAYZ67FMNFC6,RCS72UWNCB2X59YSD,BAT9SBRNFB47JEYZD,,,,,,,,Mini 4 Pro,SYNEQZTKWBD84VGCB,,,,DJI Fly,,1.13.5,7620C74E-1616-5CF7-B130-32E3F2C50061,,,,,,,,,,
1773826868,0m 8.0s,8.0,51.17890000,-1.82620000,7.9,7.9,7.9,187.9,0.0,0.000,0.000,0.000,,0.000,,-5.369,,9.60,0.00,45.0,45.0,,Auto Takeoff,,,18,4,TRUE,,Mini 4 Pro,,,,,,FALSE,TRUE,,,,,,,,,,,,,,,,,,,,,,,,,,,,,,,,,,,,,,,,,,,,,,,,87.9,,,,8.163,,,,,,,12.276,,,,,,,,,,,,,,,,,,,,,,,,,,,,,,,,51.17890000,-1.82620000,0.0,,,,,,,,,,,,,,,,,,,,,,,,,,,,Mini 4 Pro,SYNEQZTKWBD84VGCB,CAM3SNAYZ67FMNFC6,RCS72UWNCB2X59YSD,BAT9SBRNFB47JEYZD,,,,,,,,Mini 4 Pro,SYNEQZTKWBD84VGCB,,,,DJI Fly,,1.13.5,7620C74E-1616-5CF7-B130-32E3F2C50061,,,,,,,,,,
1773826869,0m 9.0s,9.0,51.17890000,-1.82620000,15.7,15.7,15.7,195.7,0.0,0.000,0.000,0.000,,0.000,,-5.369,,9.60,0.00,45.0,45.0,,Auto Takeoff,,,18,4,TRUE,,Mini 4 Pro,,,,,,FALSE,TRUE,,,,,,,,,,,,,,,,,,,,,,,,,,,,,,,,,,,,,,,,,,,,,,,,87.9,,,,8.163,,,,,,,12.276,,,,,,,,,,,,,,,,,,,,,,,,,,,,,,,,51.17890000,-1.82620000,0.0,,,,,,,,,,,,,,,,,,,,,,,,,,,,Mini 4 Pro,SYNEQZTKWBD84VGCB,CAM3SNAYZ67FMNFC6,RCS72UWNCB2X59YSD,BAT9SBRNFB47JEYZD,,,,,,,,Mini 4 Pro,SYNEQZTKWBD84VGCB,,,,DJI Fly,,1.13.5,7620C74E-1616-5CF7-B130-32E3F2C50061,,,,,,,,,,
1773826870,0m 10.0s,10.0,51.17890000,-1.82620000,23.6,23.6,23.6,203.6,0.0,0.000,0.000,0.000,,0.000,,-5.369,,9.60,0.00,45.0,45.0,,Auto Takeoff,,,18,4,TRUE,,Mini 4 Pro,,,,,,FALSE,TRUE,,,,,,,,,,,,,,,,,,,,,,,,,,,,,,,,,,,,,,,,,,,,,,,,87.9,,,,8.163,,,,,,,12.276,,,,,,,,,,,,,,,,,,,,,,,,,,,,,,,,51.17890000,-1.82620000,0.0,,,,,,,,,,,,,,,,,,,,,,,,,,,,Mini 4 Pro,SYNEQZTKWBD84VGCB,CAM3SNAYZ67FMNFC6,RCS72UWNCB2X59YSD,BAT9SBRNFB47JEYZD,,,,,,,,Mini 4 Pro,SYNEQZTKWBD84VGCB,,,,DJI Fly,,1.13.5,7620C74E-1616-5CF7-B130-32E3F2C50061,,,,,,,,,,
1773826871,0m 11.0s,11.0,51.17890000,-1.82620000,31.5,31.5,30.0,211.5,0.0,0.000,0.000,0.000,,0.000,,-5.369,,9.60,0.00,45.0,45.0,,Auto Takeoff,,,18,4,TRUE,,Mini 4 Pro,,,,,,FALSE,TRUE,,,,,,,,,,,,,,,,,,,,,,,,,,,,,,,,,,,,,,,,,,,,,,,,87.9,,,,8.162,,,,,,,12.276,,,,,,,,,,,,,,,,,,,,,,,,,,,,,,,,51.17890000,-1.82620000,0.0,,,,,,,,,,,,,,,,,,,,,,,,,,,,Mini 4 Pro,SYNEQZTKWBD84VGCB,CAM3SNAYZ67FMNFC6,RCS72UWNCB2X59YSD,BAT9SBRNFB47JEYZD,,,,,,,,Mini 4 Pro,SYNEQZTKWBD84VGCB,,,,DJI Fly,,1.13.5,7620C74E-1616-5CF7-B130-32E3F2C50061,,,,,,,,,,
1773826872,0m 12.0s,12.0,51.17890000,-1.82620000,39.4,39.4,30.0,219.4,0.0,0.000,0.000,0.000,,0.000,,-5.369,,9.60,0.00,45.0,45.0,,Auto Takeoff,,,18,4,TRUE,,Mini 4 Pro,,,,,,FALSE,TRUE,,,,,,,,,,,,,,,,,,,,,,,,,,,,,,,,,,,,,,,,,,,,,,,,87.9,,,,8.162,,,,,,,12.276,,,,,,,,,,,,,,,,,,,,,,,,,,,,,,,,51.17890000,-1.82620000,0.0,,,,,,,,,,,,,,,,,,,,,,,,,,,,Mini 4 Pro,SYNEQZTKWBD84VGCB,CAM3SNAYZ67FMNFC6,RCS72UWNCB2X59YSD,BAT9SBRNFB47JEYZD,,,,,,,,Mini 4 Pro,SYNEQZTKWBD84VGCB,,,,DJI Fly,,1.13.5,7620C74E-1616-5CF7-B130-32E3F2C50061,,,,,,,,,,
1773826873,0m 13.0s,13.0,51.17890000,-1.82620000,47.2,47.2,30.0,227.2,0.0,0.000,0.000,0.000,,0.000,,-5.369,,9.60,0.00,45.0,45.0,,Auto Takeoff,,,18,4,TRUE,,Mini 4 Pro,,,,,,FALSE,TRUE,,,,,,,,,,,,,,,,,,,,,,,,,,,,,,,,,,,,,,,,,,,,,,,,87.9,,,,8.162,,,,,,,12.276,,,,,,,,,,,,,,,,,,,,,,,,,,,,,,,,51.17890000,-1.82620000,0.0,,,,,,,,,,,,,,,,,,,,,,,,,,,,Mini 4 Pro,SYNEQZTKWBD84VGCB,CAM3SNAYZ67FMNFC6,RCS72UWNCB2X59YSD,BAT9SBRNFB47JEYZD,,,,,,,,Mini 4 Pro,SYNEQZTKWBD84VGCB,,,,DJI Fly,,1.13.5,7620C74E-1616-5CF7-B130-32E3F2C50061,,,,,,,,,,
1773826874,0m 14.0s,14.0,51.17890000,-1.82620000,55.1,55.1,30.0,235.1,0.0,0.000,0.000,0.000,,0.000,,-5.369,,9.60,0.00,45.0,45.0,,Auto Takeoff,,,18,4,TRUE,,Mini 4 Pro,,,,,,FALSE,TRUE,,,,,,,,,,,,,,,,,,,,,,,,,,,,,,,,,,,,,,,,,,,,,,,,87.9,,,,8.162,,,,,,,12.276,,,,,,,,,,,,,,,,,,,,,,,,,,,,,,,,51.17890000,-1.82620000,0.0,,,,,,,,,,,,,,,,,,,,,,,,,,,,Mini 4 Pro,SYNEQZTKWBD84VGCB,CAM3SNAYZ67FMNFC6,RCS72UWNCB2X59YSD,BAT9SBRNFB47JEYZD,,,,,,,,Mini 4 Pro,SYNEQZTKWBD84VGCB,,,,DJI Fly,,1.13.5,7620C74E-1616-5CF7-B130-32E3F2C50061,,,,,,,,,,
1773826875,0m 15.0s,15.0,51.17890000,-1.82620000,63.0,63.0,30.0,243.0,0.0,0.000,0.000,0.000,,0.000,,-5.369,,9.60,0.00,45.0,45.0,,Auto Takeoff,,,18,4,TRUE,,Mini 4 Pro,,,,,,FALSE,TRUE,,,,,,,,,,,,,,,,,,,,,,,,,,,,,,,,,,,,,,,,,,,,,,,,87.8,,,,8.161,,,,,,,12.276,,,,,,,,,,,,,,,,,,,,,,,,,,,,,,,,51.17890000,-1.82620000,0.0,,,,,,,,,,,,,,,,,,,,,,,,,,,,Mini 4 Pro,SYNEQZTKWBD84VGCB,CAM3SNAYZ67FMNFC6,RCS72UWNCB2X59YSD,BAT9SBRNFB47JEYZD,,,,,,,,Mini 4 Pro,SYNEQZTKWBD84VGCB,,,,DJI Fly,,1.13.5,7620C74E-1616-5CF7-B130-32E3F2C50061,,,,,,,,,,
1773826876,0m 16.0s,16.0,51.17890000,-1.82620000,70.9,70.9,30.0,250.9,0.0,0.000,0.000,0.000,,0.000,,-5.369,,9.60,0.00,45.0,45.0,,Auto Takeoff,,,18,4,TRUE,,Mini 4 Pro,,,,,,FALSE,TRUE,,,,,,,,,,,,,,,,,,,,,,,,,,,,,,,,,,,,,,,,,,,,,,,,87.8,,,,8.161,,,,,,,12.276,,,,,,,,,,,,,,,,,,,,,,,,,,,,,,,,51.17890000,-1.82620000,0.0,,,,,,,,,,,,,,,,,,,,,,,,,,,,Mini 4 Pro,SYNEQZTKWBD84VGCB,CAM3SNAYZ67FMNFC6,RCS72UWNCB2X59YSD,BAT9SBRNFB47JEYZD,,,,,,,,Mini 4 Pro,SYNEQZTKWBD84VGCB,,,,DJI Fly,,1.13.5,7620C74E-1616-5CF7-B130-32E3F2C50061,,,,,,,,,,
1773826877,0m 17.0s,17.0,51.17890000,-1.82620000,78.7,78.7,30.0,258.7,0.0,0.000,0.000,0.000,,0.000,,-5.369,,9.60,0.00,45.0,45.0,,Auto Takeoff,,,18,4,TRUE,,Mini 4 Pro,,,,,,FALSE,TRUE,,,,,,,,,,,,,,,,,,,,,,,,,,,,,,,,,,,,,,,,,,,,,,,,87.8,,,,8.161,,,,,,,12.276,,,,,,,,,,,,,,,,,,,,,,,,,,,,,,,,51.17890000,-1.82620000,0.0,,,,,,,,,,,,,,,,,,,,,,,,,,,,Mini 4 Pro,SYNEQZTKWBD84VGCB,CAM3SNAYZ67FMNFC6,RCS72UWNCB2X59YSD,BAT9SBRNFB47JEYZD,,,,,,,,Mini 4 Pro,SYNEQZTKWBD84VGCB,,,,DJI Fly,,1.13.5,7620C74E-1616-5CF7-B130-32E3F2C50061,,,,,,,,,,
1773826878,0m 18.0s,18.0,51.17890000,-1.82620000,86.6,86.6,30.0,266.6,0.0,0.000,0.000,0.000,,0.000,,-5.369,,9.60,0.00,45.0,45.0,,Auto Takeoff,,,18,4,TRUE,,Mini 4 Pro,,,,,,FALSE,TRUE,,,,,,,,,,,,,,,,,,,,,,,,,,,,,,,,,,,,,,,,,,,,,,,,87.8,,,,8.161,,,,,,,12.276,,,,,,,,,,,,,,,,,,,,,,,,,,,,,,,,51.17890000,-1.82620000,0.0,,,,,,,,,,,,,,,,,,,,,,,,,,,,Mini 4 Pro,SYNEQZTKWBD84VGCB,CAM3SNAYZ67FMNFC6,RCS72UWNCB2X59YSD,BAT9SBRNFB47JEYZD,,,,,,,,Mini 4 Pro,SYNEQZTKWBD84VGCB,,,,DJI Fly,,1.13.5,7620C74E-1616-5CF7-B130-32E3F2C50061,,,,,,,,,,
1773826879,0m 19.0s,19.0,51.17890000,-1.82620000,94.5,94.5,30.0,274.5,0.0,0.000,0.000,0.000,,0.000,,-5.369,,9.60,0.00,45.0,45.0,,Auto Takeoff,,,18,4,TRUE,,Mini 4 Pro,,,,,,FALSE,TRUE,,,,,,,,,,,,,,,,,,,,,,,,,,,,,,,,,,,,,,,,,,,,,,,,87.8,,,,8.161,,,,,,,12.276,,,,,,,,,,,,,,,,,,,,,,,,,,,,,,,,51.17890000,-1.82620000,0.0,,,,,,,,,,,,,,,,,,,,,,,,,,,,Mini 4 Pro,SYNEQZTKWBD84VGCB,CAM3SNAYZ67FMNFC6,RCS72UWNCB2X59YSD,BAT9SBRNFB47JEYZD,,,,,,,,Mini 4 Pro,SYNEQZTKWBD84VGCB,,,,DJI Fly,,1.13.5,7620C74E-1616-5CF7-B130-32E3F2C50061,,,,,,,,,,
1773826880,0m 20.0s,20.0,51.17890000,-1.82620000,102.4,102.4,30.0,282.4,0.0,0.000,0.000,0.000,,0.000,,-5.369,,9.60,0.00,45.0,45.0,,Auto Takeoff,,,18,4,TRUE,,Mini 4 Pro,,,,,,FALSE,TRUE,,,,,,,,,,,,,,,,,,,,,,,,,,,,,,,,,,,,,,,,,,,,,,,,87.8,,,,8.160,,,,,,,12.276,,,,,,,,,,,,,,,,,,,,,,,,,,,,,,,,51.17890000,-1.82620000,0.0,,,,,,,,,,,,,,,,,,,,,,,,,,,,Mini 4 Pro,SYNEQZTKWBD84VGCB,CAM3SNAYZ67FMNFC6,RCS72UWNCB2X59YSD,BAT9SBRNFB47JEYZD,,,,,,,,Mini 4 Pro,SYNEQZTKWBD84VGCB,,,,DJI Fly,,1.13.5,7620C74E-1616-5CF7-B130-32E3F2C50061,,,,,,,,,,
1773826881,0m 21.0s,21.0,51.17890000,-1.82620000,110.2,110.2,30.0,290.2,0.0,0.000,0.000,0.000,,0.000,,-5.369,,9.60,0.00,45.0,45.0,,Auto Takeoff,,,18,4,TRUE,,Mini 4 Pro,,,,,,FALSE,TRUE,,,,,,,,,,,,,,,,,,,,,,,,,,,,,,,,,,,,,,,,,,,,,,,,87.7,,,,8.160,,,,,,,12.276,,,,,,,,,,,,,,,,,,,,,,,,,,,,,,,,51.17890000,-1.82620000,0.0,,,,,,,,,,,,,,,,,,,,,,,,,,,,Mini 4 Pro,SYNEQZTKWBD84VGCB,CAM3SNAYZ67FMNFC6,RCS72UWNCB2X59YSD,BAT9SBRNFB47JEYZD,,,,,,,,Mini 4 Pro,SYNEQZTKWBD84VGCB,,,,DJI Fly,,1.13.5,7620C74E-1616-5CF7-B130-32E3F2C50061,,,,,,,,,,
1773826882,0m 22.0s,22.0,51.17890000,-1.82620000,118.1,118.1,30.0,298.1,0.0,0.000,0.000,0.000,,0.000,,-5.369,,9.60,0.00,45.0,45.0,,Auto Takeoff,,,18,4,TRUE,,Mini 4 Pro,,,,,,FALSE,TRUE,,,,,,,,,,,,,,,,,,,,,,,,,,,,,,,,,,,,,,,,,,,,,,,,87.7,,,,8.160,,,,,,,12.276,,,,,,,,,,,,,,,,,,,,,,,,,,,,,,,,51.17890000,-1.82620000,0.0,,,,,,,,,,,,,,,,,,,,,,,,,,,,Mini 4 Pro,SYNEQZTKWBD84VGCB,CAM3SNAYZ67FMNFC6,RCS72UWNCB2X59YSD,BAT9SBRNFB47JEYZD,,,,,,,,Mini 4 Pro,SYNEQZTKWBD84VGCB,,,,DJI Fly,,1.13.5,7620C74E-1616-5CF7-B130-32E3F2C50061,,,,,,,,,,
1773826883,0m 23.0s,23.0,51.17890000,-1.82620000,118.1,118.1,30.0,298.1,0.0,0.000,0.000,0.000,,0.000,,-0.000,,0.00,0.00,45.0,45.0,,Auto Takeoff,,,18,4,TRUE,,Mini 4 Pro,,,,,,FALSE,TRUE,,,,,,,,,,,,,,,,,,,,,,,,,,,,,,,,,,,,,,,,,,,,,,,,87.7,,,,8.160,,,,,,,4.596,,,,,,,,,,,,,,,,,,,,,,,,,,,,,,,,51.17890000,-1.82620000,0.0,,,,,,,,,,,,,,,,,,,,,,,,,,,,Mini 4 Pro,SYNEQZTKWBD84VGCB,CAM3SNAYZ67FMNFC6,RCS72UWNCB2X59YSD,BAT9SBRNFB47JEYZD,,,,,,,,Mini 4 Pro,SYNEQZTKWBD84VGCB,,,,DJI Fly,,1.13.5,7620C74E-1616-5CF7-B130-32E3F2C50061,,,,,,,,,,
1773826884,0m 24.0s,24.0,51.17890000,-1.82620000,118.1,118.1,30.0,298.1,0.0,0.000,0.000,0.000,,0.000,,-0.000,,0.00,0.00,45.0,45.0,,Auto Takeoff,,,18,4,TRUE,,Mini 4 Pro,,,,,,FALSE,TRUE,,,,,,,,,,,,,,,,,,,,,,,,,,,,,,,,,,,,,,,,,,,,,,,,87.7,,,,8.160,,,,,,,4.596,,,,,,,,,,,,,,,,,,,,,,,,,,,,,,,,51.17890000,-1.82620000,0.0,,,,,,,,,,,,,,,,,,,,,,,,,,,,Mini 4 Pro,SYNEQZTKWBD84VGCB,CAM3SNAYZ67FMNFC6,RCS72UWNCB2X59YSD,BAT9SBRNFB47JEYZD,,,,,,,,Mini 4 Pro,SYNEQZTKWBD84VGCB,,,,DJI Fly,,1.13.5,7620C74E-1616-5CF7-B130-32E3F2C50061,,,,,,,,,,
1773826885,0m 25.0s,25.0,51.17890000,-1.82620000,118.1,118.1,30.0,298.1,0.0,0.000,0.000,0.000,,0.000,,-0.000,,0.00,0.00,45.0,45.0,,Auto Takeoff,,,18,4,TRUE,,Mini 4 Pro,,,,,,FALSE,TRUE,,,,,,,,,,,,,,,,,,,,,,,,,,,,,,,,,,,,,,,,,,,,,,,,87.7,,,,8.160,,,,,,,4.596,,,,,,,,,,,,,,,,,,,,,,,,,,,,,,,,51.17890000,-1.82620000,0.0,,,,,,,,,,,,,,,,,,,,,,,,,,,,Mini 4 Pro,SYNEQZTKWBD84VGCB,CAM3SNAYZ67FMNFC6,RCS72UWNCB2X59YSD,BAT9SBRNFB47JEYZD,,,,,,,,Mini 4 Pro,SYNEQZTKWBD84VGCB,,,,DJI Fly,,1.13.5,7620C74E-1616-5CF7-B130-32E3F2C50061,,,,,,,,,,
1773826886,0m 26.0s,26.0,51.17890000,-1.82620000,118.1,118.1,30.0,298.1,0.0,0.000,0.000,0.000,,0.000,,-0.000,,0.00,0.00,45.0,45.0,,Auto Takeoff,,,18,4,TRUE,,Mini 4 Pro,,,,,,FALSE,TRUE,,,,,,,,,,,,,,,,,,,,,,,,,,,,,,,,,,,,,,,,,,,,,,,,87.7,,,,8.159,,,,,,,4.596,,,,,,,,,,,,,,,,,,,,,,,,,,,,,,,,51.17890000,-1.82620000,0.0,,,,,,,,,,,,,,,,,,,,,,,,,,,,Mini 4 Pro,SYNEQZTKWBD84VGCB,CAM3SNAYZ67FMNFC6,RCS72UWNCB2X59YSD,BAT9SBRNFB47JEYZD,,,,,,,,Mini 4 Pro,SYNEQZTKWBD84VGCB,,,,DJI Fly,,1.13.5,7620C74E-1616-5CF7-B130-32E3F2C50061,,,,,,,,,,
1773826887,0m 27.0s,27.0,51.17890000,-1.82620000,118.1,118.1,30.0,298.1,0.0,0.000,0.000,0.000,,0.000,,-0.000,,0.00,0.00,45.0,45.0,,Auto Takeoff,,,18,4,TRUE,,Mini 4 Pro,,,,,,FALSE,TRUE,,,,,,,,,,,,,,,,,,,,,,,,,,,,,,,,,,,,,,,,,,,,,,,,87.7,,,,8.159,,,,,,,4.596,,,,,,,,,,,,,,,,,,,,,,,,,,,,,,,,51.17890000,-1.82620000,0.0,,,,,,,,,,,,,,,,,,,,,,,,,,,,Mini 4 Pro,SYNEQZTKWBD84VGCB,CAM3SNAYZ67FMNFC6,RCS72UWNCB2X59YSD,BAT9SBRNFB47JEYZD,,,,,,,,Mini 4 Pro,SYNEQZTKWBD84VGCB,,,,DJI Fly,,1.13.5,7620C74E-1616-5CF7-B130-32E3F2C50061,,,,,,,,,,
1773826888,0m 28.0s,28.0,51.17890000,-1.82620000,118.1,118.1,30.0,298.1,0.0,0.000,0.000,0.000,,0.000,,-0.000,,0.00,0.00,45.0,45.0,,Auto Takeoff,,,18,4,TRUE,,Mini 4 Pro,,,,,,FALSE,TRUE,,,,,,,,,,,,,,,,,,,,,,,,,,,,,,,,,,,,,,,,,,,,,,,,87.7,,,,8.159,,,,,,,4.596,,,,,,,,,,,,,,,,,,,,,,,,,,,,,,,,51.17890000,-1.82620000,0.0,,,,,,,,,,,,,,,,,,,,,,,,,,,,Mini 4 Pro,SYNEQZTKWBD84VGCB,CAM3SNAYZ67FMNFC6,RCS72UWNCB2X59YSD,BAT9SBRNFB47JEYZD,,,,,,,,Mini 4 Pro,SYNEQZTKWBD84VGCB,,,,DJI Fly,,1.13.5,7620C74E-1616-5CF7-B130-32E3F2C50061,,,,,,,,,,
1773826889,0m 29.0s,29.0,51.17890000,-1.82620000,118.1,118.1,30.0,298.1,0.0,0.000,0.000,0.000,,0.000,,-0.000,,0.00,0.00,45.0,45.0,,Auto Takeoff,,,18,4,TRUE,,Mini 4 Pro,,,,,,FALSE,TRUE,,,,,,,,,,,,,,,,,,,,,,,,,,,,,,,,,,,,,,,,,,,,,,,,87.7,,,,8.159,,,,,,,4.596,,,,,,,,,,,,,,,,,,,,,,,,,,,,,,,,51.17890000,-1.82620000,0.0,,,,,,,,,,,,,,,,,,,,,,,,,,,,Mini 4 Pro,SYNEQZTKWBD84VGCB,CAM3SNAYZ67FMNFC6,RCS72UWNCB2X59YSD,BAT9SBRNFB47JEYZD,,,,,,,,Mini 4 Pro,SYNEQZTKWBD84VGCB,,,,DJI Fly,,1.13.5,7620C74E-1616-5CF7-B130-32E3F2C50061,,,,,,,,,,
1773826890,0m 30.0s,30.0,51.17893687,-1.82618693,118.1,118.1,30.0,298.1,13.8,9.395,9.395,9.171,,2.038,,-0.000,,1.47,-25.00,12.5,12.5,,P-GPS,,,18,4,TRUE,,Mini 4 Pro,,,,,,FALSE,TRUE,,,,,,,,,,,,,,,,,,,,,,,,,,,,,,,,,,,,,,,,,,,,,,,,87.7,,,,8.159,,,,,,,6.906,,,,,,,,,,,,,,,,,,,,,,,,,,,,,,,,51.17890000,-1.82620000,13.8,,,,,,,,,,,,,,,,,,,,,,,,,,,,Mini 4 Pro,SYNEQZTKWBD84VGCB,CAM3SNAYZ67FMNFC6,RCS72UWNCB2X59YSD,BAT9SBRNFB47JEYZD,,,,,,,,Mini 4 Pro,SYNEQZTKWBD84VGCB,,,,DJI Fly,,1.13.5,7620C74E-1616-5CF7-B130-32E3F2C50061,,,,,,,,,,
1773826891,0m 31.0s,31.0,51.17897374,-1.82617386,118.1,118.1,30.0,298.1,27.6,9.395,9.395,9.171,,2.038,,-0.000,,1.47,0.00,12.5,12.5,,P-GPS,,,18,4,TRUE,,Mini 4 Pro,,,,,,FALSE,TRUE,,,,,,,,,,,,,,,,,,,,,,,,,,,,,,,,,,,,,,,,,,,,,,,,87.7,,,,8.159,,,,,,,6.906,,,,,,,,,,,,,,,,,,,,,,,,,,,,,,,,51.17890000,-1.82620000,27.6,,,,,,,,,,,,,,,,,,,,,,,,,,,,Mini 4 Pro,SYNEQZTKWBD84VGCB,CAM3SNAYZ67FMNFC6,RCS72UWNCB2X59YSD,BAT9SBRNFB47JEYZD,,,,,,,,Mini 4 Pro,SYNEQZTKWBD84VGCB,,,,DJI Fly,,1.13.5,7620C74E-1616-5CF7-B130-32E3F2C50061,,,,,,,,,,
1773826892,0m 32.0s,32.0,51.17901062,-1.82616079,118.1,118.1,30.0,298.1,41.3,9.395,9.395,9.171,,2.038,,-0.000,,1.47,0.00,12.5,12.5,,P-GPS,,,18,4,TRUE,,Mini 4 Pro,,,,,,FALSE,TRUE,,,,,,,,,,,,,,,,,,,,,,,,,,,,,,,,,,,,,,,,,,,,,,,,87.7,,,,8.159,,,,,,,6.906,,,,,,,,,,,,,,,,,,,,,,,,,,,,,,,,51.17890000,-1.82620000,41.3,,,,,,,,,,,,,,,,,,,,,,,,,,,,Mini 4 Pro,SYNEQZTKWBD84VGCB,CAM3SNAYZ67FMNFC6,RCS72UWNCB2X59YSD,BAT9SBRNFB47JEYZD,,,,,,,,Mini 4 Pro,SYNEQZTKWBD84VGCB,,,,DJI Fly,,1.13.5,7620C74E-1616-5CF7-B130-32E3F2C50061,,,,,,,,,,
1773826893,0m 33.0s,33.0,51.17904749,-1.82614772,118.1,118.1,30.0,298.1,55.1,9.395,9.395,9.171,,2.038,,-0.000,,1.47,0.00,12.5,12.5,,P-GPS,,,18,4,TRUE,,Mini 4 Pro,,,,,,FALSE,TRUE,,,,,,,,,,,,,,,,,,,,,,,,,,,,,,,,,,,,,,,,,,,,,,,,87.7,,,,8.159,,,,,,,6.906,,,,,,,,,,,,,,,,,,,,,,,,,,,,,,,,51.17890000,-1.82620000,55.1,,,,,,,,,,,,,,,,,,,,,,,,,,,,Mini 4 Pro,SYNEQZTKWBD84VGCB,CAM3SNAYZ67FMNFC6,RCS72UWNCB2X59YSD,BAT9SBRNFB47JEYZD,,,,,,,,Mini 4 Pro,SYNEQZTKWBD84VGCB,,,,DJI Fly,,1.13.5,7620C74E-1616-5CF7-B130-32E3F2C50061,,,,,,,,,,
1773826894,0m 34.0s,34.0,51.17908436,-1.82613465,118.1,118.1,30.0,298.1,68.9,9.395,9.395,9.171,,2.038,,-0.000,,1.47,0.00,12.5,12.5,,P-GPS,,,18,4,TRUE,,Mini 4 Pro,,,,,,FALSE,TRUE,,,,,,,,,,,,,,,,,,,,,,,,,,,,,,,,,,,,,,,,,,,,,,,,87.6,,,,8.159,,,,,,,6.906,,,,,,,,,,,,,,,,,,,,,,,,,,,,,,,,51.17890000,-1.82620000,68.9,,,,,,,,,,,,,,,,,,,,,,,,,,,,Mini 4 Pro,SYNEQZTKWBD84VGCB,CAM3SNAYZ67FMNFC6,RCS72UWNCB2X59YSD,BAT9SBRNFB47JEYZD,,,,,,,,Mini 4 Pro,SYNEQZTKWBD84VGCB,,,,DJI Fly,,1.13.5,7620C74E-1616-5CF7-B130-32E3F2C50061,,,,,,,,,,
1773826895,0m 35.0s,35.0,51.17912123,-1.82612158,118.1,118.1,30.0,298.1,82.7,9.395,9.395,9.171,,2.038,,-0.000,,1.47,0.00,12.5,12.5,,P-GPS,,,18,4,TRUE,,Mini 4 Pro,,,,,,FALSE,TRUE,,,,,,,,,,,,,,,,,,,,,,,,,,,,,,,,,,,,,,,,,,,,,,,,87.6,,,,8.158,,,,,,,6.906,,,,,,,,,,,,,,,,,,,,,,,,,,,,,,,,51.17890000,-1.82620000,82.7,,,,,,,,,,,,,,,,,,,,,,,,,,,,Mini 4 Pro,SYNEQZTKWBD84VGCB,CAM3SNAYZ67FMNFC6,RCS72UWNCB2X59YSD,BAT9SBRNFB47JEYZD,,,,,,,,Mini 4 Pro,SYNEQZTKWBD84VGCB,,,,DJI Fly,,1.13.5,7620C74E-1616-5CF7-B130-32E3F2C50061,,,,,,,,,,
1773826896,0m 36.0s,36.0,51.17915810,-1.82610851,118.1,118.1,30.0,298.1,96.5,9.395,9.395,9.171,,2.038,,-0.000,,1.47,0.00,12.5,12.5,,P-GPS,,,18,4,TRUE,,Mini 4 Pro,,,,,,FALSE,TRUE,,,,,,,,,,,,,,,,,,,,,,,,,,,,,,,,,,,,,,,,,,,,,,,,87.6,,,,8.158,,,,,,,6.906,,,,,,,,,,,,,,,,,,,,,,,,,,,,,,,,51.17890000,-1.82620000,96.5,,,,,,,,,,,,,,,,,,,,,,,,,,,,Mini 4 Pro,SYNEQZTKWBD84VGCB,CAM3SNAYZ67FMNFC6,RCS72UWNCB2X59YSD,BAT9SBRNFB47JEYZD,,,,,,,,Mini 4 Pro,SYNEQZTKWBD84VGCB,,,,DJI Fly,,1.13.5,7620C74E-1616-5CF7-B130-32E3F2C50061,,,,,,,,,,
1773826897,0m 37.0s,37.0,51.17919498,-1.82609544,118.1,118.1,30.0,298.1,110.2,9.395,9.395,9.171,,2.038,,-0.000,,1.47,0.00,12.5,12.5,,P-GPS,,,18,4,TRUE,,Mini 4 Pro,,,,,,FALSE,TRUE,,,,,,,,,,,,,,,,,,,,,,,,,,,,,,,,,,,,,,,,,,,,,,,,87.6,,,,8.158,,,,,,,6.906,,,,,,,,,,,,,,,,,,,,,,,,,,,,,,,,51.17890000,-1.82620000,110.2,,,,,,,,,,,,,,,,,,,,,,,,,,,,Mini 4 Pro,SYNEQZTKWBD84VGCB,CAM3SNAYZ67FMNFC6,RCS72UWNCB2X59YSD,BAT9SBRNFB47JEYZD,,,,,,,,Mini 4 Pro,SYNEQZTKWBD84VGCB,,,,DJI Fly,,1.13.5,7620C74E-1616-5CF7-B130-32E3F2C50061,,,,,,,,,,
1773826898,0m 38.0s,38.0,51.17923185,-1.82608237,118.1,118.1,30.0,298.1,124.0,9.395,9.395,9.171,,2.038,,-0.000,,1.47,0.00,12.5,12.5,,P-GPS,,,18,4,TRUE,,Mini 4 Pro,,,,,,FALSE,TRUE,,,,,,,,,,,,,,,,,,,,,,,,,,,,,,,,,,,,,,,,,,,,,,,,87.6,,,,8.158,,,,,,,6.906,,,,,,,,,,,,,,,,,,,,,,,,,,,,,,,,51.17890000,-1.82620000,124.0,,,,,,,,,,,,,,,,,,,,,,,,,,,,Mini 4 Pro,SYNEQZTKWBD84VGCB,CAM3SNAYZ67FMNFC6,RCS72UWNCB2X59YSD,BAT9SBRNFB47JEYZD,,,,,,,,Mini 4 Pro,SYNEQZTKWBD84VGCB,,,,DJI Fly,,1.13.5,7620C74E-1616-5CF7-B130-32E3F2C50061,,,,,,,,,,
1773826899,0m 39.0s,39.0,51.17926872,-1.82606929,118.1,118.1,30.0,298.1,137.8,9.395,9.395,9.171,,2.038,,-0.000,,1.47,0.00,12.5,12.5,,P-GPS,,,18,4,TRUE,,Mini 4 Pro,,,,,,FALSE,TRUE,,,,,,,,,,,,,,,,,,,,,,,,,,,,,,,,,,,,,,,,,,,,,,,,87.6,,,,8.158,,,,,,,6.906,,,,,,,,,,,,,,,,,,,,,,,,,,,,,,,,51.17890000,-1.82620000,137.8,,,,,,,,,,,,,,,,,,,,,,,,,,,,Mini 4 Pro,SYNEQZTKWBD84VGCB,CAM3SNAYZ67FMNFC6,RCS72UWNCB2X59YSD,BAT9SBRNFB47JEYZD,,,,,,,,Mini 4 Pro,SYNEQZTKWBD84VGCB,,,,DJI Fly,,1.13.5,7620C74E-1616-5CF7-B130-32E3F2C50061,,,,,,,,,,
1773826900,0m 40.0s,40.0,51.17930559,-1.82605622,118.1,118.1,30.0,298.1,151.6,9.395,9.395,9.171,,2.038,,-0.000,,1.47,0.00,12.5,12.5,,P-GPS,,,18,4,TRUE,,Mini 4 Pro,,,,,,FALSE,TRUE,,,,,,,,,,,,,,,,,,,,,,,,,,,,,,,,,,,,,,,,,,,,,,,,87.6,,,,8.158,,,,,,,6.906,,,,,,,,,,,,,,,,,,,,,,,,,,,,,,,,51.17890000,-1.82620000,151.6,,,,,,,,,,,,,,,,,,,,,,,,,,,,Mini 4 Pro,SYNEQZTKWBD84VGCB,CAM3SNAYZ67FMNFC6,RCS72UWNCB2X59YSD,BAT9SBRNFB47JEYZD,,,,,,,,Mini 4 Pro,SYNEQZTKWBD84VGCB,,,,DJI Fly,,1.13.5,7620C74E-1616-5CF7-B130-32E3F2C50061,,,,,,,,,,
1773826901,0m 41.0s,41.0,51.17934246,-1.82604315,118.1,118.1,30.0,298.1,165.4,9.395,9.395,9.171,,2.038,,-0.000,,1.47,0.00,12.5,12.5,,P-GPS,,,18,4,TRUE,,Mini 4 Pro,,,,,,FALSE,TRUE,,,,,,,,,,,,,,,,,,,,,,,,,,,,,,,,,,,,,,,,,,,,,,,,87.6,,,,8.158,,,,,,,6.906,,,,,,,,,,,,,,,,,,,,,,,,,,,,,,,,51.17890000,-1.82620000,165.4,,,,,,,,,,,,,,,,,,,,,,,,,,,,Mini 4 Pro,SYNEQZTKWBD84VGCB,CAM3SNAYZ67FMNFC6,RCS72UWNCB2X59YSD,BAT9SBRNFB47JEYZD,,,,,,,,Mini 4 Pro,SYNEQZTKWBD84VGCB,,,,DJI Fly,,1.13.5,7620C74E-1616-5CF7-B130-32E3F2C50061,,,,,,,,,,
1773826902,0m 42.0s,42.0,51.17937934,-1.82603008,118.1,118.1,30.0,298.1,179.1,9.395,9.395,9.171,,2.038,,-0.000,,1.47,0.00,12.5,12.5,,P-GPS,,,18,4,TRUE,,Mini 4 Pro,,,,,,FALSE,TRUE,,,,,,,,,,,,,,,,,,,,,,,,,,,,,,,,,,,,,,,,,,,,,,,,87.6,,,,8.158,,,,,,,6.906,,,,,,,,,,,,,,,,,,,,,,,,,,,,,,,,51.17890000,-1.82620000,179.1,,,,,,,,,,,,,,,,,,,,,,,,,,,,Mini 4 Pro,SYNEQZTKWBD84VGCB,CAM3SNAYZ67FMNFC6,RCS72UWNCB2X59YSD,BAT9SBRNFB47JEYZD,,,,,,,,Mini 4 Pro,SYNEQZTKWBD84VGCB,,,,DJI Fly,,1.13.5,7620C74E-1616-5CF7-B130-32E3F2C50061,,,,,,,,,,
1773826903,0m 43.0s,43.0,51.17941621,-1.82601701,118.1,118.1,30.0,298.1,192.9,9.395,9.395,9.171,,2.038,,-0.000,,1.47,0.00,12.5,12.5,,P-GPS,,,18,4,TRUE,,Mini 4 Pro,,,,,,FALSE,TRUE,,,,,,,,,,,,,,,,,,,,,,,,,,,,,,,,,,,,,,,,,,,,,,,,87.6,,,,8.157,,,,,,,6.906,,,,,,,,,,,,,,,,,,,,,,,,,,,,,,,,51.17890000,-1.82620000,192.9,,,,,,,,,,,,,,,,,,,,,,,,,,,,Mini 4 Pro,SYNEQZTKWBD84VGCB,CAM3SNAYZ67FMNFC6,RCS72UWNCB2X59YSD,BAT9SBRNFB47JEYZD,,,,,,,,Mini 4 Pro,SYNEQZTKWBD84VGCB,,,,DJI Fly,,1.13.5,7620C74E-1616-5CF7-B130-32E3F2C50061,,,,,,,,,,
1773826904,0m 44.0s,44.0,51.17945308,-1.82600394,118.1,118.1,30.0,298.1,206.7,9.395,9.395,9.171,,2.038,,-0.000,,1.47,0.00,12.5,12.5,,P-GPS,,,18,4,TRUE,,Mini 4 Pro,,,,,,FALSE,TRUE,,,,,,,,,,,,,,,,,,,,,,,,,,,,,,,,,,,,,,,,,,,,,,,,87.6,,,,8.157,,,,,,,6.906,,,,,,,,,,,,,,,,,,,,,,,,,,,,,,,,51.17890000,-1.82620000,206.7,,,,,,,,,,,,,,,,,,,,,,,,,,,,Mini 4 Pro,SYNEQZTKWBD84VGCB,CAM3SNAYZ67FMNFC6,RCS72UWNCB2X59YSD,BAT9SBRNFB47JEYZD,,,,,,,,Mini 4 Pro,SYNEQZTKWBD84VGCB,,,,DJI Fly,,1.13.5,7620C74E-1616-5CF7-B130-32E3F2C50061,,,,,,,,,,
1773826905,0m 45.0s,45.0,51.17948995,-1.82599087,118.1,118.1,30.0,298.1,220.5,9.395,9.395,9.171,,2.038,,-0.000,,1.47,0.00,12.5,12.5,,P-GPS,,,18,4,TRUE,,Mini 4 Pro,,,,,,FALSE,TRUE,,,,,,,,,,,,,,,,,,,,,,,,,,,,,,,,,,,,,,,,,,,,,,,,87.6,,,,8.157,,,,,,,6.906,,,,,,,,,,,,,,,,,,,,,,,,,,,,,,,,51.17890000,-1.82620000,220.5,,,,,,,,,,,,,,,,,,,,,,,,,,,,Mini 4 Pro,SYNEQZTKWBD84VGCB,CAM3SNAYZ67FMNFC6,RCS72UWNCB2X59YSD,BAT9SBRNFB47JEYZD,,,,,,,,Mini 4 Pro,SYNEQZTKWBD84VGCB,,,,DJI Fly,,1.13.5,7620C74E-1616-5CF7-B130-32E3F2C50061,,,,,,,,,,
1773826906,0m 46.0s,46.0,51.17952682,-1.82597780,118.1,118.1,30.0,298.1,234.3,9.395,9.395,9.171,,2.038,,-0.000,,1.47,0.00,12.5,12.5,,P-GPS,,,18,4,TRUE,,Mini 4 Pro,,,,,,FALSE,TRUE,,,,,,,,,,,,,,,,,,,,,,,,,,,,,,,,,,,,,,,,,,,,,,,,87.5,,,,8.157,,,,,,,6.906,,,,,,,,,,,,,,,,,,,,,,,,,,,,,,,,51.17890000,-1.82620000,234.3,,,,,,,,,,,,,,,,,,,,,,,,,,,,Mini 4 Pro,SYNEQZTKWBD84VGCB,CAM3SNAYZ67FMNFC6,RCS72UWNCB2X59YSD,BAT9SBRNFB47JEYZD,,,,,,,,Mini 4 Pro,SYNEQZTKWBD84VGCB,,,,DJI Fly,,1.13.5,7620C74E-1616-5CF7-B130-32E3F2C50061,,,,,,,,,,
1773826907,0m 47.0s,47.0,51.17956370,-1.82596473,118.1,118.1,30.0,298.1,248.0,9.395,9.395,9.171,,2.038,,-0.000,,1.47,0.00,12.5,12.5,,P-GPS,,,18,4,TRUE,,Mini 4 Pro,,,,,,FALSE,TRUE,,,,,,,,,,,,,,,,,,,,,,,,,,,,,,,,,,,,,,,,,,,,,,,,87.5,,,,8.157,,,,,,,6.906,,,,,,,,,,,,,,,,,,,,,,,,,,,,,,,,51.17890000,-1.82620000,248.0,,,,,,,,,,,,,,,,,,,,,,,,,,,,Mini 4 Pro,SYNEQZTKWBD84VGCB,CAM3SNAYZ67FMNFC6,RCS72UWNCB2X59YSD,BAT9SBRNFB47JEYZD,,,,,,,,Mini 4 Pro,SYNEQZTKWBD84VGCB,,,,DJI Fly,,1.13.5,7620C74E-1616-5CF7-B130-32E3F2C50061,,,,,,,,,,
1773826908,0m 48.0s,48.0,51.17960057,-1.82595166,118.1,118.1,30.0,298.1,261.8,9.395,9.395,9.171,,2.038,,-0.000,,1.47,0.00,12.5,12.5,,P-GPS,,,18,4,TRUE,,Mini 4 Pro,,,,,,FALSE,TRUE,,,,,,,,,,,,,,,,,,,,,,,,,,,,,,,,,,,,,,,,,,,,,,,,87.5,,,,8.157,,,,,,,6.906,,,,,,,,,,,,,,,,,,,,,,,,,,,,,,,,51.17890000,-1.82620000,261.8,,,,,,,,,,,,,,,,,,,,,,,,,,,,Mini 4 Pro,SYNEQZTKWBD84VGCB,CAM3SNAYZ67FMNFC6,RCS72UWNCB2X59YSD,BAT9SBRNFB47JEYZD,,,,,,,,Mini 4 Pro,SYNEQZTKWBD84VGCB,,,,DJI Fly,,1.13.5,7620C74E-1616-5CF7-B130-32E3F2C50061,,,,,,,,,,
1773826909,0m 49.0s,49.0,51.17963744,-1.82593859,118.1,118.1,30.0,298.1,275.6,9.395,9.395,9.171,,2.038,,-0.000,,1.47,0.00,12.5,12.5,,P-GPS,,,18,4,TRUE,,Mini 4 Pro,,,,,,FALSE,TRUE,,,,,,,,,,,,,,,,,,,,,,,,,,,,,,,,,,,,,,,,,,,,,,,,87.5,,,,8.157,,,,,,,6.906,,,,,,,,,,,,,,,,,,,,,,,,,,,,,,,,51.17890000,-1.82620000,275.6,,,,,,,,,,,,,,,,,,,,,,,,,,,,Mini 4 Pro,SYNEQZTKWBD84VGCB,CAM3SNAYZ67FMNFC6,RCS72UWNCB2X59YSD,BAT9SBRNFB47JEYZD,,,,,,,,Mini 4 Pro,SYNEQZTKWBD84VGCB,,,,DJI Fly,,1.13.5,7620C74E-1616-5CF7-B130-32E3F2C50061,,,,,,,,,,
1773826910,0m 50.0s,50.0,51.17967431,-1.82592552,118.1,118.1,30.0,298.1,289.4,9.395,9.395,9.171,,2.038,,-0.000,,1.47,0.00,12.5,12.5,,P-GPS,,,18,4,TRUE,,Mini 4 Pro,,,,,,FALSE,TRUE,,,,,,,,,,,,,,,,,,,,,,,,,,,,,,,,,,,,,,,,,,,,,,,,87.5,,,,8.156,,,,,,,6.906,,,,,,,,,,,,,,,,,,,,,,,,,,,,,,,,51.17890000,-1.82620000,289.4,,,,,,,,,,,,,,,,,,,,,,,,,,,,Mini 4 Pro,SYNEQZTKWBD84VGCB,CAM3SNAYZ67FMNFC6,RCS72UWNCB2X59YSD,BAT9SBRNFB47JEYZD,,,,,,,,Mini 4 Pro,SYNEQZTKWBD84VGCB,,,,DJI Fly,,1.13.5,7620C74E-1616-5CF7-B130-32E3F2C50061,,,,,,,,,,
1773826911,0m 51.0s,51.0,51.17970939,-1.82591309,118.1,118.1,30.0,298.1,302.5,8.938,9.395,8.725,,1.939,,-0.000,,1.40,0.00,12.5,12.5,,P-GPS,,,18,4,TRUE,,Mini 4 Pro,,,,,,FALSE,TRUE,,,,,,,,,,,,,,,,,,,,,,,,,,,,,,,,,,,,,,,,,,,,,,,,87.5,,,,8.156,,,,,,,6.793,,,,,,,,,,,,,,,,,,,,,,,,,,,,,,,,51.17890000,-1.82620000,302.5,,,,,,,,,,,,,,,,,,,,,,,,,,,,Mini 4 Pro,SYNEQZTKWBD84VGCB,CAM3SNAYZ67FMNFC6,RCS72UWNCB2X59YSD,BAT9SBRNFB47JEYZD,,,,,,,,Mini 4 Pro,SYNEQZTKWBD84VGCB,,,,DJI Fly,,1.13.5,7620C74E-1616-5CF7-B130-32E3F2C50061,,,,,,,,,,
1773826912,0m 52.0s,52.0,51.17970939,-1.82591309,118.1,118.1,30.0,298.1,302.5,0.000,9.395,0.000,,0.000,,-0.000,,0.00,0.00,12.5,12.5,,P-GPS,,,18,4,TRUE,,Mini 4 Pro,,,,,,FALSE,TRUE,,,,,,,,,,,,,,,,,,,,,,,,,,,,,,,,,,,,,,,,,,,,,,,,87.5,,,,8.156,,,,,,,4.596,,,,,,,,,,,,,,,,,,,,,,,,,,,,,,,,51.17890000,-1.82620000,302.5,,,,,,,,,,,,,,,,,,,,,,,,,,,,Mini 4 Pro,SYNEQZTKWBD84VGCB,CAM3SNAYZ67FMNFC6,RCS72UWNCB2X59YSD,BAT9SBRNFB47JEYZD,,,,,,,,Mini 4 Pro,SYNEQZTKWBD84VGCB,,,,DJI Fly,,1.13.5,7620C74E-1616-5CF7-B130-32E3F2C50061,,,,,,,,,,
1773826913,0m 53.0s,53.0,51.17970939,-1.82591309,118.1,118.1,30.0,298.1,302.5,0.000,9.395,0.000,,0.000,,-0.000,,0.00,0.00,12.5,12.5,,P-GPS,,,18,4,TRUE,,Mini 4 Pro,,,,,,FALSE,TRUE,,,,,,,,,,,,,,,,,,,,,,,,,,,,,,,,,,,,,,,,,,,,,,,,87.5,,,,8.156,,,,,,,4.596,,,,,,,,,,,,,,,,,,,,,,,,,,,,,,,,51.17890000,-1.82620000,302.5,,,,,,,,,,,,,,,,,,,,,,,,,,,,Mini 4 Pro,SYNEQZTKWBD84VGCB,CAM3SNAYZ67FMNFC6,RCS72UWNCB2X59YSD,BAT9SBRNFB47JEYZD,,,,,,,,Mini 4 Pro,SYNEQZTKWBD84VGCB,,,,DJI Fly,,1.13.5,7620C74E-1616-5CF7-B130-32E3F2C50061,,,,,,,,,,
1773826914,0m 54.0s,54.0,51.17970939,-1.82591309,118.1,118.1,30.0,298.1,302.5,0.000,9.395,0.000,,0.000,,-0.000,,0.00,0.00,12.5,12.5,,P-GPS,,,18,4,TRUE,,Mini 4 Pro,,,,,,FALSE,TRUE,,,,,,,,,,,,,,,,,,,,,,,,,,,,,,,,,,,,,,,,,,,,,,,,87.5,,,,8.156,,,,,,,4.596,,,,,,,,,,,,,,,,,,,,,,,,,,,,,,,,51.17890000,-1.82620000,302.5,,,,,,,,,,,,,,,,,,,,,,,,,,,,Mini 4 Pro,SYNEQZTKWBD84VGCB,CAM3SNAYZ67FMNFC6,RCS72UWNCB2X59YSD,BAT9SBRNFB47JEYZD,,,,,,,,Mini 4 Pro,SYNEQZTKWBD84VGCB,,,,DJI Fly,,1.13.5,7620C74E-1616-5CF7-B130-32E3F2C50061,,,,,,,,,,
1773826915,0m 55.0s,55.0,51.17970939,-1.82591309,118.1,118.1,30.0,298.1,302.5,0.000,9.395,0.000,,0.000,,-0.000,,0.00,0.00,12.5,12.5,,P-GPS,,,18,4,TRUE,,Mini 4 Pro,,,,,,FALSE,TRUE,,,,,,,,,,,,,,,,,,,,,,,,,,,,,,,,,,,,,,,,,,,,,,,,87.5,,,,8.156,,,,,,,4.596,,,,,,,,,,,,,,,,,,,,,,,,,,,,,,,,51.17890000,-1.82620000,302.5,,,,,,,,,,,,,,,,,,,,,,,,,,,,Mini 4 Pro,SYNEQZTKWBD84VGCB,CAM3SNAYZ67FMNFC6,RCS72UWNCB2X59YSD,BAT9SBRNFB47JEYZD,,,,,,,,Mini 4 Pro,SYNEQZTKWBD84VGCB,,,,DJI Fly,,1.13.5,7620C74E-1616-5CF7-B130-32E3F2C50061,,,,,,,,,,
1773826916,0m 56.0s,56.0,51.17970939,-1.82591309,118.1,118.1,30.0,298.1,302.5,0.000,9.395,0.000,,0.000,,-0.000,,0.00,0.00,12.5,12.5,,P-GPS,,,18,4,TRUE,,Mini 4 Pro,,,,,,FALSE,TRUE,,,,,,,,,,,,,,,,,,,,,,,,,,,,,,,,,,,,,,,,,,,,,,,,87.5,,,,8.156,,,,,,,4.596,,,,,,,,,,,,,,,,,,,,,,,,,,,,,,,,51.17890000,-1.82620000,302.5,,,,,,,,,,,,,,,,,,,,,,,,,,,,Mini 4 Pro,SYNEQZTKWBD84VGCB,CAM3SNAYZ67FMNFC6,RCS72UWNCB2X59YSD,BAT9SBRNFB47JEYZD,,,,,,,,Mini 4 Pro,SYNEQZTKWBD84VGCB,,,,DJI Fly,,1.13.5,7620C74E-1616-5CF7-B130-32E3F2C50061,,,,,,,,,,
1773826917,0m 57.0s,57.0,51.17970939,-1.82591309,118.1,118.1,30.0,298.1,302.5,0.000,9.395,0.000,,0.000,,-0.000,,0.00,0.00,12.5,12.5,,P-GPS,,,18,4,TRUE,,Mini 4 Pro,,,,,,FALSE,TRUE,,,,,,,,,,,,,,,,,,,,,,,,,,,,,,,,,,,,,,,,,,,,,,,,87.5,,,,8.156,,,,,,,4.596,,,,,,,,,,,,,,,,,,,,,,,,,,,,,,,,51.17890000,-1.82620000,302.5,,,,,,,,,,,,,,,,,,,,,,,,,,,,Mini 4 Pro,SYNEQZTKWBD84VGCB,CAM3SNAYZ67FMNFC6,RCS72UWNCB2X59YSD,BAT9SBRNFB47JEYZD,,,,,,,,Mini 4 Pro,SYNEQZTKWBD84VGCB,,,,DJI Fly,,1.13.5,7620C74E-1616-5CF7-B130-32E3F2C50061,,,,,,,,,,
1773826918,0m 58.0s,58.0,51.17970939,-1.82591309,118.1,118.1,30.0,298.1,302.5,0.000,9.395,0.000,,0.000,,-0.000,,0.00,0.00,12.5,12.5,,P-GPS,,,18,4,TRUE,,Mini 4 Pro,,,,,,FALSE,TRUE,,,,,,,,,,,,,,,,,,,,,,,,,,,,,,,,,,,,,,,,,,,,,,,,87.5,,,,8.156,,,,,,,4.596,,,,,,,,,,,,,,,,,,,,,,,,,,,,,,,,51.17890000,-1.82620000,302.5,,,,,,,,,,,,,,,,,,,,,,,,,,,,Mini 4 Pro,SYNEQZTKWBD84VGCB,CAM3SNAYZ67FMNFC6,RCS72UWNCB2X59YSD,BAT9SBRNFB47JEYZD,,,,,,,,Mini 4 Pro,SYNEQZTKWBD84VGCB,,,,DJI Fly,,1.13.5,7620C74E-1616-5CF7-B130-32E3F2C50061,,,,,,,,,,
1773826919,0m 59.0s,59.0,51.17970939,-1.82591309,118.1,118.1,30.0,298.1,302.5,0.000,9.395,0.000,,0.000,,-0.000,,0.00,0.00,12.5,12.5,,P-GPS,,,18,4,TRUE,,Mini 4 Pro,,,,,,FALSE,TRUE,,,,,,,,,,,,,,,,,,,,,,,,,,,,,,,,,,,,,,,,,,,,,,,,87.5,,,,8.156,,,,,,,4.596,,,,,,,,,,,,,,,,,,,,,,,,,,,,,,,,51.17890000,-1.82620000,302.5,,,,,,,,,,,,,,,,,,,,,,,,,,,,Mini 4 Pro,SYNEQZTKWBD84VGCB,CAM3SNAYZ67FMNFC6,RCS72UWNCB2X59YSD,BAT9SBRNFB47JEYZD,,,,,,,,Mini 4 Pro,SYNEQZTKWBD84VGCB,,,,DJI Fly,,1.13.5,7620C74E-1616-5CF7-B130-32E3F2C50061,,,,,,,,,,
1773826920,1m 0.0s,60.0,51.17970939,-1.82591309,118.1,118.1,30.0,298.1,302.5,0.000,9.395,0.000,,0.000,,-0.000,,0.00,0.00,12.5,12.5,,P-GPS,,,18,4,TRUE,,Mini 4 Pro,,,,,,FALSE,TRUE,,,,,,,,,,,,,,,,,,,,,,,,,,,,,,,,,,,,,,,,,,,,,,,,87.5,,,,8.156,,,,,,,4.596,,,,,,,,,,,,,,,,,,,,,,,,,,,,,,,,51.17890000,-1.82620000,302.5,,,,,,,,,,,,,,,,,,,,,,,,,,,,Mini 4 Pro,SYNEQZTKWBD84VGCB,CAM3SNAYZ67FMNFC6,RCS72UWNCB2X59YSD,BAT9SBRNFB47JEYZD,,,,,,,,Mini 4 Pro,SYNEQZTKWBD84VGCB,,,,DJI Fly,,1.13.5,7620C74E-1616-5CF7-B130-32E3F2C50061,,,,,,,,,,
1773826921,1m 1.0s,61.0,51.17970939,-1.82591309,118.1,118.1,30.0,298.1,302.5,0.000,9.395,0.000,,0.000,,-0.000,,0.00,0.00,12.5,12.5,,P-GPS,,,18,4,TRUE,,Mini 4 Pro,,,,,,FALSE,TRUE,,,,,,,,,,,,,,,,,,,,,,,,,,,,,,,,,,,,,,,,,,,,,,,,87.4,,,,8.155,,,,,,,4.596,,,,,,,,,,,,,,,,,,,,,,,,,,,,,,,,51.17890000,-1.82620000,302.5,,,,,,,,,,,,,,,,,,,,,,,,,,,,Mini 4 Pro,SYNEQZTKWBD84VGCB,CAM3SNAYZ67FMNFC6,RCS72UWNCB2X59YSD,BAT9SBRNFB47JEYZD,,,,,,,,Mini 4 Pro,SYNEQZTKWBD84VGCB,,,,DJI Fly,,1.13.5,7620C74E-1616-5CF7-B130-32E3F2C50061,,,,,,,,,,
1773826922,1m 2.0s,62.0,51.17970939,-1.82591309,118.1,118.1,30.0,298.1,302.5,0.000,9.395,0.000,,0.000,,-0.000,,0.00,0.00,12.5,12.5,,P-GPS,,,18,4,TRUE,,Mini 4 Pro,,,,,,FALSE,TRUE,,,,,,,,,,,,,,,,,,,,,,,,,,,,,,,,,,,,,,,,,,,,,,,,87.4,,,,8.155,,,,,,,4.596,,,,,,,,,,,,,,,,,,,,,,,,,,,,,,,,51.17890000,-1.82620000,302.5,,,,,,,,,,,,,,,,,,,,,,,,,,,,Mini 4 Pro,SYNEQZTKWBD84VGCB,CAM3SNAYZ67FMNFC6,RCS72UWNCB2X59YSD,BAT9SBRNFB47JEYZD,,,,,,,,Mini 4 Pro,SYNEQZTKWBD84VGCB,,,,DJI Fly,,1.13.5,7620C74E-1616-5CF7-B130-32E3F2C50061,,,,,,,,,,
1773826923,1m 3.0s,63.0,51.17970939,-1.82591309,118.1,118.1,30.0,298.1,302.5,0.000,9.395,0.000,,0.000,,-0.000,,0.00,0.00,12.5,12.5,,P-GPS,,,18,4,TRUE,,Mini 4 Pro,,,,,,FALSE,TRUE,,,,,,,,,,,,,,,,,,,,,,,,,,,,,,,,,,,,,,,,,,,,,,,,87.4,,,,8.155,,,,,,,4.596,,,,,,,,,,,,,,,,,,,,,,,,,,,,,,,,51.17890000,-1.82620000,302.5,,,,,,,,,,,,,,,,,,,,,,,,,,,,Mini 4 Pro,SYNEQZTKWBD84VGCB,CAM3SNAYZ67FMNFC6,RCS72UWNCB2X59YSD,BAT9SBRNFB47JEYZD,,,,,,,,Mini 4 Pro,SYNEQZTKWBD84VGCB,,,,DJI Fly,,1.13.5,7620C74E-1616-5CF7-B130-32E3F2C50061,,,,,,,,,,
1773826924,1m 4.0s,64.0,51.17970939,-1.82591309,118.1,118.1,30.0,298.1,302.5,0.000,9.395,0.000,,0.000,,-0.000,,0.00,0.00,12.5,12.5,,P-GPS,,,18,4,TRUE,,Mini 4 Pro,,,,,,FALSE,TRUE,,,,,,,,,,,,,,,,,,,,,,,,,,,,,,,,,,,,,,,,,,,,,,,,87.4,,,,8.155,,,,,,,4.596,,,,,,,,,,,,,,,,,,,,,,,,,,,,,,,,51.17890000,-1.82620000,302.5,,,,,,,,,,,,,,,,,,,,,,,,,,,,Mini 4 Pro,SYNEQZTKWBD84VGCB,CAM3SNAYZ67FMNFC6,RCS72UWNCB2X59YSD,BAT9SBRNFB47JEYZD,,,,,,,,Mini 4 Pro,SYNEQZTKWBD84VGCB,,,,DJI Fly,,1.13.5,7620C74E-1616-5CF7-B130-32E3F2C50061,,,,,,,,,,
1773826925,1m 5.0s,65.0,51.17970939,-1.82591309,118.1,118.1,30.0,298.1,302.5,0.000,9.395,0.000,,0.000,,-0.000,,0.00,0.00,12.5,12.5,,P-GPS,,,18,4,TRUE,,Mini 4 Pro,,,,,,FALSE,TRUE,,,,,,,,,,,,,,,,,,,,,,,,,,,,,,,,,,,,,,,,,,,,,,,,87.4,,,,8.155,,,,,,,4.596,,,,,,,,,,,,,,,,,,,,,,,,,,,,,,,,51.17890000,-1.82620000,302.5,,,,,,,,,,,,,,,,,,,,,,,,,,,,Mini 4 Pro,SYNEQZTKWBD84VGCB,CAM3SNAYZ67FMNFC6,RCS72UWNCB2X59YSD,BAT9SBRNFB47JEYZD,,,,,,,,Mini 4 Pro,SYNEQZTKWBD84VGCB,,,,DJI Fly,,1.13.5,7620C74E-1616-5CF7-B130-32E3F2C50061,,,,,,,,,,
1773826926,1m 6.0s,66.0,51.17970939,-1.82591309,118.1,118.1,30.0,298.1,302.5,0.000,9.395,0.000,,0.000,,-0.000,,0.00,0.00,12.5,12.5,,P-GPS,,,18,4,TRUE,,Mini 4 Pro,,,,,,FALSE,TRUE,,,,,,,,,,,,,,,,,,,,,,,,,,,,,,,,,,,,,,,,,,,,,,,,87.4,,,,8.155,,,,,,,4.596,,,,,,,,,,,,,,,,,,,,,,,,,,,,,,,,51.17890000,-1.82620000,302.5,,,,,,,,,,,,,,,,,,,,,,,,,,,,Mini 4 Pro,SYNEQZTKWBD84VGCB,CAM3SNAYZ67FMNFC6,RCS72UWNCB2X59YSD,BAT9SBRNFB47JEYZD,,,,,,,,Mini 4 Pro,SYNEQZTKWBD84VGCB,,,,DJI Fly,,1.13.5,7620C74E-1616-5CF7-B130-32E3F2C50061,,,,,,,,,,
1773826927,1m 7.0s,67.0,51.17970939,-1.82591309,118.1,118.1,30.0,298.1,302.5,0.000,9.395,0.000,,0.000,,-0.000,,0.00,0.00,12.5,12.5,,P-GPS,,,18,4,TRUE,,Mini 4 Pro,,,,,,FALSE,TRUE,,,,,,,,,,,,,,,,,,,,,,,,,,,,,,,,,,,,,,,,,,,,,,,,87.4,,,,8.155,,,,,,,4.596,,,,,,,,,,,,,,,,,,,,,,,,,,,,,,,,51.17890000,-1.82620000,302.5,,,,,,,,,,,,,,,,,,,,,,,,,,,,Mini 4 Pro,SYNEQZTKWBD84VGCB,CAM3SNAYZ67FMNFC6,RCS72UWNCB2X59YSD,BAT9SBRNFB47JEYZD,,,,,,,,Mini 4 Pro,SYNEQZTKWBD84VGCB,,,,DJI Fly,,1.13.5,7620C74E-1616-5CF7-B130-32E3F2C50061,,,,,,,,,,
1773826928,1m 8.0s,68.0,51.17970939,-1.82591309,118.1,118.1,30.0,298.1,302.5,0.000,9.395,0.000,,0.000,,-0.000,,0.00,0.00,12.5,12.5,,P-GPS,,,18,4,TRUE,,Mini 4 Pro,,,,,,FALSE,TRUE,,,,,,,,,,,,,,,,,,,,,,,,,,,,,,,,,,,,,,,,,,,,,,,,87.4,,,,8.155,,,,,,,4.596,,,,,,,,,,,,,,,,,,,,,,,,,,,,,,,,51.17890000,-1.82620000,302.5,,,,,,,,,,,,,,,,,,,,,,,,,,,,Mini 4 Pro,SYNEQZTKWBD84VGCB,CAM3SNAYZ67FMNFC6,RCS72UWNCB2X59YSD,BAT9SBRNFB47JEYZD,,,,,,,,Mini 4 Pro,SYNEQZTKWBD84VGCB,,,,DJI Fly,,1.13.5,7620C74E-1616-5CF7-B130-32E3F2C50061,,,,,,,,,,
1773826929,1m 9.0s,69.0,51.17970939,-1.82591309,118.1,118.1,30.0,298.1,302.5,0.000,9.395,0.000,,0.000,,-0.000,,0.00,0.00,12.5,12.5,,P-GPS,,,18,4,TRUE,,Mini 4 Pro,,,,,,FALSE,TRUE,,,,,,,,,,,,,,,,,,,,,,,,,,,,,,,,,,,,,,,,,,,,,,,,87.4,,,,8.155,,,,,,,4.596,,,,,,,,,,,,,,,,,,,,,,,,,,,,,,,,51.17890000,-1.82620000,302.5,,,,,,,,,,,,,,,,,,,,,,,,,,,,Mini 4 Pro,SYNEQZTKWBD84VGCB,CAM3SNAYZ67FMNFC6,RCS72UWNCB2X59YSD,BAT9SBRNFB47JEYZD,,,,,,,,Mini 4 Pro,SYNEQZTKWBD84VGCB,,,,DJI Fly,,1.13.5,7620C74E-1616-5CF7-B130-32E3F2C50061,,,,,,,,,,
1773826930,1m 10.0s,70.0,51.17970939,-1.82585570,124.0,124.0,30.0,304.0,315.6,8.948,9.395,0.000,,8.948,,-4.026,,8.60,25.00,90.0,90.0,,P-GPS,,,18,4,TRUE,,Mini 4 Pro,,,,,,FALSE,TRUE,,,,,,,,,,,,,,,,,,,,,,,,,,,,,,,,,,,,,,,,,,,,,,,,87.4,,,,8.155,,,,,,,12.556,,,,,,,,,,,,,,,,,,,,,,,,,,,,,,,,51.17890000,-1.82620000,305.6,,,,,,,,,,,,,,,,,,,,,,,,,,,,Mini 4 Pro,SYNEQZTKWBD84VGCB,CAM3SNAYZ67FMNFC6,RCS72UWNCB2X59YSD,BAT9SBRNFB47JEYZD,,,,,,,,Mini 4 Pro,SYNEQZTKWBD84VGCB,,,,DJI Fly,,1.13.5,7620C74E-1616-5CF7-B130-32E3F2C50061,,,,,,,,,,
1773826931,1m 11.0s,71.0,51.17970939,-1.82579832,124.7,124.7,30.0,304.7,328.7,8.948,9.395,0.000,,8.948,,-0.447,,2.20,0.00,90.0,90.0,,P-GPS,,,18,4,TRUE,,Mini 4 Pro,,,,,,FALSE,TRUE,,,,,,,,,,,,,,,,,,,,,,,,,,,,,,,,,,,,,,,,,,,,,,,,87.4,,,,8.154,,,,,,,7.436,,,,,,,,,,,,,,,,,,,,,,,,,,,,,,,,51.17890000,-1.82620000,309.2,,,,,,,,,,,,,,,,,,,,,,,,,,,,Mini 4 Pro,SYNEQZTKWBD84VGCB,CAM3SNAYZ67FMNFC6,RCS72UWNCB2X59YSD,BAT9SBRNFB47JEYZD,,,,,,,,Mini 4 Pro,SYNEQZTKWBD84VGCB,,,,DJI Fly,,1.13.5,7620C74E-1616-5CF7-B130-32E3F2C50061,,,,,,,,,,
1773826932,1m 12.0s,72.0,51.17970939,-1.82574094,124.7,124.7,30.0,304.7,341.8,8.948,9.395,0.000,,8.948,,-0.000,,1.40,0.00,90.0,90.0,,P-GPS,,,18,4,TRUE,,Mini 4 Pro,,,,,,FALSE,TRUE,,,,,,,,,,,,,,,,,,,,,,,,,,,,,,,,,,,,,,,,,,,,,,,,87.4,,,,8.154,,,,,,,6.796,,,,,,,,,,,,,,,,,,,,,,,,,,,,,,,,51.17890000,-1.82620000,313.4,,,,,,,,,,,,,,,,,,,,,,,,,,,,Mini 4 Pro,SYNEQZTKWBD84VGCB,CAM3SNAYZ67FMNFC6,RCS72UWNCB2X59YSD,BAT9SBRNFB47JEYZD,,,,,,,,Mini 4 Pro,SYNEQZTKWBD84VGCB,,,,DJI Fly,,1.13.5,7620C74E-1616-5CF7-B130-32E3F2C50061,,,,,,,,,,
1773826933,1m 13.0s,73.0,51.17970939,-1.82568355,124.7,124.7,30.0,304.7,355.0,8.948,9.395,0.000,,8.948,,-0.000,,1.40,0.00,90.0,90.0,,P-GPS,,,18,4,TRUE,,Mini 4 Pro,,,,,,FALSE,TRUE,,,,,,,,,,,,,,,,,,,,,,,,,,,,,,,,,,,,,,,,,,,,,,,,87.4,,,,8.154,,,,,,,6.796,,,,,,,,,,,,,,,,,,,,,,,,,,,,,,,,51.17890000,-1.82620000,318.0,,,,,,,,,,,,,,,,,,,,,,,,,,,,Mini 4 Pro,SYNEQZTKWBD84VGCB,CAM3SNAYZ67FMNFC6,RCS72UWNCB2X59YSD,BAT9SBRNFB47JEYZD,,,,,,,,Mini 4 Pro,SYNEQZTKWBD84VGCB,,,,DJI Fly,,1.13.5,7620C74E-1616-5CF7-B130-32E3F2C50061,,,,,,,,,,
1773826934,1m 14.0s,74.0,51.17970939,-1.82562617,124.7,124.7,30.0,304.7,368.1,8.948,9.395,0.000,,8.948,,-0.000,,1.40,0.00,90.0,90.0,,P-GPS,,,18,4,TRUE,,Mini 4 Pro,,,,,,FALSE,TRUE,,,,,,,,,,,,,,,,,,,,,,,,,,,,,,,,,,,,,,,,,,,,,,,,87.4,,,,8.154,,,,,,,6.796,,,,,,,,,,,,,,,,,,,,,,,,,,,,,,,,51.17890000,-1.82620000,323.1,,,,,,,,,,,,,,,,,,,,,,,,,,,,Mini 4 Pro,SYNEQZTKWBD84VGCB,CAM3SNAYZ67FMNFC6,RCS72UWNCB2X59YSD,BAT9SBRNFB47JEYZD,,,,,,,,Mini 4 Pro,SYNEQZTKWBD84VGCB,,,,DJI Fly,,1.13.5,7620C74E-1616-5CF7-B130-32E3F2C50061,,,,,,,,,,
1773826935,1m 15.0s,75.0,51.17970939,-1.82556879,124.7,124.7,30.0,304.7,381.2,8.948,9.395,0.000,,8.948,,-0.000,,1.40,0.00,90.0,90.0,,P-GPS,,,18,4,TRUE,,Mini 4 Pro,,,,,,FALSE,TRUE,,,,,,,,,,,,,,,,,,,,,,,,,,,,,,,,,,,,,,,,,,,,,,,,87.3,,,,8.154,,,,,,,6.796,,,,,,,,,,,,,,,,,,,,,,,,,,,,,,,,51.17890000,-1.82620000,328.7,,,,,,,,,,,,,,,,,,,,,,,,,,,,Mini 4 Pro,SYNEQZTKWBD84VGCB,CAM3SNAYZ67FMNFC6,RCS72UWNCB2X59YSD,BAT9SBRNFB47JEYZD,,,,,,,,Mini 4 Pro,SYNEQZTKWBD84VGCB,,,,DJI Fly,,1.13.5,7620C74E-1616-5CF7-B130-32E3F2C50061,,,,,,,,,,
1773826936,1m 16.0s,76.0,51.17970939,-1.82551140,124.7,124.7,30.0,304.7,394.3,8.948,9.395,0.000,,8.948,,-0.000,,1.40,0.00,90.0,90.0,,P-GPS,,,18,4,TRUE,,Mini 4 Pro,,,,,,FALSE,TRUE,,,,,,,,,,,,,,,,,,,,,,,,,,,,,,,,,,,,,,,,,,,,,,,,87.3,,,,8.154,,,,,,,6.796,,,,,,,,,,,,,,,,,,,,,,,,,,,,,,,,51.17890000,-1.82620000,334.6,,,,,,,,,,,,,,,,,,,,,,,,,,,,Mini 4 Pro,SYNEQZTKWBD84VGCB,CAM3SNAYZ67FMNFC6,RCS72UWNCB2X59YSD,BAT9SBRNFB47JEYZD,,,,,,,,Mini 4 Pro,SYNEQZTKWBD84VGCB,,,,DJI Fly,,1.13.5,7620C74E-1616-5CF7-B130-32E3F2C50061,,,,,,,,,,
1773826937,1m 17.0s,77.0,51.17970939,-1.82545402,124.7,124.7,30.0,304.7,407.5,8.948,9.395,0.000,,8.948,,-0.000,,1.40,0.00,90.0,90.0,,P-GPS,,,18,4,TRUE,,Mini 4 Pro,,,,,,FALSE,TRUE,,,,,,,,,,,,,,,,,,,,,,,,,,,,,,,,,,,,,,,,,,,,,,,,87.3,,,,8.154,,,,,,,6.796,,,,,,,,,,,,,,,,,,,,,,,,,,,,,,,,51.17890000,-1.82620000,341.0,,,,,,,,,,,,,,,,,,,,,,,,,,,,Mini 4 Pro,SYNEQZTKWBD84VGCB,CAM3SNAYZ67FMNFC6,RCS72UWNCB2X59YSD,BAT9SBRNFB47JEYZD,,,,,,,,Mini 4 Pro,SYNEQZTKWBD84VGCB,,,,DJI Fly,,1.13.5,7620C74E-1616-5CF7-B130-32E3F2C50061,,,,,,,,,,
1773826938,1m 18.0s,78.0,51.17970939,-1.82539664,124.7,124.7,30.0,304.7,420.6,8.948,9.395,0.000,,8.948,,-0.000,,1.40,0.00,90.0,90.0,,P-GPS,,,18,4,TRUE,,Mini 4 Pro,,,,,,FALSE,TRUE,,,,,,,,,,,,,,,,,,,,,,,,,,,,,,,,,,,,,,,,,,,,,,,,87.3,,,,8.153,,,,,,,6.796,,,,,,,,,,,,,,,,,,,,,,,,,,,,,,,,51.17890000,-1.82620000,347.8,,,,,,,,,,,,,,,,,,,,,,,,,,,,Mini 4 Pro,SYNEQZTKWBD84VGCB,CAM3SNAYZ67FMNFC6,RCS72UWNCB2X59YSD,BAT9SBRNFB47JEYZD,,,,,,,,Mini 4 Pro,SYNEQZTKWBD84VGCB,,,,DJI Fly,,1.13.5,7620C74E-1616-5CF7-B130-32E3F2C50061,,,,,,,,,,
1773826939,1m 19.0s,79.0,51.17970939,-1.82533926,124.7,124.7,30.0,304.7,433.7,8.948,9.395,0.000,,8.948,,-0.000,,1.40,0.00,90.0,90.0,,P-GPS,,,18,4,TRUE,,Mini 4 Pro,,,,,,FALSE,TRUE,,,,,,,,,,,,,,,,,,,,,,,,,,,,,,,,,,,,,,,,,,,,,,,,87.3,,,,8.153,,,,,,,6.796,,,,,,,,,,,,,,,,,,,,,,,,,,,,,,,,51.17890000,-1.82620000,354.9,,,,,,,,,,,,,,,,,,,,,,,,,,,,Mini 4 Pro,SYNEQZTKWBD84VGCB,CAM3SNAYZ67FMNFC6,RCS72UWNCB2X59YSD,BAT9SBRNFB47JEYZD,,,,,,,,Mini 4 Pro,SYNEQZTKWBD84VGCB,,,,DJI Fly,,1.13.5,7620C74E-1616-5CF7-B130-32E3F2C50061,,,,,,,,,,
1773826940,1m 20.0s,80.0,51.17970939,-1.82528187,124.7,124.7,30.0,304.7,446.8,8.948,9.395,0.000,,8.948,,-0.000,,1.40,0.00,90.0,90.0,,P-GPS,,,18,4,TRUE,,Mini 4 Pro,,,,,,FALSE,TRUE,,,,,,,,,,,,,,,,,,,,,,,,,,,,,,,,,,,,,,,,,,,,,,,,87.3,,,,8.153,,,,,,,6.796,,,,,,,,,,,,,,,,,,,,,,,,,,,,,,,,51.17890000,-1.82620000,362.3,,,,,,,,,,,,,,,,,,,,,,,,,,,,Mini 4 Pro,SYNEQZTKWBD84VGCB,CAM3SNAYZ67FMNFC6,RCS72UWNCB2X59YSD,BAT9SBRNFB47JEYZD,,,,,,,,Mini 4 Pro,SYNEQZTKWBD84VGCB,,,,DJI Fly,,1.13.5,7620C74E-1616-5CF7-B130-32E3F2C50061,,,,,,,,,,
1773826941,1m 21.0s,81.0,51.17970939,-1.82522449,124.7,124.7,30.0,304.7,460.0,8.948,9.395,0.000,,8.948,,-0.000,,1.40,0.00,90.0,90.0,,P-GPS,,,18,4,TRUE,,Mini 4 Pro,,,,,,FALSE,TRUE,,,,,,,,,,,,,,,,,,,,,,,,,,,,,,,,,,,,,,,,,,,,,,,,87.3,,,,8.153,,,,,,,6.796,,,,,,,,,,,,,,,,,,,,,,,,,,,,,,,,51.17890000,-1.82620000,370.1,,,,,,,,,,,,,,,,,,,,,,,,,,,,Mini 4 Pro,SYNEQZTKWBD84VGCB,CAM3SNAYZ67FMNFC6,RCS72UWNCB2X59YSD,BAT9SBRNFB47JEYZD,,,,,,,,Mini 4 Pro,SYNEQZTKWBD84VGCB,,,,DJI Fly,,1.13.5,7620C74E-1616-5CF7-B130-32E3F2C50061,,,,,,,,,,
1773826942,1m 22.0s,82.0,51.17970939,-1.82516711,124.7,124.7,30.0,304.7,473.1,8.948,9.395,0.000,,8.948,,-0.000,,1.40,0.00,90.0,90.0,,P-GPS,,,18,4,TRUE,,Mini 4 Pro,,,,,,FALSE,TRUE,,,,,,,,,,,,,,,,,,,,,,,,,,,,,,,,,,,,,,,,,,,,,,,,87.3,,,,8.153,,,,,,,6.796,,,,,,,,,,,,,,,,,,,,,,,,,,,,,,,,51.17890000,-1.82620000,378.1,,,,,,,,,,,,,,,,,,,,,,,,,,,,Mini 4 Pro,SYNEQZTKWBD84VGCB,CAM3SNAYZ67FMNFC6,RCS72UWNCB2X59YSD,BAT9SBRNFB47JEYZD,,,,,,,,Mini 4 Pro,SYNEQZTKWBD84VGCB,,,,DJI Fly,,1.13.5,7620C74E-1616-5CF7-B130-32E3F2C50061,,,,,,,,,,
1773826943,1m 23.0s,83.0,51.17970939,-1.82510972,124.7,124.7,30.0,304.7,486.2,8.948,9.395,0.000,,8.948,,-0.000,,1.40,0.00,90.0,90.0,,P-GPS,,,18,4,TRUE,,Mini 4 Pro,,,,,,FALSE,TRUE,,,,,,,,,,,,,,,,,,,,,,,,,,,,,,,,,,,,,,,,,,,,,,,,87.3,,,,8.153,,,,,,,6.796,,,,,,,,,,,,,,,,,,,,,,,,,,,,,,,,51.17890000,-1.82620000,386.5,,,,,,,,,,,,,,,,,,,,,,,,,,,,Mini 4 Pro,SYNEQZTKWBD84VGCB,CAM3SNAYZ67FMNFC6,RCS72UWNCB2X59YSD,BAT9SBRNFB47JEYZD,,,,,,,,Mini 4 Pro,SYNEQZTKWBD84VGCB,,,,DJI Fly,,1.13.5,7620C74E-1616-5CF7-B130-32E3F2C50061,,,,,,,,,,
1773826944,1m 24.0s,84.0,51.17970939,-1.82505234,124.7,124.7,30.0,304.7,499.3,8.948,9.395,0.000,,8.948,,-0.000,,1.40,0.00,90.0,90.0,,P-GPS,,,18,4,TRUE,,Mini 4 Pro,,,,,,FALSE,TRUE,,,,,,,,,,,,,,,,,,,,,,,,,,,,,,,,,,,,,,,,,,,,,,,,87.3,,,,8.153,,,,,,,6.796,,,,,,,,,,,,,,,,,,,,,,,,,,,,,,,,51.17890000,-1.82620000,395.1,,,,,,,,,,,,,,,,,,,,,,,,,,,,Mini 4 Pro,SYNEQZTKWBD84VGCB,CAM3SNAYZ67FMNFC6,RCS72UWNCB2X59YSD,BAT9SBRNFB47JEYZD,,,,,,,,Mini 4 Pro,SYNEQZTKWBD84VGCB,,,,DJI Fly,,1.13.5,7620C74E-1616-5CF7-B130-32E3F2C50061,,,,,,,,,,
1773826945,1m 25.0s,85.0,51.17970939,-1.82499496,124.7,124.7,30.0,304.7,512.5,8.948,9.395,0.000,,8.948,,-0.000,,1.40,0.00,90.0,90.0,,P-GPS,,,18,4,TRUE,,Mini 4 Pro,,,,,,FALSE,TRUE,,,,,,,,,,,,,,,,,,,,,,,,,,,,,,,,,,,,,,,,,,,,,,,,87.3,,,,8.153,,,,,,,6.796,,,,,,,,,,,,,,,,,,,,,,,,,,,,,,,,51.17890000,-1.82620000,403.9,,,,,,,,,,,,,,,,,,,,,,,,,,,,Mini 4 Pro,SYNEQZTKWBD84VGCB,CAM3SNAYZ67FMNFC6,RCS72UWNCB2X59YSD,BAT9SBRNFB47JEYZD,,,,,,,,Mini 4 Pro,SYNEQZTKWBD84VGCB,,,,DJI Fly,,1.13.5,7620C74E-1616-5CF7-B130-32E3F2C50061,,,,,,,,,,
1773826946,1m 26.0s,86.0,51.17970939,-1.82493757,124.7,124.7,30.0,304.7,525.6,8.948,9.395,0.000,,8.948,,-0.000,,1.40,0.00,90.0,90.0,,P-GPS,,,18,4,TRUE,,Mini 4 Pro,,,,,,FALSE,TRUE,,,,,,,,,,,,,,,,,,,,,,,,,,,,,,,,,,,,,,,,,,,,,,,,87.3,,,,8.152,,,,,,,6.796,,,,,,,,,,,,,,,,,,,,,,,,,,,,,,,,51.17890000,-1.82620000,413.0,,,,,,,,,,,,,,,,,,,,,,,,,,,,Mini 4 Pro,SYNEQZTKWBD84VGCB,CAM3SNAYZ67FMNFC6,RCS72UWNCB2X59YSD,BAT9SBRNFB47JEYZD,,,,,,,,Mini 4 Pro,SYNEQZTKWBD84VGCB,,,,DJI Fly,,1.13.5,7620C74E-1616-5CF7-B130-32E3F2C50061,,,,,,,,,,
1773826947,1m 27.0s,87.0,51.17970939,-1.82488019,124.7,124.7,30.0,304.7,538.7,8.948,9.395,0.000,,8.948,,-0.000,,1.40,0.00,90.0,90.0,,P-GPS,,,18,4,TRUE,,Mini 4 Pro,,,,,,FALSE,TRUE,,,,,,,,,,,,,,,,,,,,,,,,,,,,,,,,,,,,,,,,,,,,,,,,87.2,,,,8.152,,,,,,,6.796,,,,,,,,,,,,,,,,,,,,,,,,,,,,,,,,51.17890000,-1.82620000,422.2,,,,,,,,,,,,,,,,,,,,,,,,,,,,Mini 4 Pro,SYNEQZTKWBD84VGCB,CAM3SNAYZ67FMNFC6,RCS72UWNCB2X59YSD,BAT9SBRNFB47JEYZD,,,,,,,,Mini 4 Pro,SYNEQZTKWBD84VGCB,,,,DJI Fly,,1.13.5,7620C74E-1616-5CF7-B130-32E3F2C50061,,,,,,,,,,
1773826948,1m 28.0s,88.0,51.17970939,-1.82482281,124.7,124.7,30.0,304.7,551.8,8.948,9.395,0.000,,8.948,,-0.000,,1.40,0.00,90.0,90.0,,P-GPS,,,18,4,TRUE,,Mini 4 Pro,,,,,,FALSE,TRUE,,,,,,,,,,,,,,,,,,,,,,,,,,,,,,,,,,,,,,,,,,,,,,,,87.2,,,,8.152,,,,,,,6.796,,,,,,,,,,,,,,,,,,,,,,,,,,,,,,,,51.17890000,-1.82620000,431.7,,,,,,,,,,,,,,,,,,,,,,,,,,,,Mini 4 Pro,SYNEQZTKWBD84VGCB,CAM3SNAYZ67FMNFC6,RCS72UWNCB2X59YSD,BAT9SBRNFB47JEYZD,,,,,,,,Mini 4 Pro,SYNEQZTKWBD84VGCB,,,,DJI Fly,,1.13.5,7620C74E-1616-5CF7-B130-32E3F2C50061,,,,,,,,,,
1773826949,1m 29.0s,89.0,51.17970939,-1.82476543,124.7,124.7,30.0,304.7,564.9,8.948,9.395,0.000,,8.948,,-0.000,,1.40,0.00,90.0,90.0,,P-GPS,,,18,4,TRUE,,Mini 4 Pro,,,,,,FALSE,TRUE,,,,,,,,,,,,,,,,,,,,,,,,,,,,,,,,,,,,,,,,,,,,,,,,87.2,,,,8.152,,,,,,,6.796,,,,,,,,,,,,,,,,,,,,,,,,,,,,,,,,51.17890000,-1.82620000,441.4,,,,,,,,,,,,,,,,,,,,,,,,,,,,Mini 4 Pro,SYNEQZTKWBD84VGCB,CAM3SNAYZ67FMNFC6,RCS72UWNCB2X59YSD,BAT9SBRNFB47JEYZD,,,,,,,,Mini 4 Pro,SYNEQZTKWBD84VGCB,,,,DJI Fly,,1.13.5,7620C74E-1616-5CF7-B130-32E3F2C50061,,,,,,,,,,
1773826950,1m 30.0s,90.0,51.17970939,-1.82470804,124.7,124.7,30.0,304.7,578.1,8.948,9.395,0.000,,8.948,,-0.000,,1.40,0.00,90.0,90.0,,P-GPS,,,8,2,FALSE,,Mini 4 Pro,,,,,,FALSE,TRUE,,,,,,,,,,,,,,,,,,,,,,,,,,,,,,,,,,,,,,,,,,,,,,,,87.2,,,,8.152,,,,,,,6.796,,,,,,,,,,,,,,,,,,,,,,,,,,,,,,,,51.17890000,-1.82620000,451.2,,,,,,,,,,,,,,,,,,,,,,,,,,,,Mini 4 Pro,SYNEQZTKWBD84VGCB,CAM3SNAYZ67FMNFC6,RCS72UWNCB2X59YSD,BAT9SBRNFB47JEYZD,,,,,,,,Mini 4 Pro,SYNEQZTKWBD84VGCB,,,,DJI Fly,,1.13.5,7620C74E-1616-5CF7-B130-32E3F2C50061,,,,,,,,,,GPS signal weak. Hovering unstable. Fly with caution (Code: 30008).
1773826951,1m 31.0s,91.0,51.17970939,-1.82465066,124.7,124.7,30.0,304.7,591.2,8.948,9.395,0.000,,8.948,,-0.000,,1.40,0.00,90.0,90.0,,P-GPS,,,8,2,FALSE,,Mini 4 Pro,,,,,,FALSE,TRUE,,,,,,,,,,,,,,,,,,,,,,,,,,,,,,,,,,,,,,,,,,,,,,,,87.2,,,,8.152,,,,,,,6.796,,,,,,,,,,,,,,,,,,,,,,,,,,,,,,,,51.17890000,-1.82620000,461.2,,,,,,,,,,,,,,,,,,,,,,,,,,,,Mini 4 Pro,SYNEQZTKWBD84VGCB,CAM3SNAYZ67FMNFC6,RCS72UWNCB2X59YSD,BAT9SBRNFB47JEYZD,,,,,,,,Mini 4 Pro,SYNEQZTKWBD84VGCB,,,,DJI Fly,,1.13.5,7620C74E-1616-5CF7-B130-32E3F2C50061,,,,,,,,,,GPS signal weak. Hovering unstable. Fly with caution (Code: 30008).
1773826952,1m 32.0s,92.0,51.17970939,-1.82462197,124.7,124.7,30.0,304.7,597.8,4.474,9.395,0.000,,4.474,,-0.000,,0.70,0.00,90.0,90.0,,P-GPS,,,8,2,FALSE,,Mini 4 Pro,,,,,,FALSE,TRUE,,,,,,,,,,,,,,,,,,,,,,,,,,,,,,,,,,,,,,,,,,,,,,,,87.2,,,,8.152,,,,,,,5.696,,,,,,,,,,,,,,,,,,,,,,,,,,,,,,,,51.17890000,-1.82620000,466.3,,,,,,,,,,,,,,,,,,,,,,,,,,,,Mini 4 Pro,SYNEQZTKWBD84VGCB,CAM3SNAYZ67FMNFC6,RCS72UWNCB2X59YSD,BAT9SBRNFB47JEYZD,,,,,,,,Mini 4 Pro,SYNEQZTKWBD84VGCB,,,,DJI Fly,,1.13.5,7620C74E-1616-5CF7-B130-32E3F2C50061,,,,,,,,,,GPS signal weak. Hovering unstable. Fly with caution (Code: 30008).
1773826953,1m 33.0s,93.0,51.17970939,-1.82462197,124.7,124.7,30.0,304.7,597.8,0.000,9.395,0.000,,0.000,,-0.000,,0.00,0.00,90.0,90.0,,P-GPS,,,8,2,FALSE,,Mini 4 Pro,,,,,,FALSE,TRUE,,,,,,,,,,,,,,,,,,,,,,,,,,,,,,,,,,,,,,,,,,,,,,,,87.2,,,,8.152,,,,,,,4.596,,,,,,,,,,,,,,,,,,,,,,,,,,,,,,,,51.17890000,-1.82620000,466.3,,,,,,,,,,,,,,,,,,,,,,,,,,,,Mini 4 Pro,SYNEQZTKWBD84VGCB,CAM3SNAYZ67FMNFC6,RCS72UWNCB2X59YSD,BAT9SBRNFB47JEYZD,,,,,,,,Mini 4 Pro,SYNEQZTKWBD84VGCB,,,,DJI Fly,,1.13.5,7620C74E-1616-5CF7-B130-32E3F2C50061,,,,,,,,,,GPS signal weak. Hovering unstable. Fly with caution (Code: 30008).
1773826954,1m 34.0s,94.0,51.17970939,-1.82462197,124.7,124.7,30.0,304.7,597.8,0.000,9.395,0.000,,0.000,,-0.000,,0.00,0.00,90.0,90.0,,P-GPS,,,8,2,FALSE,,Mini 4 Pro,,,,,,FALSE,TRUE,,,,,,,,,,,,,,,,,,,,,,,,,,,,,,,,,,,,,,,,,,,,,,,,87.2,,,,8.152,,,,,,,4.596,,,,,,,,,,,,,,,,,,,,,,,,,,,,,,,,51.17890000,-1.82620000,466.3,,,,,,,,,,,,,,,,,,,,,,,,,,,,Mini 4 Pro,SYNEQZTKWBD84VGCB,CAM3SNAYZ67FMNFC6,RCS72UWNCB2X59YSD,BAT9SBRNFB47JEYZD,,,,,,,,Mini 4 Pro,SYNEQZTKWBD84VGCB,,,,DJI Fly,,1.13.5,7620C74E-1616-5CF7-B130-32E3F2C50061,,,,,,,,,,GPS signal weak. Hovering unstable. Fly with caution (Code: 30008).
1773826955,1m 35.0s,95.0,51.17970939,-1.82462197,124.7,124.7,30.0,304.7,597.8,0.000,9.395,0.000,,0.000,,-0.000,,0.00,0.00,90.0,90.0,,P-GPS,,,8,2,FALSE,,Mini 4 Pro,,,,,,FALSE,TRUE,,,,,,,,,,,,,,,,,,,,,,,,,,,,,,,,,,,,,,,,,,,,,,,,87.2,,,,8.151,,,,,,,4.596,,,,,,,,,,,,,,,,,,,,,,,,,,,,,,,,51.17890000,-1.82620000,466.3,,,,,,,,,,,,,,,,,,,,,,,,,,,,Mini 4 Pro,SYNEQZTKWBD84VGCB,CAM3SNAYZ67FMNFC6,RCS72UWNCB2X59YSD,BAT9SBRNFB47JEYZD,,,,,,,,Mini 4 Pro,SYNEQZTKWBD84VGCB,,,,DJI Fly,,1.13.5,7620C74E-1616-5CF7-B130-32E3F2C50061,,,,,,,,,,GPS signal weak. Hovering unstable. Fly with caution (Code: 30008).
1773826956,1m 36.0s,96.0,51.17970939,-1.82462197,124.7,124.7,30.0,304.7,597.8,0.000,9.395,0.000,,0.000,,-0.000,,0.00,0.00,90.0,90.0,,P-GPS,,,8,2,FALSE,,Mini 4 Pro,,,,,,FALSE,TRUE,,,,,,,,,,,,,,,,,,,,,,,,,,,,,,,,,,,,,,,,,,,,,,,,87.2,,,,8.151,,,,,,,4.596,,,,,,,,,,,,,,,,,,,,,,,,,,,,,,,,51.17890000,-1.82620000,466.3,,,,,,,,,,,,,,,,,,,,,,,,,,,,Mini 4 Pro,SYNEQZTKWBD84VGCB,CAM3SNAYZ67FMNFC6,RCS72UWNCB2X59YSD,BAT9SBRNFB47JEYZD,,,,,,,,Mini 4 Pro,SYNEQZTKWBD84VGCB,,,,DJI Fly,,1.13.5,7620C74E-1616-5CF7-B130-32E3F2C50061,,,,,,,,,,GPS signal weak. Hovering unstable. Fly with caution (Code: 30008).
1773826957,1m 37.0s,97.0,51.17970939,-1.82462197,124.7,124.7,30.0,304.7,597.8,0.000,9.395,0.000,,0.000,,-0.000,,0.00,0.00,90.0,90.0,,P-GPS,,,8,2,FALSE,,Mini 4 Pro,,,,,,FALSE,TRUE,,,,,,,,,,,,,,,,,,,,,,,,,,,,,,,,,,,,,,,,,,,,,,,,87.2,,,,8.151,,,,,,,4.596,,,,,,,,,,,,,,,,,,,,,,,,,,,,,,,,51.17890000,-1.82620000,466.3,,,,,,,,,,,,,,,,,,,,,,,,,,,,Mini 4 Pro,SYNEQZTKWBD84VGCB,CAM3SNAYZ67FMNFC6,RCS72UWNCB2X59YSD,BAT9SBRNFB47JEYZD,,,,,,,,Mini 4 Pro,SYNEQZTKWBD84VGCB,,,,DJI Fly,,1.13.5,7620C74E-1616-5CF7-B130-32E3F2C50061,,,,,,,,,,GPS signal weak. Hovering unstable. Fly with caution (Code: 30008).
1773826958,1m 38.0s,98.0,51.17970939,-1.82462197,124.7,124.7,30.0,304.7,597.8,0.000,9.395,0.000,,0.000,,-0.000,,0.00,0.00,90.0,90.0,,P-GPS,,,8,2,FALSE,,Mini 4 Pro,,,,,,FALSE,TRUE,,,,,,,,,,,,,,,,,,,,,,,,,,,,,,,,,,,,,,,,,,,,,,,,87.2,,,,8.151,,,,,,,4.596,,,,,,,,,,,,,,,,,,,,,,,,,,,,,,,,51.17890000,-1.82620000,466.3,,,,,,,,,,,,,,,,,,,,,,,,,,,,Mini 4 Pro,SYNEQZTKWBD84VGCB,CAM3SNAYZ67FMNFC6,RCS72UWNCB2X59YSD,BAT9SBRNFB47JEYZD,,,,,,,,Mini 4 Pro,SYNEQZTKWBD84VGCB,,,,DJI Fly,,1.13.5,7620C74E-1616-5CF7-B130-32E3F2C50061,,,,,,,,,,GPS signal weak. Hovering unstable. Fly with caution (Code: 30008).
1773826959,1m 39.0s,99.0,51.17970939,-1.82462197,124.7,124.7,30.0,304.7,597.8,0.000,9.395,0.000,,0.000,,-0.000,,0.00,0.00,90.0,90.0,,P-GPS,,,8,2,FALSE,,Mini 4 Pro,,,,,,FALSE,TRUE,,,,,,,,,,,,,,,,,,,,,,,,,,,,,,,,,,,,,,,,,,,,,,,,87.2,,,,8.151,,,,,,,4.596,,,,,,,,,,,,,,,,,,,,,,,,,,,,,,,,51.17890000,-1.82620000,466.3,,,,,,,,,,,,,,,,,,,,,,,,,,,,Mini 4 Pro,SYNEQZTKWBD84VGCB,CAM3SNAYZ67FMNFC6,RCS72UWNCB2X59YSD,BAT9SBRNFB47JEYZD,,,,,,,,Mini 4 Pro,SYNEQZTKWBD84VGCB,,,,DJI Fly,,1.13.5,7620C74E-1616-5CF7-B130-32E3F2C50061,,,,,,,,,,GPS signal weak. Hovering unstable. Fly with caution (Code: 30008).
1773826960,1m 40.0s,100.0,51.17970939,-1.82462197,124.7,124.7,30.0,304.7,597.8,0.000,9.395,0.000,,0.000,,-0.000,,0.00,0.00,90.0,90.0,,P-GPS,,,8,2,FALSE,,Mini 4 Pro,,,,,,FALSE,TRUE,,,,,,,,,,,,,,,,,,,,,,,,,,,,,,,,,,,,,,,,,,,,,,,,87.2,,,,8.151,,,,,,,4.596,,,,,,,,,,,,,,,,,,,,,,,,,,,,,,,,51.17890000,-1.82620000,466.3,,,,,,,,,,,,,,,,,,,,,,,,,,,,Mini 4 Pro,SYNEQZTKWBD84VGCB,CAM3SNAYZ67FMNFC6,RCS72UWNCB2X59YSD,BAT9SBRNFB47JEYZD,,,,,,,,Mini 4 Pro,SYNEQZTKWBD84VGCB,,,,DJI Fly,,1.13.5,7620C74E-1616-5CF7-B130-32E3F2C50061,,,,,,,,,,GPS signal weak. Hovering unstable. Fly with caution (Code: 30008).
1773826961,1m 41.0s,101.0,51.17970939,-1.82462197,124.7,124.7,30.0,304.7,597.8,0.000,9.395,0.000,,0.000,,-0.000,,0.00,0.00,90.0,90.0,,P-GPS,,,8,2,FALSE,,Mini 4 Pro,,,,,,FALSE,TRUE,,,,,,,,,,,,,,,,,,,,,,,,,,,,,,,,,,,,,,,,,,,,,,,,87.2,,,,8.151,,,,,,,4.596,,,,,,,,,,,,,,,,,,,,,,,,,,,,,,,,51.17890000,-1.82620000,466.3,,,,,,,,,,,,,,,,,,,,,,,,,,,,Mini 4 Pro,SYNEQZTKWBD84VGCB,CAM3SNAYZ67FMNFC6,RCS72UWNCB2X59YSD,BAT9SBRNFB47JEYZD,,,,,,,,Mini 4 Pro,SYNEQZTKWBD84VGCB,,,,DJI Fly,,1.13.5,7620C74E-1616-5CF7-B130-32E3F2C50061,,,,,,,,,,GPS signal weak. Hovering unstable. Fly with caution (Code: 30008).
1773826962,1m 42.0s,102.0,51.17970939,-1.82462197,124.7,124.7,30.0,304.7,597.8,0.000,9.395,0.000,,0.000,,-0.000,,0.00,0.00,90.0,90.0,,P-GPS,,,8,2,FALSE,,Mini 4 Pro,,,,,,FALSE,TRUE,,,,,,,,,,,,,,,,,,,,,,,,,,,,,,,,,,,,,,,,,,,,,,,,87.2,,,,8.151,,,,,,,4.596,,,,,,,,,,,,,,,,,,,,,,,,,,,,,,,,51.17890000,-1.82620000,466.3,,,,,,,,,,,,,,,,,,,,,,,,,,,,Mini 4 Pro,SYNEQZTKWBD84VGCB,CAM3SNAYZ67FMNFC6,RCS72UWNCB2X59YSD,BAT9SBRNFB47JEYZD,,,,,,,,Mini 4 Pro,SYNEQZTKWBD84VGCB,,,,DJI Fly,,1.13.5,7620C74E-1616-5CF7-B130-32E3F2C50061,,,,,,,,,,GPS signal weak. Hovering unstable. Fly with caution (Code: 30008).
1773826963,1m 43.0s,103.0,51.17970939,-1.82462197,124.7,124.7,30.0,304.7,597.8,0.000,9.395,0.000,,0.000,,-0.000,,0.00,0.00,90.0,90.0,,P-GPS,,,8,2,FALSE,,Mini 4 Pro,,,,,,FALSE,TRUE,,,,,,,,,,,,,,,,,,,,,,,,,,,,,,,,,,,,,,,,,,,,,,,,87.1,,,,8.151,,,,,,,4.596,,,,,,,,,,,,,,,,,,,,,,,,,,,,,,,,51.17890000,-1.82620000,466.3,,,,,,,,,,,,,,,,,,,,,,,,,,,,Mini 4 Pro,SYNEQZTKWBD84VGCB,CAM3SNAYZ67FMNFC6,RCS72UWNCB2X59YSD,BAT9SBRNFB47JEYZD,,,,,,,,Mini 4 Pro,SYNEQZTKWBD84VGCB,,,,DJI Fly,,1.13.5,7620C74E-1616-5CF7-B130-32E3F2C50061,,,,,,,,,,GPS signal weak. Hovering unstable. Fly with caution (Code: 30008).
1773826964,1m 44.0s,104.0,51.17970939,-1.82462197,124.7,124.7,30.0,304.7,597.8,0.000,9.395,0.000,,0.000,,-0.000,,0.00,0.00,90.0,90.0,,P-GPS,,,8,2,FALSE,,Mini 4 Pro,,,,,,FALSE,TRUE,,,,,,,,,,,,,,,,,,,,,,,,,,,,,,,,,,,,,,,,,,,,,,,,87.1,,,,8.151,,,,,,,4.596,,,,,,,,,,,,,,,,,,,,,,,,,,,,,,,,51.17890000,-1.82620000,466.3,,,,,,,,,,,,,,,,,,,,,,,,,,,,Mini 4 Pro,SYNEQZTKWBD84VGCB,CAM3SNAYZ67FMNFC6,RCS72UWNCB2X59YSD,BAT9SBRNFB47JEYZD,,,,,,,,Mini 4 Pro,SYNEQZTKWBD84VGCB,,,,DJI Fly,,1.13.5,7620C74E-1616-5CF7-B130-32E3F2C50061,,,,,,,,,,GPS signal weak. Hovering unstable. Fly with caution (Code: 30008).
1773826965,1m 45.0s,105.0,51.17970939,-1.82462197,124.7,124.7,30.0,304.7,597.8,0.000,9.395,0.000,,0.000,,-0.000,,0.00,0.00,90.0,90.0,,P-GPS,,,8,2,FALSE,,Mini 4 Pro,,,,,,FALSE,TRUE,,,,,,,,,,,,,,,,,,,,,,,,,,,,,,,,,,,,,,,,,,,,,,,,87.1,,,,8.151,,,,,,,4.596,,,,,,,,,,,,,,,,,,,,,,,,,,,,,,,,51.17890000,-1.82620000,466.3,,,,,,,,,,,,,,,,,,,,,,,,,,,,Mini 4 Pro,SYNEQZTKWBD84VGCB,CAM3SNAYZ67FMNFC6,RCS72UWNCB2X59YSD,BAT9SBRNFB47JEYZD,,,,,,,,Mini 4 Pro,SYNEQZTKWBD84VGCB,,,,DJI Fly,,1.13.5,7620C74E-1616-5CF7-B130-32E3F2C50061,,,,,,,,,,GPS signal weak. Hovering unstable. Fly with caution (Code: 30008).
1773826966,1m 46.0s,106.0,51.17970939,-1.82462197,124.7,124.7,30.0,304.7,597.8,0.000,9.395,0.000,,0.000,,-0.000,,0.00,0.00,90.0,90.0,,P-GPS,,,8,2,FALSE,,Mini 4 Pro,,,,,,FALSE,TRUE,,,,,,,,,,,,,,,,,,,,,,,,,,,,,,,,,,,,,,,,,,,,,,,,87.1,,,,8.150,,,,,,,4.596,,,,,,,,,,,,,,,,,,,,,,,,,,,,,,,,51.17890000,-1.82620000,466.3,,,,,,,,,,,,,,,,,,,,,,,,,,,,Mini 4 Pro,SYNEQZTKWBD84VGCB,CAM3SNAYZ67FMNFC6,RCS72UWNCB2X59YSD,BAT9SBRNFB47JEYZD,,,,,,,,Mini 4 Pro,SYNEQZTKWBD84VGCB,,,,DJI Fly,,1.13.5,7620C74E-1616-5CF7-B130-32E3F2C50061,,,,,,,,,,GPS signal weak. Hovering unstable. Fly with caution (Code: 30008).
1773826967,1m 47.0s,107.0,51.17970939,-1.82462197,124.7,124.7,30.0,304.7,597.8,0.000,9.395,0.000,,0.000,,-0.000,,0.00,0.00,90.0,90.0,,P-GPS,,,8,2,FALSE,,Mini 4 Pro,,,,,,FALSE,TRUE,,,,,,,,,,,,,,,,,,,,,,,,,,,,,,,,,,,,,,,,,,,,,,,,87.1,,,,8.150,,,,,,,4.596,,,,,,,,,,,,,,,,,,,,,,,,,,,,,,,,51.17890000,-1.82620000,466.3,,,,,,,,,,,,,,,,,,,,,,,,,,,,Mini 4 Pro,SYNEQZTKWBD84VGCB,CAM3SNAYZ67FMNFC6,RCS72UWNCB2X59YSD,BAT9SBRNFB47JEYZD,,,,,,,,Mini 4 Pro,SYNEQZTKWBD84VGCB,,,,DJI Fly,,1.13.5,7620C74E-1616-5CF7-B130-32E3F2C50061,,,,,,,,,,GPS signal weak. Hovering unstable. Fly with caution (Code: 30008).
1773826968,1m 48.0s,108.0,51.17970939,-1.82462197,124.7,124.7,30.0,304.7,597.8,0.000,9.395,0.000,,0.000,,-0.000,,0.00,0.00,90.0,90.0,,P-GPS,,,8,2,FALSE,,Mini 4 Pro,,,,,,FALSE,TRUE,,,,,,,,,,,,,,,,,,,,,,,,,,,,,,,,,,,,,,,,,,,,,,,,87.1,,,,8.150,,,,,,,4.596,,,,,,,,,,,,,,,,,,,,,,,,,,,,,,,,51.17890000,-1.82620000,466.3,,,,,,,,,,,,,,,,,,,,,,,,,,,,Mini 4 Pro,SYNEQZTKWBD84VGCB,CAM3SNAYZ67FMNFC6,RCS72UWNCB2X59YSD,BAT9SBRNFB47JEYZD,,,,,,,,Mini 4 Pro,SYNEQZTKWBD84VGCB,,,,DJI Fly,,1.13.5,7620C74E-1616-5CF7-B130-32E3F2C50061,,,,,,,,,,GPS signal weak. Hovering unstable. Fly with caution (Code: 30008).
1773826969,1m 49.0s,109.0,51.17970939,-1.82462197,124.7,124.7,30.0,304.7,597.8,0.000,9.395,0.000,,0.000,,-0.000,,0.00,0.00,90.0,90.0,,P-GPS,,,8,2,FALSE,,Mini 4 Pro,,,,,,FALSE,TRUE,,,,,,,,,,,,,,,,,,,,,,,,,,,,,,,,,,,,,,,,,,,,,,,,87.1,,,,8.150,,,,,,,4.596,,,,,,,,,,,,,,,,,,,,,,,,,,,,,,,,51.17890000,-1.82620000,466.3,,,,,,,,,,,,,,,,,,,,,,,,,,,,Mini 4 Pro,SYNEQZTKWBD84VGCB,CAM3SNAYZ67FMNFC6,RCS72UWNCB2X59YSD,BAT9SBRNFB47JEYZD,,,,,,,,Mini 4 Pro,SYNEQZTKWBD84VGCB,,,,DJI Fly,,1.13.5,7620C74E-1616-5CF7-B130-32E3F2C50061,,,,,,,,,,GPS signal weak. Hovering unstable. Fly with caution (Code: 30008).
1773826970,1m 50.0s,110.0,51.17970939,-1.82462197,124.7,124.7,30.0,304.7,597.8,0.000,9.395,0.000,,0.000,,-0.000,,0.00,0.00,90.0,90.0,,P-GPS,,,8,2,FALSE,,Mini 4 Pro,,,,,,FALSE,TRUE,,,,,,,,,,,,,,,,,,,,,,,,,,,,,,,,,,,,,,,,,,,,,,,,87.1,,,,8.150,,,,,,,4.596,,,,,,,,,,,,,,,,,,,,,,,,,,,,,,,,51.17890000,-1.82620000,466.3,,,,,,,,,,,,,,,,,,,,,,,,,,,,Mini 4 Pro,SYNEQZTKWBD84VGCB,CAM3SNAYZ67FMNFC6,RCS72UWNCB2X59YSD,BAT9SBRNFB47JEYZD,,,,,,,,Mini 4 Pro,SYNEQZTKWBD84VGCB,,,,DJI Fly,,1.13.5,7620C74E-1616-5CF7-B130-32E3F2C50061,,,,,,,,,,GPS signal weak. Hovering unstable. Fly with caution (Code: 30008).
1773826971,1m 51.0s,111.0,51.17970939,-1.82462197,124.7,124.7,30.0,304.7,597.8,0.000,9.395,0.000,,0.000,,-0.000,,0.00,0.00,90.0,90.0,,P-GPS,,,8,2,FALSE,,Mini 4 Pro,,,,,,FALSE,TRUE,,,,,,,,,,,,,,,,,,,,,,,,,,,,,,,,,,,,,,,,,,,,,,,,87.1,,,,8.150,,,,,,,4.596,,,,,,,,,,,,,,,,,,,,,,,,,,,,,,,,51.17890000,-1.82620000,466.3,,,,,,,,,,,,,,,,,,,,,,,,,,,,Mini 4 Pro,SYNEQZTKWBD84VGCB,CAM3SNAYZ67FMNFC6,RCS72UWNCB2X59YSD,BAT9SBRNFB47JEYZD,,,,,,,,Mini 4 Pro,SYNEQZTKWBD84VGCB,,,,DJI Fly,,1.13.5,7620C74E-1616-5CF7-B130-32E3F2C50061,,,,,,,,,,GPS signal weak. Hovering unstable. Fly with caution (Code: 30008).
1773826972,1m 52.0s,112.0,51.17970939,-1.82462197,124.7,124.7,30.0,304.7,597.8,0.000,9.395,0.000,,0.000,,-0.000,,0.00,0.00,90.0,90.0,,P-GPS,,,8,2,FALSE,,Mini 4 Pro,,,,,,FALSE,TRUE,,,,,,,,,,,,,,,,,,,,,,,,,,,,,,,,,,,,,,,,,,,,,,,,87.1,,,,8.150,,,,,,,4.596,,,,,,,,,,,,,,,,,,,,,,,,,,,,,,,,51.17890000,-1.82620000,466.3,,,,,,,,,,,,,,,,,,,,,,,,,,,,Mini 4 Pro,SYNEQZTKWBD84VGCB,CAM3SNAYZ67FMNFC6,RCS72UWNCB2X59YSD,BAT9SBRNFB47JEYZD,,,,,,,,Mini 4 Pro,SYNEQZTKWBD84VGCB,,,,DJI Fly,,1.13.5,7620C74E-1616-5CF7-B130-32E3F2C50061,,,,,,,,,,GPS signal weak. Hovering unstable. Fly with caution (Code: 30008).
1773826973,1m 53.0s,113.0,51.17970939,-1.82462197,124.7,124.7,30.0,304.7,597.8,0.000,9.395,0.000,,0.000,,-0.000,,0.00,0.00,90.0,90.0,,P-GPS,,,8,2,FALSE,,Mini 4 Pro,,,,,,FALSE,TRUE,,,,,,,,,,,,,,,,,,,,,,,,,,,,,,,,,,,,,,,,,,,,,,,,87.1,,,,8.150,,,,,,,4.596,,,,,,,,,,,,,,,,,,,,,,,,,,,,,,,,51.17890000,-1.82620000,466.3,,,,,,,,,,,,,,,,,,,,,,,,,,,,Mini 4 Pro,SYNEQZTKWBD84VGCB,CAM3SNAYZ67FMNFC6,RCS72UWNCB2X59YSD,BAT9SBRNFB47JEYZD,,,,,,,,Mini 4 Pro,SYNEQZTKWBD84VGCB,,,,DJI Fly,,1.13.5,7620C74E-1616-5CF7-B130-32E3F2C50061,,,,,,,,,,GPS signal weak. Hovering unstable. Fly with caution (Code: 30008).
1773826974,1m 54.0s,114.0,51.17970939,-1.82462197,124.7,124.7,30.0,304.7,597.8,0.000,9.395,0.000,,0.000,,-0.000,,0.00,0.00,90.0,90.0,,P-GPS,,,8,2,FALSE,,Mini 4 Pro,,,,,,FALSE,TRUE,,,,,,,,,,,,,,,,,,,,,,,,,,,,,,,,,,,,,,,,,,,,,,,,87.1,,,,8.150,,,,,,,4.596,,,,,,,,,,,,,,,,,,,,,,,,,,,,,,,,51.17890000,-1.82620000,466.3,,,,,,,,,,,,,,,,,,,,,,,,,,,,Mini 4 Pro,SYNEQZTKWBD84VGCB,CAM3SNAYZ67FMNFC6,RCS72UWNCB2X59YSD,BAT9SBRNFB47JEYZD,,,,,,,,Mini 4 Pro,SYNEQZTKWBD84VGCB,,,,DJI Fly,,1.13.5,7620C74E-1616-5CF7-B130-32E3F2C50061,,,,,,,,,,GPS signal weak. Hovering unstable. Fly with caution (Code: 30008).
1773826975,1m 55.0s,115.0,51.17970939,-1.82462197,124.7,124.7,30.0,304.7,597.8,0.000,9.395,0.000,,0.000,,-0.000,,0.00,0.00,90.0,90.0,,P-GPS,,,8,2,FALSE,,Mini 4 Pro,,,,,,FALSE,TRUE,,,,,,,,,,,,,,,,,,,,,,,,,,,,,,,,,,,,,,,,,,,,,,,,87.1,,,,8.150,,,,,,,4.596,,,,,,,,,,,,,,,,,,,,,,,,,,,,,,,,51.17890000,-1.82620000,466.3,,,,,,,,,,,,,,,,,,,,,,,,,,,,Mini 4 Pro,SYNEQZTKWBD84VGCB,CAM3SNAYZ67FMNFC6,RCS72UWNCB2X59YSD,BAT9SBRNFB47JEYZD,,,,,,,,Mini 4 Pro,SYNEQZTKWBD84VGCB,,,,DJI Fly,,1.13.5,7620C74E-1616-5CF7-B130-32E3F2C50061,,,,,,,,,,GPS signal weak. Hovering unstable. Fly with caution (Code: 30008).
1773826976,1m 56.0s,116.0,51.17970939,-1.82462197,124.7,124.7,30.0,304.7,597.8,0.000,9.395,0.000,,0.000,,-0.000,,0.00,0.00,90.0,90.0,,P-GPS,,,8,2,FALSE,,Mini 4 Pro,,,,,,FALSE,TRUE,,,,,,,,,,,,,,,,,,,,,,,,,,,,,,,,,,,,,,,,,,,,,,,,87.1,,,,8.150,,,,,,,4.596,,,,,,,,,,,,,,,,,,,,,,,,,,,,,,,,51.17890000,-1.82620000,466.3,,,,,,,,,,,,,,,,,,,,,,,,,,,,Mini 4 Pro,SYNEQZTKWBD84VGCB,CAM3SNAYZ67FMNFC6,RCS72UWNCB2X59YSD,BAT9SBRNFB47JEYZD,,,,,,,,Mini 4 Pro,SYNEQZTKWBD84VGCB,,,,DJI Fly,,1.13.5,7620C74E-1616-5CF7-B130-32E3F2C50061,,,,,,,,,,GPS signal weak. Hovering unstable. Fly with caution (Code: 30008).
1773826977,1m 57.0s,117.0,51.17970939,-1.82462197,124.7,124.7,30.0,304.7,597.8,0.000,9.395,0.000,,0.000,,-0.000,,0.00,0.00,90.0,90.0,,P-GPS,,,8,2,FALSE,,Mini 4 Pro,,,,,,FALSE,TRUE,,,,,,,,,,,,,,,,,,,,,,,,,,,,,,,,,,,,,,,,,,,,,,,,87.1,,,,8.150,,,,,,,4.596,,,,,,,,,,,,,,,,,,,,,,,,,,,,,,,,51.17890000,-1.82620000,466.3,,,,,,,,,,,,,,,,,,,,,,,,,,,,Mini 4 Pro,SYNEQZTKWBD84VGCB,CAM3SNAYZ67FMNFC6,RCS72UWNCB2X59YSD,BAT9SBRNFB47JEYZD,,,,,,,,Mini 4 Pro,SYNEQZTKWBD84VGCB,,,,DJI Fly,,1.13.5,7620C74E-1616-5CF7-B130-32E3F2C50061,,,,,,,,,,GPS signal weak. Hovering unstable. Fly with caution (Code: 30008).
1773826978,1m 58.0s,118.0,51.17970939,-1.82462197,124.7,124.7,30.0,304.7,597.8,0.000,9.395,0.000,,0.000,,-0.000,,0.00,0.00,90.0,90.0,,P-GPS,,,18,4,TRUE,,Mini 4 Pro,,,,,,FALSE,TRUE,,,,,,,,,,,,,,,,,,,,,,,,,,,,,,,,,,,,,,,,,,,,,,,,87.1,,,,8.149,,,,,,,4.596,,,,,,,,,,,,,,,,,,,,,,,,,,,,,,,,51.17890000,-1.82620000,466.3,,,,,,,,,,,,,,,,,,,,,,,,,,,,Mini 4 Pro,SYNEQZTKWBD84VGCB,CAM3SNAYZ67FMNFC6,RCS72UWNCB2X59YSD,BAT9SBRNFB47JEYZD,,,,,,,,Mini 4 Pro,SYNEQZTKWBD84VGCB,,,,DJI Fly,,1.13.5,7620C74E-1616-5CF7-B130-32E3F2C50061,,,,,,,,,,
1773826979,1m 59.0s,119.0,51.17970939,-1.82462197,124.7,124.7,30.0,304.7,597.8,0.000,9.395,0.000,,0.000,,-0.000,,0.00,0.00,90.0,90.0,,P-GPS,,,18,4,TRUE,,Mini 4 Pro,,,,,,FALSE,TRUE,,,,,,,,,,,,,,,,,,,,,,,,,,,,,,,,,,,,,,,,,,,,,,,,87.1,,,,8.149,,,,,,,4.596,,,,,,,,,,,,,,,,,,,,,,,,,,,,,,,,51.17890000,-1.82620000,466.3,,,,,,,,,,,,,,,,,,,,,,,,,,,,Mini 4 Pro,SYNEQZTKWBD84VGCB,CAM3SNAYZ67FMNFC6,RCS72UWNCB2X59YSD,BAT9SBRNFB47JEYZD,,,,,,,,Mini 4 Pro,SYNEQZTKWBD84VGCB,,,,DJI Fly,,1.13.5,7620C74E-1616-5CF7-B130-32E3F2C50061,,,,,,,,,,
1773826980,2m 0.0s,120.0,51.17970939,-1.82462197,124.7,124.7,30.0,304.7,597.8,0.000,9.395,0.000,,0.000,,-0.000,,0.00,0.00,90.0,90.0,,P-GPS,,,18,4,TRUE,,Mini 4 Pro,,,,,,FALSE,TRUE,,,,,,,,,,,,,,,,,,,,,,,,,,,,,,,,,,,,,,,,,,,,,,,,87.0,,,,8.149,,,,,,,4.596,,,,,,,,,,,,,,,,,,,,,,,,,,,,,,,,51.17890000,-1.82620000,466.3,,,,,,,,,,,,,,,,,,,,,,,,,,,,Mini 4 Pro,SYNEQZTKWBD84VGCB,CAM3SNAYZ67FMNFC6,RCS72UWNCB2X59YSD,BAT9SBRNFB47JEYZD,,,,,,,,Mini 4 Pro,SYNEQZTKWBD84VGCB,,,,DJI Fly,,1.13.5,7620C74E-1616-5CF7-B130-32E3F2C50061,,,,,,,,,,
1773826981,2m 1.0s,121.0,51.17970939,-1.82462197,124.7,124.7,30.0,304.7,597.8,0.000,9.395,0.000,,0.000,,-0.000,,0.00,0.00,90.0,90.0,,P-GPS,,,18,4,TRUE,,Mini 4 Pro,,,,,,FALSE,TRUE,,,,,,,,,,,,,,,,,,,,,,,,,,,,,,,,,,,,,,,,,,,,,,,,87.0,,,,8.149,,,,,,,4.596,,,,,,,,,,,,,,,,,,,,,,,,,,,,,,,,51.17890000,-1.82620000,466.3,,,,,,,,,,,,,,,,,,,,,,,,,,,,Mini 4 Pro,SYNEQZTKWBD84VGCB,CAM3SNAYZ67FMNFC6,RCS72UWNCB2X59YSD,BAT9SBRNFB47JEYZD,,,,,,,,Mini 4 Pro,SYNEQZTKWBD84VGCB,,,,DJI Fly,,1.13.5,7620C74E-1616-5CF7-B130-32E3F2C50061,,,,,,,,,,
1773826982,2m 2.0s,122.0,51.17970939,-1.82462197,124.7,124.7,30.0,304.7,597.8,0.000,9.395,0.000,,0.000,,-0.000,,0.00,0.00,90.0,90.0,,P-GPS,,,18,4,TRUE,,Mini 4 Pro,,,,,,FALSE,TRUE,,,,,,,,,,,,,,,,,,,,,,,,,,,,,,,,,,,,,,,,,,,,,,,,87.0,,,,8.149,,,,,,,4.596,,,,,,,,,,,,,,,,,,,,,,,,,,,,,,,,51.17890000,-1.82620000,466.3,,,,,,,,,,,,,,,,,,,,,,,,,,,,Mini 4 Pro,SYNEQZTKWBD84VGCB,CAM3SNAYZ67FMNFC6,RCS72UWNCB2X59YSD,BAT9SBRNFB47JEYZD,,,,,,,,Mini 4 Pro,SYNEQZTKWBD84VGCB,,,,DJI Fly,,1.13.5,7620C74E-1616-5CF7-B130-32E3F2C50061,,,,,,,,,,
1773826983,2m 3.0s,123.0,51.17970939,-1.82462197,124.7,124.7,30.0,304.7,597.8,0.000,9.395,0.000,,0.000,,-0.000,,0.00,0.00,90.0,90.0,,P-GPS,,,18,4,TRUE,,Mini 4 Pro,,,,,,FALSE,TRUE,,,,,,,,,,,,,,,,,,,,,,,,,,,,,,,,,,,,,,,,,,,,,,,,87.0,,,,8.149,,,,,,,4.596,,,,,,,,,,,,,,,,,,,,,,,,,,,,,,,,51.17890000,-1.82620000,466.3,,,,,,,,,,,,,,,,,,,,,,,,,,,,Mini 4 Pro,SYNEQZTKWBD84VGCB,CAM3SNAYZ67FMNFC6,RCS72UWNCB2X59YSD,BAT9SBRNFB47JEYZD,,,,,,,,Mini 4 Pro,SYNEQZTKWBD84VGCB,,,,DJI Fly,,1.13.5,7620C74E-1616-5CF7-B130-32E3F2C50061,,,,,,,,,,
1773826984,2m 4.0s,124.0,51.17970939,-1.82462197,124.7,124.7,30.0,304.7,597.8,0.000,9.395,0.000,,0.000,,-0.000,,0.00,0.00,90.0,90.0,,P-GPS,,,18,4,TRUE,,Mini 4 Pro,,,,,,FALSE,TRUE,,,,,,,,,,,,,,,,,,,,,,,,,,,,,,,,,,,,,,,,,,,,,,,,87.0,,,,8.149,,,,,,,4.596,,,,,,,,,,,,,,,,,,,,,,,,,,,,,,,,51.17890000,-1.82620000,466.3,,,,,,,,,,,,,,,,,,,,,,,,,,,,Mini 4 Pro,SYNEQZTKWBD84VGCB,CAM3SNAYZ67FMNFC6,RCS72UWNCB2X59YSD,BAT9SBRNFB47JEYZD,,,,,,,,Mini 4 Pro,SYNEQZTKWBD84VGCB,,,,DJI Fly,,1.13.5,7620C74E-1616-5CF7-B130-32E3F2C50061,,,,,,,,,,
1773826985,2m 5.0s,125.0,51.17970939,-1.82462197,124.7,124.7,30.0,304.7,597.8,0.000,9.395,0.000,,0.000,,-0.000,,0.00,0.00,90.0,90.0,,P-GPS,,,18,4,TRUE,,Mini 4 Pro,,,,,,FALSE,TRUE,,,,,,,,,,,,,,,,,,,,,,,,,,,,,,,,,,,,,,,,,,,,,,,,87.0,,,,8.149,,,,,,,4.596,,,,,,,,,,,,,,,,,,,,,,,,,,,,,,,,51.17890000,-1.82620000,466.3,,,,,,,,,,,,,,,,,,,,,,,,,,,,Mini 4 Pro,SYNEQZTKWBD84VGCB,CAM3SNAYZ67FMNFC6,RCS72UWNCB2X59YSD,BAT9SBRNFB47JEYZD,,,,,,,,Mini 4 Pro,SYNEQZTKWBD84VGCB,,,,DJI Fly,,1.13.5,7620C74E-1616-5CF7-B130-32E3F2C50061,,,,,,,,,,
1773826986,2m 6.0s,126.0,51.17970939,-1.82462197,124.7,124.7,30.0,304.7,597.8,0.000,9.395,0.000,,0.000,,-0.000,,0.00,0.00,90.0,90.0,,P-GPS,,,18,4,TRUE,,Mini 4 Pro,,,,,,FALSE,TRUE,,,,,,,,,,,,,,,,,,,,,,,,,,,,,,,,,,,,,,,,,,,,,,,,87.0,,,,8.149,,,,,,,4.596,,,,,,,,,,,,,,,,,,,,,,,,,,,,,,,,51.17890000,-1.82620000,466.3,,,,,,,,,,,,,,,,,,,,,,,,,,,,Mini 4 Pro,SYNEQZTKWBD84VGCB,CAM3SNAYZ67FMNFC6,RCS72UWNCB2X59YSD,BAT9SBRNFB47JEYZD,,,,,,,,Mini 4 Pro,SYNEQZTKWBD84VGCB,,,,DJI Fly,,1.13.5,7620C74E-1616-5CF7-B130-32E3F2C50061,,,,,,,,,,
1773826987,2m 7.0s,127.0,51.17970939,-1.82462197,124.7,124.7,30.0,304.7,597.8,0.000,9.395,0.000,,0.000,,-0.000,,0.00,0.00,90.0,90.0,,P-GPS,,,18,4,TRUE,,Mini 4 Pro,,,,,,FALSE,TRUE,,,,,,,,,,,,,,,,,,,,,,,,,,,,,,,,,,,,,,,,,,,,,,,,87.0,,,,8.149,,,,,,,4.596,,,,,,,,,,,,,,,,,,,,,,,,,,,,,,,,51.17890000,-1.82620000,466.3,,,,,,,,,,,,,,,,,,,,,,,,,,,,Mini 4 Pro,SYNEQZTKWBD84VGCB,CAM3SNAYZ67FMNFC6,RCS72UWNCB2X59YSD,BAT9SBRNFB47JEYZD,,,,,,,,Mini 4 Pro,SYNEQZTKWBD84VGCB,,,,DJI Fly,,1.13.5,7620C74E-1616-5CF7-B130-32E3F2C50061,,,,,,,,,,
1773826988,2m 8.0s,128.0,51.17967522,-1.82462197,118.8,124.7,30.0,298.8,610.2,8.500,9.395,-8.500,,0.000,,4.026,,-5.87,25.00,180.0,180.0,,P-GPS,,,18,4,TRUE,,Mini 4 Pro,,,,,,FALSE,TRUE,,,,,,,,,,,,,,,,,,,,,,,,,,,,,,,,,,,,,,,,,,,,,,,,87.0,,,,8.149,,,,,,,6.686,,,,,,,,,,,,,,,,,,,,,,,,,,,,,,,,51.17890000,-1.82620000,458.5,,,,,,,,,,,,,,,,,,,,,,,,,,,,Mini 4 Pro,SYNEQZTKWBD84VGCB,CAM3SNAYZ67FMNFC6,RCS72UWNCB2X59YSD,BAT9SBRNFB47JEYZD,,,,,,,,Mini 4 Pro,SYNEQZTKWBD84VGCB,,,,DJI Fly,,1.13.5,7620C74E-1616-5CF7-B130-32E3F2C50061,,,,,,,,,,
1773826989,2m 9.0s,129.0,51.17964104,-1.82462197,112.9,124.7,30.0,292.9,622.7,8.500,9.395,-8.500,,0.000,,4.026,,-5.87,0.00,180.0,180.0,,P-GPS,,,18,4,TRUE,,Mini 4 Pro,,,,,,FALSE,TRUE,,,,,,,,,,,,,,,,,,,,,,,,,,,,,,,,,,,,,,,,,,,,,,,,87.0,,,,8.148,,,,,,,6.686,,,,,,,,,,,,,,,,,,,,,,,,,,,,,,,,51.17890000,-1.82620000,450.9,,,,,,,,,,,,,,,,,,,,,,,,,,,,Mini 4 Pro,SYNEQZTKWBD84VGCB,CAM3SNAYZ67FMNFC6,RCS72UWNCB2X59YSD,BAT9SBRNFB47JEYZD,,,,,,,,Mini 4 Pro,SYNEQZTKWBD84VGCB,,,,DJI Fly,,1.13.5,7620C74E-1616-5CF7-B130-32E3F2C50061,,,,,,,,,,
1773826990,2m 10.0s,130.0,51.17960687,-1.82462197,111.5,124.7,30.0,291.5,635.2,8.500,9.395,-8.500,,0.000,,0.895,,-0.27,0.00,180.0,180.0,,P-GPS,,,18,4,TRUE,,Mini 4 Pro,,,,,,FALSE,TRUE,,,,,,,,,,,,,,,,,,,,,,,,,,,,,,,,,,,,,,,,,,,,,,,,87.0,,,,8.148,,,,,,,6.686,,,,,,,,,,,,,,,,,,,,,,,,,,,,,,,,51.17890000,-1.82620000,443.6,,,,,,,,,,,,,,,,,,,,,,,,,,,,Mini 4 Pro,SYNEQZTKWBD84VGCB,CAM3SNAYZ67FMNFC6,RCS72UWNCB2X59YSD,BAT9SBRNFB47JEYZD,,,,,,,,Mini 4 Pro,SYNEQZTKWBD84VGCB,,,,DJI Fly,,1.13.5,7620C74E-1616-5CF7-B130-32E3F2C50061,,,,,,,,,,
1773826991,2m 11.0s,131.0,51.17957269,-1.82462197,111.5,124.7,30.0,291.5,647.6,8.500,9.395,-8.500,,0.000,,-0.000,,1.33,0.00,180.0,180.0,,P-GPS,,,18,4,TRUE,,Mini 4 Pro,,,,,,FALSE,TRUE,,,,,,,,,,,,,,,,,,,,,,,,,,,,,,,,,,,,,,,,,,,,,,,,87.0,,,,8.148,,,,,,,6.686,,,,,,,,,,,,,,,,,,,,,,,,,,,,,,,,51.17890000,-1.82620000,436.4,,,,,,,,,,,,,,,,,,,,,,,,,,,,Mini 4 Pro,SYNEQZTKWBD84VGCB,CAM3SNAYZ67FMNFC6,RCS72UWNCB2X59YSD,BAT9SBRNFB47JEYZD,,,,,,,,Mini 4 Pro,SYNEQZTKWBD84VGCB,,,,DJI Fly,,1.13.5,7620C74E-1616-5CF7-B130-32E3F2C50061,,,,,,,,,,
1773826992,2m 12.0s,132.0,51.17953852,-1.82462197,111.5,124.7,30.0,291.5,660.1,8.500,9.395,-8.500,,0.000,,-0.000,,1.33,0.00,180.0,180.0,,P-GPS,,,18,4,TRUE,,Mini 4 Pro,,,,,,FALSE,TRUE,,,,,,,,,,,,,,,,,,,,,,,,,,,,,,,,,,,,,,,,,,,,,,,,87.0,,,,8.148,,,,,,,6.686,,,,,,,,,,,,,,,,,,,,,,,,,,,,,,,,51.17890000,-1.82620000,429.5,,,,,,,,,,,,,,,,,,,,,,,,,,,,Mini 4 Pro,SYNEQZTKWBD84VGCB,CAM3SNAYZ67FMNFC6,RCS72UWNCB2X59YSD,BAT9SBRNFB47JEYZD,,,,,,,,Mini 4 Pro,SYNEQZTKWBD84VGCB,,,,DJI Fly,,1.13.5,7620C74E-1616-5CF7-B130-32E3F2C50061,,,,,,,,,,
1773826993,2m 13.0s,133.0,51.17950434,-1.82462197,111.5,124.7,30.0,291.5,672.6,8.500,9.395,-8.500,,0.000,,-0.000,,1.33,0.00,180.0,180.0,,P-GPS,,,18,4,TRUE,,Mini 4 Pro,,,,,,FALSE,TRUE,,,,,,,,,,,,,,,,,,,,,,,,,,,,,,,,,,,,,,,,,,,,,,,,87.0,,,,8.148,,,,,,,6.686,,,,,,,,,,,,,,,,,,,,,,,,,,,,,,,,51.17890000,-1.82620000,422.9,,,,,,,,,,,,,,,,,,,,,,,,,,,,Mini 4 Pro,SYNEQZTKWBD84VGCB,CAM3SNAYZ67FMNFC6,RCS72UWNCB2X59YSD,BAT9SBRNFB47JEYZD,,,,,,,,Mini 4 Pro,SYNEQZTKWBD84VGCB,,,,DJI Fly,,1.13.5,7620C74E-1616-5CF7-B130-32E3F2C50061,,,,,,,,,,
1773826994,2m 14.0s,134.0,51.17947017,-1.82462197,111.5,124.7,30.0,291.5,685.0,8.500,9.395,-8.500,,0.000,,-0.000,,1.33,0.00,180.0,180.0,,P-GPS,,,18,4,TRUE,,Mini 4 Pro,,,,,,FALSE,TRUE,,,,,,,,,,,,,,,,,,,,,,,,,,,,,,,,,,,,,,,,,,,,,,,,87.0,,,,8.148,,,,,,,6.686,,,,,,,,,,,,,,,,,,,,,,,,,,,,,,,,51.17890000,-1.82620000,416.5,,,,,,,,,,,,,,,,,,,,,,,,,,,,Mini 4 Pro,SYNEQZTKWBD84VGCB,CAM3SNAYZ67FMNFC6,RCS72UWNCB2X59YSD,BAT9SBRNFB47JEYZD,,,,,,,,Mini 4 Pro,SYNEQZTKWBD84VGCB,,,,DJI Fly,,1.13.5,7620C74E-1616-5CF7-B130-32E3F2C50061,,,,,,,,,,
1773826995,2m 15.0s,135.0,51.17943600,-1.82462197,111.5,124.7,30.0,291.5,697.5,8.500,9.395,-8.500,,0.000,,-0.000,,1.33,0.00,180.0,180.0,,P-GPS,,,18,4,TRUE,,Mini 4 Pro,,,,,,FALSE,TRUE,,,,,,,,,,,,,,,,,,,,,,,,,,,,,,,,,,,,,,,,,,,,,,,,86.9,,,,8.148,,,,,,,6.686,,,,,,,,,,,,,,,,,,,,,,,,,,,,,,,,51.17890000,-1.82620000,410.5,,,,,,,,,,,,,,,,,,,,,,,,,,,,Mini 4 Pro,SYNEQZTKWBD84VGCB,CAM3SNAYZ67FMNFC6,RCS72UWNCB2X59YSD,BAT9SBRNFB47JEYZD,,,,,,,,Mini 4 Pro,SYNEQZTKWBD84VGCB,,,,DJI Fly,,1.13.5,7620C74E-1616-5CF7-B130-32E3F2C50061,,,,,,,,,,
1773826996,2m 16.0s,136.0,51.17940182,-1.82462197,111.5,124.7,30.0,291.5,710.0,8.500,9.395,-8.500,,0.000,,-0.000,,1.33,0.00,180.0,180.0,,P-GPS,,,18,4,TRUE,,Mini 4 Pro,,,,,,FALSE,TRUE,,,,,,,,,,,,,,,,,,,,,,,,,,,,,,,,,,,,,,,,,,,,,,,,86.9,,,,8.148,,,,,,,6.686,,,,,,,,,,,,,,,,,,,,,,,,,,,,,,,,51.17890000,-1.82620000,404.7,,,,,,,,,,,,,,,,,,,,,,,,,,,,Mini 4 Pro,SYNEQZTKWBD84VGCB,CAM3SNAYZ67FMNFC6,RCS72UWNCB2X59YSD,BAT9SBRNFB47JEYZD,,,,,,,,Mini 4 Pro,SYNEQZTKWBD84VGCB,,,,DJI Fly,,1.13.5,7620C74E-1616-5CF7-B130-32E3F2C50061,,,,,,,,,,
1773826997,2m 17.0s,137.0,51.17936765,-1.82462197,111.5,124.7,30.0,291.5,722.4,8.500,9.395,-8.500,,0.000,,-0.000,,1.33,0.00,180.0,180.0,,P-GPS,,,18,4,TRUE,,Mini 4 Pro,,,,,,FALSE,TRUE,,,,,,,,,,,,,,,,,,,,,,,,,,,,,,,,,,,,,,,,,,,,,,,,86.9,,,,8.147,,,,,,,6.686,,,,,,,,,,,,,,,,,,,,,,,,,,,,,,,,51.17890000,-1.82620000,399.2,,,,,,,,,,,,,,,,,,,,,,,,,,,,Mini 4 Pro,SYNEQZTKWBD84VGCB,CAM3SNAYZ67FMNFC6,RCS72UWNCB2X59YSD,BAT9SBRNFB47JEYZD,,,,,,,,Mini 4 Pro,SYNEQZTKWBD84VGCB,,,,DJI Fly,,1.13.5,7620C74E-1616-5CF7-B130-32E3F2C50061,,,,,,,,,,
1773826998,2m 18.0s,138.0,51.17933347,-1.82462197,111.5,124.7,30.0,291.5,734.9,8.500,9.395,-8.500,,0.000,,-0.000,,1.33,0.00,180.0,180.0,,P-GPS,,,18,4,TRUE,,Mini 4 Pro,,,,,,FALSE,TRUE,,,,,,,,,,,,,,,,,,,,,,,,,,,,,,,,,,,,,,,,,,,,,,,,86.9,,,,8.147,,,,,,,6.686,,,,,,,,,,,,,,,,,,,,,,,,,,,,,,,,51.17890000,-1.82620000,394.0,,,,,,,,,,,,,,,,,,,,,,,,,,,,Mini 4 Pro,SYNEQZTKWBD84VGCB,CAM3SNAYZ67FMNFC6,RCS72UWNCB2X59YSD,BAT9SBRNFB47JEYZD,,,,,,,,Mini 4 Pro,SYNEQZTKWBD84VGCB,,,,DJI Fly,,1.13.5,7620C74E-1616-5CF7-B130-32E3F2C50061,,,,,,,,,,
1773826999,2m 19.0s,139.0,51.17929930,-1.82462197,111.5,124.7,30.0,291.5,747.4,8.500,9.395,-8.500,,0.000,,-0.000,,1.33,0.00,180.0,180.0,,P-GPS,,,18,4,TRUE,,Mini 4 Pro,,,,,,FALSE,TRUE,,,,,,,,,,,,,,,,,,,,,,,,,,,,,,,,,,,,,,,,,,,,,,,,86.9,,,,8.147,,,,,,,6.686,,,,,,,,,,,,,,,,,,,,,,,,,,,,,,,,51.17890000,-1.82620000,389.2,,,,,,,,,,,,,,,,,,,,,,,,,,,,Mini 4 Pro,SYNEQZTKWBD84VGCB,CAM3SNAYZ67FMNFC6,RCS72UWNCB2X59YSD,BAT9SBRNFB47JEYZD,,,,,,,,Mini 4 Pro,SYNEQZTKWBD84VGCB,,,,DJI Fly,,1.13.5,7620C74E-1616-5CF7-B130-32E3F2C50061,,,,,,,,,,
1773827000,2m 20.0s,140.0,51.17926512,-1.82462197,111.5,124.7,30.0,291.5,759.8,8.500,9.395,-8.500,,0.000,,-0.000,,1.33,0.00,180.0,180.0,,P-GPS,,,18,4,TRUE,,Mini 4 Pro,,,,,,FALSE,TRUE,,,,,,,,,,,,,,,,,,,,,,,,,,,,,,,,,,,,,,,,,,,,,,,,86.9,,,,8.147,,,,,,,6.686,,,,,,,,,,,,,,,,,,,,,,,,,,,,,,,,51.17890000,-1.82620000,384.7,,,,,,,,,,,,,,,,,,,,,,,,,,,,Mini 4 Pro,SYNEQZTKWBD84VGCB,CAM3SNAYZ67FMNFC6,RCS72UWNCB2X59YSD,BAT9SBRNFB47JEYZD,,,,,,,,Mini 4 Pro,SYNEQZTKWBD84VGCB,,,,DJI Fly,,1.13.5,7620C74E-1616-5CF7-B130-32E3F2C50061,,,,,,,,,,
1773827001,2m 21.0s,141.0,51.17923095,-1.82462197,111.5,124.7,30.0,291.5,772.3,8.500,9.395,-8.500,,0.000,,-0.000,,1.33,0.00,180.0,180.0,,P-GPS,,,18,4,TRUE,,Mini 4 Pro,,,,,,FALSE,TRUE,,,,,,,,,,,,,,,,,,,,,,,,,,,,,,,,,,,,,,,,,,,,,,,,86.9,,,,8.147,,,,,,,6.686,,,,,,,,,,,,,,,,,,,,,,,,,,,,,,,,51.17890000,-1.82620000,380.6,,,,,,,,,,,,,,,,,,,,,,,,,,,,Mini 4 Pro,SYNEQZTKWBD84VGCB,CAM3SNAYZ67FMNFC6,RCS72UWNCB2X59YSD,BAT9SBRNFB47JEYZD,,,,,,,,Mini 4 Pro,SYNEQZTKWBD84VGCB,,,,DJI Fly,,1.13.5,7620C74E-1616-5CF7-B130-32E3F2C50061,,,,,,,,,,
1773827002,2m 22.0s,142.0,51.17919678,-1.82462197,111.5,124.7,30.0,291.5,784.8,8.500,9.395,-8.500,,0.000,,-0.000,,1.33,0.00,180.0,180.0,,P-GPS,,,18,4,TRUE,,Mini 4 Pro,,,,,,FALSE,TRUE,,,,,,,,,,,,,,,,,,,,,,,,,,,,,,,,,,,,,,,,,,,,,,,,86.9,,,,8.147,,,,,,,6.686,,,,,,,,,,,,,,,,,,,,,,,,,,,,,,,,51.17890000,-1.82620000,376.8,,,,,,,,,,,,,,,,,,,,,,,,,,,,Mini 4 Pro,SYNEQZTKWBD84VGCB,CAM3SNAYZ67FMNFC6,RCS72UWNCB2X59YSD,BAT9SBRNFB47JEYZD,,,,,,,,Mini 4 Pro,SYNEQZTKWBD84VGCB,,,,DJI Fly,,1.13.5,7620C74E-1616-5CF7-B130-32E3F2C50061,,,,,,,,,,
1773827003,2m 23.0s,143.0,51.17916260,-1.82462197,111.5,124.7,30.0,291.5,797.2,8.500,9.395,-8.500,,0.000,,-0.000,,1.33,0.00,180.0,180.0,,P-GPS,,,18,4,TRUE,,Mini 4 Pro,,,,,,FALSE,TRUE,,,,,,,,,,,,,,,,,,,,,,,,,,,,,,,,,,,,,,,,,,,,,,,,86.9,,,,8.147,,,,,,,6.686,,,,,,,,,,,,,,,,,,,,,,,,,,,,,,,,51.17890000,-1.82620000,373.4,,,,,,,,,,,,,,,,,,,,,,,,,,,,Mini 4 Pro,SYNEQZTKWBD84VGCB,CAM3SNAYZ67FMNFC6,RCS72UWNCB2X59YSD,BAT9SBRNFB47JEYZD,,,,,,,,Mini 4 Pro,SYNEQZTKWBD84VGCB,,,,DJI Fly,,1.13.5,7620C74E-1616-5CF7-B130-32E3F2C50061,,,,,,,,,,
1773827004,2m 24.0s,144.0,51.17912843,-1.82462197,111.5,124.7,30.0,291.5,809.7,8.500,9.395,-8.500,,0.000,,-0.000,,1.33,0.00,180.0,180.0,,P-GPS,,,18,4,TRUE,,Mini 4 Pro,,,,,,FALSE,TRUE,,,,,,,,,,,,,,,,,,,,,,,,,,,,,,,,,,,,,,,,,,,,,,,,86.9,,,,8.146,,,,,,,6.686,,,,,,,,,,,,,,,,,,,,,,,,,,,,,,,,51.17890000,-1.82620000,370.4,,,,,,,,,,,,,,,,,,,,,,,,,,,,Mini 4 Pro,SYNEQZTKWBD84VGCB,CAM3SNAYZ67FMNFC6,RCS72UWNCB2X59YSD,BAT9SBRNFB47JEYZD,,,,,,,,Mini 4 Pro,SYNEQZTKWBD84VGCB,,,,DJI Fly,,1.13.5,7620C74E-1616-5CF7-B130-32E3F2C50061,,,,,,,,,,
1773827005,2m 25.0s,145.0,51.17909425,-1.82462197,111.5,124.7,30.0,291.5,822.2,8.500,9.395,-8.500,,0.000,,-0.000,,1.33,0.00,180.0,180.0,,P-GPS,,,18,4,TRUE,,Mini 4 Pro,,,,,,FALSE,TRUE,,,,,,,,,,,,,,,,,,,,,,,,,,,,,,,,,,,,,,,,,,,,,,,,86.9,,,,8.146,,,,,,,6.686,,,,,,,,,,,,,,,,,,,,,,,,,,,,,,,,51.17890000,-1.82620000,367.8,,,,,,,,,,,,,,,,,,,,,,,,,,,,Mini 4 Pro,SYNEQZTKWBD84VGCB,CAM3SNAYZ67FMNFC6,RCS72UWNCB2X59YSD,BAT9SBRNFB47JEYZD,,,,,,,,Mini 4 Pro,SYNEQZTKWBD84VGCB,,,,DJI Fly,,1.13.5,7620C74E-1616-5CF7-B130-32E3F2C50061,,,,,,,,,,
1773827006,2m 26.0s,146.0,51.17906008,-1.82462197,111.5,124.7,30.0,291.5,834.6,8.500,9.395,-8.500,,0.000,,-0.000,,1.33,0.00,180.0,180.0,,P-GPS,,,18,4,TRUE,,Mini 4 Pro,,,,,,FALSE,TRUE,,,,,,,,,,,,,,,,,,,,,,,,,,,,,,,,,,,,,,,,,,,,,,,,86.9,,,,8.146,,,,,,,6.686,,,,,,,,,,,,,,,,,,,,,,,,,,,,,,,,51.17890000,-1.82620000,365.6,,,,,,,,,,,,,,,,,,,,,,,,,,,,Mini 4 Pro,SYNEQZTKWBD84VGCB,CAM3SNAYZ67FMNFC6,RCS72UWNCB2X59YSD,BAT9SBRNFB47JEYZD,,,,,,,,Mini 4 Pro,SYNEQZTKWBD84VGCB,,,,DJI Fly,,1.13.5,7620C74E-1616-5CF7-B130-32E3F2C50061,,,,,,,,,,
1773827007,2m 27.0s,147.0,51.17902591,-1.82462197,111.5,124.7,30.0,291.5,847.1,8.500,9.395,-8.500,,0.000,,-0.000,,1.33,0.00,180.0,180.0,,P-GPS,,,18,4,TRUE,,Mini 4 Pro,,,,,,FALSE,TRUE,,,,,,,,,,,,,,,,,,,,,,,,,,,,,,,,,,,,,,,,,,,,,,,,86.8,,,,8.146,,,,,,,6.686,,,,,,,,,,,,,,,,,,,,,,,,,,,,,,,,51.17890000,-1.82620000,363.8,,,,,,,,,,,,,,,,,,,,,,,,,,,,Mini 4 Pro,SYNEQZTKWBD84VGCB,CAM3SNAYZ67FMNFC6,RCS72UWNCB2X59YSD,BAT9SBRNFB47JEYZD,,,,,,,,Mini 4 Pro,SYNEQZTKWBD84VGCB,,,,DJI Fly,,1.13.5,7620C74E-1616-5CF7-B130-32E3F2C50061,,,,,,,,,,
1773827008,2m 28.0s,148.0,51.17899173,-1.82462197,111.5,124.7,30.0,291.5,859.6,8.500,9.395,-8.500,,0.000,,-0.000,,1.33,0.00,180.0,180.0,,P-GPS,,,18,4,TRUE,,Mini 4 Pro,,,,,,FALSE,TRUE,,,,,,,,,,,,,,,,,,,,,,,,,,,,,,,,,,,,,,,,,,,,,,,,86.8,,,,8.146,,,,,,,6.686,,,,,,,,,,,,,,,,,,,,,,,,,,,,,,,,51.17890000,-1.82620000,362.4,,,,,,,,,,,,,,,,,,,,,,,,,,,,Mini 4 Pro,SYNEQZTKWBD84VGCB,CAM3SNAYZ67FMNFC6,RCS72UWNCB2X59YSD,BAT9SBRNFB47JEYZD,,,,,,,,Mini 4 Pro,SYNEQZTKWBD84VGCB,,,,DJI Fly,,1.13.5,7620C74E-1616-5CF7-B130-32E3F2C50061,,,,,,,,,,
1773827009,2m 29.0s,149.0,51.17899173,-1.82462197,111.5,124.7,30.0,291.5,859.6,0.000,9.395,0.000,,0.000,,-0.000,,0.00,0.00,180.0,180.0,,P-GPS,,,18,4,TRUE,,Mini 4 Pro,,,,,,FALSE,TRUE,,,,,,,,,,,,,,,,,,,,,,,,,,,,,,,,,,,,,,,,,,,,,,,,86.8,,,,8.146,,,,,,,4.596,,,,,,,,,,,,,,,,,,,,,,,,,,,,,,,,51.17890000,-1.82620000,362.4,,,,,,,,,,,,,,,,,,,,,,,,,,,,Mini 4 Pro,SYNEQZTKWBD84VGCB,CAM3SNAYZ67FMNFC6,RCS72UWNCB2X59YSD,BAT9SBRNFB47JEYZD,,,,,,,,Mini 4 Pro,SYNEQZTKWBD84VGCB,,,,DJI Fly,,1.13.5,7620C74E-1616-5CF7-B130-32E3F2C50061,,,,,,,,,,
1773827010,2m 30.0s,150.0,51.17899173,-1.82462197,111.5,124.7,30.0,291.5,859.6,0.000,9.395,0.000,,0.000,,-0.000,,0.00,0.00,180.0,180.0,,P-GPS,,,18,4,TRUE,,Mini 4 Pro,,,,,,FALSE,TRUE,,,,,,,,,,,,,,,,,,,,,,,,,,,,,,,,,,,,,,,,,,,,,,,,86.8,,,,8.146,,,,,,,4.596,,,,,,,,,,,,,,,,,,,,,,,,,,,,,,,,51.17890000,-1.82620000,362.4,,,,,,,,,,,,,,,,,,,,,,,,,,,,Mini 4 Pro,SYNEQZTKWBD84VGCB,CAM3SNAYZ67FMNFC6,RCS72UWNCB2X59YSD,BAT9SBRNFB47JEYZD,,,,,,,,Mini 4 Pro,SYNEQZTKWBD84VGCB,,,,DJI Fly,,1.13.5,7620C74E-1616-5CF7-B130-32E3F2C50061,,,,,,,,,,
1773827011,2m 31.0s,151.0,51.17899173,-1.82462197,111.5,124.7,30.0,291.5,859.6,0.000,9.395,0.000,,0.000,,-0.000,,0.00,0.00,180.0,180.0,,P-GPS,,,18,4,TRUE,,Mini 4 Pro,,,,,,FALSE,TRUE,,,,,,,,,,,,,,,,,,,,,,,,,,,,,,,,,,,,,,,,,,,,,,,,86.8,,,,8.146,,,,,,,4.596,,,,,,,,,,,,,,,,,,,,,,,,,,,,,,,,51.17890000,-1.82620000,362.4,,,,,,,,,,,,,,,,,,,,,,,,,,,,Mini 4 Pro,SYNEQZTKWBD84VGCB,CAM3SNAYZ67FMNFC6,RCS72UWNCB2X59YSD,BAT9SBRNFB47JEYZD,,,,,,,,Mini 4 Pro,SYNEQZTKWBD84VGCB,,,,DJI Fly,,1.13.5,7620C74E-1616-5CF7-B130-32E3F2C50061,,,,,,,,,,
1773827012,2m 32.0s,152.0,51.17899173,-1.82462197,111.5,124.7,30.0,291.5,859.6,0.000,9.395,0.000,,0.000,,-0.000,,0.00,0.00,180.0,180.0,,P-GPS,,,18,4,TRUE,,Mini 4 Pro,,,,,,FALSE,TRUE,,,,,,,,,,,,,,,,,,,,,,,,,,,,,,,,,,,,,,,,,,,,,,,,86.8,,,,8.146,,,,,,,4.596,,,,,,,,,,,,,,,,,,,,,,,,,,,,,,,,51.17890000,-1.82620000,362.4,,,,,,,,,,,,,,,,,,,,,,,,,,,,Mini 4 Pro,SYNEQZTKWBD84VGCB,CAM3SNAYZ67FMNFC6,RCS72UWNCB2X59YSD,BAT9SBRNFB47JEYZD,,,,,,,,Mini 4 Pro,SYNEQZTKWBD84VGCB,,,,DJI Fly,,1.13.5,7620C74E-1616-5CF7-B130-32E3F2C50061,,,,,,,,,,
1773827013,2m 33.0s,153.0,51.17899173,-1.82462197,111.5,124.7,30.0,291.5,859.6,0.000,9.395,0.000,,0.000,,-0.000,,0.00,0.00,180.0,180.0,,P-GPS,,,18,4,TRUE,,Mini 4 Pro,,,,,,FALSE,TRUE,,,,,,,,,,,,,,,,,,,,,,,,,,,,,,,,,,,,,,,,,,,,,,,,86.8,,,,8.146,,,,,,,4.596,,,,,,,,,,,,,,,,,,,,,,,,,,,,,,,,51.17890000,-1.82620000,362.4,,,,,,,,,,,,,,,,,,,,,,,,,,,,Mini 4 Pro,SYNEQZTKWBD84VGCB,CAM3SNAYZ67FMNFC6,RCS72UWNCB2X59YSD,BAT9SBRNFB47JEYZD,,,,,,,,Mini 4 Pro,SYNEQZTKWBD84VGCB,,,,DJI Fly,,1.13.5,7620C74E-1616-5CF7-B130-32E3F2C50061,,,,,,,,,,
1773827014,2m 34.0s,154.0,51.17899173,-1.82462197,111.5,124.7,30.0,291.5,859.6,0.000,9.395,0.000,,0.000,,-0.000,,0.00,0.00,180.0,180.0,,P-GPS,,,18,4,TRUE,,Mini 4 Pro,,,,,,FALSE,TRUE,,,,,,,,,,,,,,,,,,,,,,,,,,,,,,,,,,,,,,,,,,,,,,,,86.8,,,,8.145,,,,,,,4.596,,,,,,,,,,,,,,,,,,,,,,,,,,,,,,,,51.17890000,-1.82620000,362.4,,,,,,,,,,,,,,,,,,,,,,,,,,,,Mini 4 Pro,SYNEQZTKWBD84VGCB,CAM3SNAYZ67FMNFC6,RCS72UWNCB2X59YSD,BAT9SBRNFB47JEYZD,,,,,,,,Mini 4 Pro,SYNEQZTKWBD84VGCB,,,,DJI Fly,,1.13.5,7620C74E-1616-5CF7-B130-32E3F2C50061,,,,,,,,,,
1773827015,2m 35.0s,155.0,51.17899173,-1.82462197,111.5,124.7,30.0,291.5,859.6,0.000,9.395,0.000,,0.000,,-0.000,,0.00,0.00,180.0,180.0,,P-GPS,,,18,4,TRUE,,Mini 4 Pro,,,,,,FALSE,TRUE,,,,,,,,,,,,,,,,,,,,,,,,,,,,,,,,,,,,,,,,,,,,,,,,86.8,,,,8.145,,,,,,,4.596,,,,,,,,,,,,,,,,,,,,,,,,,,,,,,,,51.17890000,-1.82620000,362.4,,,,,,,,,,,,,,,,,,,,,,,,,,,,Mini 4 Pro,SYNEQZTKWBD84VGCB,CAM3SNAYZ67FMNFC6,RCS72UWNCB2X59YSD,BAT9SBRNFB47JEYZD,,,,,,,,Mini 4 Pro,SYNEQZTKWBD84VGCB,,,,DJI Fly,,1.13.5,7620C74E-1616-5CF7-B130-32E3F2C50061,,,,,,,,,,
1773827016,2m 36.0s,156.0,51.17899173,-1.82462197,111.5,124.7,30.0,291.5,859.6,0.000,9.395,0.000,,0.000,,-0.000,,0.00,0.00,180.0,180.0,,P-GPS,,,18,4,TRUE,,Mini 4 Pro,,,,,,FALSE,TRUE,,,,,,,,,,,,,,,,,,,,,,,,,,,,,,,,,,,,,,,,,,,,,,,,86.8,,,,8.145,,,,,,,4.596,,,,,,,,,,,,,,,,,,,,,,,,,,,,,,,,51.17890000,-1.82620000,362.4,,,,,,,,,,,,,,,,,,,,,,,,,,,,Mini 4 Pro,SYNEQZTKWBD84VGCB,CAM3SNAYZ67FMNFC6,RCS72UWNCB2X59YSD,BAT9SBRNFB47JEYZD,,,,,,,,Mini 4 Pro,SYNEQZTKWBD84VGCB,,,,DJI Fly,,1.13.5,7620C74E-1616-5CF7-B130-32E3F2C50061,,,,,,,,,,
1773827017,2m 37.0s,157.0,51.17899173,-1.82462197,111.5,124.7,30.0,291.5,859.6,0.000,9.395,0.000,,0.000,,-0.000,,0.00,0.00,180.0,180.0,,P-GPS,,,18,4,TRUE,,Mini 4 Pro,,,,,,FALSE,TRUE,,,,,,,,,,,,,,,,,,,,,,,,,,,,,,,,,,,,,,,,,,,,,,,,86.8,,,,8.145,,,,,,,4.596,,,,,,,,,,,,,,,,,,,,,,,,,,,,,,,,51.17890000,-1.82620000,362.4,,,,,,,,,,,,,,,,,,,,,,,,,,,,Mini 4 Pro,SYNEQZTKWBD84VGCB,CAM3SNAYZ67FMNFC6,RCS72UWNCB2X59YSD,BAT9SBRNFB47JEYZD,,,,,,,,Mini 4 Pro,SYNEQZTKWBD84VGCB,,,,DJI Fly,,1.13.5,7620C74E-1616-5CF7-B130-32E3F2C50061,,,,,,,,,,
1773827018,2m 38.0s,158.0,51.17899173,-1.82462197,111.5,124.7,30.0,291.5,859.6,0.000,9.395,0.000,,0.000,,-0.000,,0.00,0.00,180.0,180.0,,P-GPS,,,18,4,TRUE,,Mini 4 Pro,,,,,,FALSE,TRUE,,,,,,,,,,,,,,,,,,,,,,,,,,,,,,,,,,,,,,,,,,,,,,,,86.8,,,,8.145,,,,,,,4.596,,,,,,,,,,,,,,,,,,,,,,,,,,,,,,,,51.17890000,-1.82620000,362.4,,,,,,,,,,,,,,,,,,,,,,,,,,,,Mini 4 Pro,SYNEQZTKWBD84VGCB,CAM3SNAYZ67FMNFC6,RCS72UWNCB2X59YSD,BAT9SBRNFB47JEYZD,,,,,,,,Mini 4 Pro,SYNEQZTKWBD84VGCB,,,,DJI Fly,,1.13.5,7620C74E-1616-5CF7-B130-32E3F2C50061,,,,,,,,,,
1773827019,2m 39.0s,159.0,51.17899173,-1.82462197,111.5,124.7,30.0,291.5,859.6,0.000,9.395,0.000,,0.000,,-0.000,,0.00,0.00,180.0,180.0,,P-GPS,,,18,4,TRUE,,Mini 4 Pro,,,,,,FALSE,TRUE,,,,,,,,,,,,,,,,,,,,,,,,,,,,,,,,,,,,,,,,,,,,,,,,86.8,,,,8.145,,,,,,,4.596,,,,,,,,,,,,,,,,,,,,,,,,,,,,,,,,51.17890000,-1.82620000,362.4,,,,,,,,,,,,,,,,,,,,,,,,,,,,Mini 4 Pro,SYNEQZTKWBD84VGCB,CAM3SNAYZ67FMNFC6,RCS72UWNCB2X59YSD,BAT9SBRNFB47JEYZD,,,,,,,,Mini 4 Pro,SYNEQZTKWBD84VGCB,,,,DJI Fly,,1.13.5,7620C74E-1616-5CF7-B130-32E3F2C50061,,,,,,,,,,
1773827020,2m 40.0s,160.0,51.17899173,-1.82462197,111.5,124.7,30.0,291.5,859.6,0.000,9.395,0.000,,0.000,,-0.000,,0.00,0.00,180.0,180.0,,P-GPS,,,18,4,TRUE,,Mini 4 Pro,,,,,,FALSE,TRUE,,,,,,,,,,,,,,,,,,,,,,,,,,,,,,,,,,,,,,,,,,,,,,,,86.8,,,,8.145,,,,,,,4.596,,,,,,,,,,,,,,,,,,,,,,,,,,,,,,,,51.17890000,-1.82620000,362.4,,,,,,,,,,,,,,,,,,,,,,,,,,,,Mini 4 Pro,SYNEQZTKWBD84VGCB,CAM3SNAYZ67FMNFC6,RCS72UWNCB2X59YSD,BAT9SBRNFB47JEYZD,,,,,,,,Mini 4 Pro,SYNEQZTKWBD84VGCB,,,,DJI Fly,,1.13.5,7620C74E-1616-5CF7-B130-32E3F2C50061,,,,,,,,,,
1773827021,2m 41.0s,161.0,51.17899173,-1.82462197,111.5,124.7,30.0,291.5,859.6,0.000,9.395,0.000,,0.000,,-0.000,,0.00,0.00,180.0,180.0,,P-GPS,,,18,4,TRUE,,Mini 4 Pro,,,,,,FALSE,TRUE,,,,,,,,,,,,,,,,,,,,,,,,,,,,,,,,,,,,,,,,,,,,,,,,86.8,,,,8.145,,,,,,,4.596,,,,,,,,,,,,,,,,,,,,,,,,,,,,,,,,51.17890000,-1.82620000,362.4,,,,,,,,,,,,,,,,,,,,,,,,,,,,Mini 4 Pro,SYNEQZTKWBD84VGCB,CAM3SNAYZ67FMNFC6,RCS72UWNCB2X59YSD,BAT9SBRNFB47JEYZD,,,,,,,,Mini 4 Pro,SYNEQZTKWBD84VGCB,,,,DJI Fly,,1.13.5,7620C74E-1616-5CF7-B130-32E3F2C50061,,,,,,,,,,
1773827022,2m 42.0s,162.0,51.17899173,-1.82462197,111.5,124.7,30.0,291.5,859.6,0.000,9.395,0.000,,0.000,,-0.000,,0.00,0.00,180.0,180.0,,P-GPS,,,18,4,TRUE,,Mini 4 Pro,,,,,,FALSE,TRUE,,,,,,,,,,,,,,,,,,,,,,,,,,,,,,,,,,,,,,,,,,,,,,,,86.8,,,,8.145,,,,,,,4.596,,,,,,,,,,,,,,,,,,,,,,,,,,,,,,,,51.17890000,-1.82620000,362.4,,,,,,,,,,,,,,,,,,,,,,,,,,,,Mini 4 Pro,SYNEQZTKWBD84VGCB,CAM3SNAYZ67FMNFC6,RCS72UWNCB2X59YSD,BAT9SBRNFB47JEYZD,,,,,,,,Mini 4 Pro,SYNEQZTKWBD84VGCB,,,,DJI Fly,,1.13.5,7620C74E-1616-5CF7-B130-32E3F2C50061,,,,,,,,,,
1773827023,2m 43.0s,163.0,51.17898841,-1.82467911,111.5,124.7,30.0,291.5,872.7,8.948,9.395,-0.826,,-8.910,,-0.000,,1.40,25.00,264.7,264.7,,SMART_RTH,,,18,4,TRUE,,Mini 4 Pro,,,,,,FALSE,TRUE,,,,,,,,,,,,,,,,,,,,,,,,,,,,,,,,,,,,,,,,,,,,,,,,86.8,,,,8.145,,,,,,,6.796,,,,,,,,,,,,,,,,,,,,,,,,,,,,,,,,51.17890000,-1.82620000,349.3,,,,,,,,,,,,,,,,,,,,,,,,,,,,Mini 4 Pro,SYNEQZTKWBD84VGCB,CAM3SNAYZ67FMNFC6,RCS72UWNCB2X59YSD,BAT9SBRNFB47JEYZD,,,,,,,,Mini 4 Pro,SYNEQZTKWBD84VGCB,,,,DJI Fly,,1.13.5,7620C74E-1616-5CF7-B130-32E3F2C50061,,,,,,,,,,
1773827024,2m 44.0s,164.0,51.17898509,-1.82473624,111.5,124.7,30.0,291.5,885.8,8.948,9.395,-0.826,,-8.910,,-0.000,,1.40,0.00,264.7,264.7,,SMART_RTH,,,18,4,TRUE,,Mini 4 Pro,,,,,,FALSE,TRUE,,,,,,,,,,,,,,,,,,,,,,,,,,,,,,,,,,,,,,,,,,,,,,,,86.7,,,,8.145,,,,,,,6.796,,,,,,,,,,,,,,,,,,,,,,,,,,,,,,,,51.17890000,-1.82620000,336.2,,,,,,,,,,,,,,,,,,,,,,,,,,,,Mini 4 Pro,SYNEQZTKWBD84VGCB,CAM3SNAYZ67FMNFC6,RCS72UWNCB2X59YSD,BAT9SBRNFB47JEYZD,,,,,,,,Mini 4 Pro,SYNEQZTKWBD84VGCB,,,,DJI Fly,,1.13.5,7620C74E-1616-5CF7-B130-32E3F2C50061,,,,,,,,,,
1773827025,2m 45.0s,165.0,51.17898177,-1.82479338,111.5,124.7,30.0,291.5,898.9,8.948,9.395,-0.826,,-8.910,,-0.000,,1.40,0.00,264.7,264.7,,SMART_RTH,,,18,4,TRUE,,Mini 4 Pro,,,,,,FALSE,TRUE,,,,,,,,,,,,,,,,,,,,,,,,,,,,,,,,,,,,,,,,,,,,,,,,86.7,,,,8.144,,,,,,,6.796,,,,,,,,,,,,,,,,,,,,,,,,,,,,,,,,51.17890000,-1.82620000,323.1,,,,,,,,,,,,,,,,,,,,,,,,,,,,Mini 4 Pro,SYNEQZTKWBD84VGCB,CAM3SNAYZ67FMNFC6,RCS72UWNCB2X59YSD,BAT9SBRNFB47JEYZD,,,,,,,,Mini 4 Pro,SYNEQZTKWBD84VGCB,,,,DJI Fly,,1.13.5,7620C74E-1616-5CF7-B130-32E3F2C50061,,,,,,,,,,
1773827026,2m 46.0s,166.0,51.17897845,-1.82485052,111.5,124.7,30.0,291.5,912.1,8.948,9.395,-0.826,,-8.910,,-0.000,,1.40,0.00,264.7,264.7,,SMART_RTH,,,18,4,TRUE,,Mini 4 Pro,,,,,,FALSE,TRUE,,,,,,,,,,,,,,,,,,,,,,,,,,,,,,,,,,,,,,,,,,,,,,,,86.7,,,,8.144,,,,,,,6.796,,,,,,,,,,,,,,,,,,,,,,,,,,,,,,,,51.17890000,-1.82620000,309.9,,,,,,,,,,,,,,,,,,,,,,,,,,,,Mini 4 Pro,SYNEQZTKWBD84VGCB,CAM3SNAYZ67FMNFC6,RCS72UWNCB2X59YSD,BAT9SBRNFB47JEYZD,,,,,,,,Mini 4 Pro,SYNEQZTKWBD84VGCB,,,,DJI Fly,,1.13.5,7620C74E-1616-5CF7-B130-32E3F2C50061,,,,,,,,,,
1773827027,2m 47.0s,167.0,51.17897512,-1.82490766,111.5,124.7,30.0,291.5,925.2,8.948,9.395,-0.826,,-8.910,,-0.000,,1.40,0.00,264.7,264.7,,SMART_RTH,,,18,4,TRUE,,Mini 4 Pro,,,,,,FALSE,TRUE,,,,,,,,,,,,,,,,,,,,,,,,,,,,,,,,,,,,,,,,,,,,,,,,86.7,,,,8.144,,,,,,,6.796,,,,,,,,,,,,,,,,,,,,,,,,,,,,,,,,51.17890000,-1.82620000,296.8,,,,,,,,,,,,,,,,,,,,,,,,,,,,Mini 4 Pro,SYNEQZTKWBD84VGCB,CAM3SNAYZ67FMNFC6,RCS72UWNCB2X59YSD,BAT9SBRNFB47JEYZD,,,,,,,,Mini 4 Pro,SYNEQZTKWBD84VGCB,,,,DJI Fly,,1.13.5,7620C74E-1616-5CF7-B130-32E3F2C50061,,,,,,,,,,
1773827028,2m 48.0s,168.0,51.17897180,-1.82496480,111.5,124.7,30.0,291.5,938.3,8.948,9.395,-0.826,,-8.910,,-0.000,,1.40,0.00,264.7,264.7,,SMART_RTH,,,18,4,TRUE,,Mini 4 Pro,,,,,,FALSE,TRUE,,,,,,,,,,,,,,,,,,,,,,,,,,,,,,,,,,,,,,,,,,,,,,,,86.7,,,,8.144,,,,,,,6.796,,,,,,,,,,,,,,,,,,,,,,,,,,,,,,,,51.17890000,-1.82620000,283.7,,,,,,,,,,,,,,,,,,,,,,,,,,,,Mini 4 Pro,SYNEQZTKWBD84VGCB,CAM3SNAYZ67FMNFC6,RCS72UWNCB2X59YSD,BAT9SBRNFB47JEYZD,,,,,,,,Mini 4 Pro,SYNEQZTKWBD84VGCB,,,,DJI Fly,,1.13.5,7620C74E-1616-5CF7-B130-32E3F2C50061,,,,,,,,,,
1773827029,2m 49.0s,169.0,51.17896848,-1.82502193,111.5,124.7,30.0,291.5,951.4,8.948,9.395,-0.826,,-8.910,,-0.000,,1.40,0.00,264.7,264.7,,SMART_RTH,,,18,4,TRUE,,Mini 4 Pro,,,,,,FALSE,TRUE,,,,,,,,,,,,,,,,,,,,,,,,,,,,,,,,,,,,,,,,,,,,,,,,86.7,,,,8.144,,,,,,,6.796,,,,,,,,,,,,,,,,,,,,,,,,,,,,,,,,51.17890000,-1.82620000,270.6,,,,,,,,,,,,,,,,,,,,,,,,,,,,Mini 4 Pro,SYNEQZTKWBD84VGCB,CAM3SNAYZ67FMNFC6,RCS72UWNCB2X59YSD,BAT9SBRNFB47JEYZD,,,,,,,,Mini 4 Pro,SYNEQZTKWBD84VGCB,,,,DJI Fly,,1.13.5,7620C74E-1616-5CF7-B130-32E3F2C50061,,,,,,,,,,
1773827030,2m 50.0s,170.0,51.17896516,-1.82507907,111.5,124.7,30.0,291.5,964.6,8.948,9.395,-0.826,,-8.910,,-0.000,,1.40,0.00,264.7,264.7,,SMART_RTH,,,18,4,TRUE,,Mini 4 Pro,,,,,,FALSE,TRUE,,,,,,,,,,,,,,,,,,,,,,,,,,,,,,,,,,,,,,,,,,,,,,,,86.7,,,,8.144,,,,,,,6.796,,,,,,,,,,,,,,,,,,,,,,,,,,,,,,,,51.17890000,-1.82620000,257.5,,,,,,,,,,,,,,,,,,,,,,,,,,,,Mini 4 Pro,SYNEQZTKWBD84VGCB,CAM3SNAYZ67FMNFC6,RCS72UWNCB2X59YSD,BAT9SBRNFB47JEYZD,,,,,,,,Mini 4 Pro,SYNEQZTKWBD84VGCB,,,,DJI Fly,,1.13.5,7620C74E-1616-5CF7-B130-32E3F2C50061,,,,,,,,,,
1773827031,2m 51.0s,171.0,51.17896184,-1.82513621,111.5,124.7,30.0,291.5,977.7,8.948,9.395,-0.826,,-8.910,,-0.000,,1.40,0.00,264.7,264.7,,SMART_RTH,,,18,4,TRUE,,Mini 4 Pro,,,,,,FALSE,TRUE,,,,,,,,,,,,,,,,,,,,,,,,,,,,,,,,,,,,,,,,,,,,,,,,86.7,,,,8.144,,,,,,,6.796,,,,,,,,,,,,,,,,,,,,,,,,,,,,,,,,51.17890000,-1.82620000,244.3,,,,,,,,,,,,,,,,,,,,,,,,,,,,Mini 4 Pro,SYNEQZTKWBD84VGCB,CAM3SNAYZ67FMNFC6,RCS72UWNCB2X59YSD,BAT9SBRNFB47JEYZD,,,,,,,,Mini 4 Pro,SYNEQZTKWBD84VGCB,,,,DJI Fly,,1.13.5,7620C74E-1616-5CF7-B130-32E3F2C50061,,,,,,,,,,
1773827032,2m 52.0s,172.0,51.17895852,-1.82519335,111.5,124.7,30.0,291.5,990.8,8.948,9.395,-0.826,,-8.910,,-0.000,,1.40,0.00,264.7,264.7,,SMART_RTH,,,18,4,TRUE,,Mini 4 Pro,,,,,,FALSE,TRUE,,,,,,,,,,,,,,,,,,,,,,,,,,,,,,,,,,,,,,,,,,,,,,,,86.7,,,,8.143,,,,,,,6.796,,,,,,,,,,,,,,,,,,,,,,,,,,,,,,,,51.17890000,-1.82620000,231.2,,,,,,,,,,,,,,,,,,,,,,,,,,,,Mini 4 Pro,SYNEQZTKWBD84VGCB,CAM3SNAYZ67FMNFC6,RCS72UWNCB2X59YSD,BAT9SBRNFB47JEYZD,,,,,,,,Mini 4 Pro,SYNEQZTKWBD84VGCB,,,,DJI Fly,,1.13.5,7620C74E-1616-5CF7-B130-32E3F2C50061,,,,,,,,,,
1773827033,2m 53.0s,173.0,51.17895520,-1.82525048,111.5,124.7,30.0,291.5,1003.9,8.948,9.395,-0.826,,-8.910,,-0.000,,1.40,0.00,264.7,264.7,,SMART_RTH,,,18,4,TRUE,,Mini 4 Pro,,,,,,FALSE,TRUE,,,,,,,,,,,,,,,,,,,,,,,,,,,,,,,,,,,,,,,,,,,,,,,,86.7,,,,8.143,,,,,,,6.796,,,,,,,,,,,,,,,,,,,,,,,,,,,,,,,,51.17890000,-1.82620000,218.1,,,,,,,,,,,,,,,,,,,,,,,,,,,,Mini 4 Pro,SYNEQZTKWBD84VGCB,CAM3SNAYZ67FMNFC6,RCS72UWNCB2X59YSD,BAT9SBRNFB47JEYZD,,,,,,,,Mini 4 Pro,SYNEQZTKWBD84VGCB,,,,DJI Fly,,1.13.5,7620C74E-1616-5CF7-B130-32E3F2C50061,,,,,,,,,,
1773827034,2m 54.0s,174.0,51.17895187,-1.82530762,111.5,124.7,30.0,291.5,1017.0,8.948,9.395,-0.826,,-8.910,,-0.000,,1.40,0.00,264.7,264.7,,SMART_RTH,,,18,4,TRUE,,Mini 4 Pro,,,,,,FALSE,TRUE,,,,,,,,,,,,,,,,,,,,,,,,,,,,,,,,,,,,,,,,,,,,,,,,86.7,,,,8.143,,,,,,,6.796,,,,,,,,,,,,,,,,,,,,,,,,,,,,,,,,51.17890000,-1.82620000,205.0,,,,,,,,,,,,,,,,,,,,,,,,,,,,Mini 4 Pro,SYNEQZTKWBD84VGCB,CAM3SNAYZ67FMNFC6,RCS72UWNCB2X59YSD,BAT9SBRNFB47JEYZD,,,,,,,,Mini 4 Pro,SYNEQZTKWBD84VGCB,,,,DJI Fly,,1.13.5,7620C74E-1616-5CF7-B130-32E3F2C50061,,,,,,,,,,
1773827035,2m 55.0s,175.0,51.17894855,-1.82536476,111.5,124.7,30.0,291.5,1030.2,8.948,9.395,-0.826,,-8.910,,-0.000,,1.40,0.00,264.7,264.7,,SMART_RTH,,,18,4,TRUE,,Mini 4 Pro,,,,,,FALSE,TRUE,,,,,,,,,,,,,,,,,,,,,,,,,,,,,,,,,,,,,,,,,,,,,,,,86.7,,,,8.143,,,,,,,6.796,,,,,,,,,,,,,,,,,,,,,,,,,,,,,,,,51.17890000,-1.82620000,191.8,,,,,,,,,,,,,,,,,,,,,,,,,,,,Mini 4 Pro,SYNEQZTKWBD84VGCB,CAM3SNAYZ67FMNFC6,RCS72UWNCB2X59YSD,BAT9SBRNFB47JEYZD,,,,,,,,Mini 4 Pro,SYNEQZTKWBD84VGCB,,,,DJI Fly,,1.13.5,7620C74E-1616-5CF7-B130-32E3F2C50061,,,,,,,,,,
1773827036,2m 56.0s,176.0,51.17894523,-1.82542190,111.5,124.7,30.0,291.5,1043.3,8.948,9.395,-0.826,,-8.910,,-0.000,,1.40,0.00,264.7,264.7,,SMART_RTH,,,18,4,TRUE,,Mini 4 Pro,,,,,,FALSE,TRUE,,,,,,,,,,,,,,,,,,,,,,,,,,,,,,,,,,,,,,,,,,,,,,,,86.6,,,,8.143,,,,,,,6.796,,,,,,,,,,,,,,,,,,,,,,,,,,,,,,,,51.17890000,-1.82620000,178.7,,,,,,,,,,,,,,,,,,,,,,,,,,,,Mini 4 Pro,SYNEQZTKWBD84VGCB,CAM3SNAYZ67FMNFC6,RCS72UWNCB2X59YSD,BAT9SBRNFB47JEYZD,,,,,,,,Mini 4 Pro,SYNEQZTKWBD84VGCB,,,,DJI Fly,,1.13.5,7620C74E-1616-5CF7-B130-32E3F2C50061,,,,,,,,,,
1773827037,2m 57.0s,177.0,51.17894191,-1.82547904,111.5,124.7,30.0,291.5,1056.4,8.948,9.395,-0.826,,-8.910,,-0.000,,1.40,0.00,264.7,264.7,,SMART_RTH,,,18,4,TRUE,,Mini 4 Pro,,,,,,FALSE,TRUE,,,,,,,,,,,,,,,,,,,,,,,,,,,,,,,,,,,,,,,,,,,,,,,,86.6,,,,8.143,,,,,,,6.796,,,,,,,,,,,,,,,,,,,,,,,,,,,,,,,,51.17890000,-1.82620000,165.6,,,,,,,,,,,,,,,,,,,,,,,,,,,,Mini 4 Pro,SYNEQZTKWBD84VGCB,CAM3SNAYZ67FMNFC6,RCS72UWNCB2X59YSD,BAT9SBRNFB47JEYZD,,,,,,,,Mini 4 Pro,SYNEQZTKWBD84VGCB,,,,DJI Fly,,1.13.5,7620C74E-1616-5CF7-B130-32E3F2C50061,,,,,,,,,,
1773827038,2m 58.0s,178.0,51.17893859,-1.82553617,111.5,124.7,30.0,291.5,1069.5,8.948,9.395,-0.826,,-8.910,,-0.000,,1.40,0.00,264.7,264.7,,SMART_RTH,,,18,4,TRUE,,Mini 4 Pro,,,,,,FALSE,TRUE,,,,,,,,,,,,,,,,,,,,,,,,,,,,,,,,,,,,,,,,,,,,,,,,86.6,,,,8.143,,,,,,,6.796,,,,,,,,,,,,,,,,,,,,,,,,,,,,,,,,51.17890000,-1.82620000,152.5,,,,,,,,,,,,,,,,,,,,,,,,,,,,Mini 4 Pro,SYNEQZTKWBD84VGCB,CAM3SNAYZ67FMNFC6,RCS72UWNCB2X59YSD,BAT9SBRNFB47JEYZD,,,,,,,,Mini 4 Pro,SYNEQZTKWBD84VGCB,,,,DJI Fly,,1.13.5,7620C74E-1616-5CF7-B130-32E3F2C50061,,,,,,,,,,
1773827039,2m 59.0s,179.0,51.17893527,-1.82559331,111.5,124.7,30.0,291.5,1082.7,8.948,9.395,-0.826,,-8.910,,-0.000,,1.40,0.00,264.7,264.7,,SMART_RTH,,,18,4,TRUE,,Mini 4 Pro,,,,,,FALSE,TRUE,,,,,,,,,,,,,,,,,,,,,,,,,,,,,,,,,,,,,,,,,,,,,,,,86.6,,,,8.143,,,,,,,6.796,,,,,,,,,,,,,,,,,,,,,,,,,,,,,,,,51.17890000,-1.82620000,139.3,,,,,,,,,,,,,,,,,,,,,,,,,,,,Mini 4 Pro,SYNEQZTKWBD84VGCB,CAM3SNAYZ67FMNFC6,RCS72UWNCB2X59YSD,BAT9SBRNFB47JEYZD,,,,,,,,Mini 4 Pro,SYNEQZTKWBD84VGCB,,,,DJI Fly,,1.13.5,7620C74E-1616-5CF7-B130-32E3F2C50061,,,,,,,,,,
1773827040,3m 0.0s,180.0,51.17893195,-1.82565045,111.5,124.7,30.0,291.5,1095.8,8.948,9.395,-0.826,,-8.910,,-0.000,,1.40,0.00,264.7,264.7,,SMART_RTH,,,18,4,TRUE,,Mini 4 Pro,,,,,,FALSE,TRUE,,,,,,,,,,,,,,,,,,,,,,,,,,,,,,,,,,,,,,,,,,,,,,,,86.6,,,,8.142,,,,,,,6.796,,,,,,,,,,,,,,,,,,,,,,,,,,,,,,,,51.17890000,-1.82620000,126.2,,,,,,,,,,,,,,,,,,,,,,,,,,,,Mini 4 Pro,SYNEQZTKWBD84VGCB,CAM3SNAYZ67FMNFC6,RCS72UWNCB2X59YSD,BAT9SBRNFB47JEYZD,,,,,,,,Mini 4 Pro,SYNEQZTKWBD84VGCB,,,,DJI Fly,,1.13.5,7620C74E-1616-5CF7-B130-32E3F2C50061,,,,,,,,,,
1773827041,3m 1.0s,181.0,51.17892862,-1.82570759,111.5,124.7,30.0,291.5,1108.9,8.948,9.395,-0.826,,-8.910,,-0.000,,1.40,0.00,264.7,264.7,,SMART_RTH,,,18,4,TRUE,,Mini 4 Pro,,,,,,FALSE,TRUE,,,,,,,,,,,,,,,,,,,,,,,,,,,,,,,,,,,,,,,,,,,,,,,,86.6,,,,8.142,,,,,,,6.796,,,,,,,,,,,,,,,,,,,,,,,,,,,,,,,,51.17890000,-1.82620000,113.1,,,,,,,,,,,,,,,,,,,,,,,,,,,,Mini 4 Pro,SYNEQZTKWBD84VGCB,CAM3SNAYZ67FMNFC6,RCS72UWNCB2X59YSD,BAT9SBRNFB47JEYZD,,,,,,,,Mini 4 Pro,SYNEQZTKWBD84VGCB,,,,DJI Fly,,1.13.5,7620C74E-1616-5CF7-B130-32E3F2C50061,,,,,,,,,,
1773827042,3m 2.0s,182.0,51.17892530,-1.82576473,111.5,124.7,30.0,291.5,1122.0,8.948,9.395,-0.826,,-8.910,,-0.000,,1.40,0.00,264.7,264.7,,SMART_RTH,,,18,4,TRUE,,Mini 4 Pro,,,,,,FALSE,TRUE,,,,,,,,,,,,,,,,,,,,,,,,,,,,,,,,,,,,,,,,,,,,,,,,86.6,,,,8.142,,,,,,,6.796,,,,,,,,,,,,,,,,,,,,,,,,,,,,,,,,51.17890000,-1.82620000,100.0,,,,,,,,,,,,,,,,,,,,,,,,,,,,Mini 4 Pro,SYNEQZTKWBD84VGCB,CAM3SNAYZ67FMNFC6,RCS72UWNCB2X59YSD,BAT9SBRNFB47JEYZD,,,,,,,,Mini 4 Pro,SYNEQZTKWBD84VGCB,,,,DJI Fly,,1.13.5,7620C74E-1616-5CF7-B130-32E3F2C50061,,,,,,,,,,
1773827043,3m 3.0s,183.0,51.17892198,-1.82582186,111.5,124.7,30.0,291.5,1135.2,8.948,9.395,-0.826,,-8.910,,-0.000,,1.40,0.00,264.7,264.7,,SMART_RTH,,,18,4,TRUE,,Mini 4 Pro,,,,,,FALSE,TRUE,,,,,,,,,,,,,,,,,,,,,,,,,,,,,,,,,,,,,,,,,,,,,,,,86.6,,,,8.142,,,,,,,6.796,,,,,,,,,,,,,,,,,,,,,,,,,,,,,,,,51.17890000,-1.82620000,86.9,,,,,,,,,,,,,,,,,,,,,,,,,,,,Mini 4 Pro,SYNEQZTKWBD84VGCB,CAM3SNAYZ67FMNFC6,RCS72UWNCB2X59YSD,BAT9SBRNFB47JEYZD,,,,,,,,Mini 4 Pro,SYNEQZTKWBD84VGCB,,,,DJI Fly,,1.13.5,7620C74E-1616-5CF7-B130-32E3F2C50061,,,,,,,,,,
1773827044,3m 4.0s,184.0,51.17891866,-1.82587900,111.5,124.7,30.0,291.5,1148.3,8.948,9.395,-0.826,,-8.910,,-0.000,,1.40,0.00,264.7,264.7,,SMART_RTH,,,18,4,TRUE,,Mini 4 Pro,,,,,,FALSE,TRUE,,,,,,,,,,,,,,,,,,,,,,,,,,,,,,,,,,,,,,,,,,,,,,,,86.6,,,,8.142,,,,,,,6.796,,,,,,,,,,,,,,,,,,,,,,,,,,,,,,,,51.17890000,-1.82620000,73.7,,,,,,,,,,,,,,,,,,,,,,,,,,,,Mini 4 Pro,SYNEQZTKWBD84VGCB,CAM3SNAYZ67FMNFC6,RCS72UWNCB2X59YSD,BAT9SBRNFB47JEYZD,,,,,,,,Mini 4 Pro,SYNEQZTKWBD84VGCB,,,,DJI Fly,,1.13.5,7620C74E-1616-5CF7-B130-32E3F2C50061,,,,,,,,,,
1773827045,3m 5.0s,185.0,51.17891534,-1.82593614,111.5,124.7,30.0,291.5,1161.4,8.948,9.395,-0.826,,-8.910,,-0.000,,1.40,0.00,264.7,264.7,,SMART_RTH,,,18,4,TRUE,,Mini 4 Pro,,,,,,FALSE,TRUE,,,,,,,,,,,,,,,,,,,,,,,,,,,,,,,,,,,,,,,,,,,,,,,,86.6,,,,8.142,,,,,,,6.796,,,,,,,,,,,,,,,,,,,,,,,,,,,,,,,,51.17890000,-1.82620000,60.6,,,,,,,,,,,,,,,,,,,,,,,,,,,,Mini 4 Pro,SYNEQZTKWBD84VGCB,CAM3SNAYZ67FMNFC6,RCS72UWNCB2X59YSD,BAT9SBRNFB47JEYZD,,,,,,,,Mini 4 Pro,SYNEQZTKWBD84VGCB,,,,DJI Fly,,1.13.5,7620C74E-1616-5CF7-B130-32E3F2C50061,,,,,,,,,,
1773827046,3m 6.0s,186.0,51.17891202,-1.82599328,111.5,124.7,30.0,291.5,1174.5,8.948,9.395,-0.826,,-8.910,,-0.000,,1.40,0.00,264.7,264.7,,SMART_RTH,,,18,4,TRUE,,Mini 4 Pro,,,,,,FALSE,TRUE,,,,,,,,,,,,,,,,,,,,,,,,,,,,,,,,,,,,,,,,,,,,,,,,86.6,,,,8.142,,,,,,,6.796,,,,,,,,,,,,,,,,,,,,,,,,,,,,,,,,51.17890000,-1.82620000,47.5,,,,,,,,,,,,,,,,,,,,,,,,,,,,Mini 4 Pro,SYNEQZTKWBD84VGCB,CAM3SNAYZ67FMNFC6,RCS72UWNCB2X59YSD,BAT9SBRNFB47JEYZD,,,,,,,,Mini 4 Pro,SYNEQZTKWBD84VGCB,,,,DJI Fly,,1.13.5,7620C74E-1616-5CF7-B130-32E3F2C50061,,,,,,,,,,
1773827047,3m 7.0s,187.0,51.17890870,-1.82605041,111.5,124.7,30.0,291.5,1187.6,8.948,9.395,-0.826,,-8.910,,-0.000,,1.40,0.00,264.7,264.7,,SMART_RTH,,,18,4,TRUE,,Mini 4 Pro,,,,,,FALSE,TRUE,,,,,,,,,,,,,,,,,,,,,,,,,,,,,,,,,,,,,,,,,,,,,,,,86.6,,,,8.142,,,,,,,6.796,,,,,,,,,,,,,,,,,,,,,,,,,,,,,,,,51.17890000,-1.82620000,34.4,,,,,,,,,,,,,,,,,,,,,,,,,,,,Mini 4 Pro,SYNEQZTKWBD84VGCB,CAM3SNAYZ67FMNFC6,RCS72UWNCB2X59YSD,BAT9SBRNFB47JEYZD,,,,,,,,Mini 4 Pro,SYNEQZTKWBD84VGCB,,,,DJI Fly,,1.13.5,7620C74E-1616-5CF7-B130-32E3F2C50061,,,,,,,,,,
1773827048,3m 8.0s,188.0,51.17890537,-1.82610755,111.5,124.7,30.0,291.5,1200.8,8.948,9.395,-0.826,,-8.910,,-0.000,,1.40,0.00,264.7,264.7,,SMART_RTH,,,18,4,TRUE,,Mini 4 Pro,,,,,,FALSE,TRUE,,,,,,,,,,,,,,,,,,,,,,,,,,,,,,,,,,,,,,,,,,,,,,,,86.5,,,,8.141,,,,,,,6.796,,,,,,,,,,,,,,,,,,,,,,,,,,,,,,,,51.17890000,-1.82620000,21.2,,,,,,,,,,,,,,,,,,,,,,,,,,,,Mini 4 Pro,SYNEQZTKWBD84VGCB,CAM3SNAYZ67FMNFC6,RCS72UWNCB2X59YSD,BAT9SBRNFB47JEYZD,,,,,,,,Mini 4 Pro,SYNEQZTKWBD84VGCB,,,,DJI Fly,,1.13.5,7620C74E-1616-5CF7-B130-32E3F2C50061,,,,,,,,,,
1773827049,3m 9.0s,189.0,51.17890205,-1.82616469,111.5,124.7,30.0,291.5,1213.9,8.948,9.395,-0.826,,-8.910,,-0.000,,1.40,0.00,264.7,264.7,,SMART_RTH,,,18,4,TRUE,,Mini 4 Pro,,,,,,FALSE,TRUE,,,,,,,,,,,,,,,,,,,,,,,,,,,,,,,,,,,,,,,,,,,,,,,,86.5,,,,8.141,,,,,,,6.796,,,,,,,,,,,,,,,,,,,,,,,,,,,,,,,,51.17890000,-1.82620000,8.1,,,,,,,,,,,,,,,,,,,,,,,,,,,,Mini 4 Pro,SYNEQZTKWBD84VGCB,CAM3SNAYZ67FMNFC6,RCS72UWNCB2X59YSD,BAT9SBRNFB47JEYZD,,,,,,,,Mini 4 Pro,SYNEQZTKWBD84VGCB,,,,DJI Fly,,1.13.5,7620C74E-1616-5CF7-B130-32E3F2C50061,,,,,,,,,,
1773827050,3m 10.0s,190.0,51.17890000,-1.82620000,111.5,124.7,30.0,291.5,1222.0,5.529,9.395,-0.511,,-5.506,,-0.000,,0.87,0.00,264.7,264.7,,SMART_RTH,,,18,4,TRUE,,Mini 4 Pro,,,,,,FALSE,TRUE,,,,,,,,,,,,,,,,,,,,,,,,,,,,,,,,,,,,,,,,,,,,,,,,86.5,,,,8.141,,,,,,,5.956,,,,,,,,,,,,,,,,,,,,,,,,,,,,,,,,51.17890000,-1.82620000,0.0,,,,,,,,,,,,,,,,,,,,,,,,,,,,Mini 4 Pro,SYNEQZTKWBD84VGCB,CAM3SNAYZ67FMNFC6,RCS72UWNCB2X59YSD,BAT9SBRNFB47JEYZD,,,,,,,,Mini 4 Pro,SYNEQZTKWBD84VGCB,,,,DJI Fly,,1.13.5,7620C74E-1616-5CF7-B130-32E3F2C50061,,,,,,,,,,
1773827051,3m 11.0s,191.0,51.17890000,-1.82620000,111.5,124.7,30.0,291.5,1222.0,0.000,9.395,0.000,,0.000,,-0.000,,0.00,0.00,264.7,264.7,,SMART_RTH,,,18,4,TRUE,,Mini 4 Pro,,,,,,FALSE,TRUE,,,,,,,,,,,,,,,,,,,,,,,,,,,,,,,,,,,,,,,,,,,,,,,,86.5,,,,8.141,,,,,,,4.596,,,,,,,,,,,,,,,,,,,,,,,,,,,,,,,,51.17890000,-1.82620000,0.0,,,,,,,,,,,,,,,,,,,,,,,,,,,,Mini 4 Pro,SYNEQZTKWBD84VGCB,CAM3SNAYZ67FMNFC6,RCS72UWNCB2X59YSD,BAT9SBRNFB47JEYZD,,,,,,,,Mini 4 Pro,SYNEQZTKWBD84VGCB,,,,DJI Fly,,1.13.5,7620C74E-1616-5CF7-B130-32E3F2C50061,,,,,,,,,,
1773827052,3m 12.0s,192.0,51.17890000,-1.82620000,111.5,124.7,30.0,291.5,1222.0,0.000,9.395,0.000,,0.000,,-0.000,,0.00,0.00,264.7,264.7,,SMART_RTH,,,18,4,TRUE,,Mini 4 Pro,,,,,,FALSE,TRUE,,,,,,,,,,,,,,,,,,,,,,,,,,,,,,,,,,,,,,,,,,,,,,,,86.5,,,,8.141,,,,,,,4.596,,,,,,,,,,,,,,,,,,,,,,,,,,,,,,,,51.17890000,-1.82620000,0.0,,,,,,,,,,,,,,,,,,,,,,,,,,,,Mini 4 Pro,SYNEQZTKWBD84VGCB,CAM3SNAYZ67FMNFC6,RCS72UWNCB2X59YSD,BAT9SBRNFB47JEYZD,,,,,,,,Mini 4 Pro,SYNEQZTKWBD84VGCB,,,,DJI Fly,,1.13.5,7620C74E-1616-5CF7-B130-32E3F2C50061,,,,,,,,,,
1773827053,3m 13.0s,193.0,51.17890000,-1.82620000,111.5,124.7,30.0,291.5,1222.0,0.000,9.395,0.000,,0.000,,-0.000,,0.00,0.00,264.7,264.7,,SMART_RTH,,,18,4,TRUE,,Mini 4 Pro,,,,,,FALSE,TRUE,,,,,,,,,,,,,,,,,,,,,,,,,,,,,,,,,,,,,,,,,,,,,,,,86.5,,,,8.141,,,,,,,4.596,,,,,,,,,,,,,,,,,,,,,,,,,,,,,,,,51.17890000,-1.82620000,0.0,,,,,,,,,,,,,,,,,,,,,,,,,,,,Mini 4 Pro,SYNEQZTKWBD84VGCB,CAM3SNAYZ67FMNFC6,RCS72UWNCB2X59YSD,BAT9SBRNFB47JEYZD,,,,,,,,Mini 4 Pro,SYNEQZTKWBD84VGCB,,,,DJI Fly,,1.13.5,7620C74E-1616-5CF7-B130-32E3F2C50061,,,,,,,,,,
1773827054,3m 14.0s,194.0,51.17890000,-1.82620000,111.5,124.7,30.0,291.5,1222.0,0.000,9.395,0.000,,0.000,,-0.000,,0.00,0.00,264.7,264.7,,SMART_RTH,,,18,4,TRUE,,Mini 4 Pro,,,,,,FALSE,TRUE,,,,,,,,,,,,,,,,,,,,,,,,,,,,,,,,,,,,,,,,,,,,,,,,86.5,,,,8.141,,,,,,,4.596,,,,,,,,,,,,,,,,,,,,,,,,,,,,,,,,51.17890000,-1.82620000,0.0,,,,,,,,,,,,,,,,,,,,,,,,,,,,Mini 4 Pro,SYNEQZTKWBD84VGCB,CAM3SNAYZ67FMNFC6,RCS72UWNCB2X59YSD,BAT9SBRNFB47JEYZD,,,,,,,,Mini 4 Pro,SYNEQZTKWBD84VGCB,,,,DJI Fly,,1.13.5,7620C74E-1616-5CF7-B130-32E3F2C50061,,,,,,,,,,
1773827055,3m 15.0s,195.0,51.17890000,-1.82620000,111.5,124.7,30.0,291.5,1222.0,0.000,9.395,0.000,,0.000,,-0.000,,0.00,0.00,264.7,264.7,,SMART_RTH,,,18,4,TRUE,,Mini 4 Pro,,,,,,FALSE,TRUE,,,,,,,,,,,,,,,,,,,,,,,,,,,,,,,,,,,,,,,,,,,,,,,,86.5,,,,8.141,,,,,,,4.596,,,,,,,,,,,,,,,,,,,,,,,,,,,,,,,,51.17890000,-1.82620000,0.0,,,,,,,,,,,,,,,,,,,,,,,,,,,,Mini 4 Pro,SYNEQZTKWBD84VGCB,CAM3SNAYZ67FMNFC6,RCS72UWNCB2X59YSD,BAT9SBRNFB47JEYZD,,,,,,,,Mini 4 Pro,SYNEQZTKWBD84VGCB,,,,DJI Fly,,1.13.5,7620C74E-1616-5CF7-B130-32E3F2C50061,,,,,,,,,,
1773827056,3m 16.0s,196.0,51.17890000,-1.82620000,111.5,124.7,30.0,291.5,1222.0,0.000,9.395,0.000,,0.000,,-0.000,,0.00,0.00,264.7,264.7,,SMART_RTH,,,18,4,TRUE,,Mini 4 Pro,,,,,,FALSE,TRUE,,,,,,,,,,,,,,,,,,,,,,,,,,,,,,,,,,,,,,,,,,,,,,,,86.5,,,,8.141,,,,,,,4.596,,,,,,,,,,,,,,,,,,,,,,,,,,,,,,,,51.17890000,-1.82620000,0.0,,,,,,,,,,,,,,,,,,,,,,,,,,,,Mini 4 Pro,SYNEQZTKWBD84VGCB,CAM3SNAYZ67FMNFC6,RCS72UWNCB2X59YSD,BAT9SBRNFB47JEYZD,,,,,,,,Mini 4 Pro,SYNEQZTKWBD84VGCB,,,,DJI Fly,,1.13.5,7620C74E-1616-5CF7-B130-32E3F2C50061,,,,,,,,,,
1773827057,3m 17.0s,197.0,51.17890000,-1.82620000,111.5,124.7,30.0,291.5,1222.0,0.000,9.395,0.000,,0.000,,-0.000,,0.00,0.00,264.7,264.7,,SMART_RTH,,,18,4,TRUE,,Mini 4 Pro,,,,,,FALSE,TRUE,,,,,,,,,,,,,,,,,,,,,,,,,,,,,,,,,,,,,,,,,,,,,,,,86.5,,,,8.141,,,,,,,4.596,,,,,,,,,,,,,,,,,,,,,,,,,,,,,,,,51.17890000,-1.82620000,0.0,,,,,,,,,,,,,,,,,,,,,,,,,,,,Mini 4 Pro,SYNEQZTKWBD84VGCB,CAM3SNAYZ67FMNFC6,RCS72UWNCB2X59YSD,BAT9SBRNFB47JEYZD,,,,,,,,Mini 4 Pro,SYNEQZTKWBD84VGCB,,,,DJI Fly,,1.13.5,7620C74E-1616-5CF7-B130-32E3F2C50061,,,,,,,,,,
1773827058,3m 18.0s,198.0,51.17890000,-1.82620000,111.5,124.7,30.0,291.5,1222.0,0.000,9.395,0.000,,0.000,,-0.000,,0.00,0.00,264.7,264.7,,SMART_RTH,,,18,4,TRUE,,Mini 4 Pro,,,,,,FALSE,TRUE,,,,,,,,,,,,,,,,,,,,,,,,,,,,,,,,,,,,,,,,,,,,,,,,86.5,,,,8.140,,,,,,,4.596,,,,,,,,,,,,,,,,,,,,,,,,,,,,,,,,51.17890000,-1.82620000,0.0,,,,,,,,,,,,,,,,,,,,,,,,,,,,Mini 4 Pro,SYNEQZTKWBD84VGCB,CAM3SNAYZ67FMNFC6,RCS72UWNCB2X59YSD,BAT9SBRNFB47JEYZD,,,,,,,,Mini 4 Pro,SYNEQZTKWBD84VGCB,,,,DJI Fly,,1.13.5,7620C74E-1616-5CF7-B130-32E3F2C50061,,,,,,,,,,
1773827059,3m 19.0s,199.0,51.17890000,-1.82620000,111.5,124.7,30.0,291.5,1222.0,0.000,9.395,0.000,,0.000,,-0.000,,0.00,0.00,264.7,264.7,,SMART_RTH,,,18,4,TRUE,,Mini 4 Pro,,,,,,FALSE,TRUE,,,,,,,,,,,,,,,,,,,,,,,,,,,,,,,,,,,,,,,,,,,,,,,,86.5,,,,8.140,,,,,,,4.596,,,,,,,,,,,,,,,,,,,,,,,,,,,,,,,,51.17890000,-1.82620000,0.0,,,,,,,,,,,,,,,,,,,,,,,,,,,,Mini 4 Pro,SYNEQZTKWBD84VGCB,CAM3SNAYZ67FMNFC6,RCS72UWNCB2X59YSD,BAT9SBRNFB47JEYZD,,,,,,,,Mini 4 Pro,SYNEQZTKWBD84VGCB,,,,DJI Fly,,1.13.5,7620C74E-1616-5CF7-B130-32E3F2C50061,,,,,,,,,,
1773827060,3m 20.0s,200.0,51.17890000,-1.82620000,111.5,124.7,30.0,291.5,1222.0,0.000,9.395,0.000,,0.000,,-0.000,,0.00,0.00,264.7,264.7,,SMART_RTH,,,18,4,TRUE,,Mini 4 Pro,,,,,,FALSE,TRUE,,,,,,,,,,,,,,,,,,,,,,,,,,,,,,,,,,,,,,,,,,,,,,,,86.5,,,,8.140,,,,,,,4.596,,,,,,,,,,,,,,,,,,,,,,,,,,,,,,,,51.17890000,-1.82620000,0.0,,,,,,,,,,,,,,,,,,,,,,,,,,,,Mini 4 Pro,SYNEQZTKWBD84VGCB,CAM3SNAYZ67FMNFC6,RCS72UWNCB2X59YSD,BAT9SBRNFB47JEYZD,,,,,,,,Mini 4 Pro,SYNEQZTKWBD84VGCB,,,,DJI Fly,,1.13.5,7620C74E-1616-5CF7-B130-32E3F2C50061,,,,,,,,,,
1773827061,3m 21.0s,201.0,51.17890000,-1.82620000,111.5,124.7,30.0,291.5,1222.0,0.000,9.395,0.000,,0.000,,-0.000,,0.00,0.00,264.7,264.7,,SMART_RTH,,,18,4,TRUE,,Mini 4 Pro,,,,,,FALSE,TRUE,,,,,,,,,,,,,,,,,,,,,,,,,,,,,,,,,,,,,,,,,,,,,,,,86.5,,,,8.140,,,,,,,4.596,,,,,,,,,,,,,,,,,,,,,,,,,,,,,,,,51.17890000,-1.82620000,0.0,,,,,,,,,,,,,,,,,,,,,,,,,,,,Mini 4 Pro,SYNEQZTKWBD84VGCB,CAM3SNAYZ67FMNFC6,RCS72UWNCB2X59YSD,BAT9SBRNFB47JEYZD,,,,,,,,Mini 4 Pro,SYNEQZTKWBD84VGCB,,,,DJI Fly,,1.13.5,7620C74E-1616-5CF7-B130-32E3F2C50061,,,,,,,,,,
1773827062,3m 22.0s,202.0,51.17890000,-1.82620000,111.5,124.7,30.0,291.5,1222.0,0.000,9.395,0.000,,0.000,,-0.000,,0.00,0.00,264.7,264.7,,SMART_RTH,,,18,4,TRUE,,Mini 4 Pro,,,,,,FALSE,TRUE,,,,,,,,,,,,,,,,,,,,,,,,,,,,,,,,,,,,,,,,,,,,,,,,86.5,,,,8.140,,,,,,,4.596,,,,,,,,,,,,,,,,,,,,,,,,,,,,,,,,51.17890000,-1.82620000,0.0,,,,,,,,,,,,,,,,,,,,,,,,,,,,Mini 4 Pro,SYNEQZTKWBD84VGCB,CAM3SNAYZ67FMNFC6,RCS72UWNCB2X59YSD,BAT9SBRNFB47JEYZD,,,,,,,,Mini 4 Pro,SYNEQZTKWBD84VGCB,,,,DJI Fly,,1.13.5,7620C74E-1616-5CF7-B130-32E3F2C50061,,,,,,,,,,
1773827063,3m 23.0s,203.0,51.17890000,-1.82620000,106.3,124.7,30.0,286.3,1222.0,0.000,9.395,0.000,,0.000,,3.579,,-6.40,0.00,264.7,264.7,,LANDING,,,18,4,TRUE,,Mini 4 Pro,,,,,,FALSE,TRUE,,,,,,,,,,,,,,,,,,,,,,,,,,,,,,,,,,,,,,,,,,,,,,,,86.5,,,,8.140,,,,,,,4.596,,,,,,,,,,,,,,,,,,,,,,,,,,,,,,,,51.17890000,-1.82620000,0.0,,,,,,,,,,,,,,,,,,,,,,,,,,,,Mini 4 Pro,SYNEQZTKWBD84VGCB,CAM3SNAYZ67FMNFC6,RCS72UWNCB2X59YSD,BAT9SBRNFB47JEYZD,,,,,,,,Mini 4 Pro,SYNEQZTKWBD84VGCB,,,,DJI Fly,,1.13.5,7620C74E-1616-5CF7-B130-32E3F2C50061,,,,,,,,,,
1773827064,3m 24.0s,204.0,51.17890000,-1.82620000,101.0,124.7,30.0,281.0,1222.0,0.000,9.395,0.000,,0.000,,3.579,,-6.40,0.00,264.7,264.7,,LANDING,,,18,4,TRUE,,Mini 4 Pro,,,,,,FALSE,TRUE,,,,,,,,,,,,,,,,,,,,,,,,,,,,,,,,,,,,,,,,,,,,,,,,86.4,,,,8.140,,,,,,,4.596,,,,,,,,,,,,,,,,,,,,,,,,,,,,,,,,51.17890000,-1.82620000,0.0,,,,,,,,,,,,,,,,,,,,,,,,,,,,Mini 4 Pro,SYNEQZTKWBD84VGCB,CAM3SNAYZ67FMNFC6,RCS72UWNCB2X59YSD,BAT9SBRNFB47JEYZD,,,,,,,,Mini 4 Pro,SYNEQZTKWBD84VGCB,,,,DJI Fly,,1.13.5,7620C74E-1616-5CF7-B130-32E3F2C50061,,,,,,,,,,
1773827065,3m 25.0s,205.0,51.17890000,-1.82620000,95.8,124.7,30.0,275.8,1222.0,0.000,9.395,0.000,,0.000,,3.579,,-6.40,0.00,264.7,264.7,,LANDING,,,18,4,TRUE,,Mini 4 Pro,,,,,,FALSE,TRUE,,,,,,,,,,,,,,,,,,,,,,,,,,,,,,,,,,,,,,,,,,,,,,,,86.4,,,,8.140,,,,,,,4.596,,,,,,,,,,,,,,,,,,,,,,,,,,,,,,,,51.17890000,-1.82620000,0.0,,,,,,,,,,,,,,,,,,,,,,,,,,,,Mini 4 Pro,SYNEQZTKWBD84VGCB,CAM3SNAYZ67FMNFC6,RCS72UWNCB2X59YSD,BAT9SBRNFB47JEYZD,,,,,,,,Mini 4 Pro,SYNEQZTKWBD84VGCB,,,,DJI Fly,,1.13.5,7620C74E-1616-5CF7-B130-32E3F2C50061,,,,,,,,,,
1773827066,3m 26.0s,206.0,51.17890000,-1.82620000,90.6,124.7,30.0,270.6,1222.0,0.000,9.395,0.000,,0.000,,3.579,,-6.40,0.00,264.7,264.7,,LANDING,,,18,4,TRUE,,Mini 4 Pro,,,,,,FALSE,TRUE,,,,,,,,,,,,,,,,,,,,,,,,,,,,,,,,,,,,,,,,,,,,,,,,86.4,,,,8.140,,,,,,,4.596,,,,,,,,,,,,,,,,,,,,,,,,,,,,,,,,51.17890000,-1.82620000,0.0,,,,,,,,,,,,,,,,,,,,,,,,,,,,Mini 4 Pro,SYNEQZTKWBD84VGCB,CAM3SNAYZ67FMNFC6,RCS72UWNCB2X59YSD,BAT9SBRNFB47JEYZD,,,,,,,,Mini 4 Pro,SYNEQZTKWBD84VGCB,,,,DJI Fly,,1.13.5,7620C74E-1616-5CF7-B130-32E3F2C50061,,,,,,,,,,
1773827067,3m 27.0s,207.0,51.17890000,-1.82620000,85.3,124.7,30.0,265.3,1222.0,0.000,9.395,0.000,,0.000,,3.579,,-6.40,0.00,264.7,264.7,,LANDING,,,18,4,TRUE,,Mini 4 Pro,,,,,,FALSE,TRUE,,,,,,,,,,,,,,,,,,,,,,,,,,,,,,,,,,,,,,,,,,,,,,,,86.4,,,,8.140,,,,,,,4.596,,,,,,,,,,,,,,,,,,,,,,,,,,,,,,,,51.17890000,-1.82620000,0.0,,,,,,,,,,,,,,,,,,,,,,,,,,,,Mini 4 Pro,SYNEQZTKWBD84VGCB,CAM3SNAYZ67FMNFC6,RCS72UWNCB2X59YSD,BAT9SBRNFB47JEYZD,,,,,,,,Mini 4 Pro,SYNEQZTKWBD84VGCB,,,,DJI Fly,,1.13.5,7620C74E-1616-5CF7-B130-32E3F2C50061,,,,,,,,,,
1773827068,3m 28.0s,208.0,51.17890000,-1.82620000,80.1,124.7,30.0,260.1,1222.0,0.000,9.395,0.000,,0.000,,3.579,,-6.40,0.00,264.7,264.7,,LANDING,,,18,4,TRUE,,Mini 4 Pro,,,,,,FALSE,TRUE,,,,,,,,,,,,,,,,,,,,,,,,,,,,,,,,,,,,,,,,,,,,,,,,86.4,,,,8.140,,,,,,,4.596,,,,,,,,,,,,,,,,,,,,,,,,,,,,,,,,51.17890000,-1.82620000,0.0,,,,,,,,,,,,,,,,,,,,,,,,,,,,Mini 4 Pro,SYNEQZTKWBD84VGCB,CAM3SNAYZ67FMNFC6,RCS72UWNCB2X59YSD,BAT9SBRNFB47JEYZD,,,,,,,,Mini 4 Pro,SYNEQZTKWBD84VGCB,,,,DJI Fly,,1.13.5,7620C74E-1616-5CF7-B130-32E3F2C50061,,,,,,,,,,
1773827069,3m 29.0s,209.0,51.17890000,-1.82620000,74.8,124.7,30.0,254.8,1222.0,0.000,9.395,0.000,,0.000,,3.579,,-6.40,0.00,264.7,264.7,,LANDING,,,18,4,TRUE,,Mini 4 Pro,,,,,,FALSE,TRUE,,,,,,,,,,,,,,,,,,,,,,,,,,,,,,,,,,,,,,,,,,,,,,,,86.4,,,,8.140,,,,,,,4.596,,,,,,,,,,,,,,,,,,,,,,,,,,,,,,,,51.17890000,-1.82620000,0.0,,,,,,,,,,,,,,,,,,,,,,,,,,,,Mini 4 Pro,SYNEQZTKWBD84VGCB,CAM3SNAYZ67FMNFC6,RCS72UWNCB2X59YSD,BAT9SBRNFB47JEYZD,,,,,,,,Mini 4 Pro,SYNEQZTKWBD84VGCB,,,,DJI Fly,,1.13.5,7620C74E-1616-5CF7-B130-32E3F2C50061,,,,,,,,,,
1773827070,3m 30.0s,210.0,51.17890000,-1.82620000,69.6,124.7,30.0,249.6,1222.0,0.000,9.395,0.000,,0.000,,3.579,,-6.40,0.00,264.7,264.7,,LANDING,,,18,4,TRUE,,Mini 4 Pro,,,,,,FALSE,TRUE,,,,,,,,,,,,,,,,,,,,,,,,,,,,,,,,,,,,,,,,,,,,,,,,86.4,,,,8.139,,,,,,,4.596,,,,,,,,,,,,,,,,,,,,,,,,,,,,,,,,51.17890000,-1.82620000,0.0,,,,,,,,,,,,,,,,,,,,,,,,,,,,Mini 4 Pro,SYNEQZTKWBD84VGCB,CAM3SNAYZ67FMNFC6,RCS72UWNCB2X59YSD,BAT9SBRNFB47JEYZD,,,,,,,,Mini 4 Pro,SYNEQZTKWBD84VGCB,,,,DJI Fly,,1.13.5,7620C74E-1616-5CF7-B130-32E3F2C50061,,,,,,,,,,
1773827071,3m 31.0s,211.0,51.17890000,-1.82620000,64.3,124.7,30.0,244.3,1222.0,0.000,9.395,0.000,,0.000,,3.579,,-6.40,0.00,264.7,264.7,,LANDING,,,18,4,TRUE,,Mini 4 Pro,,,,,,FALSE,TRUE,,,,,,,,,,,,,,,,,,,,,,,,,,,,,,,,,,,,,,,,,,,,,,,,86.4,,,,8.139,,,,,,,4.596,,,,,,,,,,,,,,,,,,,,,,,,,,,,,,,,51.17890000,-1.82620000,0.0,,,,,,,,,,,,,,,,,,,,,,,,,,,,Mini 4 Pro,SYNEQZTKWBD84VGCB,CAM3SNAYZ67FMNFC6,RCS72UWNCB2X59YSD,BAT9SBRNFB47JEYZD,,,,,,,,Mini 4 Pro,SYNEQZTKWBD84VGCB,,,,DJI Fly,,1.13.5,7620C74E-1616-5CF7-B130-32E3F2C50061,,,,,,,,,,
1773827072,3m 32.0s,212.0,51.17890000,-1.82620000,59.1,124.7,30.0,239.1,1222.0,0.000,9.395,0.000,,0.000,,3.579,,-6.40,0.00,264.7,264.7,,LANDING,,,18,4,TRUE,,Mini 4 Pro,,,,,,FALSE,TRUE,,,,,,,,,,,,,,,,,,,,,,,,,,,,,,,,,,,,,,,,,,,,,,,,86.4,,,,8.139,,,,,,,4.596,,,,,,,,,,,,,,,,,,,,,,,,,,,,,,,,51.17890000,-1.82620000,0.0,,,,,,,,,,,,,,,,,,,,,,,,,,,,Mini 4 Pro,SYNEQZTKWBD84VGCB,CAM3SNAYZ67FMNFC6,RCS72UWNCB2X59YSD,BAT9SBRNFB47JEYZD,,,,,,,,Mini 4 Pro,SYNEQZTKWBD84VGCB,,,,DJI Fly,,1.13.5,7620C74E-1616-5CF7-B130-32E3F2C50061,,,,,,,,,,
1773827073,3m 33.0s,213.0,51.17890000,-1.82620000,53.8,124.7,30.0,233.8,1222.0,0.000,9.395,0.000,,0.000,,3.579,,-6.40,0.00,264.7,264.7,,LANDING,,,18,4,TRUE,,Mini 4 Pro,,,,,,FALSE,TRUE,,,,,,,,,,,,,,,,,,,,,,,,,,,,,,,,,,,,,,,,,,,,,,,,86.4,,,,8.139,,,,,,,4.596,,,,,,,,,,,,,,,,,,,,,,,,,,,,,,,,51.17890000,-1.82620000,0.0,,,,,,,,,,,,,,,,,,,,,,,,,,,,Mini 4 Pro,SYNEQZTKWBD84VGCB,CAM3SNAYZ67FMNFC6,RCS72UWNCB2X59YSD,BAT9SBRNFB47JEYZD,,,,,,,,Mini 4 Pro,SYNEQZTKWBD84VGCB,,,,DJI Fly,,1.13.5,7620C74E-1616-5CF7-B130-32E3F2C50061,,,,,,,,,,
1773827074,3m 34.0s,214.0,51.17890000,-1.82620000,48.6,124.7,30.0,228.6,1222.0,0.000,9.395,0.000,,0.000,,3.579,,-6.40,0.00,264.7,264.7,,LANDING,,,18,4,TRUE,,Mini 4 Pro,,,,,,FALSE,TRUE,,,,,,,,,,,,,,,,,,,,,,,,,,,,,,,,,,,,,,,,,,,,,,,,86.4,,,,8.139,,,,,,,4.596,,,,,,,,,,,,,,,,,,,,,,,,,,,,,,,,51.17890000,-1.82620000,0.0,,,,,,,,,,,,,,,,,,,,,,,,,,,,Mini 4 Pro,SYNEQZTKWBD84VGCB,CAM3SNAYZ67FMNFC6,RCS72UWNCB2X59YSD,BAT9SBRNFB47JEYZD,,,,,,,,Mini 4 Pro,SYNEQZTKWBD84VGCB,,,,DJI Fly,,1.13.5,7620C74E-1616-5CF7-B130-32E3F2C50061,,,,,,,,,,
1773827075,3m 35.0s,215.0,51.17890000,-1.82620000,43.3,124.7,30.0,223.3,1222.0,0.000,9.395,0.000,,0.000,,3.579,,-6.40,0.00,264.7,264.7,,LANDING,,,18,4,TRUE,,Mini 4 Pro,,,,,,FALSE,TRUE,,,,,,,,,,,,,,,,,,,,,,,,,,,,,,,,,,,,,,,,,,,,,,,,86.4,,,,8.139,,,,,,,4.596,,,,,,,,,,,,,,,,,,,,,,,,,,,,,,,,51.17890000,-1.82620000,0.0,,,,,,,,,,,,,,,,,,,,,,,,,,,,Mini 4 Pro,SYNEQZTKWBD84VGCB,CAM3SNAYZ67FMNFC6,RCS72UWNCB2X59YSD,BAT9SBRNFB47JEYZD,,,,,,,,Mini 4 Pro,SYNEQZTKWBD84VGCB,,,,DJI Fly,,1.13.5,7620C74E-1616-5CF7-B130-32E3F2C50061,,,,,,,,,,
1773827076,3m 36.0s,216.0,51.17890000,-1.82620000,38.1,124.7,30.0,218.1,1222.0,0.000,9.395,0.000,,0.000,,3.579,,-6.40,0.00,264.7,264.7,,LANDING,,,18,4,TRUE,,Mini 4 Pro,,,,,,FALSE,TRUE,,,,,,,,,,,,,,,,,,,,,,,,,,,,,,,,,,,,,,,,,,,,,,,,86.4,,,,8.139,,,,,,,4.596,,,,,,,,,,,,,,,,,,,,,,,,,,,,,,,,51.17890000,-1.82620000,0.0,,,,,,,,,,,,,,,,,,,,,,,,,,,,Mini 4 Pro,SYNEQZTKWBD84VGCB,CAM3SNAYZ67FMNFC6,RCS72UWNCB2X59YSD,BAT9SBRNFB47JEYZD,,,,,,,,Mini 4 Pro,SYNEQZTKWBD84VGCB,,,,DJI Fly,,1.13.5,7620C74E-1616-5CF7-B130-32E3F2C50061,,,,,,,,,,
1773827077,3m 37.0s,217.0,51.17890000,-1.82620000,32.8,124.7,30.0,212.8,1222.0,0.000,9.395,0.000,,0.000,,3.579,,-6.40,0.00,264.7,264.7,,LANDING,,,18,4,TRUE,,Mini 4 Pro,,,,,,FALSE,TRUE,,,,,,,,,,,,,,,,,,,,,,,,,,,,,,,,,,,,,,,,,,,,,,,,86.4,,,,8.139,,,,,,,4.596,,,,,,,,,,,,,,,,,,,,,,,,,,,,,,,,51.17890000,-1.82620000,0.0,,,,,,,,,,,,,,,,,,,,,,,,,,,,Mini 4 Pro,SYNEQZTKWBD84VGCB,CAM3SNAYZ67FMNFC6,RCS72UWNCB2X59YSD,BAT9SBRNFB47JEYZD,,,,,,,,Mini 4 Pro,SYNEQZTKWBD84VGCB,,,,DJI Fly,,1.13.5,7620C74E-1616-5CF7-B130-32E3F2C50061,,,,,,,,,,
1773827078,3m 38.0s,218.0,51.17890000,-1.82620000,27.6,124.7,27.6,207.6,1222.0,0.000,9.395,0.000,,0.000,,3.579,,-6.40,0.00,264.7,264.7,,LANDING,,,18,4,TRUE,,Mini 4 Pro,,,,,,FALSE,TRUE,,,,,,,,,,,,,,,,,,,,,,,,,,,,,,,,,,,,,,,,,,,,,,,,86.4,,,,8.139,,,,,,,4.596,,,,,,,,,,,,,,,,,,,,,,,,,,,,,,,,51.17890000,-1.82620000,0.0,,,,,,,,,,,,,,,,,,,,,,,,,,,,Mini 4 Pro,SYNEQZTKWBD84VGCB,CAM3SNAYZ67FMNFC6,RCS72UWNCB2X59YSD,BAT9SBRNFB47JEYZD,,,,,,,,Mini 4 Pro,SYNEQZTKWBD84VGCB,,,,DJI Fly,,1.13.5,7620C74E-1616-5CF7-B130-32E3F2C50061,,,,,,,,,,
1773827079,3m 39.0s,219.0,51.17890000,-1.82620000,22.3,124.7,22.3,202.3,1222.0,0.000,9.395,0.000,,0.000,,3.579,,-6.40,0.00,264.7,264.7,,LANDING,,,18,4,TRUE,,Mini 4 Pro,,,,,,FALSE,TRUE,,,,,,,,,,,,,,,,,,,,,,,,,,,,,,,,,,,,,,,,,,,,,,,,86.4,,,,8.139,,,,,,,4.596,,,,,,,,,,,,,,,,,,,,,,,,,,,,,,,,51.17890000,-1.82620000,0.0,,,,,,,,,,,,,,,,,,,,,,,,,,,,Mini 4 Pro,SYNEQZTKWBD84VGCB,CAM3SNAYZ67FMNFC6,RCS72UWNCB2X59YSD,BAT9SBRNFB47JEYZD,,,,,,,,Mini 4 Pro,SYNEQZTKWBD84VGCB,,,,DJI Fly,,1.13.5,7620C74E-1616-5CF7-B130-32E3F2C50061,,,,,,,,,,
1773827080,3m 40.0s,220.0,51.17890000,-1.82620000,17.1,124.7,17.1,197.1,1222.0,0.000,9.395,0.000,,0.000,,3.579,,-6.40,0.00,264.7,264.7,,LANDING,,,18,4,TRUE,,Mini 4 Pro,,,,,,FALSE,TRUE,,,,,,,,,,,,,,,,,,,,,,,,,,,,,,,,,,,,,,,,,,,,,,,,86.4,,,,8.139,,,,,,,4.596,,,,,,,,,,,,,,,,,,,,,,,,,,,,,,,,51.17890000,-1.82620000,0.0,,,,,,,,,,,,,,,,,,,,,,,,,,,,Mini 4 Pro,SYNEQZTKWBD84VGCB,CAM3SNAYZ67FMNFC6,RCS72UWNCB2X59YSD,BAT9SBRNFB47JEYZD,,,,,,,,Mini 4 Pro,SYNEQZTKWBD84VGCB,,,,DJI Fly,,1.13.5,7620C74E-1616-5CF7-B130-32E3F2C50061,,,,,,,,,,
1773827081,3m 41.0s,221.0,51.17890000,-1.82620000,11.8,124.7,11.8,191.8,1222.0,0.000,9.395,0.000,,0.000,,3.579,,-6.40,0.00,264.7,264.7,,LANDING,,,18,4,TRUE,,Mini 4 Pro,,,,,,FALSE,TRUE,,,,,,,,,,,,,,,,,,,,,,,,,,,,,,,,,,,,,,,,,,,,,,,,86.4,,,,8.138,,,,,,,4.596,,,,,,,,,,,,,,,,,,,,,,,,,,,,,,,,51.17890000,-1.82620000,0.0,,,,,,,,,,,,,,,,,,,,,,,,,,,,Mini 4 Pro,SYNEQZTKWBD84VGCB,CAM3SNAYZ67FMNFC6,RCS72UWNCB2X59YSD,BAT9SBRNFB47JEYZD,,,,,,,,Mini 4 Pro,SYNEQZTKWBD84VGCB,,,,DJI Fly,,1.13.5,7620C74E-1616-5CF7-B130-32E3F2C50061,,,,,,,,,,
1773827082,3m 42.0s,222.0,51.17890000,-1.82620000,6.6,124.7,6.6,186.6,1222.0,0.000,9.395,0.000,,0.000,,3.579,,-6.40,0.00,264.7,264.7,,LANDING,,,18,4,TRUE,,Mini 4 Pro,,,,,,FALSE,TRUE,,,,,,,,,,,,,,,,,,,,,,,,,,,,,,,,,,,,,,,,,,,,,,,,86.3,,,,8.138,,,,,,,4.596,,,,,,,,,,,,,,,,,,,,,,,,,,,,,,,,51.17890000,-1.82620000,0.0,,,,,,,,,,,,,,,,,,,,,,,,,,,,Mini 4 Pro,SYNEQZTKWBD84VGCB,CAM3SNAYZ67FMNFC6,RCS72UWNCB2X59YSD,BAT9SBRNFB47JEYZD,,,,,,,,Mini 4 Pro,SYNEQZTKWBD84VGCB,,,,DJI Fly,,1.13.5,7620C74E-1616-5CF7-B130-32E3F2C50061,,,,,,,,,,
1773827083,3m 43.0s,223.0,51.17890000,-1.82620000,1.3,124.7,1.3,181.3,1222.0,0.000,9.395,0.000,,0.000,,3.579,,-6.40,0.00,264.7,264.7,,LANDING,,,18,4,TRUE,,Mini 4 Pro,,,,,,FALSE,TRUE,,,,,,,,,,,,,,,,,,,,,,,,,,,,,,,,,,,,,,,,,,,,,,,,86.3,,,,8.138,,,,,,,4.596,,,,,,,,,,,,,,,,,,,,,,,,,,,,,,,,51.17890000,-1.82620000,0.0,,,,,,,,,,,,,,,,,,,,,,,,,,,,Mini 4 Pro,SYNEQZTKWBD84VGCB,CAM3SNAYZ67FMNFC6,RCS72UWNCB2X59YSD,BAT9SBRNFB47JEYZD,,,,,,,,Mini 4 Pro,SYNEQZTKWBD84VGCB,,,,DJI Fly,,1.13.5,7620C74E-1616-5CF7-B130-32E3F2C50061,,,,,,,,,,
1773827084,3m 44.0s,224.0,51.17890000,-1.82620000,0.0,124.7,0.0,180.0,1222.0,0.000,9.395,0.000,,0.000,,-0.000,,0.20,0.10,264.7,264.7,,LAND,,,18,4,TRUE,,Mini 4 Pro,,,,,,TRUE,TRUE,,,,,,,,,,,,,,,,,,,,,,,,,,,,,,,,,,,,,,,,,,,,,,,,86.3,,,,8.138,,,,,,,4.596,,,,,,,,,,,,,,,,,,,,,,,,,,,,,,,,51.17890000,-1.82620000,0.0,,,,,,,,,,,,,,,,,,,,,,,,,,,,Mini 4 Pro,SYNEQZTKWBD84VGCB,CAM3SNAYZ67FMNFC6,RCS72UWNCB2X59YSD,BAT9SBRNFB47JEYZD,,,,,,,,Mini 4 Pro,SYNEQZTKWBD84VGCB,,,,DJI Fly,,1.13.5,7620C74E-1616-5CF7-B130-32E3F2C50061,,,,,,,,,,
