timestamps,OSD.flyTime,OSD.flyTime [s],OSD.latitude,OSD.longitude,OSD.height [ft],OSD.heightMax [ft],OSD.vpsHeight [ft],OSD.altitude [ft],OSD.mileage [ft],OSD.hSpeed [MPH],OSD.hSpeedMax [MPH],OSD.xSpeed [MPH],OSD.xSpeedMax [MPH],OSD.ySpeed [MPH],OSD.ySpeedMax [MPH],OSD.zSpeed [MPH],OSD.zSpeedMax [MPH],OSD.pitch,OSD.roll,OSD.yaw,OSD.yaw [360],OSD.directionOfTravel,OSD.flycState,OSD.flycCommand,OSD.flightAction,OSD.gpsNum,OSD.gpsLevel,OSD.isGPSUsed,OSD.nonGPSCause,OSD.droneType,OSD.isSwaveWork,OSD.waveError,OSD.goHomeStatus,OSD.batteryType,OSD.ctrlDevice,OSD.isOnGround,OSD.isMotorOn,OSD.isMotorBlocked,OSD.motorStartFailedCause,OSD.motorFailReason,OSD.isImuPreheated,OSD.imuInitFailReason,OSD.isAcceletorOverRange,OSD.isBarometerDeadInAir,OSD.isCompassError,OSD.isGoHomeHeightModified,OSD.canIOCWork,OSD.isNotEnoughForce,OSD.isOutOfLimit,OSD.isPropellerCatapult,OSD.isVibrating,OSD.isVisionUsed,OSD.voltageWarning,GIMBAL.mode,GIMBAL.pitch,GIMBAL.roll,GIMBAL.yaw,GIMBAL.yaw [360],GIMBAL.isPitchAtLimit,GIMBAL.isRollAtLimit,GIMBAL.isYawAtLimit,GIMBAL.isStuck,CAMERA.isPhoto,CAMERA.isVideo,CAMERA.filename,CAMERA.sdCardIsInserted,CAMERA.sdCardState,RC.downlinkSignal,RC.uplinkSignal,RC.aileron,RC.elevator,RC.throttle,RC.rudder,RC.mode,RC.goHomeDepressed,RC.recordDepressed,RC.shutterDepressed,RC.playbackDepressed,RC.wheelDepressed,RC.wheelOffset,RC.custom1Depressed,RC.custom2Depressed,RC.custom3Depressed,RC.custom4Depressed,BATTERY.chargeLevel,BATTERY.currentPV [V],BATTERY.currentCapacity [mAh],BATTERY.fullCapacity [mAh],BATTERY.voltage [V],BATTERY.isCellVoltageEstimated,BATTERY.cellVoltage1 [V],BATTERY.cellVoltage2 [V],BATTERY.maxCellVoltageDeviation,BATTERY.isCellVoltageDeviationHigh,BATTERY.isVoltageLow,BATTERY.current [A],BATTERY.temperature [F],BATTERY.minTemperature [F],BATTERY.maxTemperature [F],BATTERY.usefulTime [s],BATTERY.goHomeTime [s],BATTERY.landTime [s],BATTERY.goHomeBattery,BATTERY.landBattery,BATTERY.safeFlyRadius,BATTERY.volumeConsume,BATTERY.status,BATTERY.goHomeStatus,BATTERY.goHomeCountdown,BATTERY.lowWarning,BATTERY.lowWarningGoHome,BATTERY.seriousLowWarning,BATTERY.seriousLowWarningLanding,BATTERY.timesCharged,MC.failSafeAction,MC.isObstacleAvoidanceEnabled,MC.isCollisionAvoidanceEnabled,MC.isRthObstacleAvoidanceEnabled,MC.isBraking,MC.isAvoidingObstacle,MC.isAvoidingActiveObstacle,MC.isAscentLimitedByObstacle,MC.isLandingConfirmationNeeded,MC.atLowAltitudeLimit,MC.atDistanceLimit,MC.atAirportAltitudeLimit,MC.atAirportBoundary,HOME.latitude,HOME.longitude,HOME.distance [ft],HOME.height [ft],HOME.heightLimit [ft],HOME.isHomeRecord,HOME.goHomeMode,HOME.aircraftHeadDirection,HOME.isDynamicHomePointEnabled,HOME.isReachedLimitDistance,HOME.isReachedLimitHeight,HOME.isCompassCalibrating,HOME.compassCalibrationState,HOME.isMultipleFlightModeEnabled,HOME.isBeginnerMode,HOME.isIOCEnabled,HOME.iocMode,HOME.goHomeHeight [ft],HOME.courseLockAngle,HOME.forceLandingHeight [ft],HOME.dataRecorderFileIndex,WEATHER.windDirection,WEATHER.windRelativeDirection,WEATHER.windSpeed [MPH],WEATHER.maxWindSpeed [MPH],WEATHER.windStrength,WEATHER.isFacingWind,WEATHER.isFlyingIntoWind,RECOVER.appType,RECOVER.appVersion,RECOVER.aircraftName,RECOVER.aircraftSerial,RECOVER.cameraSerial,RECOVER.rcSerial,RECOVER.batterySerial,DETAILS.totalTime [s],DETAILS.totalDistance [ft],DETAILS.maxHeight [ft],DETAILS.maxHorizontalSpeed [MPH],DETAILS.maxVerticalSpeed [MPH],DETAILS.photoNum,DETAILS.videoTime [s],DETAILS.aircraftName,DETAILS.aircraftSerial,DETAILS.cameraSerial,DETAILS.rcSerial,DETAILS.batterySerial,DETAILS.appName,DETAILS.appType,DETAILS.appVersion,DETAILS.guid,SERIAL.flightController,SERIAL.camera,SERIAL.gimbal,SERIAL.rc,SERIAL.battery,APPGPS.latitude,APPGPS.longitude,APPGPS.accuracy,APP.tip,APP.warning
1773832920,0m 0.0s,0.0,53.04710000,-3.00540000,0.0,0.0,0.0,180.0,0.0,0.000,0.000,0.000,,0.000,,-0.000,,0.20,0.10,45.0,45.0,,Starting Motors,,,18,4,TRUE,,Mini 4 Pro,,,,,,TRUE,TRUE,,,,,,,,,,,,,,,,,,,,,,,,,,,,,,,,,,,,,,,,,,,,,,,,91.0,,,,8.210,,,,,,,1.100,,,,,,,,,,,,,,,,,,,,,,,,,,,,,,,,53.04710000,-3.00540000,0.0,,,,,,,,,,,,,,,,,,,,,,,,,,,,Mini 4 Pro,SYNGQKJQTDDADWDCD,CAM5S8Y4W87Z7AGC8,RCS9YGZQ7B45R6WRD,BATBTVFTCBE64QMSD,,,,,,,,Mini 4 Pro,SYNGQKJQTDDADWDCD,,,,DJI Fly,,1.13.5,50A9DCC9-C03F-50BC-9AAA-5F82D89E1DD4,,,,,,,,,,
1773832921,0m 1.0s,1.0,53.04710000,-3.00540000,0.0,0.0,0.0,180.0,0.0,0.000,0.000,0.000,,0.000,,-0.000,,0.20,0.10,45.0,45.0,,Starting Motors,,,18,4,TRUE,,Mini 4 Pro,,,,,,TRUE,TRUE,,,,,,,,,,,,,,,,,,,,,,,,,,,,,,,,,,,,,,,,,,,,,,,,91.0,,,,8.210,,,,,,,1.100,,,,,,,,,,,,,,,,,,,,,,,,,,,,,,,,53.04710000,-3.00540000,0.0,,,,,,,,,,,,,,,,,,,,,,,,,,,,Mini 4 Pro,SYNGQKJQTDDADWDCD,CAM5S8Y4W87Z7AGC8,RCS9YGZQ7B45R6WRD,BATBTVFTCBE64QMSD,,,,,,,,Mini 4 Pro,SYNGQKJQTDDADWDCD,,,,DJI Fly,,1.13.5,50A9DCC9-C03F-50BC-9AAA-5F82D89E1DD4,,,,,,,,,,
1773832922,0m 2.0s,2.0,53.04710000,-3.00540000,0.0,0.0,0.0,180.0,0.0,0.000,0.000,0.000,,0.000,,-0.000,,0.20,0.10,45.0,45.0,,Starting Motors,,,18,4,TRUE,,Mini 4 Pro,,,,,,TRUE,TRUE,,,,,,,,,,,,,,,,,,,,,,,,,,,,,,,,,,,,,,,,,,,,,,,,90.9,,,,8.209,,,,,,,1.100,,,,,,,,,,,,,,,,,,,,,,,,,,,,,,,,53.04710000,-3.00540000,0.0,,,,,,,,,,,,,,,,,,,,,,,,,,,,Mini 4 Pro,SYNGQKJQTDDADWDCD,CAM5S8Y4W87Z7AGC8,RCS9YGZQ7B45R6WRD,BATBTVFTCBE64QMSD,,,,,,,,Mini 4 Pro,SYNGQKJQTDDADWDCD,,,,DJI Fly,,1.13.5,50A9DCC9-C03F-50BC-9AAA-5F82D89E1DD4,,,,,,,,,,
1773832923,0m 3.0s,3.0,53.04710000,-3.00540000,0.0,0.0,0.0,180.0,0.0,0.000,0.000,0.000,,0.000,,-0.000,,0.20,0.10,45.0,45.0,,Starting Motors,,,18,4,TRUE,,Mini 4 Pro,,,,,,TRUE,TRUE,,,,,,,,,,,,,,,,,,,,,,,,,,,,,,,,,,,,,,,,,,,,,,,,90.9,,,,8.208,,,,,,,1.100,,,,,,,,,,,,,,,,,,,,,,,,,,,,,,,,53.04710000,-3.00540000,0.0,,,,,,,,,,,,,,,,,,,,,,,,,,,,Mini 4 Pro,SYNGQKJQTDDADWDCD,CAM5S8Y4W87Z7AGC8,RCS9YGZQ7B45R6WRD,BATBTVFTCBE64QMSD,,,,,,,,Mini 4 Pro,SYNGQKJQTDDADWDCD,,,,DJI Fly,,1.13.5,50A9DCC9-C03F-50BC-9AAA-5F82D89E1DD4,,,,,,,,,,
1773832924,0m 4.0s,4.0,53.04710000,-3.00540000,0.0,0.0,0.0,180.0,0.0,0.000,0.000,0.000,,0.000,,-0.000,,0.20,0.10,45.0,45.0,,Starting Motors,,,18,4,TRUE,,Mini 4 Pro,,,,,,TRUE,TRUE,,,,,,,,,,,,,,,,,,,,,,,,,,,,,,,,,,,,,,,,,,,,,,,,90.8,,,,8.208,,,,,,,1.100,,,,,,,,,,,,,,,,,,,,,,,,,,,,,,,,53.04710000,-3.00540000,0.0,,,,,,,,,,,,,,,,,,,,,,,,,,,,Mini 4 Pro,SYNGQKJQTDDADWDCD,CAM5S8Y4W87Z7AGC8,RCS9YGZQ7B45R6WRD,BATBTVFTCBE64QMSD,,,,,,,,Mini 4 Pro,SYNGQKJQTDDADWDCD,,,,DJI Fly,,1.13.5,50A9DCC9-C03F-50BC-9AAA-5F82D89E1DD4,,,,,,,,,,
1773832925,0m 5.0s,5.0,53.04710000,-3.00540000,0.0,0.0,0.0,180.0,0.0,0.000,0.000,0.000,,0.000,,-0.000,,0.20,0.10,45.0,45.0,,Starting Motors,,,18,4,TRUE,,Mini 4 Pro,,,,,,TRUE,TRUE,,,,,,,,,,,,,,,,,,,,,,,,,,,,,,,,,,,,,,,,,,,,,,,,90.8,,,,8.207,,,,,,,1.100,,,,,,,,,,,,,,,,,,,,,,,,,,,,,,,,53.04710000,-3.00540000,0.0,,,,,,,,,,,,,,,,,,,,,,,,,,,,Mini 4 Pro,SYNGQKJQTDDADWDCD,CAM5S8Y4W87Z7AGC8,RCS9YGZQ7B45R6WRD,BATBTVFTCBE64QMSD,,,,,,,,Mini 4 Pro,SYNGQKJQTDDADWDCD,,,,DJI Fly,,1.13.5,50A9DCC9-C03F-50BC-9AAA-5F82D89E1DD4,,,,,,,,,,
1773832926,0m 6.0s,6.0,53.04710000,-3.00540000,0.0,0.0,0.0,180.0,0.0,0.000,0.000,0.000,,0.000,,-0.000,,0.20,0.10,45.0,45.0,,Starting Motors,,,18,4,TRUE,,Mini 4 Pro,,,,,,TRUE,TRUE,,,,,,,,,,,,,,,,,,,,,,,,,,,,,,,,,,,,,,,,,,,,,,,,90.7,,,,8.206,,,,,,,1.100,,,,,,,,,,,,,,,,,,,,,,,,,,,,,,,,53.04710000,-3.00540000,0.0,,,,,,,,,,,,,,,,,,,,,,,,,,,,Mini 4 Pro,SYNGQKJQTDDADWDCD,CAM5S8Y4W87Z7AGC8,RCS9YGZQ7B45R6WRD,BATBTVFTCBE64QMSD,,,,,,,,Mini 4 Pro,SYNGQKJQTDDADWDCD,,,,DJI Fly,,1.13.5,50A9DCC9-C03F-50BC-9AAA-5F82D89E1DD4,,,,,,,,,,
1773832927,0m 7.0s,7.0,53.04710000,-3.00540000,0.0,0.0,0.0,180.0,0.0,0.000,0.000,0.000,,0.000,,-0.000,,0.20,0.10,45.0,45.0,,Starting Motors,,,18,4,TRUE,,Mini 4 Pro,,,,,,TRUE,TRUE,,,,,,,,,,,,,,,,,,,,,,,,,,,,,,,,,,,,,,,,,,,,,,,,90.7,,,,8.205,,,,,,,1.100,,,,,,,,,,,,,,,,,,,,,,,,,,,,,,,,53.04710000,-3.00540000,0.0,,,,,,,,,,,,,,,,,,,,,,,,,,,,Mini 4 Pro,SYNGQKJQTDDADWDCD,CAM5S8Y4W87Z7AGC8,RCS9YGZQ7B45R6WRD,BATBTVFTCBE64QMSD,,,,,,,,Mini 4 Pro,SYNGQKJQTDDADWDCD,,,,DJI Fly,,1.13.5,50A9DCC9-C03F-50BC-9AAA-5F82D89E1DD4,,,,,,,,,,
1773832928,0m 8.0s,8.0,53.04710000,-3.00540000,0.0,0.0,0.0,180.0,0.0,0.000,0.000,0.000,,0.000,,-0.000,,0.20,0.10,45.0,45.0,,Starting Motors,,,18,4,TRUE,,Mini 4 Pro,,,,,,TRUE,TRUE,,,,,,,,,,,,,,,,,,,,,,,,,,,,,,,,,,,,,,,,,,,,,,,,90.6,,,,8.205,,,,,,,1.100,,,,,,,,,,,,,,,,,,,,,,,,,,,,,,,,53.04710000,-3.00540000,0.0,,,,,,,,,,,,,,,,,,,,,,,,,,,,Mini 4 Pro,SYNGQKJQTDDADWDCD,CAM5S8Y4W87Z7AGC8,RCS9YGZQ7B45R6WRD,BATBTVFTCBE64QMSD,,,,,,,,Mini 4 Pro,SYNGQKJQTDDADWDCD,,,,DJI Fly,,1.13.5,50A9DCC9-C03F-50BC-9AAA-5F82D89E1DD4,,,,,,,,,,
1773832929,0m 9.0s,9.0,53.04710000,-3.00540000,0.0,0.0,0.0,180.0,0.0,0.000,0.000,0.000,,0.000,,-0.000,,0.20,0.10,45.0,45.0,,Starting Motors,,,18,4,TRUE,,Mini 4 Pro,,,,,,TRUE,TRUE,,,,,,,,,,,,,,,,,,,,,,,,,,,,,,,,,,,,,,,,,,,,,,,,90.6,,,,8.204,,,,,,,1.100,,,,,,,,,,,,,,,,,,,,,,,,,,,,,,,,53.04710000,-3.00540000,0.0,,,,,,,,,,,,,,,,,,,,,,,,,,,,Mini 4 Pro,SYNGQKJQTDDADWDCD,CAM5S8Y4W87Z7AGC8,RCS9YGZQ7B45R6WRD,BATBTVFTCBE64QMSD,,,,,,,,Mini 4 Pro,SYNGQKJQTDDADWDCD,,,,DJI Fly,,1.13.5,50A9DCC9-C03F-50BC-9AAA-5F82D89E1DD4,,,,,,,,,,
1773832930,0m 10.0s,10.0,53.04710000,-3.00540000,7.9,7.9,7.9,187.9,0.0,0.000,0.000,0.000,,0.000,,-5.369,,9.60,0.00,45.0,45.0,,Auto Takeoff,,,18,4,TRUE,,Mini 4 Pro,,,,,,FALSE,TRUE,,,,,,,,,,,,,,,,,,,,,,,,,,,,,,,,,,,,,,,,,,,,,,,,90.5,,,,8.203,,,,,,,12.304,,,,,,,,,,,,,,,,,,,,,,,,,,,,,,,,53.04710000,-3.00540000,0.0,,,,,,,,,,,,,,,,,,,,,,,,,,,,Mini 4 Pro,SYNGQKJQTDDADWDCD,CAM5S8Y4W87Z7AGC8,RCS9YGZQ7B45R6WRD,BATBTVFTCBE64QMSD,,,,,,,,Mini 4 Pro,SYNGQKJQTDDADWDCD,,,,DJI Fly,,1.13.5,50A9DCC9-C03F-50BC-9AAA-5F82D89E1DD4,,,,,,,,,,
1773832931,0m 11.0s,11.0,53.04710000,-3.00540000,15.7,15.7,15.7,195.7,0.0,0.000,0.000,0.000,,0.000,,-5.369,,9.60,0.00,45.0,45.0,,Auto Takeoff,,,18,4,TRUE,,Mini 4 Pro,,,,,,FALSE,TRUE,,,,,,,,,,,,,,,,,,,,,,,,,,,,,,,,,,,,,,,,,,,,,,,,90.5,,,,8.203,,,,,,,12.304,,,,,,,,,,,,,,,,,,,,,,,,,,,,,,,,53.04710000,-3.00540000,0.0,,,,,,,,,,,,,,,,,,,,,,,,,,,,Mini 4 Pro,SYNGQKJQTDDADWDCD,CAM5S8Y4W87Z7AGC8,RCS9YGZQ7B45R6WRD,BATBTVFTCBE64QMSD,,,,,,,,Mini 4 Pro,SYNGQKJQTDDADWDCD,,,,DJI Fly,,1.13.5,50A9DCC9-C03F-50BC-9AAA-5F82D89E1DD4,,,,,,,,,,
1773832932,0m 12.0s,12.0,53.04710000,-3.00540000,23.6,23.6,23.6,203.6,0.0,0.000,0.000,0.000,,0.000,,-5.369,,9.60,0.00,45.0,45.0,,Auto Takeoff,,,18,4,TRUE,,Mini 4 Pro,,,,,,FALSE,TRUE,,,,,,,,,,,,,,,,,,,,,,,,,,,,,,,,,,,,,,,,,,,,,,,,90.4,,,,8.202,,,,,,,12.304,,,,,,,,,,,,,,,,,,,,,,,,,,,,,,,,53.04710000,-3.00540000,0.0,,,,,,,,,,,,,,,,,,,,,,,,,,,,Mini 4 Pro,SYNGQKJQTDDADWDCD,CAM5S8Y4W87Z7AGC8,RCS9YGZQ7B45R6WRD,BATBTVFTCBE64QMSD,,,,,,,,Mini 4 Pro,SYNGQKJQTDDADWDCD,,,,DJI Fly,,1.13.5,50A9DCC9-C03F-50BC-9AAA-5F82D89E1DD4,,,,,,,,,,
1773832933,0m 13.0s,13.0,53.04710000,-3.00540000,31.5,31.5,30.0,211.5,0.0,0.000,0.000,0.000,,0.000,,-5.369,,9.60,0.00,45.0,45.0,,Auto Takeoff,,,18,4,TRUE,,Mini 4 Pro,,,,,,FALSE,TRUE,,,,,,,,,,,,,,,,,,,,,,,,,,,,,,,,,,,,,,,,,,,,,,,,90.4,,,,8.201,,,,,,,12.304,,,,,,,,,,,,,,,,,,,,,,,,,,,,,,,,53.04710000,-3.00540000,0.0,,,,,,,,,,,,,,,,,,,,,,,,,,,,Mini 4 Pro,SYNGQKJQTDDADWDCD,CAM5S8Y4W87Z7AGC8,RCS9YGZQ7B45R6WRD,BATBTVFTCBE64QMSD,,,,,,,,Mini 4 Pro,SYNGQKJQTDDADWDCD,,,,DJI Fly,,1.13.5,50A9DCC9-C03F-50BC-9AAA-5F82D89E1DD4,,,,,,,,,,
1773832934,0m 14.0s,14.0,53.04710000,-3.00540000,39.4,39.4,30.0,219.4,0.0,0.000,0.000,0.000,,0.000,,-5.369,,9.60,0.00,45.0,45.0,,Auto Takeoff,,,18,4,TRUE,,Mini 4 Pro,,,,,,FALSE,TRUE,,,,,,,,,,,,,,,,,,,,,,,,,,,,,,,,,,,,,,,,,,,,,,,,90.3,,,,8.200,,,,,,,12.304,,,,,,,,,,,,,,,,,,,,,,,,,,,,,,,,53.04710000,-3.00540000,0.0,,,,,,,,,,,,,,,,,,,,,,,,,,,,Mini 4 Pro,SYNGQKJQTDDADWDCD,CAM5S8Y4W87Z7AGC8,RCS9YGZQ7B45R6WRD,BATBTVFTCBE64QMSD,,,,,,,,Mini 4 Pro,SYNGQKJQTDDADWDCD,,,,DJI Fly,,1.13.5,50A9DCC9-C03F-50BC-9AAA-5F82D89E1DD4,,,,,,,,,,
1773832935,0m 15.0s,15.0,53.04710000,-3.00540000,47.2,47.2,30.0,227.2,0.0,0.000,0.000,0.000,,0.000,,-5.369,,9.60,0.00,45.0,45.0,,Auto Takeoff,,,18,4,TRUE,,Mini 4 Pro,,,,,,FALSE,TRUE,,,,,,,,,,,,,,,,,,,,,,,,,,,,,,,,,,,,,,,,,,,,,,,,90.3,,,,8.200,,,,,,,12.304,,,,,,,,,,,,,,,,,,,,,,,,,,,,,,,,53.04710000,-3.00540000,0.0,,,,,,,,,,,,,,,,,,,,,,,,,,,,Mini 4 Pro,SYNGQKJQTDDADWDCD,CAM5S8Y4W87Z7AGC8,RCS9YGZQ7B45R6WRD,BATBTVFTCBE64QMSD,,,,,,,,Mini 4 Pro,SYNGQKJQTDDADWDCD,,,,DJI Fly,,1.13.5,50A9DCC9-C03F-50BC-9AAA-5F82D89E1DD4,,,,,,,,,,
1773832936,0m 16.0s,16.0,53.04710000,-3.00540000,55.1,55.1,30.0,235.1,0.0,0.000,0.000,0.000,,0.000,,-5.369,,9.60,0.00,45.0,45.0,,Auto Takeoff,,,18,4,TRUE,,Mini 4 Pro,,,,,,FALSE,TRUE,,,,,,,,,,,,,,,,,,,,,,,,,,,,,,,,,,,,,,,,,,,,,,,,90.3,,,,8.199,,,,,,,12.304,,,,,,,,,,,,,,,,,,,,,,,,,,,,,,,,53.04710000,-3.00540000,0.0,,,,,,,,,,,,,,,,,,,,,,,,,,,,Mini 4 Pro,SYNGQKJQTDDADWDCD,CAM5S8Y4W87Z7AGC8,RCS9YGZQ7B45R6WRD,BATBTVFTCBE64QMSD,,,,,,,,Mini 4 Pro,SYNGQKJQTDDADWDCD,,,,DJI Fly,,1.13.5,50A9DCC9-C03F-50BC-9AAA-5F82D89E1DD4,,,,,,,,,,
1773832937,0m 17.0s,17.0,53.04710000,-3.00540000,63.0,63.0,30.0,243.0,0.0,0.000,0.000,0.000,,0.000,,-5.369,,9.60,0.00,45.0,45.0,,Auto Takeoff,,,18,4,TRUE,,Mini 4 Pro,,,,,,FALSE,TRUE,,,,,,,,,,,,,,,,,,,,,,,,,,,,,,,,,,,,,,,,,,,,,,,,90.2,,,,8.198,,,,,,,12.304,,,,,,,,,,,,,,,,,,,,,,,,,,,,,,,,53.04710000,-3.00540000,0.0,,,,,,,,,,,,,,,,,,,,,,,,,,,,Mini 4 Pro,SYNGQKJQTDDADWDCD,CAM5S8Y4W87Z7AGC8,RCS9YGZQ7B45R6WRD,BATBTVFTCBE64QMSD,,,,,,,,Mini 4 Pro,SYNGQKJQTDDADWDCD,,,,DJI Fly,,1.13.5,50A9DCC9-C03F-50BC-9AAA-5F82D89E1DD4,,,,,,,,,,
1773832938,0m 18.0s,18.0,53.04710000,-3.00540000,70.9,70.9,30.0,250.9,0.0,0.000,0.000,0.000,,0.000,,-5.369,,9.60,0.00,45.0,45.0,,Auto Takeoff,,,18,4,TRUE,,Mini 4 Pro,,,,,,FALSE,TRUE,,,,,,,,,,,,,,,,,,,,,,,,,,,,,,,,,,,,,,,,,,,,,,,,90.2,,,,8.197,,,,,,,12.304,,,,,,,,,,,,,,,,,,,,,,,,,,,,,,,,53.04710000,-3.00540000,0.0,,,,,,,,,,,,,,,,,,,,,,,,,,,,Mini 4 Pro,SYNGQKJQTDDADWDCD,CAM5S8Y4W87Z7AGC8,RCS9YGZQ7B45R6WRD,BATBTVFTCBE64QMSD,,,,,,,,Mini 4 Pro,SYNGQKJQTDDADWDCD,,,,DJI Fly,,1.13.5,50A9DCC9-C03F-50BC-9AAA-5F82D89E1DD4,,,,,,,,,,
1773832939,0m 19.0s,19.0,53.04710000,-3.00540000,78.7,78.7,30.0,258.7,0.0,0.000,0.000,0.000,,0.000,,-5.369,,9.60,0.00,45.0,45.0,,Auto Takeoff,,,18,4,TRUE,,Mini 4 Pro,,,,,,FALSE,TRUE,,,,,,,,,,,,,,,,,,,,,,,,,,,,,,,,,,,,,,,,,,,,,,,,90.1,,,,8.197,,,,,,,12.304,,,,,,,,,,,,,,,,,,,,,,,,,,,,,,,,53.04710000,-3.00540000,0.0,,,,,,,,,,,,,,,,,,,,,,,,,,,,Mini 4 Pro,SYNGQKJQTDDADWDCD,CAM5S8Y4W87Z7AGC8,RCS9YGZQ7B45R6WRD,BATBTVFTCBE64QMSD,,,,,,,,Mini 4 Pro,SYNGQKJQTDDADWDCD,,,,DJI Fly,,1.13.5,50A9DCC9-C03F-50BC-9AAA-5F82D89E1DD4,,,,,,,,,,
1773832940,0m 20.0s,20.0,53.04710000,-3.00540000,86.6,86.6,30.0,266.6,0.0,0.000,0.000,0.000,,0.000,,-5.369,,9.60,0.00,45.0,45.0,,Auto Takeoff,,,18,4,TRUE,,Mini 4 Pro,,,,,,FALSE,TRUE,,,,,,,,,,,,,,,,,,,,,,,,,,,,,,,,,,,,,,,,,,,,,,,,90.1,,,,8.196,,,,,,,12.304,,,,,,,,,,,,,,,,,,,,,,,,,,,,,,,,53.04710000,-3.00540000,0.0,,,,,,,,,,,,,,,,,,,,,,,,,,,,Mini 4 Pro,SYNGQKJQTDDADWDCD,CAM5S8Y4W87Z7AGC8,RCS9YGZQ7B45R6WRD,BATBTVFTCBE64QMSD,,,,,,,,Mini 4 Pro,SYNGQKJQTDDADWDCD,,,,DJI Fly,,1.13.5,50A9DCC9-C03F-50BC-9AAA-5F82D89E1DD4,,,,,,,,,,
1773832941,0m 21.0s,21.0,53.04710000,-3.00540000,94.5,94.5,30.0,274.5,0.0,0.000,0.000,0.000,,0.000,,-5.369,,9.60,0.00,45.0,45.0,,Auto Takeoff,,,18,4,TRUE,,Mini 4 Pro,,,,,,FALSE,TRUE,,,,,,,,,,,,,,,,,,,,,,,,,,,,,,,,,,,,,,,,,,,,,,,,90.0,,,,8.195,,,,,,,12.304,,,,,,,,,,,,,,,,,,,,,,,,,,,,,,,,53.04710000,-3.00540000,0.0,,,,,,,,,,,,,,,,,,,,,,,,,,,,Mini 4 Pro,SYNGQKJQTDDADWDCD,CAM5S8Y4W87Z7AGC8,RCS9YGZQ7B45R6WRD,BATBTVFTCBE64QMSD,,,,,,,,Mini 4 Pro,SYNGQKJQTDDADWDCD,,,,DJI Fly,,1.13.5,50A9DCC9-C03F-50BC-9AAA-5F82D89E1DD4,,,,,,,,,,
1773832942,0m 22.0s,22.0,53.04710000,-3.00540000,102.4,102.4,30.0,282.4,0.0,0.000,0.000,0.000,,0.000,,-5.369,,9.60,0.00,45.0,45.0,,Auto Takeoff,,,18,4,TRUE,,Mini 4 Pro,,,,,,FALSE,TRUE,,,,,,,,,,,,,,,,,,,,,,,,,,,,,,,,,,,,,,,,,,,,,,,,90.0,,,,8.195,,,,,,,12.304,,,,,,,,,,,,,,,,,,,,,,,,,,,,,,,,53.04710000,-3.00540000,0.0,,,,,,,,,,,,,,,,,,,,,,,,,,,,Mini 4 Pro,SYNGQKJQTDDADWDCD,CAM5S8Y4W87Z7AGC8,RCS9YGZQ7B45R6WRD,BATBTVFTCBE64QMSD,,,,,,,,Mini 4 Pro,SYNGQKJQTDDADWDCD,,,,DJI Fly,,1.13.5,50A9DCC9-C03F-50BC-9AAA-5F82D89E1DD4,,,,,,,,,,
1773832943,0m 23.0s,23.0,53.04710000,-3.00540000,110.2,110.2,30.0,290.2,0.0,0.000,0.000,0.000,,0.000,,-5.369,,9.60,0.00,45.0,45.0,,Auto Takeoff,,,18,4,TRUE,,Mini 4 Pro,,,,,,FALSE,TRUE,,,,,,,,,,,,,,,,,,,,,,,,,,,,,,,,,,,,,,,,,,,,,,,,89.9,,,,8.194,,,,,,,12.304,,,,,,,,,,,,,,,,,,,,,,,,,,,,,,,,53.04710000,-3.00540000,0.0,,,,,,,,,,,,,,,,,,,,,,,,,,,,Mini 4 Pro,SYNGQKJQTDDADWDCD,CAM5S8Y4W87Z7AGC8,RCS9YGZQ7B45R6WRD,BATBTVFTCBE64QMSD,,,,,,,,Mini 4 Pro,SYNGQKJQTDDADWDCD,,,,DJI Fly,,1.13.5,50A9DCC9-C03F-50BC-9AAA-5F82D89E1DD4,,,,,,,,,,
1773832944,0m 24.0s,24.0,53.04710000,-3.00540000,118.1,118.1,30.0,298.1,0.0,0.000,0.000,0.000,,0.000,,-5.369,,9.60,0.00,45.0,45.0,,Auto Takeoff,,,18,4,TRUE,,Mini 4 Pro,,,,,,FALSE,TRUE,,,,,,,,,,,,,,,,,,,,,,,,,,,,,,,,,,,,,,,,,,,,,,,,89.9,,,,8.193,,,,,,,12.304,,,,,,,,,,,,,,,,,,,,,,,,,,,,,,,,53.04710000,-3.00540000,0.0,,,,,,,,,,,,,,,,,,,,,,,,,,,,Mini 4 Pro,SYNGQKJQTDDADWDCD,CAM5S8Y4W87Z7AGC8,RCS9YGZQ7B45R6WRD,BATBTVFTCBE64QMSD,,,,,,,,Mini 4 Pro,SYNGQKJQTDDADWDCD,,,,DJI Fly,,1.13.5,50A9DCC9-C03F-50BC-9AAA-5F82D89E1DD4,,,,,,,,,,
1773832945,0m 25.0s,25.0,53.04710000,-3.00540000,126.0,126.0,30.0,306.0,0.0,0.000,0.000,0.000,,0.000,,-5.369,,9.60,0.00,45.0,45.0,,Auto Takeoff,,,18,4,TRUE,,Mini 4 Pro,,,,,,FALSE,TRUE,,,,,,,,,,,,,,,,,,,,,,,,,,,,,,,,,,,,,,,,,,,,,,,,89.8,,,,8.192,,,,,,,12.304,,,,,,,,,,,,,,,,,,,,,,,,,,,,,,,,53.04710000,-3.00540000,0.0,,,,,,,,,,,,,,,,,,,,,,,,,,,,Mini 4 Pro,SYNGQKJQTDDADWDCD,CAM5S8Y4W87Z7AGC8,RCS9YGZQ7B45R6WRD,BATBTVFTCBE64QMSD,,,,,,,,Mini 4 Pro,SYNGQKJQTDDADWDCD,,,,DJI Fly,,1.13.5,50A9DCC9-C03F-50BC-9AAA-5F82D89E1DD4,,,,,,,,,,
1773832946,0m 26.0s,26.0,53.04710000,-3.00540000,133.9,133.9,30.0,313.9,0.0,0.000,0.000,0.000,,0.000,,-5.369,,9.60,0.00,45.0,45.0,,Auto Takeoff,,,18,4,TRUE,,Mini 4 Pro,,,,,,FALSE,TRUE,,,,,,,,,,,,,,,,,,,,,,,,,,,,,,,,,,,,,,,,,,,,,,,,89.8,,,,8.192,,,,,,,12.304,,,,,,,,,,,,,,,,,,,,,,,,,,,,,,,,53.04710000,-3.00540000,0.0,,,,,,,,,,,,,,,,,,,,,,,,,,,,Mini 4 Pro,SYNGQKJQTDDADWDCD,CAM5S8Y4W87Z7AGC8,RCS9YGZQ7B45R6WRD,BATBTVFTCBE64QMSD,,,,,,,,Mini 4 Pro,SYNGQKJQTDDADWDCD,,,,DJI Fly,,1.13.5,50A9DCC9-C03F-50BC-9AAA-5F82D89E1DD4,,,,,,,,,,
1773832947,0m 27.0s,27.0,53.04710000,-3.00540000,137.8,137.8,30.0,317.8,0.0,0.000,0.000,0.000,,0.000,,-2.684,,4.80,0.00,45.0,45.0,,Auto Takeoff,,,18,4,TRUE,,Mini 4 Pro,,,,,,FALSE,TRUE,,,,,,,,,,,,,,,,,,,,,,,,,,,,,,,,,,,,,,,,,,,,,,,,89.7,,,,8.191,,,,,,,8.464,,,,,,,,,,,,,,,,,,,,,,,,,,,,,,,,53.04710000,-3.00540000,0.0,,,,,,,,,,,,,,,,,,,,,,,,,,,,Mini 4 Pro,SYNGQKJQTDDADWDCD,CAM5S8Y4W87Z7AGC8,RCS9YGZQ7B45R6WRD,BATBTVFTCBE64QMSD,,,,,,,,Mini 4 Pro,SYNGQKJQTDDADWDCD,,,,DJI Fly,,1.13.5,50A9DCC9-C03F-50BC-9AAA-5F82D89E1DD4,,,,,,,,,,
1773832948,0m 28.0s,28.0,53.04710000,-3.00540000,137.8,137.8,30.0,317.8,0.0,0.000,0.000,0.000,,0.000,,-0.000,,0.00,0.00,45.0,45.0,,Auto Takeoff,,,18,4,TRUE,,Mini 4 Pro,,,,,,FALSE,TRUE,,,,,,,,,,,,,,,,,,,,,,,,,,,,,,,,,,,,,,,,,,,,,,,,89.7,,,,8.190,,,,,,,4.624,,,,,,,,,,,,,,,,,,,,,,,,,,,,,,,,53.04710000,-3.00540000,0.0,,,,,,,,,,,,,,,,,,,,,,,,,,,,Mini 4 Pro,SYNGQKJQTDDADWDCD,CAM5S8Y4W87Z7AGC8,RCS9YGZQ7B45R6WRD,BATBTVFTCBE64QMSD,,,,,,,,Mini 4 Pro,SYNGQKJQTDDADWDCD,,,,DJI Fly,,1.13.5,50A9DCC9-C03F-50BC-9AAA-5F82D89E1DD4,,,,,,,,,,
1773832949,0m 29.0s,29.0,53.04710000,-3.00540000,137.8,137.8,30.0,317.8,0.0,0.000,0.000,0.000,,0.000,,-0.000,,0.00,0.00,45.0,45.0,,Auto Takeoff,,,18,4,TRUE,,Mini 4 Pro,,,,,,FALSE,TRUE,,,,,,,,,,,,,,,,,,,,,,,,,,,,,,,,,,,,,,,,,,,,,,,,89.6,,,,8.189,,,,,,,4.624,,,,,,,,,,,,,,,,,,,,,,,,,,,,,,,,53.04710000,-3.00540000,0.0,,,,,,,,,,,,,,,,,,,,,,,,,,,,Mini 4 Pro,SYNGQKJQTDDADWDCD,CAM5S8Y4W87Z7AGC8,RCS9YGZQ7B45R6WRD,BATBTVFTCBE64QMSD,,,,,,,,Mini 4 Pro,SYNGQKJQTDDADWDCD,,,,DJI Fly,,1.13.5,50A9DCC9-C03F-50BC-9AAA-5F82D89E1DD4,,,,,,,,,,
1773832950,0m 30.0s,30.0,53.04710000,-3.00540000,137.8,137.8,30.0,317.8,0.0,0.000,0.000,0.000,,0.000,,-0.000,,0.00,0.00,45.0,45.0,,Auto Takeoff,,,18,4,TRUE,,Mini 4 Pro,,,,,,FALSE,TRUE,,,,,,,,,,,,,,,,,,,,,,,,,,,,,,,,,,,,,,,,,,,,,,,,89.6,,,,8.189,,,,,,,4.624,,,,,,,,,,,,,,,,,,,,,,,,,,,,,,,,53.04710000,-3.00540000,0.0,,,,,,,,,,,,,,,,,,,,,,,,,,,,Mini 4 Pro,SYNGQKJQTDDADWDCD,CAM5S8Y4W87Z7AGC8,RCS9YGZQ7B45R6WRD,BATBTVFTCBE64QMSD,,,,,,,,Mini 4 Pro,SYNGQKJQTDDADWDCD,,,,DJI Fly,,1.13.5,50A9DCC9-C03F-50BC-9AAA-5F82D89E1DD4,,,,,,,,,,
1773832951,0m 31.0s,31.0,53.04710000,-3.00540000,137.8,137.8,30.0,317.8,0.0,0.000,0.000,0.000,,0.000,,-0.000,,0.00,0.00,45.0,45.0,,Auto Takeoff,,,18,4,TRUE,,Mini 4 Pro,,,,,,FALSE,TRUE,,,,,,,,,,,,,,,,,,,,,,,,,,,,,,,,,,,,,,,,,,,,,,,,89.6,,,,8.188,,,,,,,4.624,,,,,,,,,,,,,,,,,,,,,,,,,,,,,,,,53.04710000,-3.00540000,0.0,,,,,,,,,,,,,,,,,,,,,,,,,,,,Mini 4 Pro,SYNGQKJQTDDADWDCD,CAM5S8Y4W87Z7AGC8,RCS9YGZQ7B45R6WRD,BATBTVFTCBE64QMSD,,,,,,,,Mini 4 Pro,SYNGQKJQTDDADWDCD,,,,DJI Fly,,1.13.5,50A9DCC9-C03F-50BC-9AAA-5F82D89E1DD4,,,,,,,,,,
1773832952,0m 32.0s,32.0,53.04710000,-3.00540000,137.8,137.8,30.0,317.8,0.0,0.000,0.000,0.000,,0.000,,-0.000,,0.00,0.00,45.0,45.0,,Auto Takeoff,,,18,4,TRUE,,Mini 4 Pro,,,,,,FALSE,TRUE,,,,,,,,,,,,,,,,,,,,,,,,,,,,,,,,,,,,,,,,,,,,,,,,89.5,,,,8.187,,,,,,,4.624,,,,,,,,,,,,,,,,,,,,,,,,,,,,,,,,53.04710000,-3.00540000,0.0,,,,,,,,,,,,,,,,,,,,,,,,,,,,Mini 4 Pro,SYNGQKJQTDDADWDCD,CAM5S8Y4W87Z7AGC8,RCS9YGZQ7B45R6WRD,BATBTVFTCBE64QMSD,,,,,,,,Mini 4 Pro,SYNGQKJQTDDADWDCD,,,,DJI Fly,,1.13.5,50A9DCC9-C03F-50BC-9AAA-5F82D89E1DD4,,,,,,,,,,
1773832953,0m 33.0s,33.0,53.04710000,-3.00540000,137.8,137.8,30.0,317.8,0.0,0.000,0.000,0.000,,0.000,,-0.000,,0.00,0.00,45.0,45.0,,Auto Takeoff,,,18,4,TRUE,,Mini 4 Pro,,,,,,FALSE,TRUE,,,,,,,,,,,,,,,,,,,,,,,,,,,,,,,,,,,,,,,,,,,,,,,,89.5,,,,8.187,,,,,,,4.624,,,,,,,,,,,,,,,,,,,,,,,,,,,,,,,,53.04710000,-3.00540000,0.0,,,,,,,,,,,,,,,,,,,,,,,,,,,,Mini 4 Pro,SYNGQKJQTDDADWDCD,CAM5S8Y4W87Z7AGC8,RCS9YGZQ7B45R6WRD,BATBTVFTCBE64QMSD,,,,,,,,Mini 4 Pro,SYNGQKJQTDDADWDCD,,,,DJI Fly,,1.13.5,50A9DCC9-C03F-50BC-9AAA-5F82D89E1DD4,,,,,,,,,,
1773832954,0m 34.0s,34.0,53.04711189,-3.00533409,137.8,137.8,30.0,317.8,15.1,10.290,10.290,2.957,,9.856,,-0.000,,1.61,25.00,73.3,73.3,,P-GPS,,,18,4,TRUE,,Mini 4 Pro,,,,,,FALSE,TRUE,,,,,,,,,,,,,,,,,,,,,,,,,,,,,,,,,,,,,,,,,,,,,,,,89.4,,,,8.186,,,,,,,7.154,,,,,,,,,,,,,,,,,,,,,,,,,,,,,,,,53.04710000,-3.00540000,15.1,,,,,,,,,,,,,,,,,,,,,,,,,,,,Mini 4 Pro,SYNGQKJQTDDADWDCD,CAM5S8Y4W87Z7AGC8,RCS9YGZQ7B45R6WRD,BATBTVFTCBE64QMSD,,,,,,,,Mini 4 Pro,SYNGQKJQTDDADWDCD,,,,DJI Fly,,1.13.5,50A9DCC9-C03F-50BC-9AAA-5F82D89E1DD4,,,,,,,,,,
1773832955,0m 35.0s,35.0,53.04712377,-3.00526817,137.8,137.8,30.0,317.8,30.2,10.290,10.290,2.957,,9.856,,-0.000,,1.61,0.00,73.3,73.3,,P-GPS,,,18,4,TRUE,,Mini 4 Pro,,,,,,FALSE,TRUE,,,,,,,,,,,,,,,,,,,,,,,,,,,,,,,,,,,,,,,,,,,,,,,,89.4,,,,8.185,,,,,,,7.154,,,,,,,,,,,,,,,,,,,,,,,,,,,,,,,,53.04710000,-3.00540000,30.2,,,,,,,,,,,,,,,,,,,,,,,,,,,,Mini 4 Pro,SYNGQKJQTDDADWDCD,CAM5S8Y4W87Z7AGC8,RCS9YGZQ7B45R6WRD,BATBTVFTCBE64QMSD,,,,,,,,Mini 4 Pro,SYNGQKJQTDDADWDCD,,,,DJI Fly,,1.13.5,50A9DCC9-C03F-50BC-9AAA-5F82D89E1DD4,,,,,,,,,,
1773832956,0m 36.0s,36.0,53.04713566,-3.00520226,137.8,137.8,30.0,317.8,45.3,10.290,10.290,2.957,,9.856,,-0.000,,1.61,0.00,73.3,73.3,,P-GPS,,,18,4,TRUE,,Mini 4 Pro,,,,,,FALSE,TRUE,,,,,,,,,,,,,,,,,,,,,,,,,,,,,,,,,,,,,,,,,,,,,,,,89.3,,,,8.184,,,,,,,7.154,,,,,,,,,,,,,,,,,,,,,,,,,,,,,,,,53.04710000,-3.00540000,45.3,,,,,,,,,,,,,,,,,,,,,,,,,,,,Mini 4 Pro,SYNGQKJQTDDADWDCD,CAM5S8Y4W87Z7AGC8,RCS9YGZQ7B45R6WRD,BATBTVFTCBE64QMSD,,,,,,,,Mini 4 Pro,SYNGQKJQTDDADWDCD,,,,DJI Fly,,1.13.5,50A9DCC9-C03F-50BC-9AAA-5F82D89E1DD4,,,,,,,,,,
1773832957,0m 37.0s,37.0,53.04714755,-3.00513635,137.8,137.8,30.0,317.8,60.4,10.290,10.290,2.957,,9.856,,-0.000,,1.61,0.00,73.3,73.3,,P-GPS,,,18,4,TRUE,,Mini 4 Pro,,,,,,FALSE,TRUE,,,,,,,,,,,,,,,,,,,,,,,,,,,,,,,,,,,,,,,,,,,,,,,,89.3,,,,8.184,,,,,,,7.154,,,,,,,,,,,,,,,,,,,,,,,,,,,,,,,,53.04710000,-3.00540000,60.4,,,,,,,,,,,,,,,,,,,,,,,,,,,,Mini 4 Pro,SYNGQKJQTDDADWDCD,CAM5S8Y4W87Z7AGC8,RCS9YGZQ7B45R6WRD,BATBTVFTCBE64QMSD,,,,,,,,Mini 4 Pro,SYNGQKJQTDDADWDCD,,,,DJI Fly,,1.13.5,50A9DCC9-C03F-50BC-9AAA-5F82D89E1DD4,,,,,,,,,,
1773832958,0m 38.0s,38.0,53.04715944,-3.00507044,137.8,137.8,30.0,317.8,75.5,10.290,10.290,2.957,,9.856,,-0.000,,1.61,0.00,73.3,73.3,,P-GPS,,,18,4,TRUE,,Mini 4 Pro,,,,,,FALSE,TRUE,,,,,,,,,,,,,,,,,,,,,,,,,,,,,,,,,,,,,,,,,,,,,,,,89.2,,,,8.183,,,,,,,7.154,,,,,,,,,,,,,,,,,,,,,,,,,,,,,,,,53.04710000,-3.00540000,75.5,,,,,,,,,,,,,,,,,,,,,,,,,,,,Mini 4 Pro,SYNGQKJQTDDADWDCD,CAM5S8Y4W87Z7AGC8,RCS9YGZQ7B45R6WRD,BATBTVFTCBE64QMSD,,,,,,,,Mini 4 Pro,SYNGQKJQTDDADWDCD,,,,DJI Fly,,1.13.5,50A9DCC9-C03F-50BC-9AAA-5F82D89E1DD4,,,,,,,,,,
1773832959,0m 39.0s,39.0,53.04717132,-3.00500452,137.8,137.8,30.0,317.8,90.6,10.290,10.290,2.957,,9.856,,-0.000,,1.61,0.00,73.3,73.3,,P-GPS,,,18,4,TRUE,,Mini 4 Pro,,,,,,FALSE,TRUE,,,,,,,,,,,,,,,,,,,,,,,,,,,,,,,,,,,,,,,,,,,,,,,,89.2,,,,8.182,,,,,,,7.154,,,,,,,,,,,,,,,,,,,,,,,,,,,,,,,,53.04710000,-3.00540000,90.6,,,,,,,,,,,,,,,,,,,,,,,,,,,,Mini 4 Pro,SYNGQKJQTDDADWDCD,CAM5S8Y4W87Z7AGC8,RCS9YGZQ7B45R6WRD,BATBTVFTCBE64QMSD,,,,,,,,Mini 4 Pro,SYNGQKJQTDDADWDCD,,,,DJI Fly,,1.13.5,50A9DCC9-C03F-50BC-9AAA-5F82D89E1DD4,,,,,,,,,,
1773832960,0m 40.0s,40.0,53.04718321,-3.00493861,137.8,137.8,30.0,317.8,105.6,10.290,10.290,2.957,,9.856,,-0.000,,1.61,0.00,73.3,73.3,,P-GPS,,,18,4,TRUE,,Mini 4 Pro,,,,,,FALSE,TRUE,,,,,,,,,,,,,,,,,,,,,,,,,,,,,,,,,,,,,,,,,,,,,,,,89.1,,,,8.182,,,,,,,7.154,,,,,,,,,,,,,,,,,,,,,,,,,,,,,,,,53.04710000,-3.00540000,105.6,,,,,,,,,,,,,,,,,,,,,,,,,,,,Mini 4 Pro,SYNGQKJQTDDADWDCD,CAM5S8Y4W87Z7AGC8,RCS9YGZQ7B45R6WRD,BATBTVFTCBE64QMSD,,,,,,,,Mini 4 Pro,SYNGQKJQTDDADWDCD,,,,DJI Fly,,1.13.5,50A9DCC9-C03F-50BC-9AAA-5F82D89E1DD4,,,,,,,,,,
1773832961,0m 41.0s,41.0,53.04719510,-3.00487270,137.8,137.8,30.0,317.8,120.7,10.290,10.290,2.957,,9.856,,-0.000,,1.61,0.00,73.3,73.3,,P-GPS,,,18,4,TRUE,,Mini 4 Pro,,,,,,FALSE,TRUE,,,,,,,,,,,,,,,,,,,,,,,,,,,,,,,,,,,,,,,,,,,,,,,,89.1,,,,8.181,,,,,,,7.154,,,,,,,,,,,,,,,,,,,,,,,,,,,,,,,,53.04710000,-3.00540000,120.7,,,,,,,,,,,,,,,,,,,,,,,,,,,,Mini 4 Pro,SYNGQKJQTDDADWDCD,CAM5S8Y4W87Z7AGC8,RCS9YGZQ7B45R6WRD,BATBTVFTCBE64QMSD,,,,,,,,Mini 4 Pro,SYNGQKJQTDDADWDCD,,,,DJI Fly,,1.13.5,50A9DCC9-C03F-50BC-9AAA-5F82D89E1DD4,,,,,,,,,,
1773832962,0m 42.0s,42.0,53.04720699,-3.00480678,137.8,137.8,30.0,317.8,135.8,10.290,10.290,2.957,,9.856,,-0.000,,1.61,0.00,73.3,73.3,,P-GPS,,,18,4,TRUE,,Mini 4 Pro,,,,,,FALSE,TRUE,,,,,,,,,,,,,,,,,,,,,,,,,,,,,,,,,,,,,,,,,,,,,,,,89.0,,,,8.180,,,,,,,7.154,,,,,,,,,,,,,,,,,,,,,,,,,,,,,,,,53.04710000,-3.00540000,135.8,,,,,,,,,,,,,,,,,,,,,,,,,,,,Mini 4 Pro,SYNGQKJQTDDADWDCD,CAM5S8Y4W87Z7AGC8,RCS9YGZQ7B45R6WRD,BATBTVFTCBE64QMSD,,,,,,,,Mini 4 Pro,SYNGQKJQTDDADWDCD,,,,DJI Fly,,1.13.5,50A9DCC9-C03F-50BC-9AAA-5F82D89E1DD4,,,,,,,,,,
1773832963,0m 43.0s,43.0,53.04721887,-3.00474087,137.8,137.8,30.0,317.8,150.9,10.290,10.290,2.957,,9.856,,-0.000,,1.61,0.00,73.3,73.3,,P-GPS,,,18,4,TRUE,,Mini 4 Pro,,,,,,FALSE,TRUE,,,,,,,,,,,,,,,,,,,,,,,,,,,,,,,,,,,,,,,,,,,,,,,,89.0,,,,8.179,,,,,,,7.154,,,,,,,,,,,,,,,,,,,,,,,,,,,,,,,,53.04710000,-3.00540000,150.9,,,,,,,,,,,,,,,,,,,,,,,,,,,,Mini 4 Pro,SYNGQKJQTDDADWDCD,CAM5S8Y4W87Z7AGC8,RCS9YGZQ7B45R6WRD,BATBTVFTCBE64QMSD,,,,,,,,Mini 4 Pro,SYNGQKJQTDDADWDCD,,,,DJI Fly,,1.13.5,50A9DCC9-C03F-50BC-9AAA-5F82D89E1DD4,,,,,,,,,,
1773832964,0m 44.0s,44.0,53.04723076,-3.00467496,137.8,137.8,30.0,317.8,166.0,10.290,10.290,2.957,,9.856,,-0.000,,1.61,0.00,73.3,73.3,,P-GPS,,,18,4,TRUE,,Mini 4 Pro,,,,,,FALSE,TRUE,,,,,,,,,,,,,,,,,,,,,,,,,,,,,,,,,,,,,,,,,,,,,,,,88.9,,,,8.179,,,,,,,7.154,,,,,,,,,,,,,,,,,,,,,,,,,,,,,,,,53.04710000,-3.00540000,166.0,,,,,,,,,,,,,,,,,,,,,,,,,,,,Mini 4 Pro,SYNGQKJQTDDADWDCD,CAM5S8Y4W87Z7AGC8,RCS9YGZQ7B45R6WRD,BATBTVFTCBE64QMSD,,,,,,,,Mini 4 Pro,SYNGQKJQTDDADWDCD,,,,DJI Fly,,1.13.5,50A9DCC9-C03F-50BC-9AAA-5F82D89E1DD4,,,,,,,,,,
1773832965,0m 45.0s,45.0,53.04724265,-3.00460904,137.8,137.8,30.0,317.8,181.1,10.290,10.290,2.957,,9.856,,-0.000,,1.61,0.00,73.3,73.3,,P-GPS,,,18,4,TRUE,,Mini 4 Pro,,,,,,FALSE,TRUE,,,,,,,,,,,,,,,,,,,,,,,,,,,,,,,,,,,,,,,,,,,,,,,,88.9,,,,8.178,,,,,,,7.154,,,,,,,,,,,,,,,,,,,,,,,,,,,,,,,,53.04710000,-3.00540000,181.1,,,,,,,,,,,,,,,,,,,,,,,,,,,,Mini 4 Pro,SYNGQKJQTDDADWDCD,CAM5S8Y4W87Z7AGC8,RCS9YGZQ7B45R6WRD,BATBTVFTCBE64QMSD,,,,,,,,Mini 4 Pro,SYNGQKJQTDDADWDCD,,,,DJI Fly,,1.13.5,50A9DCC9-C03F-50BC-9AAA-5F82D89E1DD4,,,,,,,,,,
1773832966,0m 46.0s,46.0,53.04725453,-3.00454313,137.8,137.8,30.0,317.8,196.2,10.290,10.290,2.957,,9.856,,-0.000,,1.61,0.00,73.3,73.3,,P-GPS,,,18,4,TRUE,,Mini 4 Pro,,,,,,FALSE,TRUE,,,,,,,,,,,,,,,,,,,,,,,,,,,,,,,,,,,,,,,,,,,,,,,,88.9,,,,8.177,,,,,,,7.154,,,,,,,,,,,,,,,,,,,,,,,,,,,,,,,,53.04710000,-3.00540000,196.2,,,,,,,,,,,,,,,,,,,,,,,,,,,,Mini 4 Pro,SYNGQKJQTDDADWDCD,CAM5S8Y4W87Z7AGC8,RCS9YGZQ7B45R6WRD,BATBTVFTCBE64QMSD,,,,,,,,Mini 4 Pro,SYNGQKJQTDDADWDCD,,,,DJI Fly,,1.13.5,50A9DCC9-C03F-50BC-9AAA-5F82D89E1DD4,,,,,,,,,,
1773832967,0m 47.0s,47.0,53.04726642,-3.00447722,137.8,137.8,30.0,317.8,211.3,10.290,10.290,2.957,,9.856,,-0.000,,1.61,0.00,73.3,73.3,,P-GPS,,,18,4,TRUE,,Mini 4 Pro,,,,,,FALSE,TRUE,,,,,,,,,,,,,,,,,,,,,,,,,,,,,,,,,,,,,,,,,,,,,,,,88.8,,,,8.176,,,,,,,7.154,,,,,,,,,,,,,,,,,,,,,,,,,,,,,,,,53.04710000,-3.00540000,211.3,,,,,,,,,,,,,,,,,,,,,,,,,,,,Mini 4 Pro,SYNGQKJQTDDADWDCD,CAM5S8Y4W87Z7AGC8,RCS9YGZQ7B45R6WRD,BATBTVFTCBE64QMSD,,,,,,,,Mini 4 Pro,SYNGQKJQTDDADWDCD,,,,DJI Fly,,1.13.5,50A9DCC9-C03F-50BC-9AAA-5F82D89E1DD4,,,,,,,,,,
1773832968,0m 48.0s,48.0,53.04727831,-3.00441131,137.8,137.8,30.0,317.8,226.4,10.290,10.290,2.957,,9.856,,-0.000,,1.61,0.00,73.3,73.3,,P-GPS,,,18,4,TRUE,,Mini 4 Pro,,,,,,FALSE,TRUE,,,,,,,,,,,,,,,,,,,,,,,,,,,,,,,,,,,,,,,,,,,,,,,,88.8,,,,8.176,,,,,,,7.154,,,,,,,,,,,,,,,,,,,,,,,,,,,,,,,,53.04710000,-3.00540000,226.4,,,,,,,,,,,,,,,,,,,,,,,,,,,,Mini 4 Pro,SYNGQKJQTDDADWDCD,CAM5S8Y4W87Z7AGC8,RCS9YGZQ7B45R6WRD,BATBTVFTCBE64QMSD,,,,,,,,Mini 4 Pro,SYNGQKJQTDDADWDCD,,,,DJI Fly,,1.13.5,50A9DCC9-C03F-50BC-9AAA-5F82D89E1DD4,,,,,,,,,,
1773832969,0m 49.0s,49.0,53.04729020,-3.00434539,137.8,137.8,30.0,317.8,241.5,10.290,10.290,2.957,,9.856,,-0.000,,1.61,0.00,73.3,73.3,,P-GPS,,,18,4,TRUE,,Mini 4 Pro,,,,,,FALSE,TRUE,,,,,,,,,,,,,,,,,,,,,,,,,,,,,,,,,,,,,,,,,,,,,,,,88.7,,,,8.175,,,,,,,7.154,,,,,,,,,,,,,,,,,,,,,,,,,,,,,,,,53.04710000,-3.00540000,241.5,,,,,,,,,,,,,,,,,,,,,,,,,,,,Mini 4 Pro,SYNGQKJQTDDADWDCD,CAM5S8Y4W87Z7AGC8,RCS9YGZQ7B45R6WRD,BATBTVFTCBE64QMSD,,,,,,,,Mini 4 Pro,SYNGQKJQTDDADWDCD,,,,DJI Fly,,1.13.5,50A9DCC9-C03F-50BC-9AAA-5F82D89E1DD4,,,,,,,,,,
1773832970,0m 50.0s,50.0,53.04730208,-3.00427948,137.8,137.8,30.0,317.8,256.6,10.290,10.290,2.957,,9.856,,-0.000,,1.61,0.00,73.3,73.3,,P-GPS,,,18,4,TRUE,,Mini 4 Pro,,,,,,FALSE,TRUE,,,,,,,,,,,,,,,,,,,,,,,,,,,,,,,,,,,,,,,,,,,,,,,,88.7,,,,8.174,,,,,,,7.154,,,,,,,,,,,,,,,,,,,,,,,,,,,,,,,,53.04710000,-3.00540000,256.6,,,,,,,,,,,,,,,,,,,,,,,,,,,,Mini 4 Pro,SYNGQKJQTDDADWDCD,CAM5S8Y4W87Z7AGC8,RCS9YGZQ7B45R6WRD,BATBTVFTCBE64QMSD,,,,,,,,Mini 4 Pro,SYNGQKJQTDDADWDCD,,,,DJI Fly,,1.13.5,50A9DCC9-C03F-50BC-9AAA-5F82D89E1DD4,,,,,,,,,,
1773832971,0m 51.0s,51.0,53.04731397,-3.00421357,137.8,137.8,30.0,317.8,271.7,10.290,10.290,2.957,,9.856,,-0.000,,1.61,0.00,73.3,73.3,,P-GPS,,,18,4,TRUE,,Mini 4 Pro,,,,,,FALSE,TRUE,,,,,,,,,,,,,,,,,,,,,,,,,,,,,,,,,,,,,,,,,,,,,,,,88.6,,,,8.174,,,,,,,7.154,,,,,,,,,,,,,,,,,,,,,,,,,,,,,,,,53.04710000,-3.00540000,271.7,,,,,,,,,,,,,,,,,,,,,,,,,,,,Mini 4 Pro,SYNGQKJQTDDADWDCD,CAM5S8Y4W87Z7AGC8,RCS9YGZQ7B45R6WRD,BATBTVFTCBE64QMSD,,,,,,,,Mini 4 Pro,SYNGQKJQTDDADWDCD,,,,DJI Fly,,1.13.5,50A9DCC9-C03F-50BC-9AAA-5F82D89E1DD4,,,,,,,,,,
1773832972,0m 52.0s,52.0,53.04732586,-3.00414765,137.8,137.8,30.0,317.8,286.7,10.290,10.290,2.957,,9.856,,-0.000,,1.61,0.00,73.3,73.3,,P-GPS,,,18,4,TRUE,,Mini 4 Pro,,,,,,FALSE,TRUE,,,,,,,,,,,,,,,,,,,,,,,,,,,,,,,,,,,,,,,,,,,,,,,,88.6,,,,8.173,,,,,,,7.154,,,,,,,,,,,,,,,,,,,,,,,,,,,,,,,,53.04710000,-3.00540000,286.7,,,,,,,,,,,,,,,,,,,,,,,,,,,,Mini 4 Pro,SYNGQKJQTDDADWDCD,CAM5S8Y4W87Z7AGC8,RCS9YGZQ7B45R6WRD,BATBTVFTCBE64QMSD,,,,,,,,Mini 4 Pro,SYNGQKJQTDDADWDCD,,,,DJI Fly,,1.13.5,50A9DCC9-C03F-50BC-9AAA-5F82D89E1DD4,,,,,,,,,,
1773832973,0m 53.0s,53.0,53.04733774,-3.00408174,137.8,137.8,30.0,317.8,301.8,10.290,10.290,2.957,,9.856,,-0.000,,1.61,0.00,73.3,73.3,,P-GPS,,,18,4,TRUE,,Mini 4 Pro,,,,,,FALSE,TRUE,,,,,,,,,,,,,,,,,,,,,,,,,,,,,,,,,,,,,,,,,,,,,,,,88.5,,,,8.172,,,,,,,7.154,,,,,,,,,,,,,,,,,,,,,,,,,,,,,,,,53.04710000,-3.00540000,301.8,,,,,,,,,,,,,,,,,,,,,,,,,,,,Mini 4 Pro,SYNGQKJQTDDADWDCD,CAM5S8Y4W87Z7AGC8,RCS9YGZQ7B45R6WRD,BATBTVFTCBE64QMSD,,,,,,,,Mini 4 Pro,SYNGQKJQTDDADWDCD,,,,DJI Fly,,1.13.5,50A9DCC9-C03F-50BC-9AAA-5F82D89E1DD4,,,,,,,,,,
1773832974,0m 54.0s,54.0,53.04734963,-3.00401583,137.8,137.8,30.0,317.8,316.9,10.290,10.290,2.957,,9.856,,-0.000,,1.61,0.00,73.3,73.3,,P-GPS,,,18,4,TRUE,,Mini 4 Pro,,,,,,FALSE,TRUE,,,,,,,,,,,,,,,,,,,,,,,,,,,,,,,,,,,,,,,,,,,,,,,,88.5,,,,8.171,,,,,,,7.154,,,,,,,,,,,,,,,,,,,,,,,,,,,,,,,,53.04710000,-3.00540000,316.9,,,,,,,,,,,,,,,,,,,,,,,,,,,,Mini 4 Pro,SYNGQKJQTDDADWDCD,CAM5S8Y4W87Z7AGC8,RCS9YGZQ7B45R6WRD,BATBTVFTCBE64QMSD,,,,,,,,Mini 4 Pro,SYNGQKJQTDDADWDCD,,,,DJI Fly,,1.13.5,50A9DCC9-C03F-50BC-9AAA-5F82D89E1DD4,,,,,,,,,,
1773832975,0m 55.0s,55.0,53.04736152,-3.00394992,137.8,137.8,30.0,317.8,332.0,10.290,10.290,2.957,,9.856,,-0.000,,1.61,0.00,73.3,73.3,,P-GPS,,,18,4,TRUE,,Mini 4 Pro,,,,,,FALSE,TRUE,,,,,,,,,,,,,,,,,,,,,,,,,,,,,,,,,,,,,,,,,,,,,,,,88.4,,,,8.171,,,,,,,7.154,,,,,,,,,,,,,,,,,,,,,,,,,,,,,,,,53.04710000,-3.00540000,332.0,,,,,,,,,,,,,,,,,,,,,,,,,,,,Mini 4 Pro,SYNGQKJQTDDADWDCD,CAM5S8Y4W87Z7AGC8,RCS9YGZQ7B45R6WRD,BATBTVFTCBE64QMSD,,,,,,,,Mini 4 Pro,SYNGQKJQTDDADWDCD,,,,DJI Fly,,1.13.5,50A9DCC9-C03F-50BC-9AAA-5F82D89E1DD4,,,,,,,,,,
1773832976,0m 56.0s,56.0,53.04737341,-3.00388400,137.8,137.8,30.0,317.8,347.1,10.290,10.290,2.957,,9.856,,-0.000,,1.61,0.00,73.3,73.3,,P-GPS,,,18,4,TRUE,,Mini 4 Pro,,,,,,FALSE,TRUE,,,,,,,,,,,,,,,,,,,,,,,,,,,,,,,,,,,,,,,,,,,,,,,,88.4,,,,8.170,,,,,,,7.154,,,,,,,,,,,,,,,,,,,,,,,,,,,,,,,,53.04710000,-3.00540000,347.1,,,,,,,,,,,,,,,,,,,,,,,,,,,,Mini 4 Pro,SYNGQKJQTDDADWDCD,CAM5S8Y4W87Z7AGC8,RCS9YGZQ7B45R6WRD,BATBTVFTCBE64QMSD,,,,,,,,Mini 4 Pro,SYNGQKJQTDDADWDCD,,,,DJI Fly,,1.13.5,50A9DCC9-C03F-50BC-9AAA-5F82D89E1DD4,,,,,,,,,,
1773832977,0m 57.0s,57.0,53.04738529,-3.00381809,137.8,137.8,30.0,317.8,362.2,10.290,10.290,2.957,,9.856,,-0.000,,1.61,0.00,73.3,73.3,,P-GPS,,,18,4,TRUE,,Mini 4 Pro,,,,,,FALSE,TRUE,,,,,,,,,,,,,,,,,,,,,,,,,,,,,,,,,,,,,,,,,,,,,,,,88.3,,,,8.169,,,,,,,7.154,,,,,,,,,,,,,,,,,,,,,,,,,,,,,,,,53.04710000,-3.00540000,362.2,,,,,,,,,,,,,,,,,,,,,,,,,,,,Mini 4 Pro,SYNGQKJQTDDADWDCD,CAM5S8Y4W87Z7AGC8,RCS9YGZQ7B45R6WRD,BATBTVFTCBE64QMSD,,,,,,,,Mini 4 Pro,SYNGQKJQTDDADWDCD,,,,DJI Fly,,1.13.5,50A9DCC9-C03F-50BC-9AAA-5F82D89E1DD4,,,,,,,,,,
1773832978,0m 58.0s,58.0,53.04739718,-3.00375218,137.8,137.8,30.0,317.8,377.3,10.290,10.290,2.957,,9.856,,-0.000,,1.61,0.00,73.3,73.3,,P-GPS,,,18,4,TRUE,,Mini 4 Pro,,,,,,FALSE,TRUE,,,,,,,,,,,,,,,,,,,,,,,,,,,,,,,,,,,,,,,,,,,,,,,,88.3,,,,8.168,,,,,,,7.154,,,,,,,,,,,,,,,,,,,,,,,,,,,,,,,,53.04710000,-3.00540000,377.3,,,,,,,,,,,,,,,,,,,,,,,,,,,,Mini 4 Pro,SYNGQKJQTDDADWDCD,CAM5S8Y4W87Z7AGC8,RCS9YGZQ7B45R6WRD,BATBTVFTCBE64QMSD,,,,,,,,Mini 4 Pro,SYNGQKJQTDDADWDCD,,,,DJI Fly,,1.13.5,50A9DCC9-C03F-50BC-9AAA-5F82D89E1DD4,,,,,,,,,,
1773832979,0m 59.0s,59.0,53.04740907,-3.00368626,137.8,137.8,30.0,317.8,392.4,10.290,10.290,2.957,,9.856,,-0.000,,1.61,0.00,73.3,73.3,,P-GPS,,,18,4,TRUE,,Mini 4 Pro,,,,,,FALSE,TRUE,,,,,,,,,,,,,,,,,,,,,,,,,,,,,,,,,,,,,,,,,,,,,,,,88.2,,,,8.168,,,,,,,7.154,,,,,,,,,,,,,,,,,,,,,,,,,,,,,,,,53.04710000,-3.00540000,392.4,,,,,,,,,,,,,,,,,,,,,,,,,,,,Mini 4 Pro,SYNGQKJQTDDADWDCD,CAM5S8Y4W87Z7AGC8,RCS9YGZQ7B45R6WRD,BATBTVFTCBE64QMSD,,,,,,,,Mini 4 Pro,SYNGQKJQTDDADWDCD,,,,DJI Fly,,1.13.5,50A9DCC9-C03F-50BC-9AAA-5F82D89E1DD4,,,,,,,,,,
1773832980,1m 0.0s,60.0,53.04742096,-3.00362035,137.8,137.8,30.0,317.8,407.5,10.290,10.290,2.957,,9.856,,-0.000,,1.61,0.00,73.3,73.3,,P-GPS,,,18,4,TRUE,,Mini 4 Pro,,,,,,FALSE,TRUE,,,,,,,,,,,,,,,,,,,,,,,,,,,,,,,,,,,,,,,,,,,,,,,,88.2,,,,8.167,,,,,,,7.154,,,,,,,,,,,,,,,,,,,,,,,,,,,,,,,,53.04710000,-3.00540000,407.5,,,,,,,,,,,,,,,,,,,,,,,,,,,,Mini 4 Pro,SYNGQKJQTDDADWDCD,CAM5S8Y4W87Z7AGC8,RCS9YGZQ7B45R6WRD,BATBTVFTCBE64QMSD,,,,,,,,Mini 4 Pro,SYNGQKJQTDDADWDCD,,,,DJI Fly,,1.13.5,50A9DCC9-C03F-50BC-9AAA-5F82D89E1DD4,,,,,,,,,,
1773832981,1m 1.0s,61.0,53.04743284,-3.00355444,137.8,137.8,30.0,317.8,422.6,10.290,10.290,2.957,,9.856,,-0.000,,1.61,0.00,73.3,73.3,,P-GPS,,,18,4,TRUE,,Mini 4 Pro,,,,,,FALSE,TRUE,,,,,,,,,,,,,,,,,,,,,,,,,,,,,,,,,,,,,,,,,,,,,,,,88.1,,,,8.166,,,,,,,7.154,,,,,,,,,,,,,,,,,,,,,,,,,,,,,,,,53.04710000,-3.00540000,422.6,,,,,,,,,,,,,,,,,,,,,,,,,,,,Mini 4 Pro,SYNGQKJQTDDADWDCD,CAM5S8Y4W87Z7AGC8,RCS9YGZQ7B45R6WRD,BATBTVFTCBE64QMSD,,,,,,,,Mini 4 Pro,SYNGQKJQTDDADWDCD,,,,DJI Fly,,1.13.5,50A9DCC9-C03F-50BC-9AAA-5F82D89E1DD4,,,,,,,,,,
1773832982,1m 2.0s,62.0,53.04744473,-3.00348852,137.8,137.8,30.0,317.8,437.7,10.290,10.290,2.957,,9.856,,-0.000,,1.61,0.00,73.3,73.3,,P-GPS,,,18,4,TRUE,,Mini 4 Pro,,,,,,FALSE,TRUE,,,,,,,,,,,,,,,,,,,,,,,,,,,,,,,,,,,,,,,,,,,,,,,,88.1,,,,8.166,,,,,,,7.154,,,,,,,,,,,,,,,,,,,,,,,,,,,,,,,,53.04710000,-3.00540000,437.7,,,,,,,,,,,,,,,,,,,,,,,,,,,,Mini 4 Pro,SYNGQKJQTDDADWDCD,CAM5S8Y4W87Z7AGC8,RCS9YGZQ7B45R6WRD,BATBTVFTCBE64QMSD,,,,,,,,Mini 4 Pro,SYNGQKJQTDDADWDCD,,,,DJI Fly,,1.13.5,50A9DCC9-C03F-50BC-9AAA-5F82D89E1DD4,,,,,,,,,,
1773832983,1m 3.0s,63.0,53.04745662,-3.00342261,137.8,137.8,30.0,317.8,452.8,10.290,10.290,2.957,,9.856,,-0.000,,1.61,0.00,73.3,73.3,,P-GPS,,,18,4,TRUE,,Mini 4 Pro,,,,,,FALSE,TRUE,,,,,,,,,,,,,,,,,,,,,,,,,,,,,,,,,,,,,,,,,,,,,,,,88.1,,,,8.165,,,,,,,7.154,,,,,,,,,,,,,,,,,,,,,,,,,,,,,,,,53.04710000,-3.00540000,452.8,,,,,,,,,,,,,,,,,,,,,,,,,,,,Mini 4 Pro,SYNGQKJQTDDADWDCD,CAM5S8Y4W87Z7AGC8,RCS9YGZQ7B45R6WRD,BATBTVFTCBE64QMSD,,,,,,,,Mini 4 Pro,SYNGQKJQTDDADWDCD,,,,DJI Fly,,1.13.5,50A9DCC9-C03F-50BC-9AAA-5F82D89E1DD4,,,,,,,,,,
1773832984,1m 4.0s,64.0,53.04746850,-3.00335670,137.8,137.8,30.0,317.8,467.8,10.290,10.290,2.957,,9.856,,-0.000,,1.61,0.00,73.3,73.3,,P-GPS,,,18,4,TRUE,,Mini 4 Pro,,,,,,FALSE,TRUE,,,,,,,,,,,,,,,,,,,,,,,,,,,,,,,,,,,,,,,,,,,,,,,,88.0,,,,8.164,,,,,,,7.154,,,,,,,,,,,,,,,,,,,,,,,,,,,,,,,,53.04710000,-3.00540000,467.8,,,,,,,,,,,,,,,,,,,,,,,,,,,,Mini 4 Pro,SYNGQKJQTDDADWDCD,CAM5S8Y4W87Z7AGC8,RCS9YGZQ7B45R6WRD,BATBTVFTCBE64QMSD,,,,,,,,Mini 4 Pro,SYNGQKJQTDDADWDCD,,,,DJI Fly,,1.13.5,50A9DCC9-C03F-50BC-9AAA-5F82D89E1DD4,,,,,,,,,,
1773832985,1m 5.0s,65.0,53.04748039,-3.00329079,137.8,137.8,30.0,317.8,482.9,10.290,10.290,2.957,,9.856,,-0.000,,1.61,0.00,73.3,73.3,,P-GPS,,,18,4,TRUE,,Mini 4 Pro,,,,,,FALSE,TRUE,,,,,,,,,,,,,,,,,,,,,,,,,,,,,,,,,,,,,,,,,,,,,,,,88.0,,,,8.163,,,,,,,7.154,,,,,,,,,,,,,,,,,,,,,,,,,,,,,,,,53.04710000,-3.00540000,482.9,,,,,,,,,,,,,,,,,,,,,,,,,,,,Mini 4 Pro,SYNGQKJQTDDADWDCD,CAM5S8Y4W87Z7AGC8,RCS9YGZQ7B45R6WRD,BATBTVFTCBE64QMSD,,,,,,,,Mini 4 Pro,SYNGQKJQTDDADWDCD,,,,DJI Fly,,1.13.5,50A9DCC9-C03F-50BC-9AAA-5F82D89E1DD4,,,,,,,,,,
1773832986,1m 6.0s,66.0,53.04749228,-3.00322487,137.8,137.8,30.0,317.8,498.0,10.290,10.290,2.957,,9.856,,-0.000,,1.61,0.00,73.3,73.3,,P-GPS,,,18,4,TRUE,,Mini 4 Pro,,,,,,FALSE,TRUE,,,,,,,,,,,,,,,,,,,,,,,,,,,,,,,,,,,,,,,,,,,,,,,,87.9,,,,8.163,,,,,,,7.154,,,,,,,,,,,,,,,,,,,,,,,,,,,,,,,,53.04710000,-3.00540000,498.0,,,,,,,,,,,,,,,,,,,,,,,,,,,,Mini 4 Pro,SYNGQKJQTDDADWDCD,CAM5S8Y4W87Z7AGC8,RCS9YGZQ7B45R6WRD,BATBTVFTCBE64QMSD,,,,,,,,Mini 4 Pro,SYNGQKJQTDDADWDCD,,,,DJI Fly,,1.13.5,50A9DCC9-C03F-50BC-9AAA-5F82D89E1DD4,,,,,,,,,,
1773832987,1m 7.0s,67.0,53.04750417,-3.00315896,137.8,137.8,30.0,317.8,513.1,10.290,10.290,2.957,,9.856,,-0.000,,1.61,0.00,73.3,73.3,,P-GPS,,,18,4,TRUE,,Mini 4 Pro,,,,,,FALSE,TRUE,,,,,,,,,,,,,,,,,,,,,,,,,,,,,,,,,,,,,,,,,,,,,,,,87.9,,,,8.162,,,,,,,7.154,,,,,,,,,,,,,,,,,,,,,,,,,,,,,,,,53.04710000,-3.00540000,513.1,,,,,,,,,,,,,,,,,,,,,,,,,,,,Mini 4 Pro,SYNGQKJQTDDADWDCD,CAM5S8Y4W87Z7AGC8,RCS9YGZQ7B45R6WRD,BATBTVFTCBE64QMSD,,,,,,,,Mini 4 Pro,SYNGQKJQTDDADWDCD,,,,DJI Fly,,1.13.5,50A9DCC9-C03F-50BC-9AAA-5F82D89E1DD4,,,,,,,,,,
1773832988,1m 8.0s,68.0,53.04750417,-3.00315896,137.8,137.8,30.0,317.8,513.1,0.000,10.290,0.000,,0.000,,-0.000,,0.00,0.00,73.3,73.3,,P-GPS,,,18,4,TRUE,,Mini 4 Pro,,,,,,FALSE,TRUE,,,,,,,,,,,,,,,,,,,,,,,,,,,,,,,,,,,,,,,,,,,,,,,,87.8,,,,8.161,,,,,,,4.624,,,,,,,,,,,,,,,,,,,,,,,,,,,,,,,,53.04710000,-3.00540000,513.1,,,,,,,,,,,,,,,,,,,,,,,,,,,,Mini 4 Pro,SYNGQKJQTDDADWDCD,CAM5S8Y4W87Z7AGC8,RCS9YGZQ7B45R6WRD,BATBTVFTCBE64QMSD,,,,,,,,Mini 4 Pro,SYNGQKJQTDDADWDCD,,,,DJI Fly,,1.13.5,50A9DCC9-C03F-50BC-9AAA-5F82D89E1DD4,,,,,,,,,,
1773832989,1m 9.0s,69.0,53.04750417,-3.00315896,137.8,137.8,30.0,317.8,513.1,0.000,10.290,0.000,,0.000,,-0.000,,0.00,0.00,73.3,73.3,,P-GPS,,,18,4,TRUE,,Mini 4 Pro,,,,,,FALSE,TRUE,,,,,,,,,,,,,,,,,,,,,,,,,,,,,,,,,,,,,,,,,,,,,,,,87.8,,,,8.161,,,,,,,4.624,,,,,,,,,,,,,,,,,,,,,,,,,,,,,,,,53.04710000,-3.00540000,513.1,,,,,,,,,,,,,,,,,,,,,,,,,,,,Mini 4 Pro,SYNGQKJQTDDADWDCD,CAM5S8Y4W87Z7AGC8,RCS9YGZQ7B45R6WRD,BATBTVFTCBE64QMSD,,,,,,,,Mini 4 Pro,SYNGQKJQTDDADWDCD,,,,DJI Fly,,1.13.5,50A9DCC9-C03F-50BC-9AAA-5F82D89E1DD4,,,,,,,,,,
1773832990,1m 10.0s,70.0,53.04750417,-3.00315896,137.8,137.8,30.0,317.8,513.1,0.000,10.290,0.000,,0.000,,-0.000,,0.00,0.00,73.3,73.3,,P-GPS,,,18,4,TRUE,,Mini 4 Pro,,,,,,FALSE,TRUE,,,,,,,,,,,,,,,,,,,,,,,,,,,,,,,,,,,,,,,,,,,,,,,,87.7,,,,8.160,,,,,,,4.624,,,,,,,,,,,,,,,,,,,,,,,,,,,,,,,,53.04710000,-3.00540000,513.1,,,,,,,,,,,,,,,,,,,,,,,,,,,,Mini 4 Pro,SYNGQKJQTDDADWDCD,CAM5S8Y4W87Z7AGC8,RCS9YGZQ7B45R6WRD,BATBTVFTCBE64QMSD,,,,,,,,Mini 4 Pro,SYNGQKJQTDDADWDCD,,,,DJI Fly,,1.13.5,50A9DCC9-C03F-50BC-9AAA-5F82D89E1DD4,,,,,,,,,,
1773832991,1m 11.0s,71.0,53.04750417,-3.00315896,137.8,137.8,30.0,317.8,513.1,0.000,10.290,0.000,,0.000,,-0.000,,0.00,0.00,73.3,73.3,,P-GPS,,,18,4,TRUE,,Mini 4 Pro,,,,,,FALSE,TRUE,,,,,,,,,,,,,,,,,,,,,,,,,,,,,,,,,,,,,,,,,,,,,,,,87.7,,,,8.159,,,,,,,4.624,,,,,,,,,,,,,,,,,,,,,,,,,,,,,,,,53.04710000,-3.00540000,513.1,,,,,,,,,,,,,,,,,,,,,,,,,,,,Mini 4 Pro,SYNGQKJQTDDADWDCD,CAM5S8Y4W87Z7AGC8,RCS9YGZQ7B45R6WRD,BATBTVFTCBE64QMSD,,,,,,,,Mini 4 Pro,SYNGQKJQTDDADWDCD,,,,DJI Fly,,1.13.5,50A9DCC9-C03F-50BC-9AAA-5F82D89E1DD4,,,,,,,,,,
1773832992,1m 12.0s,72.0,53.04750417,-3.00315896,137.8,137.8,30.0,317.8,513.1,0.000,10.290,0.000,,0.000,,-0.000,,0.00,0.00,73.3,73.3,,P-GPS,,,8,2,FALSE,,Mini 4 Pro,,,,,,FALSE,TRUE,,,,,,,,,,,,,,,,,,,,,,,,,,,,,,,,,,,,,,,,,,,,,,,,87.6,,,,8.158,,,,,,,4.624,,,,,,,,,,,,,,,,,,,,,,,,,,,,,,,,53.04710000,-3.00540000,513.1,,,,,,,,,,,,,,,,,,,,,,,,,,,,Mini 4 Pro,SYNGQKJQTDDADWDCD,CAM5S8Y4W87Z7AGC8,RCS9YGZQ7B45R6WRD,BATBTVFTCBE64QMSD,,,,,,,,Mini 4 Pro,SYNGQKJQTDDADWDCD,,,,DJI Fly,,1.13.5,50A9DCC9-C03F-50BC-9AAA-5F82D89E1DD4,,,,,,,,,,GPS signal weak. Hovering unstable. Fly with caution (Code: 30008).
1773832993,1m 13.0s,73.0,53.04750417,-3.00315896,137.8,137.8,30.0,317.8,513.1,0.000,10.290,0.000,,0.000,,-0.000,,0.00,0.00,73.3,73.3,,P-GPS,,,8,2,FALSE,,Mini 4 Pro,,,,,,FALSE,TRUE,,,,,,,,,,,,,,,,,,,,,,,,,,,,,,,,,,,,,,,,,,,,,,,,87.6,,,,8.158,,,,,,,4.624,,,,,,,,,,,,,,,,,,,,,,,,,,,,,,,,53.04710000,-3.00540000,513.1,,,,,,,,,,,,,,,,,,,,,,,,,,,,Mini 4 Pro,SYNGQKJQTDDADWDCD,CAM5S8Y4W87Z7AGC8,RCS9YGZQ7B45R6WRD,BATBTVFTCBE64QMSD,,,,,,,,Mini 4 Pro,SYNGQKJQTDDADWDCD,,,,DJI Fly,,1.13.5,50A9DCC9-C03F-50BC-9AAA-5F82D89E1DD4,,,,,,,,,,GPS signal weak. Hovering unstable. Fly with caution (Code: 30008).
1773832994,1m 14.0s,74.0,53.04750417,-3.00315896,137.8,137.8,30.0,317.8,513.1,0.000,10.290,0.000,,0.000,,-0.000,,0.00,0.00,73.3,73.3,,P-GPS,,,8,2,FALSE,,Mini 4 Pro,,,,,,FALSE,TRUE,,,,,,,,,,,,,,,,,,,,,,,,,,,,,,,,,,,,,,,,,,,,,,,,87.5,,,,8.157,,,,,,,4.624,,,,,,,,,,,,,,,,,,,,,,,,,,,,,,,,53.04710000,-3.00540000,513.1,,,,,,,,,,,,,,,,,,,,,,,,,,,,Mini 4 Pro,SYNGQKJQTDDADWDCD,CAM5S8Y4W87Z7AGC8,RCS9YGZQ7B45R6WRD,BATBTVFTCBE64QMSD,,,,,,,,Mini 4 Pro,SYNGQKJQTDDADWDCD,,,,DJI Fly,,1.13.5,50A9DCC9-C03F-50BC-9AAA-5F82D89E1DD4,,,,,,,,,,GPS signal weak. Hovering unstable. Fly with caution (Code: 30008).
1773832995,1m 15.0s,75.0,53.04750417,-3.00315896,137.8,137.8,30.0,317.8,513.1,0.000,10.290,0.000,,0.000,,-0.000,,0.00,0.00,73.3,73.3,,P-GPS,,,8,2,FALSE,,Mini 4 Pro,,,,,,FALSE,TRUE,,,,,,,,,,,,,,,,,,,,,,,,,,,,,,,,,,,,,,,,,,,,,,,,87.5,,,,8.156,,,,,,,4.624,,,,,,,,,,,,,,,,,,,,,,,,,,,,,,,,53.04710000,-3.00540000,513.1,,,,,,,,,,,,,,,,,,,,,,,,,,,,Mini 4 Pro,SYNGQKJQTDDADWDCD,CAM5S8Y4W87Z7AGC8,RCS9YGZQ7B45R6WRD,BATBTVFTCBE64QMSD,,,,,,,,Mini 4 Pro,SYNGQKJQTDDADWDCD,,,,DJI Fly,,1.13.5,50A9DCC9-C03F-50BC-9AAA-5F82D89E1DD4,,,,,,,,,,GPS signal weak. Hovering unstable. Fly with caution (Code: 30008).
1773832996,1m 16.0s,76.0,53.04750417,-3.00315896,137.8,137.8,30.0,317.8,513.1,0.000,10.290,0.000,,0.000,,-0.000,,0.00,0.00,73.3,73.3,,P-GPS,,,8,2,FALSE,,Mini 4 Pro,,,,,,FALSE,TRUE,,,,,,,,,,,,,,,,,,,,,,,,,,,,,,,,,,,,,,,,,,,,,,,,87.4,,,,8.155,,,,,,,4.624,,,,,,,,,,,,,,,,,,,,,,,,,,,,,,,,53.04710000,-3.00540000,513.1,,,,,,,,,,,,,,,,,,,,,,,,,,,,Mini 4 Pro,SYNGQKJQTDDADWDCD,CAM5S8Y4W87Z7AGC8,RCS9YGZQ7B45R6WRD,BATBTVFTCBE64QMSD,,,,,,,,Mini 4 Pro,SYNGQKJQTDDADWDCD,,,,DJI Fly,,1.13.5,50A9DCC9-C03F-50BC-9AAA-5F82D89E1DD4,,,,,,,,,,GPS signal weak. Hovering unstable. Fly with caution (Code: 30008).
1773832997,1m 17.0s,77.0,53.04750417,-3.00315896,137.8,137.8,30.0,317.8,513.1,0.000,10.290,0.000,,0.000,,-0.000,,0.00,0.00,73.3,73.3,,P-GPS,,,8,2,FALSE,,Mini 4 Pro,,,,,,FALSE,TRUE,,,,,,,,,,,,,,,,,,,,,,,,,,,,,,,,,,,,,,,,,,,,,,,,87.4,,,,8.155,,,,,,,4.624,,,,,,,,,,,,,,,,,,,,,,,,,,,,,,,,53.04710000,-3.00540000,513.1,,,,,,,,,,,,,,,,,,,,,,,,,,,,Mini 4 Pro,SYNGQKJQTDDADWDCD,CAM5S8Y4W87Z7AGC8,RCS9YGZQ7B45R6WRD,BATBTVFTCBE64QMSD,,,,,,,,Mini 4 Pro,SYNGQKJQTDDADWDCD,,,,DJI Fly,,1.13.5,50A9DCC9-C03F-50BC-9AAA-5F82D89E1DD4,,,,,,,,,,GPS signal weak. Hovering unstable. Fly with caution (Code: 30008).
1773832998,1m 18.0s,78.0,53.04750417,-3.00315896,137.8,137.8,30.0,317.8,513.1,0.000,10.290,0.000,,0.000,,-0.000,,0.00,0.00,73.3,73.3,,P-GPS,,,8,2,FALSE,,Mini 4 Pro,,,,,,FALSE,TRUE,,,,,,,,,,,,,,,,,,,,,,,,,,,,,,,,,,,,,,,,,,,,,,,,87.4,,,,8.154,,,,,,,4.624,,,,,,,,,,,,,,,,,,,,,,,,,,,,,,,,53.04710000,-3.00540000,513.1,,,,,,,,,,,,,,,,,,,,,,,,,,,,Mini 4 Pro,SYNGQKJQTDDADWDCD,CAM5S8Y4W87Z7AGC8,RCS9YGZQ7B45R6WRD,BATBTVFTCBE64QMSD,,,,,,,,Mini 4 Pro,SYNGQKJQTDDADWDCD,,,,DJI Fly,,1.13.5,50A9DCC9-C03F-50BC-9AAA-5F82D89E1DD4,,,,,,,,,,GPS signal weak. Hovering unstable. Fly with caution (Code: 30008).
1773832999,1m 19.0s,79.0,53.04750417,-3.00315896,137.8,137.8,30.0,317.8,513.1,0.000,10.290,0.000,,0.000,,-0.000,,0.00,0.00,73.3,73.3,,P-GPS,,,8,2,FALSE,,Mini 4 Pro,,,,,,FALSE,TRUE,,,,,,,,,,,,,,,,,,,,,,,,,,,,,,,,,,,,,,,,,,,,,,,,87.3,,,,8.153,,,,,,,4.624,,,,,,,,,,,,,,,,,,,,,,,,,,,,,,,,53.04710000,-3.00540000,513.1,,,,,,,,,,,,,,,,,,,,,,,,,,,,Mini 4 Pro,SYNGQKJQTDDADWDCD,CAM5S8Y4W87Z7AGC8,RCS9YGZQ7B45R6WRD,BATBTVFTCBE64QMSD,,,,,,,,Mini 4 Pro,SYNGQKJQTDDADWDCD,,,,DJI Fly,,1.13.5,50A9DCC9-C03F-50BC-9AAA-5F82D89E1DD4,,,,,,,,,,GPS signal weak. Hovering unstable. Fly with caution (Code: 30008).
1773833000,1m 20.0s,80.0,53.04750417,-3.00315896,137.8,137.8,30.0,317.8,513.1,0.000,10.290,0.000,,0.000,,-0.000,,0.00,0.00,73.3,73.3,,P-GPS,,,8,2,FALSE,,Mini 4 Pro,,,,,,FALSE,TRUE,,,,,,,,,,,,,,,,,,,,,,,,,,,,,,,,,,,,,,,,,,,,,,,,87.3,,,,8.153,,,,,,,4.624,,,,,,,,,,,,,,,,,,,,,,,,,,,,,,,,53.04710000,-3.00540000,513.1,,,,,,,,,,,,,,,,,,,,,,,,,,,,Mini 4 Pro,SYNGQKJQTDDADWDCD,CAM5S8Y4W87Z7AGC8,RCS9YGZQ7B45R6WRD,BATBTVFTCBE64QMSD,,,,,,,,Mini 4 Pro,SYNGQKJQTDDADWDCD,,,,DJI Fly,,1.13.5,50A9DCC9-C03F-50BC-9AAA-5F82D89E1DD4,,,,,,,,,,GPS signal weak. Hovering unstable. Fly with caution (Code: 30008).
1773833001,1m 21.0s,81.0,53.04750417,-3.00315896,137.8,137.8,30.0,317.8,513.1,0.000,10.290,0.000,,0.000,,-0.000,,0.00,0.00,73.3,73.3,,P-GPS,,,8,2,FALSE,,Mini 4 Pro,,,,,,FALSE,TRUE,,,,,,,,,,,,,,,,,,,,,,,,,,,,,,,,,,,,,,,,,,,,,,,,87.2,,,,8.152,,,,,,,4.624,,,,,,,,,,,,,,,,,,,,,,,,,,,,,,,,53.04710000,-3.00540000,513.1,,,,,,,,,,,,,,,,,,,,,,,,,,,,Mini 4 Pro,SYNGQKJQTDDADWDCD,CAM5S8Y4W87Z7AGC8,RCS9YGZQ7B45R6WRD,BATBTVFTCBE64QMSD,,,,,,,,Mini 4 Pro,SYNGQKJQTDDADWDCD,,,,DJI Fly,,1.13.5,50A9DCC9-C03F-50BC-9AAA-5F82D89E1DD4,,,,,,,,,,GPS signal weak. Hovering unstable. Fly with caution (Code: 30008).
1773833002,1m 22.0s,82.0,53.04750417,-3.00315896,137.8,137.8,30.0,317.8,513.1,0.000,10.290,0.000,,0.000,,-0.000,,0.00,0.00,73.3,73.3,,P-GPS,,,8,2,FALSE,,Mini 4 Pro,,,,,,FALSE,TRUE,,,,,,,,,,,,,,,,,,,,,,,,,,,,,,,,,,,,,,,,,,,,,,,,87.2,,,,8.151,,,,,,,4.624,,,,,,,,,,,,,,,,,,,,,,,,,,,,,,,,53.04710000,-3.00540000,513.1,,,,,,,,,,,,,,,,,,,,,,,,,,,,Mini 4 Pro,SYNGQKJQTDDADWDCD,CAM5S8Y4W87Z7AGC8,RCS9YGZQ7B45R6WRD,BATBTVFTCBE64QMSD,,,,,,,,Mini 4 Pro,SYNGQKJQTDDADWDCD,,,,DJI Fly,,1.13.5,50A9DCC9-C03F-50BC-9AAA-5F82D89E1DD4,,,,,,,,,,GPS signal weak. Hovering unstable. Fly with caution (Code: 30008).
1773833003,1m 23.0s,83.0,53.04750417,-3.00315896,137.8,137.8,30.0,317.8,513.1,0.000,10.290,0.000,,0.000,,-0.000,,0.00,0.00,73.3,73.3,,P-GPS,,,8,2,FALSE,,Mini 4 Pro,,,,,,FALSE,TRUE,,,,,,,,,,,,,,,,,,,,,,,,,,,,,,,,,,,,,,,,,,,,,,,,87.1,,,,8.150,,,,,,,4.624,,,,,,,,,,,,,,,,,,,,,,,,,,,,,,,,53.04710000,-3.00540000,513.1,,,,,,,,,,,,,,,,,,,,,,,,,,,,Mini 4 Pro,SYNGQKJQTDDADWDCD,CAM5S8Y4W87Z7AGC8,RCS9YGZQ7B45R6WRD,BATBTVFTCBE64QMSD,,,,,,,,Mini 4 Pro,SYNGQKJQTDDADWDCD,,,,DJI Fly,,1.13.5,50A9DCC9-C03F-50BC-9AAA-5F82D89E1DD4,,,,,,,,,,GPS signal weak. Hovering unstable. Fly with caution (Code: 30008).
1773833004,1m 24.0s,84.0,53.04750417,-3.00315896,137.8,137.8,30.0,317.8,513.1,0.000,10.290,0.000,,0.000,,-0.000,,0.00,0.00,73.3,73.3,,P-GPS,,,8,2,FALSE,,Mini 4 Pro,,,,,,FALSE,TRUE,,,,,,,,,,,,,,,,,,,,,,,,,,,,,,,,,,,,,,,,,,,,,,,,87.1,,,,8.150,,,,,,,4.624,,,,,,,,,,,,,,,,,,,,,,,,,,,,,,,,53.04710000,-3.00540000,513.1,,,,,,,,,,,,,,,,,,,,,,,,,,,,Mini 4 Pro,SYNGQKJQTDDADWDCD,CAM5S8Y4W87Z7AGC8,RCS9YGZQ7B45R6WRD,BATBTVFTCBE64QMSD,,,,,,,,Mini 4 Pro,SYNGQKJQTDDADWDCD,,,,DJI Fly,,1.13.5,50A9DCC9-C03F-50BC-9AAA-5F82D89E1DD4,,,,,,,,,,GPS signal weak. Hovering unstable. Fly with caution (Code: 30008).
1773833005,1m 25.0s,85.0,53.04750417,-3.00315896,137.8,137.8,30.0,317.8,513.1,0.000,10.290,0.000,,0.000,,-0.000,,0.00,0.00,73.3,73.3,,P-GPS,,,8,2,FALSE,,Mini 4 Pro,,,,,,FALSE,TRUE,,,,,,,,,,,,,,,,,,,,,,,,,,,,,,,,,,,,,,,,,,,,,,,,87.0,,,,8.149,,,,,,,4.624,,,,,,,,,,,,,,,,,,,,,,,,,,,,,,,,53.04710000,-3.00540000,513.1,,,,,,,,,,,,,,,,,,,,,,,,,,,,Mini 4 Pro,SYNGQKJQTDDADWDCD,CAM5S8Y4W87Z7AGC8,RCS9YGZQ7B45R6WRD,BATBTVFTCBE64QMSD,,,,,,,,Mini 4 Pro,SYNGQKJQTDDADWDCD,,,,DJI Fly,,1.13.5,50A9DCC9-C03F-50BC-9AAA-5F82D89E1DD4,,,,,,,,,,GPS signal weak. Hovering unstable. Fly with caution (Code: 30008).
1773833006,1m 26.0s,86.0,53.04750417,-3.00315896,137.8,137.8,30.0,317.8,513.1,0.000,10.290,0.000,,0.000,,-0.000,,0.00,0.00,73.3,73.3,,P-GPS,,,8,2,FALSE,,Mini 4 Pro,,,,,,FALSE,TRUE,,,,,,,,,,,,,,,,,,,,,,,,,,,,,,,,,,,,,,,,,,,,,,,,87.0,,,,8.148,,,,,,,4.624,,,,,,,,,,,,,,,,,,,,,,,,,,,,,,,,53.04710000,-3.00540000,513.1,,,,,,,,,,,,,,,,,,,,,,,,,,,,Mini 4 Pro,SYNGQKJQTDDADWDCD,CAM5S8Y4W87Z7AGC8,RCS9YGZQ7B45R6WRD,BATBTVFTCBE64QMSD,,,,,,,,Mini 4 Pro,SYNGQKJQTDDADWDCD,,,,DJI Fly,,1.13.5,50A9DCC9-C03F-50BC-9AAA-5F82D89E1DD4,,,,,,,,,,GPS signal weak. Hovering unstable. Fly with caution (Code: 30008).
1773833007,1m 27.0s,87.0,53.04750417,-3.00315896,137.8,137.8,30.0,317.8,513.1,0.000,10.290,0.000,,0.000,,-0.000,,0.00,0.00,73.3,73.3,,P-GPS,,,8,2,FALSE,,Mini 4 Pro,,,,,,FALSE,TRUE,,,,,,,,,,,,,,,,,,,,,,,,,,,,,,,,,,,,,,,,,,,,,,,,86.9,,,,8.147,,,,,,,4.624,,,,,,,,,,,,,,,,,,,,,,,,,,,,,,,,53.04710000,-3.00540000,513.1,,,,,,,,,,,,,,,,,,,,,,,,,,,,Mini 4 Pro,SYNGQKJQTDDADWDCD,CAM5S8Y4W87Z7AGC8,RCS9YGZQ7B45R6WRD,BATBTVFTCBE64QMSD,,,,,,,,Mini 4 Pro,SYNGQKJQTDDADWDCD,,,,DJI Fly,,1.13.5,50A9DCC9-C03F-50BC-9AAA-5F82D89E1DD4,,,,,,,,,,GPS signal weak. Hovering unstable. Fly with caution (Code: 30008).
1773833008,1m 28.0s,88.0,53.04750417,-3.00315896,137.8,137.8,30.0,317.8,513.1,0.000,10.290,0.000,,0.000,,-0.000,,0.00,0.00,73.3,73.3,,P-GPS,,,8,2,FALSE,,Mini 4 Pro,,,,,,FALSE,TRUE,,,,,,,,,,,,,,,,,,,,,,,,,,,,,,,,,,,,,,,,,,,,,,,,86.9,,,,8.147,,,,,,,4.624,,,,,,,,,,,,,,,,,,,,,,,,,,,,,,,,53.04710000,-3.00540000,513.1,,,,,,,,,,,,,,,,,,,,,,,,,,,,Mini 4 Pro,SYNGQKJQTDDADWDCD,CAM5S8Y4W87Z7AGC8,RCS9YGZQ7B45R6WRD,BATBTVFTCBE64QMSD,,,,,,,,Mini 4 Pro,SYNGQKJQTDDADWDCD,,,,DJI Fly,,1.13.5,50A9DCC9-C03F-50BC-9AAA-5F82D89E1DD4,,,,,,,,,,GPS signal weak. Hovering unstable. Fly with caution (Code: 30008).
1773833009,1m 29.0s,89.0,53.04750417,-3.00315896,137.8,137.8,30.0,317.8,513.1,0.000,10.290,0.000,,0.000,,-0.000,,0.00,0.00,73.3,73.3,,P-GPS,,,8,2,FALSE,,Mini 4 Pro,,,,,,FALSE,TRUE,,,,,,,,,,,,,,,,,,,,,,,,,,,,,,,,,,,,,,,,,,,,,,,,86.8,,,,8.146,,,,,,,4.624,,,,,,,,,,,,,,,,,,,,,,,,,,,,,,,,53.04710000,-3.00540000,513.1,,,,,,,,,,,,,,,,,,,,,,,,,,,,Mini 4 Pro,SYNGQKJQTDDADWDCD,CAM5S8Y4W87Z7AGC8,RCS9YGZQ7B45R6WRD,BATBTVFTCBE64QMSD,,,,,,,,Mini 4 Pro,SYNGQKJQTDDADWDCD,,,,DJI Fly,,1.13.5,50A9DCC9-C03F-50BC-9AAA-5F82D89E1DD4,,,,,,,,,,GPS signal weak. Hovering unstable. Fly with caution (Code: 30008).
1773833010,1m 30.0s,90.0,53.04750417,-3.00315896,137.8,137.8,30.0,317.8,513.1,0.000,10.290,0.000,,0.000,,-0.000,,0.00,0.00,73.3,73.3,,P-GPS,,,8,2,FALSE,,Mini 4 Pro,,,,,,FALSE,TRUE,,,,,,,,,,,,,,,,,,,,,,,,,,,,,,,,,,,,,,,,,,,,,,,,86.8,,,,8.145,,,,,,,4.624,,,,,,,,,,,,,,,,,,,,,,,,,,,,,,,,53.04710000,-3.00540000,513.1,,,,,,,,,,,,,,,,,,,,,,,,,,,,Mini 4 Pro,SYNGQKJQTDDADWDCD,CAM5S8Y4W87Z7AGC8,RCS9YGZQ7B45R6WRD,BATBTVFTCBE64QMSD,,,,,,,,Mini 4 Pro,SYNGQKJQTDDADWDCD,,,,DJI Fly,,1.13.5,50A9DCC9-C03F-50BC-9AAA-5F82D89E1DD4,,,,,,,,,,GPS signal weak. Hovering unstable. Fly with caution (Code: 30008).
1773833011,1m 31.0s,91.0,53.04750417,-3.00315896,137.8,137.8,30.0,317.8,513.1,0.000,10.290,0.000,,0.000,,-0.000,,0.00,0.00,73.3,73.3,,P-GPS,,,8,2,FALSE,,Mini 4 Pro,,,,,,FALSE,TRUE,,,,,,,,,,,,,,,,,,,,,,,,,,,,,,,,,,,,,,,,,,,,,,,,86.7,,,,8.145,,,,,,,4.624,,,,,,,,,,,,,,,,,,,,,,,,,,,,,,,,53.04710000,-3.00540000,513.1,,,,,,,,,,,,,,,,,,,,,,,,,,,,Mini 4 Pro,SYNGQKJQTDDADWDCD,CAM5S8Y4W87Z7AGC8,RCS9YGZQ7B45R6WRD,BATBTVFTCBE64QMSD,,,,,,,,Mini 4 Pro,SYNGQKJQTDDADWDCD,,,,DJI Fly,,1.13.5,50A9DCC9-C03F-50BC-9AAA-5F82D89E1DD4,,,,,,,,,,GPS signal weak. Hovering unstable. Fly with caution (Code: 30008).
1773833012,1m 32.0s,92.0,53.04747692,-3.00319804,131.9,137.8,30.0,311.9,526.2,8.948,10.290,-6.776,,-5.843,,4.026,,-5.80,25.00,220.8,220.8,,P-GPS,,,8,2,FALSE,,Mini 4 Pro,,,,,,FALSE,TRUE,,,,,,,,,,,,,,,,,,,,,,,,,,,,,,,,,,,,,,,,,,,,,,,,86.7,,,,8.144,,,,,,,6.824,,,,,,,,,,,,,,,,,,,,,,,,,,,,,,,,53.04710000,-3.00540000,502.1,,,,,,,,,,,,,,,,,,,,,,,,,,,,Mini 4 Pro,SYNGQKJQTDDADWDCD,CAM5S8Y4W87Z7AGC8,RCS9YGZQ7B45R6WRD,BATBTVFTCBE64QMSD,,,,,,,,Mini 4 Pro,SYNGQKJQTDDADWDCD,,,,DJI Fly,,1.13.5,50A9DCC9-C03F-50BC-9AAA-5F82D89E1DD4,,,,,,,,,,GPS signal weak. Hovering unstable. Fly with caution (Code: 30008).
1773833013,1m 33.0s,93.0,53.04744968,-3.00323712,128.0,137.8,30.0,308.0,539.4,8.948,10.290,-6.776,,-5.843,,2.684,,-3.40,0.00,220.8,220.8,,P-GPS,,,8,2,FALSE,,Mini 4 Pro,,,,,,FALSE,TRUE,,,,,,,,,,,,,,,,,,,,,,,,,,,,,,,,,,,,,,,,,,,,,,,,86.7,,,,8.143,,,,,,,6.824,,,,,,,,,,,,,,,,,,,,,,,,,,,,,,,,53.04710000,-3.00540000,491.2,,,,,,,,,,,,,,,,,,,,,,,,,,,,Mini 4 Pro,SYNGQKJQTDDADWDCD,CAM5S8Y4W87Z7AGC8,RCS9YGZQ7B45R6WRD,BATBTVFTCBE64QMSD,,,,,,,,Mini 4 Pro,SYNGQKJQTDDADWDCD,,,,DJI Fly,,1.13.5,50A9DCC9-C03F-50BC-9AAA-5F82D89E1DD4,,,,,,,,,,GPS signal weak. Hovering unstable. Fly with caution (Code: 30008).
1773833014,1m 34.0s,94.0,53.04742244,-3.00327619,128.0,137.8,30.0,308.0,552.5,8.948,10.290,-6.776,,-5.843,,-0.000,,1.40,0.00,220.8,220.8,,P-GPS,,,8,2,FALSE,,Mini 4 Pro,,,,,,FALSE,TRUE,,,,,,,,,,,,,,,,,,,,,,,,,,,,,,,,,,,,,,,,,,,,,,,,86.6,,,,8.142,,,,,,,6.824,,,,,,,,,,,,,,,,,,,,,,,,,,,,,,,,53.04710000,-3.00540000,480.4,,,,,,,,,,,,,,,,,,,,,,,,,,,,Mini 4 Pro,SYNGQKJQTDDADWDCD,CAM5S8Y4W87Z7AGC8,RCS9YGZQ7B45R6WRD,BATBTVFTCBE64QMSD,,,,,,,,Mini 4 Pro,SYNGQKJQTDDADWDCD,,,,DJI Fly,,1.13.5,50A9DCC9-C03F-50BC-9AAA-5F82D89E1DD4,,,,,,,,,,GPS signal weak. Hovering unstable. Fly with caution (Code: 30008).
1773833015,1m 35.0s,95.0,53.04739519,-3.00331527,128.0,137.8,30.0,308.0,565.6,8.948,10.290,-6.776,,-5.843,,-0.000,,1.40,0.00,220.8,220.8,,P-GPS,,,8,2,FALSE,,Mini 4 Pro,,,,,,FALSE,TRUE,,,,,,,,,,,,,,,,,,,,,,,,,,,,,,,,,,,,,,,,,,,,,,,,86.6,,,,8.142,,,,,,,6.824,,,,,,,,,,,,,,,,,,,,,,,,,,,,,,,,53.04710000,-3.00540000,469.7,,,,,,,,,,,,,,,,,,,,,,,,,,,,Mini 4 Pro,SYNGQKJQTDDADWDCD,CAM5S8Y4W87Z7AGC8,RCS9YGZQ7B45R6WRD,BATBTVFTCBE64QMSD,,,,,,,,Mini 4 Pro,SYNGQKJQTDDADWDCD,,,,DJI Fly,,1.13.5,50A9DCC9-C03F-50BC-9AAA-5F82D89E1DD4,,,,,,,,,,GPS signal weak. Hovering unstable. Fly with caution (Code: 30008).
1773833016,1m 36.0s,96.0,53.04736795,-3.00335435,128.0,137.8,30.0,308.0,578.7,8.948,10.290,-6.776,,-5.843,,-0.000,,1.40,-0.00,220.8,220.8,,P-GPS,,,18,4,TRUE,,Mini 4 Pro,,,,,,FALSE,TRUE,,,,,,,,,,,,,,,,,,,,,,,,,,,,,,,,,,,,,,,,,,,,,,,,86.5,,,,8.141,,,,,,,6.824,,,,,,,,,,,,,,,,,,,,,,,,,,,,,,,,53.04710000,-3.00540000,459.2,,,,,,,,,,,,,,,,,,,,,,,,,,,,Mini 4 Pro,SYNGQKJQTDDADWDCD,CAM5S8Y4W87Z7AGC8,RCS9YGZQ7B45R6WRD,BATBTVFTCBE64QMSD,,,,,,,,Mini 4 Pro,SYNGQKJQTDDADWDCD,,,,DJI Fly,,1.13.5,50A9DCC9-C03F-50BC-9AAA-5F82D89E1DD4,,,,,,,,,,
1773833017,1m 37.0s,97.0,53.04734071,-3.00339343,128.0,137.8,30.0,308.0,591.9,8.948,10.290,-6.776,,-5.843,,-0.000,,1.40,0.00,220.8,220.8,,P-GPS,,,18,4,TRUE,,Mini 4 Pro,,,,,,FALSE,TRUE,,,,,,,,,,,,,,,,,,,,,,,,,,,,,,,,,,,,,,,,,,,,,,,,86.5,,,,8.140,,,,,,,6.824,,,,,,,,,,,,,,,,,,,,,,,,,,,,,,,,53.04710000,-3.00540000,448.7,,,,,,,,,,,,,,,,,,,,,,,,,,,,Mini 4 Pro,SYNGQKJQTDDADWDCD,CAM5S8Y4W87Z7AGC8,RCS9YGZQ7B45R6WRD,BATBTVFTCBE64QMSD,,,,,,,,Mini 4 Pro,SYNGQKJQTDDADWDCD,,,,DJI Fly,,1.13.5,50A9DCC9-C03F-50BC-9AAA-5F82D89E1DD4,,,,,,,,,,
1773833018,1m 38.0s,98.0,53.04731347,-3.00343250,128.0,137.8,30.0,308.0,605.0,8.948,10.290,-6.776,,-5.843,,-0.000,,1.40,0.00,220.8,220.8,,P-GPS,,,18,4,TRUE,,Mini 4 Pro,,,,,,FALSE,TRUE,,,,,,,,,,,,,,,,,,,,,,,,,,,,,,,,,,,,,,,,,,,,,,,,86.4,,,,8.140,,,,,,,6.824,,,,,,,,,,,,,,,,,,,,,,,,,,,,,,,,53.04710000,-3.00540000,438.5,,,,,,,,,,,,,,,,,,,,,,,,,,,,Mini 4 Pro,SYNGQKJQTDDADWDCD,CAM5S8Y4W87Z7AGC8,RCS9YGZQ7B45R6WRD,BATBTVFTCBE64QMSD,,,,,,,,Mini 4 Pro,SYNGQKJQTDDADWDCD,,,,DJI Fly,,1.13.5,50A9DCC9-C03F-50BC-9AAA-5F82D89E1DD4,,,,,,,,,,
1773833019,1m 39.0s,99.0,53.04728622,-3.00347158,128.0,137.8,30.0,308.0,618.1,8.948,10.290,-6.776,,-5.843,,-0.000,,1.40,0.00,220.8,220.8,,P-GPS,,,18,4,TRUE,,Mini 4 Pro,,,,,,FALSE,TRUE,,,,,,,,,,,,,,,,,,,,,,,,,,,,,,,,,,,,,,,,,,,,,,,,86.4,,,,8.139,,,,,,,6.824,,,,,,,,,,,,,,,,,,,,,,,,,,,,,,,,53.04710000,-3.00540000,428.3,,,,,,,,,,,,,,,,,,,,,,,,,,,,Mini 4 Pro,SYNGQKJQTDDADWDCD,CAM5S8Y4W87Z7AGC8,RCS9YGZQ7B45R6WRD,BATBTVFTCBE64QMSD,,,,,,,,Mini 4 Pro,SYNGQKJQTDDADWDCD,,,,DJI Fly,,1.13.5,50A9DCC9-C03F-50BC-9AAA-5F82D89E1DD4,,,,,,,,,,
1773833020,1m 40.0s,100.0,53.04725898,-3.00351066,128.0,137.8,30.0,308.0,631.2,8.948,10.290,-6.776,,-5.843,,-0.000,,1.40,0.00,220.8,220.8,,P-GPS,,,18,4,TRUE,,Mini 4 Pro,,,,,,FALSE,TRUE,,,,,,,,,,,,,,,,,,,,,,,,,,,,,,,,,,,,,,,,,,,,,,,,86.3,,,,8.138,,,,,,,6.824,,,,,,,,,,,,,,,,,,,,,,,,,,,,,,,,53.04710000,-3.00540000,418.4,,,,,,,,,,,,,,,,,,,,,,,,,,,,Mini 4 Pro,SYNGQKJQTDDADWDCD,CAM5S8Y4W87Z7AGC8,RCS9YGZQ7B45R6WRD,BATBTVFTCBE64QMSD,,,,,,,,Mini 4 Pro,SYNGQKJQTDDADWDCD,,,,DJI Fly,,1.13.5,50A9DCC9-C03F-50BC-9AAA-5F82D89E1DD4,,,,,,,,,,
1773833021,1m 41.0s,101.0,53.04723174,-3.00354974,128.0,137.8,30.0,308.0,644.4,8.948,10.290,-6.776,,-5.843,,-0.000,,1.40,0.00,220.8,220.8,,P-GPS,,,18,4,TRUE,,Mini 4 Pro,,,,,,FALSE,TRUE,,,,,,,,,,,,,,,,,,,,,,,,,,,,,,,,,,,,,,,,,,,,,,,,86.3,,,,8.137,,,,,,,6.824,,,,,,,,,,,,,,,,,,,,,,,,,,,,,,,,53.04710000,-3.00540000,408.6,,,,,,,,,,,,,,,,,,,,,,,,,,,,Mini 4 Pro,SYNGQKJQTDDADWDCD,CAM5S8Y4W87Z7AGC8,RCS9YGZQ7B45R6WRD,BATBTVFTCBE64QMSD,,,,,,,,Mini 4 Pro,SYNGQKJQTDDADWDCD,,,,DJI Fly,,1.13.5,50A9DCC9-C03F-50BC-9AAA-5F82D89E1DD4,,,,,,,,,,
1773833022,1m 42.0s,102.0,53.04720449,-3.00358882,128.0,137.8,30.0,308.0,657.5,8.948,10.290,-6.776,,-5.843,,-0.000,,1.40,0.00,220.8,220.8,,P-GPS,,,18,4,TRUE,,Mini 4 Pro,,,,,,FALSE,TRUE,,,,,,,,,,,,,,,,,,,,,,,,,,,,,,,,,,,,,,,,,,,,,,,,86.2,,,,8.137,,,,,,,6.824,,,,,,,,,,,,,,,,,,,,,,,,,,,,,,,,53.04710000,-3.00540000,399.0,,,,,,,,,,,,,,,,,,,,,,,,,,,,Mini 4 Pro,SYNGQKJQTDDADWDCD,CAM5S8Y4W87Z7AGC8,RCS9YGZQ7B45R6WRD,BATBTVFTCBE64QMSD,,,,,,,,Mini 4 Pro,SYNGQKJQTDDADWDCD,,,,DJI Fly,,1.13.5,50A9DCC9-C03F-50BC-9AAA-5F82D89E1DD4,,,,,,,,,,
1773833023,1m 43.0s,103.0,53.04717725,-3.00362789,128.0,137.8,30.0,308.0,670.6,8.948,10.290,-6.776,,-5.843,,-0.000,,1.40,0.00,220.8,220.8,,P-GPS,,,18,4,TRUE,,Mini 4 Pro,,,,,,FALSE,TRUE,,,,,,,,,,,,,,,,,,,,,,,,,,,,,,,,,,,,,,,,,,,,,,,,86.2,,,,8.136,,,,,,,6.824,,,,,,,,,,,,,,,,,,,,,,,,,,,,,,,,53.04710000,-3.00540000,389.7,,,,,,,,,,,,,,,,,,,,,,,,,,,,Mini 4 Pro,SYNGQKJQTDDADWDCD,CAM5S8Y4W87Z7AGC8,RCS9YGZQ7B45R6WRD,BATBTVFTCBE64QMSD,,,,,,,,Mini 4 Pro,SYNGQKJQTDDADWDCD,,,,DJI Fly,,1.13.5,50A9DCC9-C03F-50BC-9AAA-5F82D89E1DD4,,,,,,,,,,
1773833024,1m 44.0s,104.0,53.04715001,-3.00366697,128.0,137.8,30.0,308.0,683.7,8.948,10.290,-6.776,,-5.843,,-0.000,,1.40,0.00,220.8,220.8,,P-GPS,,,18,4,TRUE,,Mini 4 Pro,,,,,,FALSE,TRUE,,,,,,,,,,,,,,,,,,,,,,,,,,,,,,,,,,,,,,,,,,,,,,,,86.1,,,,8.135,,,,,,,6.824,,,,,,,,,,,,,,,,,,,,,,,,,,,,,,,,53.04710000,-3.00540000,380.5,,,,,,,,,,,,,,,,,,,,,,,,,,,,Mini 4 Pro,SYNGQKJQTDDADWDCD,CAM5S8Y4W87Z7AGC8,RCS9YGZQ7B45R6WRD,BATBTVFTCBE64QMSD,,,,,,,,Mini 4 Pro,SYNGQKJQTDDADWDCD,,,,DJI Fly,,1.13.5,50A9DCC9-C03F-50BC-9AAA-5F82D89E1DD4,,,,,,,,,,
1773833025,1m 45.0s,105.0,53.04712277,-3.00370605,128.0,137.8,30.0,308.0,696.9,8.948,10.290,-6.776,,-5.843,,-0.000,,1.40,0.00,220.8,220.8,,P-GPS,,,18,4,TRUE,,Mini 4 Pro,,,,,,FALSE,TRUE,,,,,,,,,,,,,,,,,,,,,,,,,,,,,,,,,,,,,,,,,,,,,,,,86.1,,,,8.134,,,,,,,6.824,,,,,,,,,,,,,,,,,,,,,,,,,,,,,,,,53.04710000,-3.00540000,371.6,,,,,,,,,,,,,,,,,,,,,,,,,,,,Mini 4 Pro,SYNGQKJQTDDADWDCD,CAM5S8Y4W87Z7AGC8,RCS9YGZQ7B45R6WRD,BATBTVFTCBE64QMSD,,,,,,,,Mini 4 Pro,SYNGQKJQTDDADWDCD,,,,DJI Fly,,1.13.5,50A9DCC9-C03F-50BC-9AAA-5F82D89E1DD4,,,,,,,,,,
1773833026,1m 46.0s,106.0,53.04709552,-3.00374513,128.0,137.8,30.0,308.0,710.0,8.948,10.290,-6.776,,-5.843,,-0.000,,1.40,0.00,220.8,220.8,,P-GPS,,,18,4,TRUE,,Mini 4 Pro,,,,,,FALSE,TRUE,,,,,,,,,,,,,,,,,,,,,,,,,,,,,,,,,,,,,,,,,,,,,,,,86.0,,,,8.134,,,,,,,6.824,,,,,,,,,,,,,,,,,,,,,,,,,,,,,,,,53.04710000,-3.00540000,362.9,,,,,,,,,,,,,,,,,,,,,,,,,,,,Mini 4 Pro,SYNGQKJQTDDADWDCD,CAM5S8Y4W87Z7AGC8,RCS9YGZQ7B45R6WRD,BATBTVFTCBE64QMSD,,,,,,,,Mini 4 Pro,SYNGQKJQTDDADWDCD,,,,DJI Fly,,1.13.5,50A9DCC9-C03F-50BC-9AAA-5F82D89E1DD4,,,,,,,,,,
1773833027,1m 47.0s,107.0,53.04706828,-3.00378420,128.0,137.8,30.0,308.0,723.1,8.948,10.290,-6.776,,-5.843,,-0.000,,1.40,0.00,220.8,220.8,,P-GPS,,,18,4,TRUE,,Mini 4 Pro,,,,,,FALSE,TRUE,,,,,,,,,,,,,,,,,,,,,,,,,,,,,,,,,,,,,,,,,,,,,,,,86.0,,,,8.133,,,,,,,6.824,,,,,,,,,,,,,,,,,,,,,,,,,,,,,,,,53.04710000,-3.00540000,354.5,,,,,,,,,,,,,,,,,,,,,,,,,,,,Mini 4 Pro,SYNGQKJQTDDADWDCD,CAM5S8Y4W87Z7AGC8,RCS9YGZQ7B45R6WRD,BATBTVFTCBE64QMSD,,,,,,,,Mini 4 Pro,SYNGQKJQTDDADWDCD,,,,DJI Fly,,1.13.5,50A9DCC9-C03F-50BC-9AAA-5F82D89E1DD4,,,,,,,,,,
1773833028,1m 48.0s,108.0,53.04704104,-3.00382328,128.0,137.8,30.0,308.0,736.2,8.948,10.290,-6.776,,-5.843,,-0.000,,1.40,0.00,220.8,220.8,,P-GPS,,,18,4,TRUE,,Mini 4 Pro,,,,,,FALSE,TRUE,,,,,,,,,,,,,,,,,,,,,,,,,,,,,,,,,,,,,,,,,,,,,,,,86.0,,,,8.132,,,,,,,6.824,,,,,,,,,,,,,,,,,,,,,,,,,,,,,,,,53.04710000,-3.00540000,346.5,,,,,,,,,,,,,,,,,,,,,,,,,,,,Mini 4 Pro,SYNGQKJQTDDADWDCD,CAM5S8Y4W87Z7AGC8,RCS9YGZQ7B45R6WRD,BATBTVFTCBE64QMSD,,,,,,,,Mini 4 Pro,SYNGQKJQTDDADWDCD,,,,DJI Fly,,1.13.5,50A9DCC9-C03F-50BC-9AAA-5F82D89E1DD4,,,,,,,,,,
1773833029,1m 49.0s,109.0,53.04701379,-3.00386236,128.0,137.8,30.0,308.0,749.3,8.948,10.290,-6.776,,-5.843,,-0.000,,1.40,0.00,220.8,220.8,,P-GPS,,,18,4,TRUE,,Mini 4 Pro,,,,,,FALSE,TRUE,,,,,,,,,,,,,,,,,,,,,,,,,,,,,,,,,,,,,,,,,,,,,,,,85.9,,,,8.132,,,,,,,6.824,,,,,,,,,,,,,,,,,,,,,,,,,,,,,,,,53.04710000,-3.00540000,338.7,,,,,,,,,,,,,,,,,,,,,,,,,,,,Mini 4 Pro,SYNGQKJQTDDADWDCD,CAM5S8Y4W87Z7AGC8,RCS9YGZQ7B45R6WRD,BATBTVFTCBE64QMSD,,,,,,,,Mini 4 Pro,SYNGQKJQTDDADWDCD,,,,DJI Fly,,1.13.5,50A9DCC9-C03F-50BC-9AAA-5F82D89E1DD4,,,,,,,,,,
1773833030,1m 50.0s,110.0,53.04698655,-3.00390144,128.0,137.8,30.0,308.0,762.5,8.948,10.290,-6.776,,-5.843,,-0.000,,1.40,0.00,220.8,220.8,,P-GPS,,,18,4,TRUE,,Mini 4 Pro,,,,,,FALSE,TRUE,,,,,,,,,,,,,,,,,,,,,,,,,,,,,,,,,,,,,,,,,,,,,,,,85.9,,,,8.131,,,,,,,6.824,,,,,,,,,,,,,,,,,,,,,,,,,,,,,,,,53.04710000,-3.00540000,331.2,,,,,,,,,,,,,,,,,,,,,,,,,,,,Mini 4 Pro,SYNGQKJQTDDADWDCD,CAM5S8Y4W87Z7AGC8,RCS9YGZQ7B45R6WRD,BATBTVFTCBE64QMSD,,,,,,,,Mini 4 Pro,SYNGQKJQTDDADWDCD,,,,DJI Fly,,1.13.5,50A9DCC9-C03F-50BC-9AAA-5F82D89E1DD4,,,,,,,,,,
1773833031,1m 51.0s,111.0,53.04695931,-3.00394052,128.0,137.8,30.0,308.0,775.6,8.948,10.290,-6.776,,-5.843,,-0.000,,1.40,0.00,220.8,220.8,,P-GPS,,,18,4,TRUE,,Mini 4 Pro,,,,,,FALSE,TRUE,,,,,,,,,,,,,,,,,,,,,,,,,,,,,,,,,,,,,,,,,,,,,,,,85.8,,,,8.130,,,,,,,6.824,,,,,,,,,,,,,,,,,,,,,,,,,,,,,,,,53.04710000,-3.00540000,324.2,,,,,,,,,,,,,,,,,,,,,,,,,,,,Mini 4 Pro,SYNGQKJQTDDADWDCD,CAM5S8Y4W87Z7AGC8,RCS9YGZQ7B45R6WRD,BATBTVFTCBE64QMSD,,,,,,,,Mini 4 Pro,SYNGQKJQTDDADWDCD,,,,DJI Fly,,1.13.5,50A9DCC9-C03F-50BC-9AAA-5F82D89E1DD4,,,,,,,,,,
1773833032,1m 52.0s,112.0,53.04693207,-3.00397959,128.0,137.8,30.0,308.0,788.7,8.948,10.290,-6.776,,-5.843,,-0.000,,1.40,0.00,220.8,220.8,,P-GPS,,,18,4,TRUE,,Mini 4 Pro,,,,,,FALSE,TRUE,,,,,,,,,,,,,,,,,,,,,,,,,,,,,,,,,,,,,,,,,,,,,,,,85.8,,,,8.129,,,,,,,6.824,,,,,,,,,,,,,,,,,,,,,,,,,,,,,,,,53.04710000,-3.00540000,317.5,,,,,,,,,,,,,,,,,,,,,,,,,,,,Mini 4 Pro,SYNGQKJQTDDADWDCD,CAM5S8Y4W87Z7AGC8,RCS9YGZQ7B45R6WRD,BATBTVFTCBE64QMSD,,,,,,,,Mini 4 Pro,SYNGQKJQTDDADWDCD,,,,DJI Fly,,1.13.5,50A9DCC9-C03F-50BC-9AAA-5F82D89E1DD4,,,,,,,,,,
1773833033,1m 53.0s,113.0,53.04690482,-3.00401867,128.0,137.8,30.0,308.0,801.8,8.948,10.290,-6.776,,-5.843,,-0.000,,1.40,0.00,220.8,220.8,,P-GPS,,,18,4,TRUE,,Mini 4 Pro,,,,,,FALSE,TRUE,,,,,,,,,,,,,,,,,,,,,,,,,,,,,,,,,,,,,,,,,,,,,,,,85.7,,,,8.129,,,,,,,6.824,,,,,,,,,,,,,,,,,,,,,,,,,,,,,,,,53.04710000,-3.00540000,311.2,,,,,,,,,,,,,,,,,,,,,,,,,,,,Mini 4 Pro,SYNGQKJQTDDADWDCD,CAM5S8Y4W87Z7AGC8,RCS9YGZQ7B45R6WRD,BATBTVFTCBE64QMSD,,,,,,,,Mini 4 Pro,SYNGQKJQTDDADWDCD,,,,DJI Fly,,1.13.5,50A9DCC9-C03F-50BC-9AAA-5F82D89E1DD4,,,,,,,,,,
1773833034,1m 54.0s,114.0,53.04687758,-3.00405775,128.0,137.8,30.0,308.0,815.0,8.948,10.290,-6.776,,-5.843,,-0.000,,1.40,0.00,220.8,220.8,,P-GPS,,,18,4,TRUE,,Mini 4 Pro,,,,,,FALSE,TRUE,,,,,,,,,,,,,,,,,,,,,,,,,,,,,,,,,,,,,,,,,,,,,,,,85.7,,,,8.128,,,,,,,6.824,,,,,,,,,,,,,,,,,,,,,,,,,,,,,,,,53.04710000,-3.00540000,305.3,,,,,,,,,,,,,,,,,,,,,,,,,,,,Mini 4 Pro,SYNGQKJQTDDADWDCD,CAM5S8Y4W87Z7AGC8,RCS9YGZQ7B45R6WRD,BATBTVFTCBE64QMSD,,,,,,,,Mini 4 Pro,SYNGQKJQTDDADWDCD,,,,DJI Fly,,1.13.5,50A9DCC9-C03F-50BC-9AAA-5F82D89E1DD4,,,,,,,,,,
1773833035,1m 55.0s,115.0,53.04685034,-3.00409683,128.0,137.8,30.0,308.0,828.1,8.948,10.290,-6.776,,-5.843,,-0.000,,1.40,0.00,220.8,220.8,,P-GPS,,,18,4,TRUE,,Mini 4 Pro,,,,,,FALSE,TRUE,,,,,,,,,,,,,,,,,,,,,,,,,,,,,,,,,,,,,,,,,,,,,,,,85.6,,,,8.127,,,,,,,6.824,,,,,,,,,,,,,,,,,,,,,,,,,,,,,,,,53.04710000,-3.00540000,300.0,,,,,,,,,,,,,,,,,,,,,,,,,,,,Mini 4 Pro,SYNGQKJQTDDADWDCD,CAM5S8Y4W87Z7AGC8,RCS9YGZQ7B45R6WRD,BATBTVFTCBE64QMSD,,,,,,,,Mini 4 Pro,SYNGQKJQTDDADWDCD,,,,DJI Fly,,1.13.5,50A9DCC9-C03F-50BC-9AAA-5F82D89E1DD4,,,,,,,,,,
1773833036,1m 56.0s,116.0,53.04682309,-3.00413591,128.0,137.8,30.0,308.0,841.2,8.948,10.290,-6.776,,-5.843,,-0.000,,1.40,0.00,220.8,220.8,,P-GPS,,,18,4,TRUE,,Mini 4 Pro,,,,,,FALSE,TRUE,,,,,,,,,,,,,,,,,,,,,,,,,,,,,,,,,,,,,,,,,,,,,,,,85.6,,,,8.126,,,,,,,6.824,,,,,,,,,,,,,,,,,,,,,,,,,,,,,,,,53.04710000,-3.00540000,295.1,,,,,,,,,,,,,,,,,,,,,,,,,,,,Mini 4 Pro,SYNGQKJQTDDADWDCD,CAM5S8Y4W87Z7AGC8,RCS9YGZQ7B45R6WRD,BATBTVFTCBE64QMSD,,,,,,,,Mini 4 Pro,SYNGQKJQTDDADWDCD,,,,DJI Fly,,1.13.5,50A9DCC9-C03F-50BC-9AAA-5F82D89E1DD4,,,,,,,,,,
1773833037,1m 57.0s,117.0,53.04679585,-3.00417498,128.0,137.8,30.0,308.0,854.3,8.948,10.290,-6.776,,-5.843,,-0.000,,1.40,0.00,220.8,220.8,,P-GPS,,,18,4,TRUE,,Mini 4 Pro,,,,,,FALSE,TRUE,,,,,,,,,,,,,,,,,,,,,,,,,,,,,,,,,,,,,,,,,,,,,,,,85.5,,,,8.126,,,,,,,6.824,,,,,,,,,,,,,,,,,,,,,,,,,,,,,,,,53.04710000,-3.00540000,290.7,,,,,,,,,,,,,,,,,,,,,,,,,,,,Mini 4 Pro,SYNGQKJQTDDADWDCD,CAM5S8Y4W87Z7AGC8,RCS9YGZQ7B45R6WRD,BATBTVFTCBE64QMSD,,,,,,,,Mini 4 Pro,SYNGQKJQTDDADWDCD,,,,DJI Fly,,1.13.5,50A9DCC9-C03F-50BC-9AAA-5F82D89E1DD4,,,,,,,,,,
1773833038,1m 58.0s,118.0,53.04676861,-3.00421406,128.0,137.8,30.0,308.0,867.5,8.948,10.290,-6.776,,-5.843,,-0.000,,1.40,0.00,220.8,220.8,,P-GPS,,,18,4,TRUE,,Mini 4 Pro,,,,,,FALSE,TRUE,,,,,,,,,,,,,,,,,,,,,,,,,,,,,,,,,,,,,,,,,,,,,,,,85.5,,,,8.125,,,,,,,6.824,,,,,,,,,,,,,,,,,,,,,,,,,,,,,,,,53.04710000,-3.00540000,286.8,,,,,,,,,,,,,,,,,,,,,,,,,,,,Mini 4 Pro,SYNGQKJQTDDADWDCD,CAM5S8Y4W87Z7AGC8,RCS9YGZQ7B45R6WRD,BATBTVFTCBE64QMSD,,,,,,,,Mini 4 Pro,SYNGQKJQTDDADWDCD,,,,DJI Fly,,1.13.5,50A9DCC9-C03F-50BC-9AAA-5F82D89E1DD4,,,,,,,,,,
1773833039,1m 59.0s,119.0,53.04674137,-3.00425314,128.0,137.8,30.0,308.0,880.6,8.948,10.290,-6.776,,-5.843,,-0.000,,1.40,0.00,220.8,220.8,,P-GPS,,,18,4,TRUE,,Mini 4 Pro,,,,,,FALSE,TRUE,,,,,,,,,,,,,,,,,,,,,,,,,,,,,,,,,,,,,,,,,,,,,,,,85.4,,,,8.124,,,,,,,6.824,,,,,,,,,,,,,,,,,,,,,,,,,,,,,,,,53.04710000,-3.00540000,283.5,,,,,,,,,,,,,,,,,,,,,,,,,,,,Mini 4 Pro,SYNGQKJQTDDADWDCD,CAM5S8Y4W87Z7AGC8,RCS9YGZQ7B45R6WRD,BATBTVFTCBE64QMSD,,,,,,,,Mini 4 Pro,SYNGQKJQTDDADWDCD,,,,DJI Fly,,1.13.5,50A9DCC9-C03F-50BC-9AAA-5F82D89E1DD4,,,,,,,,,,
1773833040,2m 0.0s,120.0,53.04671412,-3.00429222,128.0,137.8,30.0,308.0,893.7,8.948,10.290,-6.776,,-5.843,,-0.000,,1.40,0.00,220.8,220.8,,P-GPS,,,18,4,TRUE,,Mini 4 Pro,,,,,,FALSE,TRUE,,,,,,,,,,,,,,,,,,,,,,,,,,,,,,,,,,,,,,,,,,,,,,,,85.4,,,,8.124,,,,,,,6.824,,,,,,,,,,,,,,,,,,,,,,,,,,,,,,,,53.04710000,-3.00540000,280.8,,,,,,,,,,,,,,,,,,,,,,,,,,,,Mini 4 Pro,SYNGQKJQTDDADWDCD,CAM5S8Y4W87Z7AGC8,RCS9YGZQ7B45R6WRD,BATBTVFTCBE64QMSD,,,,,,,,Mini 4 Pro,SYNGQKJQTDDADWDCD,,,,DJI Fly,,1.13.5,50A9DCC9-C03F-50BC-9AAA-5F82D89E1DD4,,,,,,,,,,
1773833041,2m 1.0s,121.0,53.04668688,-3.00433129,128.0,137.8,30.0,308.0,906.8,8.948,10.290,-6.776,,-5.843,,-0.000,,1.40,0.00,220.8,220.8,,P-GPS,,,18,4,TRUE,,Mini 4 Pro,,,,,,FALSE,TRUE,,,,,,,,,,,,,,,,,,,,,,,,,,,,,,,,,,,,,,,,,,,,,,,,85.3,,,,8.123,,,,,,,6.824,,,,,,,,,,,,,,,,,,,,,,,,,,,,,,,,53.04710000,-3.00540000,278.7,,,,,,,,,,,,,,,,,,,,,,,,,,,,Mini 4 Pro,SYNGQKJQTDDADWDCD,CAM5S8Y4W87Z7AGC8,RCS9YGZQ7B45R6WRD,BATBTVFTCBE64QMSD,,,,,,,,Mini 4 Pro,SYNGQKJQTDDADWDCD,,,,DJI Fly,,1.13.5,50A9DCC9-C03F-50BC-9AAA-5F82D89E1DD4,,,,,,,,,,
1773833042,2m 2.0s,122.0,53.04665964,-3.00437037,128.0,137.8,30.0,308.0,919.9,8.948,10.290,-6.776,,-5.843,,-0.000,,1.40,0.00,220.8,220.8,,P-GPS,,,18,4,TRUE,,Mini 4 Pro,,,,,,FALSE,TRUE,,,,,,,,,,,,,,,,,,,,,,,,,,,,,,,,,,,,,,,,,,,,,,,,85.3,,,,8.122,,,,,,,6.824,,,,,,,,,,,,,,,,,,,,,,,,,,,,,,,,53.04710000,-3.00540000,277.1,,,,,,,,,,,,,,,,,,,,,,,,,,,,Mini 4 Pro,SYNGQKJQTDDADWDCD,CAM5S8Y4W87Z7AGC8,RCS9YGZQ7B45R6WRD,BATBTVFTCBE64QMSD,,,,,,,,Mini 4 Pro,SYNGQKJQTDDADWDCD,,,,DJI Fly,,1.13.5,50A9DCC9-C03F-50BC-9AAA-5F82D89E1DD4,,,,,,,,,,
1773833043,2m 3.0s,123.0,53.04663239,-3.00440945,128.0,137.8,30.0,308.0,933.1,8.948,10.290,-6.776,,-5.843,,-0.000,,1.40,-0.00,220.8,220.8,,P-GPS,,,18,4,TRUE,,Mini 4 Pro,,,,,,FALSE,TRUE,,,,,,,,,,,,,,,,,,,,,,,,,,,,,,,,,,,,,,,,,,,,,,,,85.3,,,,8.121,,,,,,,6.824,,,,,,,,,,,,,,,,,,,,,,,,,,,,,,,,53.04710000,-3.00540000,276.2,,,,,,,,,,,,,,,,,,,,,,,,,,,,Mini 4 Pro,SYNGQKJQTDDADWDCD,CAM5S8Y4W87Z7AGC8,RCS9YGZQ7B45R6WRD,BATBTVFTCBE64QMSD,,,,,,,,Mini 4 Pro,SYNGQKJQTDDADWDCD,,,,DJI Fly,,1.13.5,50A9DCC9-C03F-50BC-9AAA-5F82D89E1DD4,,,,,,,,,,
1773833044,2m 4.0s,124.0,53.04660515,-3.00444853,128.0,137.8,30.0,308.0,946.2,8.948,10.290,-6.776,,-5.843,,-0.000,,1.40,0.00,220.8,220.8,,P-GPS,,,18,4,TRUE,,Mini 4 Pro,,,,,,FALSE,TRUE,,,,,,,,,,,,,,,,,,,,,,,,,,,,,,,,,,,,,,,,,,,,,,,,85.2,,,,8.121,,,,,,,6.824,,,,,,,,,,,,,,,,,,,,,,,,,,,,,,,,53.04710000,-3.00540000,275.9,,,,,,,,,,,,,,,,,,,,,,,,,,,,Mini 4 Pro,SYNGQKJQTDDADWDCD,CAM5S8Y4W87Z7AGC8,RCS9YGZQ7B45R6WRD,BATBTVFTCBE64QMSD,,,,,,,,Mini 4 Pro,SYNGQKJQTDDADWDCD,,,,DJI Fly,,1.13.5,50A9DCC9-C03F-50BC-9AAA-5F82D89E1DD4,,,,,,,,,,
1773833045,2m 5.0s,125.0,53.04657791,-3.00448761,128.0,137.8,30.0,308.0,959.3,8.948,10.290,-6.776,,-5.843,,-0.000,,1.40,0.00,220.8,220.8,,P-GPS,,,18,4,TRUE,,Mini 4 Pro,,,,,,FALSE,TRUE,,,,,,,,,,,,,,,,,,,,,,,,,,,,,,,,,,,,,,,,,,,,,,,,85.2,,,,8.120,,,,,,,6.824,,,,,,,,,,,,,,,,,,,,,,,,,,,,,,,,53.04710000,-3.00540000,276.3,,,,,,,,,,,,,,,,,,,,,,,,,,,,Mini 4 Pro,SYNGQKJQTDDADWDCD,CAM5S8Y4W87Z7AGC8,RCS9YGZQ7B45R6WRD,BATBTVFTCBE64QMSD,,,,,,,,Mini 4 Pro,SYNGQKJQTDDADWDCD,,,,DJI Fly,,1.13.5,50A9DCC9-C03F-50BC-9AAA-5F82D89E1DD4,,,,,,,,,,
1773833046,2m 6.0s,126.0,53.04655067,-3.00452668,128.0,137.8,30.0,308.0,972.4,8.948,10.290,-6.776,,-5.843,,-0.000,,1.40,0.00,220.8,220.8,,P-GPS,,,18,4,TRUE,,Mini 4 Pro,,,,,,FALSE,TRUE,,,,,,,,,,,,,,,,,,,,,,,,,,,,,,,,,,,,,,,,,,,,,,,,85.1,,,,8.119,,,,,,,6.824,,,,,,,,,,,,,,,,,,,,,,,,,,,,,,,,53.04710000,-3.00540000,277.2,,,,,,,,,,,,,,,,,,,,,,,,,,,,Mini 4 Pro,SYNGQKJQTDDADWDCD,CAM5S8Y4W87Z7AGC8,RCS9YGZQ7B45R6WRD,BATBTVFTCBE64QMSD,,,,,,,,Mini 4 Pro,SYNGQKJQTDDADWDCD,,,,DJI Fly,,1.13.5,50A9DCC9-C03F-50BC-9AAA-5F82D89E1DD4,,,,,,,,,,
1773833047,2m 7.0s,127.0,53.04652342,-3.00456576,128.0,137.8,30.0,308.0,985.6,8.948,10.290,-6.776,,-5.843,,-0.000,,1.40,0.00,220.8,220.8,,P-GPS,,,18,4,TRUE,,Mini 4 Pro,,,,,,FALSE,TRUE,,,,,,,,,,,,,,,,,,,,,,,,,,,,,,,,,,,,,,,,,,,,,,,,85.1,,,,8.119,,,,,,,6.824,,,,,,,,,,,,,,,,,,,,,,,,,,,,,,,,53.04710000,-3.00540000,278.8,,,,,,,,,,,,,,,,,,,,,,,,,,,,Mini 4 Pro,SYNGQKJQTDDADWDCD,CAM5S8Y4W87Z7AGC8,RCS9YGZQ7B45R6WRD,BATBTVFTCBE64QMSD,,,,,,,,Mini 4 Pro,SYNGQKJQTDDADWDCD,,,,DJI Fly,,1.13.5,50A9DCC9-C03F-50BC-9AAA-5F82D89E1DD4,,,,,,,,,,
1773833048,2m 8.0s,128.0,53.04651544,-3.00457721,128.0,137.8,30.0,308.0,989.4,2.621,10.290,-1.985,,-1.712,,-0.000,,0.41,-0.00,220.8,220.8,,P-GPS,,,18,4,TRUE,,Mini 4 Pro,,,,,,FALSE,TRUE,,,,,,,,,,,,,,,,,,,,,,,,,,,,,,,,,,,,,,,,,,,,,,,,85.0,,,,8.118,,,,,,,5.269,,,,,,,,,,,,,,,,,,,,,,,,,,,,,,,,53.04710000,-3.00540000,279.4,,,,,,,,,,,,,,,,,,,,,,,,,,,,Mini 4 Pro,SYNGQKJQTDDADWDCD,CAM5S8Y4W87Z7AGC8,RCS9YGZQ7B45R6WRD,BATBTVFTCBE64QMSD,,,,,,,,Mini 4 Pro,SYNGQKJQTDDADWDCD,,,,DJI Fly,,1.13.5,50A9DCC9-C03F-50BC-9AAA-5F82D89E1DD4,,,,,,,,,,
1773833049,2m 9.0s,129.0,53.04651544,-3.00457721,128.0,137.8,30.0,308.0,989.4,0.000,10.290,0.000,,0.000,,-0.000,,0.00,0.00,220.8,220.8,,P-GPS,,,18,4,TRUE,,Mini 4 Pro,,,,,,FALSE,TRUE,,,,,,,,,,,,,,,,,,,,,,,,,,,,,,,,,,,,,,,,,,,,,,,,85.0,,,,8.117,,,,,,,4.624,,,,,,,,,,,,,,,,,,,,,,,,,,,,,,,,53.04710000,-3.00540000,279.4,,,,,,,,,,,,,,,,,,,,,,,,,,,,Mini 4 Pro,SYNGQKJQTDDADWDCD,CAM5S8Y4W87Z7AGC8,RCS9YGZQ7B45R6WRD,BATBTVFTCBE64QMSD,,,,,,,,Mini 4 Pro,SYNGQKJQTDDADWDCD,,,,DJI Fly,,1.13.5,50A9DCC9-C03F-50BC-9AAA-5F82D89E1DD4,,,,,,,,,,
1773833050,2m 10.0s,130.0,53.04651544,-3.00457721,128.0,137.8,30.0,308.0,989.4,0.000,10.290,0.000,,0.000,,-0.000,,0.00,0.00,220.8,220.8,,P-GPS,,,18,4,TRUE,,Mini 4 Pro,,,,,,FALSE,TRUE,,,,,,,,,,,,,,,,,,,,,,,,,,,,,,,,,,,,,,,,,,,,,,,,84.9,,,,8.116,,,,,,,4.624,,,,,,,,,,,,,,,,,,,,,,,,,,,,,,,,53.04710000,-3.00540000,279.4,,,,,,,,,,,,,,,,,,,,,,,,,,,,Mini 4 Pro,SYNGQKJQTDDADWDCD,CAM5S8Y4W87Z7AGC8,RCS9YGZQ7B45R6WRD,BATBTVFTCBE64QMSD,,,,,,,,Mini 4 Pro,SYNGQKJQTDDADWDCD,,,,DJI Fly,,1.13.5,50A9DCC9-C03F-50BC-9AAA-5F82D89E1DD4,,,,,,,,,,
1773833051,2m 11.0s,131.0,53.04651544,-3.00457721,128.0,137.8,30.0,308.0,989.4,0.000,10.290,0.000,,0.000,,-0.000,,0.00,0.00,220.8,220.8,,P-GPS,,,18,4,TRUE,,Mini 4 Pro,,,,,,FALSE,TRUE,,,,,,,,,,,,,,,,,,,,,,,,,,,,,,,,,,,,,,,,,,,,,,,,84.9,,,,8.116,,,,,,,4.624,,,,,,,,,,,,,,,,,,,,,,,,,,,,,,,,53.04710000,-3.00540000,279.4,,,,,,,,,,,,,,,,,,,,,,,,,,,,Mini 4 Pro,SYNGQKJQTDDADWDCD,CAM5S8Y4W87Z7AGC8,RCS9YGZQ7B45R6WRD,BATBTVFTCBE64QMSD,,,,,,,,Mini 4 Pro,SYNGQKJQTDDADWDCD,,,,DJI Fly,,1.13.5,50A9DCC9-C03F-50BC-9AAA-5F82D89E1DD4,,,,,,,,,,
1773833052,2m 12.0s,132.0,53.04651544,-3.00457721,128.0,137.8,30.0,308.0,989.4,0.000,10.290,0.000,,0.000,,-0.000,,0.00,0.00,220.8,220.8,,P-GPS,,,18,4,TRUE,,Mini 4 Pro,,,,,,FALSE,TRUE,,,,,,,,,,,,,,,,,,,,,,,,,,,,,,,,,,,,,,,,,,,,,,,,84.8,,,,8.115,,,,,,,4.624,,,,,,,,,,,,,,,,,,,,,,,,,,,,,,,,53.04710000,-3.00540000,279.4,,,,,,,,,,,,,,,,,,,,,,,,,,,,Mini 4 Pro,SYNGQKJQTDDADWDCD,CAM5S8Y4W87Z7AGC8,RCS9YGZQ7B45R6WRD,BATBTVFTCBE64QMSD,,,,,,,,Mini 4 Pro,SYNGQKJQTDDADWDCD,,,,DJI Fly,,1.13.5,50A9DCC9-C03F-50BC-9AAA-5F82D89E1DD4,,,,,,,,,,
1773833053,2m 13.0s,133.0,53.04651544,-3.00457721,128.0,137.8,30.0,308.0,989.4,0.000,10.290,0.000,,0.000,,-0.000,,0.00,0.00,220.8,220.8,,P-GPS,,,18,4,TRUE,,Mini 4 Pro,,,,,,FALSE,TRUE,,,,,,,,,,,,,,,,,,,,,,,,,,,,,,,,,,,,,,,,,,,,,,,,84.8,,,,8.114,,,,,,,4.624,,,,,,,,,,,,,,,,,,,,,,,,,,,,,,,,53.04710000,-3.00540000,279.4,,,,,,,,,,,,,,,,,,,,,,,,,,,,Mini 4 Pro,SYNGQKJQTDDADWDCD,CAM5S8Y4W87Z7AGC8,RCS9YGZQ7B45R6WRD,BATBTVFTCBE64QMSD,,,,,,,,Mini 4 Pro,SYNGQKJQTDDADWDCD,,,,DJI Fly,,1.13.5,50A9DCC9-C03F-50BC-9AAA-5F82D89E1DD4,,,,,,,,,,
1773833054,2m 14.0s,134.0,53.04651544,-3.00457721,128.0,137.8,30.0,308.0,989.4,0.000,10.290,0.000,,0.000,,-0.000,,0.00,0.00,220.8,220.8,,P-GPS,,,18,4,TRUE,,Mini 4 Pro,,,,,,FALSE,TRUE,,,,,,,,,,,,,,,,,,,,,,,,,,,,,,,,,,,,,,,,,,,,,,,,84.7,,,,8.113,,,,,,,4.624,,,,,,,,,,,,,,,,,,,,,,,,,,,,,,,,53.04710000,-3.00540000,279.4,,,,,,,,,,,,,,,,,,,,,,,,,,,,Mini 4 Pro,SYNGQKJQTDDADWDCD,CAM5S8Y4W87Z7AGC8,RCS9YGZQ7B45R6WRD,BATBTVFTCBE64QMSD,,,,,,,,Mini 4 Pro,SYNGQKJQTDDADWDCD,,,,DJI Fly,,1.13.5,50A9DCC9-C03F-50BC-9AAA-5F82D89E1DD4,,,,,,,,,,
1773833055,2m 15.0s,135.0,53.04651544,-3.00457721,128.0,137.8,30.0,308.0,989.4,0.000,10.290,0.000,,0.000,,-0.000,,0.00,0.00,220.8,220.8,,P-GPS,,,18,4,TRUE,,Mini 4 Pro,,,,,,FALSE,TRUE,,,,,,,,,,,,,,,,,,,,,,,,,,,,,,,,,,,,,,,,,,,,,,,,84.7,,,,8.113,,,,,,,4.624,,,,,,,,,,,,,,,,,,,,,,,,,,,,,,,,53.04710000,-3.00540000,279.4,,,,,,,,,,,,,,,,,,,,,,,,,,,,Mini 4 Pro,SYNGQKJQTDDADWDCD,CAM5S8Y4W87Z7AGC8,RCS9YGZQ7B45R6WRD,BATBTVFTCBE64QMSD,,,,,,,,Mini 4 Pro,SYNGQKJQTDDADWDCD,,,,DJI Fly,,1.13.5,50A9DCC9-C03F-50BC-9AAA-5F82D89E1DD4,,,,,,,,,,
1773833056,2m 16.0s,136.0,53.04651544,-3.00457721,128.0,137.8,30.0,308.0,989.4,0.000,10.290,0.000,,0.000,,-0.000,,0.00,0.00,220.8,220.8,,P-GPS,,,18,4,TRUE,,Mini 4 Pro,,,,,,FALSE,TRUE,,,,,,,,,,,,,,,,,,,,,,,,,,,,,,,,,,,,,,,,,,,,,,,,84.6,,,,8.112,,,,,,,4.624,,,,,,,,,,,,,,,,,,,,,,,,,,,,,,,,53.04710000,-3.00540000,279.4,,,,,,,,,,,,,,,,,,,,,,,,,,,,Mini 4 Pro,SYNGQKJQTDDADWDCD,CAM5S8Y4W87Z7AGC8,RCS9YGZQ7B45R6WRD,BATBTVFTCBE64QMSD,,,,,,,,Mini 4 Pro,SYNGQKJQTDDADWDCD,,,,DJI Fly,,1.13.5,50A9DCC9-C03F-50BC-9AAA-5F82D89E1DD4,,,,,,,,,,
1773833057,2m 17.0s,137.0,53.04651544,-3.00457721,128.0,137.8,30.0,308.0,989.4,0.000,10.290,0.000,,0.000,,-0.000,,0.00,0.00,220.8,220.8,,P-GPS,,,18,4,TRUE,,Mini 4 Pro,,,,,,FALSE,TRUE,,,,,,,,,,,,,,,,,,,,,,,,,,,,,,,,,,,,,,,,,,,,,,,,84.6,,,,8.111,,,,,,,4.624,,,,,,,,,,,,,,,,,,,,,,,,,,,,,,,,53.04710000,-3.00540000,279.4,,,,,,,,,,,,,,,,,,,,,,,,,,,,Mini 4 Pro,SYNGQKJQTDDADWDCD,CAM5S8Y4W87Z7AGC8,RCS9YGZQ7B45R6WRD,BATBTVFTCBE64QMSD,,,,,,,,Mini 4 Pro,SYNGQKJQTDDADWDCD,,,,DJI Fly,,1.13.5,50A9DCC9-C03F-50BC-9AAA-5F82D89E1DD4,,,,,,,,,,
1773833058,2m 18.0s,138.0,53.04651544,-3.00457721,128.0,137.8,30.0,308.0,989.4,0.000,10.290,0.000,,0.000,,-0.000,,0.00,0.00,220.8,220.8,,P-GPS,,,18,4,TRUE,,Mini 4 Pro,,,,,,FALSE,TRUE,,,,,,,,,,,,,,,,,,,,,,,,,,,,,,,,,,,,,,,,,,,,,,,,84.6,,,,8.111,,,,,,,4.624,,,,,,,,,,,,,,,,,,,,,,,,,,,,,,,,53.04710000,-3.00540000,279.4,,,,,,,,,,,,,,,,,,,,,,,,,,,,Mini 4 Pro,SYNGQKJQTDDADWDCD,CAM5S8Y4W87Z7AGC8,RCS9YGZQ7B45R6WRD,BATBTVFTCBE64QMSD,,,,,,,,Mini 4 Pro,SYNGQKJQTDDADWDCD,,,,DJI Fly,,1.13.5,50A9DCC9-C03F-50BC-9AAA-5F82D89E1DD4,,,,,,,,,,
1773833059,2m 19.0s,139.0,53.04651544,-3.00457721,128.0,137.8,30.0,308.0,989.4,0.000,10.290,0.000,,0.000,,-0.000,,0.00,0.00,220.8,220.8,,P-GPS,,,18,4,TRUE,,Mini 4 Pro,,,,,,FALSE,TRUE,,,,,,,,,,,,,,,,,,,,,,,,,,,,,,,,,,,,,,,,,,,,,,,,84.5,,,,8.110,,,,,,,4.624,,,,,,,,,,,,,,,,,,,,,,,,,,,,,,,,53.04710000,-3.00540000,279.4,,,,,,,,,,,,,,,,,,,,,,,,,,,,Mini 4 Pro,SYNGQKJQTDDADWDCD,CAM5S8Y4W87Z7AGC8,RCS9YGZQ7B45R6WRD,BATBTVFTCBE64QMSD,,,,,,,,Mini 4 Pro,SYNGQKJQTDDADWDCD,,,,DJI Fly,,1.13.5,50A9DCC9-C03F-50BC-9AAA-5F82D89E1DD4,,,,,,,,,,
1773833060,2m 20.0s,140.0,53.04651544,-3.00457721,128.0,137.8,30.0,308.0,989.4,0.000,10.290,0.000,,0.000,,-0.000,,0.00,0.00,220.8,220.8,,P-GPS,,,18,4,TRUE,,Mini 4 Pro,,,,,,FALSE,TRUE,,,,,,,,,,,,,,,,,,,,,,,,,,,,,,,,,,,,,,,,,,,,,,,,84.5,,,,8.109,,,,,,,4.624,,,,,,,,,,,,,,,,,,,,,,,,,,,,,,,,53.04710000,-3.00540000,279.4,,,,,,,,,,,,,,,,,,,,,,,,,,,,Mini 4 Pro,SYNGQKJQTDDADWDCD,CAM5S8Y4W87Z7AGC8,RCS9YGZQ7B45R6WRD,BATBTVFTCBE64QMSD,,,,,,,,Mini 4 Pro,SYNGQKJQTDDADWDCD,,,,DJI Fly,,1.13.5,50A9DCC9-C03F-50BC-9AAA-5F82D89E1DD4,,,,,,,,,,
1773833061,2m 21.0s,141.0,53.04651544,-3.00457721,128.0,137.8,30.0,308.0,989.4,0.000,10.290,0.000,,0.000,,-0.000,,0.00,0.00,220.8,220.8,,P-GPS,,,18,4,TRUE,,Mini 4 Pro,,,,,,FALSE,TRUE,,,,,,,,,,,,,,,,,,,,,,,,,,,,,,,,,,,,,,,,,,,,,,,,84.4,,,,8.108,,,,,,,4.624,,,,,,,,,,,,,,,,,,,,,,,,,,,,,,,,53.04710000,-3.00540000,279.4,,,,,,,,,,,,,,,,,,,,,,,,,,,,Mini 4 Pro,SYNGQKJQTDDADWDCD,CAM5S8Y4W87Z7AGC8,RCS9YGZQ7B45R6WRD,BATBTVFTCBE64QMSD,,,,,,,,Mini 4 Pro,SYNGQKJQTDDADWDCD,,,,DJI Fly,,1.13.5,50A9DCC9-C03F-50BC-9AAA-5F82D89E1DD4,,,,,,,,,,
1773833062,2m 22.0s,142.0,53.04651544,-3.00457721,128.0,137.8,30.0,308.0,989.4,0.000,10.290,0.000,,0.000,,-0.000,,0.00,0.00,220.8,220.8,,P-GPS,,,18,4,TRUE,,Mini 4 Pro,,,,,,FALSE,TRUE,,,,,,,,,,,,,,,,,,,,,,,,,,,,,,,,,,,,,,,,,,,,,,,,84.4,,,,8.108,,,,,,,4.624,,,,,,,,,,,,,,,,,,,,,,,,,,,,,,,,53.04710000,-3.00540000,279.4,,,,,,,,,,,,,,,,,,,,,,,,,,,,Mini 4 Pro,SYNGQKJQTDDADWDCD,CAM5S8Y4W87Z7AGC8,RCS9YGZQ7B45R6WRD,BATBTVFTCBE64QMSD,,,,,,,,Mini 4 Pro,SYNGQKJQTDDADWDCD,,,,DJI Fly,,1.13.5,50A9DCC9-C03F-50BC-9AAA-5F82D89E1DD4,,,,,,,,,,
1773833063,2m 23.0s,143.0,53.04651544,-3.00457721,128.0,137.8,30.0,308.0,989.4,0.000,10.290,0.000,,0.000,,-0.000,,0.00,0.00,220.8,220.8,,P-GPS,,,18,4,TRUE,,Mini 4 Pro,,,,,,FALSE,TRUE,,,,,,,,,,,,,,,,,,,,,,,,,,,,,,,,,,,,,,,,,,,,,,,,84.3,,,,8.107,,,,,,,4.624,,,,,,,,,,,,,,,,,,,,,,,,,,,,,,,,53.04710000,-3.00540000,279.4,,,,,,,,,,,,,,,,,,,,,,,,,,,,Mini 4 Pro,SYNGQKJQTDDADWDCD,CAM5S8Y4W87Z7AGC8,RCS9YGZQ7B45R6WRD,BATBTVFTCBE64QMSD,,,,,,,,Mini 4 Pro,SYNGQKJQTDDADWDCD,,,,DJI Fly,,1.13.5,50A9DCC9-C03F-50BC-9AAA-5F82D89E1DD4,,,,,,,,,,
1773833064,2m 24.0s,144.0,53.04654153,-3.00461393,128.0,137.8,30.0,308.0,1001.9,8.500,10.290,6.489,,-5.491,,-0.000,,1.33,25.00,319.8,319.8,,SMART_RTH,,,18,4,TRUE,,Mini 4 Pro,,,,,,FALSE,TRUE,,,,,,,,,,,,,,,,,,,,,,,,,,,,,,,,,,,,,,,,,,,,,,,,84.3,,,,8.106,,,,,,,6.714,,,,,,,,,,,,,,,,,,,,,,,,,,,,,,,,53.04710000,-3.00540000,266.9,,,,,,,,,,,,,,,,,,,,,,,,,,,,Mini 4 Pro,SYNGQKJQTDDADWDCD,CAM5S8Y4W87Z7AGC8,RCS9YGZQ7B45R6WRD,BATBTVFTCBE64QMSD,,,,,,,,Mini 4 Pro,SYNGQKJQTDDADWDCD,,,,DJI Fly,,1.13.5,50A9DCC9-C03F-50BC-9AAA-5F82D89E1DD4,,,,,,,,,,
1773833065,2m 25.0s,145.0,53.04656762,-3.00465065,128.0,137.8,30.0,308.0,1014.3,8.500,10.290,6.489,,-5.491,,-0.000,,1.33,0.00,319.8,319.8,,SMART_RTH,,,18,4,TRUE,,Mini 4 Pro,,,,,,FALSE,TRUE,,,,,,,,,,,,,,,,,,,,,,,,,,,,,,,,,,,,,,,,,,,,,,,,84.2,,,,8.105,,,,,,,6.714,,,,,,,,,,,,,,,,,,,,,,,,,,,,,,,,53.04710000,-3.00540000,254.4,,,,,,,,,,,,,,,,,,,,,,,,,,,,Mini 4 Pro,SYNGQKJQTDDADWDCD,CAM5S8Y4W87Z7AGC8,RCS9YGZQ7B45R6WRD,BATBTVFTCBE64QMSD,,,,,,,,Mini 4 Pro,SYNGQKJQTDDADWDCD,,,,DJI Fly,,1.13.5,50A9DCC9-C03F-50BC-9AAA-5F82D89E1DD4,,,,,,,,,,
1773833066,2m 26.0s,146.0,53.04659371,-3.00468737,128.0,137.8,30.0,308.0,1026.8,8.500,10.290,6.489,,-5.491,,-0.000,,1.33,0.00,319.8,319.8,,SMART_RTH,,,18,4,TRUE,,Mini 4 Pro,,,,,,FALSE,TRUE,,,,,,,,,,,,,,,,,,,,,,,,,,,,,,,,,,,,,,,,,,,,,,,,84.2,,,,8.105,,,,,,,6.714,,,,,,,,,,,,,,,,,,,,,,,,,,,,,,,,53.04710000,-3.00540000,242.0,,,,,,,,,,,,,,,,,,,,,,,,,,,,Mini 4 Pro,SYNGQKJQTDDADWDCD,CAM5S8Y4W87Z7AGC8,RCS9YGZQ7B45R6WRD,BATBTVFTCBE64QMSD,,,,,,,,Mini 4 Pro,SYNGQKJQTDDADWDCD,,,,DJI Fly,,1.13.5,50A9DCC9-C03F-50BC-9AAA-5F82D89E1DD4,,,,,,,,,,
1773833067,2m 27.0s,147.0,53.04661979,-3.00472409,128.0,137.8,30.0,308.0,1039.3,8.500,10.290,6.489,,-5.491,,-0.000,,1.33,0.00,319.8,319.8,,SMART_RTH,,,18,4,TRUE,,Mini 4 Pro,,,,,,FALSE,TRUE,,,,,,,,,,,,,,,,,,,,,,,,,,,,,,,,,,,,,,,,,,,,,,,,84.1,,,,8.104,,,,,,,6.714,,,,,,,,,,,,,,,,,,,,,,,,,,,,,,,,53.04710000,-3.00540000,229.5,,,,,,,,,,,,,,,,,,,,,,,,,,,,Mini 4 Pro,SYNGQKJQTDDADWDCD,CAM5S8Y4W87Z7AGC8,RCS9YGZQ7B45R6WRD,BATBTVFTCBE64QMSD,,,,,,,,Mini 4 Pro,SYNGQKJQTDDADWDCD,,,,DJI Fly,,1.13.5,50A9DCC9-C03F-50BC-9AAA-5F82D89E1DD4,,,,,,,,,,
1773833068,2m 28.0s,148.0,53.04664588,-3.00476081,128.0,137.8,30.0,308.0,1051.7,8.500,10.290,6.489,,-5.491,,-0.000,,1.33,0.00,319.8,319.8,,SMART_RTH,,,18,4,TRUE,,Mini 4 Pro,,,,,,FALSE,TRUE,,,,,,,,,,,,,,,,,,,,,,,,,,,,,,,,,,,,,,,,,,,,,,,,84.1,,,,8.103,,,,,,,6.714,,,,,,,,,,,,,,,,,,,,,,,,,,,,,,,,53.04710000,-3.00540000,217.0,,,,,,,,,,,,,,,,,,,,,,,,,,,,Mini 4 Pro,SYNGQKJQTDDADWDCD,CAM5S8Y4W87Z7AGC8,RCS9YGZQ7B45R6WRD,BATBTVFTCBE64QMSD,,,,,,,,Mini 4 Pro,SYNGQKJQTDDADWDCD,,,,DJI Fly,,1.13.5,50A9DCC9-C03F-50BC-9AAA-5F82D89E1DD4,,,,,,,,,,
1773833069,2m 29.0s,149.0,53.04667197,-3.00479753,128.0,137.8,30.0,308.0,1064.2,8.500,10.290,6.489,,-5.491,,-0.000,,1.33,0.00,319.8,319.8,,SMART_RTH,,,18,4,TRUE,,Mini 4 Pro,,,,,,FALSE,TRUE,,,,,,,,,,,,,,,,,,,,,,,,,,,,,,,,,,,,,,,,,,,,,,,,84.0,,,,8.103,,,,,,,6.714,,,,,,,,,,,,,,,,,,,,,,,,,,,,,,,,53.04710000,-3.00540000,204.6,,,,,,,,,,,,,,,,,,,,,,,,,,,,Mini 4 Pro,SYNGQKJQTDDADWDCD,CAM5S8Y4W87Z7AGC8,RCS9YGZQ7B45R6WRD,BATBTVFTCBE64QMSD,,,,,,,,Mini 4 Pro,SYNGQKJQTDDADWDCD,,,,DJI Fly,,1.13.5,50A9DCC9-C03F-50BC-9AAA-5F82D89E1DD4,,,,,,,,,,
1773833070,2m 30.0s,150.0,53.04669806,-3.00483425,128.0,137.8,30.0,308.0,1076.7,8.500,10.290,6.489,,-5.491,,-0.000,,1.33,0.00,319.8,319.8,,SMART_RTH,,,18,4,TRUE,,Mini 4 Pro,,,,,,FALSE,TRUE,,,,,,,,,,,,,,,,,,,,,,,,,,,,,,,,,,,,,,,,,,,,,,,,84.0,,,,8.102,,,,,,,6.714,,,,,,,,,,,,,,,,,,,,,,,,,,,,,,,,53.04710000,-3.00540000,192.1,,,,,,,,,,,,,,,,,,,,,,,,,,,,Mini 4 Pro,SYNGQKJQTDDADWDCD,CAM5S8Y4W87Z7AGC8,RCS9YGZQ7B45R6WRD,BATBTVFTCBE64QMSD,,,,,,,,Mini 4 Pro,SYNGQKJQTDDADWDCD,,,,DJI Fly,,1.13.5,50A9DCC9-C03F-50BC-9AAA-5F82D89E1DD4,,,,,,,,,,
1773833071,2m 31.0s,151.0,53.04672415,-3.00487097,128.0,137.8,30.0,308.0,1089.1,8.500,10.290,6.489,,-5.491,,-0.000,,1.33,0.00,319.8,319.8,,SMART_RTH,,,18,4,TRUE,,Mini 4 Pro,,,,,,FALSE,TRUE,,,,,,,,,,,,,,,,,,,,,,,,,,,,,,,,,,,,,,,,,,,,,,,,83.9,,,,8.101,,,,,,,6.714,,,,,,,,,,,,,,,,,,,,,,,,,,,,,,,,53.04710000,-3.00540000,179.6,,,,,,,,,,,,,,,,,,,,,,,,,,,,Mini 4 Pro,SYNGQKJQTDDADWDCD,CAM5S8Y4W87Z7AGC8,RCS9YGZQ7B45R6WRD,BATBTVFTCBE64QMSD,,,,,,,,Mini 4 Pro,SYNGQKJQTDDADWDCD,,,,DJI Fly,,1.13.5,50A9DCC9-C03F-50BC-9AAA-5F82D89E1DD4,,,,,,,,,,
1773833072,2m 32.0s,152.0,53.04675023,-3.00490769,128.0,137.8,30.0,308.0,1101.6,8.500,10.290,6.489,,-5.491,,-0.000,,1.33,0.00,319.8,319.8,,SMART_RTH,,,18,4,TRUE,,Mini 4 Pro,,,,,,FALSE,TRUE,,,,,,,,,,,,,,,,,,,,,,,,,,,,,,,,,,,,,,,,,,,,,,,,83.9,,,,8.100,,,,,,,6.714,,,,,,,,,,,,,,,,,,,,,,,,,,,,,,,,53.04710000,-3.00540000,167.1,,,,,,,,,,,,,,,,,,,,,,,,,,,,Mini 4 Pro,SYNGQKJQTDDADWDCD,CAM5S8Y4W87Z7AGC8,RCS9YGZQ7B45R6WRD,BATBTVFTCBE64QMSD,,,,,,,,Mini 4 Pro,SYNGQKJQTDDADWDCD,,,,DJI Fly,,1.13.5,50A9DCC9-C03F-50BC-9AAA-5F82D89E1DD4,,,,,,,,,,
1773833073,2m 33.0s,153.0,53.04677632,-3.00494441,128.0,137.8,30.0,308.0,1114.1,8.500,10.290,6.489,,-5.491,,-0.000,,1.33,0.00,319.8,319.8,,SMART_RTH,,,18,4,TRUE,,Mini 4 Pro,,,,,,FALSE,TRUE,,,,,,,,,,,,,,,,,,,,,,,,,,,,,,,,,,,,,,,,,,,,,,,,83.9,,,,8.100,,,,,,,6.714,,,,,,,,,,,,,,,,,,,,,,,,,,,,,,,,53.04710000,-3.00540000,154.7,,,,,,,,,,,,,,,,,,,,,,,,,,,,Mini 4 Pro,SYNGQKJQTDDADWDCD,CAM5S8Y4W87Z7AGC8,RCS9YGZQ7B45R6WRD,BATBTVFTCBE64QMSD,,,,,,,,Mini 4 Pro,SYNGQKJQTDDADWDCD,,,,DJI Fly,,1.13.5,50A9DCC9-C03F-50BC-9AAA-5F82D89E1DD4,,,,,,,,,,
1773833074,2m 34.0s,154.0,53.04680241,-3.00498113,128.0,137.8,30.0,308.0,1126.5,8.500,10.290,6.489,,-5.491,,-0.000,,1.33,0.00,319.8,319.8,,SMART_RTH,,,18,4,TRUE,,Mini 4 Pro,,,,,,FALSE,TRUE,,,,,,,,,,,,,,,,,,,,,,,,,,,,,,,,,,,,,,,,,,,,,,,,83.8,,,,8.099,,,,,,,6.714,,,,,,,,,,,,,,,,,,,,,,,,,,,,,,,,53.04710000,-3.00540000,142.2,,,,,,,,,,,,,,,,,,,,,,,,,,,,Mini 4 Pro,SYNGQKJQTDDADWDCD,CAM5S8Y4W87Z7AGC8,RCS9YGZQ7B45R6WRD,BATBTVFTCBE64QMSD,,,,,,,,Mini 4 Pro,SYNGQKJQTDDADWDCD,,,,DJI Fly,,1.13.5,50A9DCC9-C03F-50BC-9AAA-5F82D89E1DD4,,,,,,,,,,
1773833075,2m 35.0s,155.0,53.04682850,-3.00501785,128.0,137.8,30.0,308.0,1139.0,8.500,10.290,6.489,,-5.491,,-0.000,,1.33,0.00,319.8,319.8,,SMART_RTH,,,18,4,TRUE,,Mini 4 Pro,,,,,,FALSE,TRUE,,,,,,,,,,,,,,,,,,,,,,,,,,,,,,,,,,,,,,,,,,,,,,,,83.8,,,,8.098,,,,,,,6.714,,,,,,,,,,,,,,,,,,,,,,,,,,,,,,,,53.04710000,-3.00540000,129.7,,,,,,,,,,,,,,,,,,,,,,,,,,,,Mini 4 Pro,SYNGQKJQTDDADWDCD,CAM5S8Y4W87Z7AGC8,RCS9YGZQ7B45R6WRD,BATBTVFTCBE64QMSD,,,,,,,,Mini 4 Pro,SYNGQKJQTDDADWDCD,,,,DJI Fly,,1.13.5,50A9DCC9-C03F-50BC-9AAA-5F82D89E1DD4,,,,,,,,,,
1773833076,2m 36.0s,156.0,53.04685459,-3.00505457,128.0,137.8,30.0,308.0,1151.5,8.500,10.290,6.489,,-5.491,,-0.000,,1.33,0.00,319.8,319.8,,SMART_RTH,,,18,4,TRUE,,Mini 4 Pro,,,,,,FALSE,TRUE,,,,,,,,,,,,,,,,,,,,,,,,,,,,,,,,,,,,,,,,,,,,,,,,83.7,,,,8.098,,,,,,,6.714,,,,,,,,,,,,,,,,,,,,,,,,,,,,,,,,53.04710000,-3.00540000,117.3,,,,,,,,,,,,,,,,,,,,,,,,,,,,Mini 4 Pro,SYNGQKJQTDDADWDCD,CAM5S8Y4W87Z7AGC8,RCS9YGZQ7B45R6WRD,BATBTVFTCBE64QMSD,,,,,,,,Mini 4 Pro,SYNGQKJQTDDADWDCD,,,,DJI Fly,,1.13.5,50A9DCC9-C03F-50BC-9AAA-5F82D89E1DD4,,,,,,,,,,
1773833077,2m 37.0s,157.0,53.04688067,-3.00509129,128.0,137.8,30.0,308.0,1163.9,8.500,10.290,6.489,,-5.491,,-0.000,,1.33,0.00,319.8,319.8,,SMART_RTH,,,18,4,TRUE,,Mini 4 Pro,,,,,,FALSE,TRUE,,,,,,,,,,,,,,,,,,,,,,,,,,,,,,,,,,,,,,,,,,,,,,,,83.7,,,,8.097,,,,,,,6.714,,,,,,,,,,,,,,,,,,,,,,,,,,,,,,,,53.04710000,-3.00540000,104.8,,,,,,,,,,,,,,,,,,,,,,,,,,,,Mini 4 Pro,SYNGQKJQTDDADWDCD,CAM5S8Y4W87Z7AGC8,RCS9YGZQ7B45R6WRD,BATBTVFTCBE64QMSD,,,,,,,,Mini 4 Pro,SYNGQKJQTDDADWDCD,,,,DJI Fly,,1.13.5,50A9DCC9-C03F-50BC-9AAA-5F82D89E1DD4,,,,,,,,,,
1773833078,2m 38.0s,158.0,53.04690676,-3.00512801,128.0,137.8,30.0,308.0,1176.4,8.500,10.290,6.489,,-5.491,,-0.000,,1.33,0.00,319.8,319.8,,SMART_RTH,,,18,4,TRUE,,Mini 4 Pro,,,,,,FALSE,TRUE,,,,,,,,,,,,,,,,,,,,,,,,,,,,,,,,,,,,,,,,,,,,,,,,83.6,,,,8.096,,,,,,,6.714,,,,,,,,,,,,,,,,,,,,,,,,,,,,,,,,53.04710000,-3.00540000,92.3,,,,,,,,,,,,,,,,,,,,,,,,,,,,Mini 4 Pro,SYNGQKJQTDDADWDCD,CAM5S8Y4W87Z7AGC8,RCS9YGZQ7B45R6WRD,BATBTVFTCBE64QMSD,,,,,,,,Mini 4 Pro,SYNGQKJQTDDADWDCD,,,,DJI Fly,,1.13.5,50A9DCC9-C03F-50BC-9AAA-5F82D89E1DD4,,,,,,,,,,
1773833079,2m 39.0s,159.0,53.04693285,-3.00516473,128.0,137.8,30.0,308.0,1188.9,8.500,10.290,6.489,,-5.491,,-0.000,,1.33,0.00,319.8,319.8,,SMART_RTH,,,18,4,TRUE,,Mini 4 Pro,,,,,,FALSE,TRUE,,,,,,,,,,,,,,,,,,,,,,,,,,,,,,,,,,,,,,,,,,,,,,,,83.6,,,,8.095,,,,,,,6.714,,,,,,,,,,,,,,,,,,,,,,,,,,,,,,,,53.04710000,-3.00540000,79.9,,,,,,,,,,,,,,,,,,,,,,,,,,,,Mini 4 Pro,SYNGQKJQTDDADWDCD,CAM5S8Y4W87Z7AGC8,RCS9YGZQ7B45R6WRD,BATBTVFTCBE64QMSD,,,,,,,,Mini 4 Pro,SYNGQKJQTDDADWDCD,,,,DJI Fly,,1.13.5,50A9DCC9-C03F-50BC-9AAA-5F82D89E1DD4,,,,,,,,,,
1773833080,2m 40.0s,160.0,53.04695894,-3.00520145,128.0,137.8,30.0,308.0,1201.4,8.500,10.290,6.489,,-5.491,,-0.000,,1.33,0.00,319.8,319.8,,SMART_RTH,,,18,4,TRUE,,Mini 4 Pro,,,,,,FALSE,TRUE,,,,,,,,,,,,,,,,,,,,,,,,,,,,,,,,,,,,,,,,,,,,,,,,83.5,,,,8.095,,,,,,,6.714,,,,,,,,,,,,,,,,,,,,,,,,,,,,,,,,53.04710000,-3.00540000,67.4,,,,,,,,,,,,,,,,,,,,,,,,,,,,Mini 4 Pro,SYNGQKJQTDDADWDCD,CAM5S8Y4W87Z7AGC8,RCS9YGZQ7B45R6WRD,BATBTVFTCBE64QMSD,,,,,,,,Mini 4 Pro,SYNGQKJQTDDADWDCD,,,,DJI Fly,,1.13.5,50A9DCC9-C03F-50BC-9AAA-5F82D89E1DD4,,,,,,,,,,
1773833081,2m 41.0s,161.0,53.04698503,-3.00523817,128.0,137.8,30.0,308.0,1213.8,8.500,10.290,6.489,,-5.491,,-0.000,,1.33,0.00,319.8,319.8,,SMART_RTH,,,18,4,TRUE,,Mini 4 Pro,,,,,,FALSE,TRUE,,,,,,,,,,,,,,,,,,,,,,,,,,,,,,,,,,,,,,,,,,,,,,,,83.5,,,,8.094,,,,,,,6.714,,,,,,,,,,,,,,,,,,,,,,,,,,,,,,,,53.04710000,-3.00540000,54.9,,,,,,,,,,,,,,,,,,,,,,,,,,,,Mini 4 Pro,SYNGQKJQTDDADWDCD,CAM5S8Y4W87Z7AGC8,RCS9YGZQ7B45R6WRD,BATBTVFTCBE64QMSD,,,,,,,,Mini 4 Pro,SYNGQKJQTDDADWDCD,,,,DJI Fly,,1.13.5,50A9DCC9-C03F-50BC-9AAA-5F82D89E1DD4,,,,,,,,,,
1773833082,2m 42.0s,162.0,53.04701112,-3.00527489,128.0,137.8,30.0,308.0,1226.3,8.500,10.290,6.489,,-5.491,,-0.000,,1.33,0.00,319.8,319.8,,SMART_RTH,,,18,4,TRUE,,Mini 4 Pro,,,,,,FALSE,TRUE,,,,,,,,,,,,,,,,,,,,,,,,,,,,,,,,,,,,,,,,,,,,,,,,83.4,,,,8.093,,,,,,,6.714,,,,,,,,,,,,,,,,,,,,,,,,,,,,,,,,53.04710000,-3.00540000,42.5,,,,,,,,,,,,,,,,,,,,,,,,,,,,Mini 4 Pro,SYNGQKJQTDDADWDCD,CAM5S8Y4W87Z7AGC8,RCS9YGZQ7B45R6WRD,BATBTVFTCBE64QMSD,,,,,,,,Mini 4 Pro,SYNGQKJQTDDADWDCD,,,,DJI Fly,,1.13.5,50A9DCC9-C03F-50BC-9AAA-5F82D89E1DD4,,,,,,,,,,
1773833083,2m 43.0s,163.0,53.04703720,-3.00531161,128.0,137.8,30.0,308.0,1238.8,8.500,10.290,6.489,,-5.491,,-0.000,,1.33,0.00,319.8,319.8,,SMART_RTH,,,18,4,TRUE,,Mini 4 Pro,,,,,,FALSE,TRUE,,,,,,,,,,,,,,,,,,,,,,,,,,,,,,,,,,,,,,,,,,,,,,,,83.4,,,,8.092,,,,,,,6.714,,,,,,,,,,,,,,,,,,,,,,,,,,,,,,,,53.04710000,-3.00540000,30.0,,,,,,,,,,,,,,,,,,,,,,,,,,,,Mini 4 Pro,SYNGQKJQTDDADWDCD,CAM5S8Y4W87Z7AGC8,RCS9YGZQ7B45R6WRD,BATBTVFTCBE64QMSD,,,,,,,,Mini 4 Pro,SYNGQKJQTDDADWDCD,,,,DJI Fly,,1.13.5,50A9DCC9-C03F-50BC-9AAA-5F82D89E1DD4,,,,,,,,,,
1773833084,2m 44.0s,164.0,53.04706329,-3.00534833,128.0,137.8,30.0,308.0,1251.2,8.500,10.290,6.489,,-5.491,,-0.000,,1.33,0.00,319.8,319.8,,SMART_RTH,,,18,4,TRUE,,Mini 4 Pro,,,,,,FALSE,TRUE,,,,,,,,,,,,,,,,,,,,,,,,,,,,,,,,,,,,,,,,,,,,,,,,83.3,,,,8.092,,,,,,,6.714,,,,,,,,,,,,,,,,,,,,,,,,,,,,,,,,53.04710000,-3.00540000,17.5,,,,,,,,,,,,,,,,,,,,,,,,,,,,Mini 4 Pro,SYNGQKJQTDDADWDCD,CAM5S8Y4W87Z7AGC8,RCS9YGZQ7B45R6WRD,BATBTVFTCBE64QMSD,,,,,,,,Mini 4 Pro,SYNGQKJQTDDADWDCD,,,,DJI Fly,,1.13.5,50A9DCC9-C03F-50BC-9AAA-5F82D89E1DD4,,,,,,,,,,
1773833085,2m 45.0s,165.0,53.04708938,-3.00538505,128.0,137.8,30.0,308.0,1263.7,8.500,10.290,6.489,,-5.491,,-0.000,,1.33,0.00,319.8,319.8,,SMART_RTH,,,18,4,TRUE,,Mini 4 Pro,,,,,,FALSE,TRUE,,,,,,,,,,,,,,,,,,,,,,,,,,,,,,,,,,,,,,,,,,,,,,,,83.3,,,,8.091,,,,,,,6.714,,,,,,,,,,,,,,,,,,,,,,,,,,,,,,,,53.04710000,-3.00540000,5.1,,,,,,,,,,,,,,,,,,,,,,,,,,,,Mini 4 Pro,SYNGQKJQTDDADWDCD,CAM5S8Y4W87Z7AGC8,RCS9YGZQ7B45R6WRD,BATBTVFTCBE64QMSD,,,,,,,,Mini 4 Pro,SYNGQKJQTDDADWDCD,,,,DJI Fly,,1.13.5,50A9DCC9-C03F-50BC-9AAA-5F82D89E1DD4,,,,,,,,,,
1773833086,2m 46.0s,166.0,53.04710000,-3.00540000,128.0,137.8,30.0,308.0,1268.8,3.460,10.290,2.642,,-2.235,,-0.000,,0.54,0.00,319.8,319.8,,SMART_RTH,,,18,4,TRUE,,Mini 4 Pro,,,,,,FALSE,TRUE,,,,,,,,,,,,,,,,,,,,,,,,,,,,,,,,,,,,,,,,,,,,,,,,83.2,,,,8.090,,,,,,,5.475,,,,,,,,,,,,,,,,,,,,,,,,,,,,,,,,53.04710000,-3.00540000,0.0,,,,,,,,,,,,,,,,,,,,,,,,,,,,Mini 4 Pro,SYNGQKJQTDDADWDCD,CAM5S8Y4W87Z7AGC8,RCS9YGZQ7B45R6WRD,BATBTVFTCBE64QMSD,,,,,,,,Mini 4 Pro,SYNGQKJQTDDADWDCD,,,,DJI Fly,,1.13.5,50A9DCC9-C03F-50BC-9AAA-5F82D89E1DD4,,,,,,,,,,
1773833087,2m 47.0s,167.0,53.04710000,-3.00540000,128.0,137.8,30.0,308.0,1268.8,0.000,10.290,0.000,,0.000,,-0.000,,0.00,0.00,319.8,319.8,,SMART_RTH,,,18,4,TRUE,,Mini 4 Pro,,,,,,FALSE,TRUE,,,,,,,,,,,,,,,,,,,,,,,,,,,,,,,,,,,,,,,,,,,,,,,,83.2,,,,8.090,,,,,,,4.624,,,,,,,,,,,,,,,,,,,,,,,,,,,,,,,,53.04710000,-3.00540000,0.0,,,,,,,,,,,,,,,,,,,,,,,,,,,,Mini 4 Pro,SYNGQKJQTDDADWDCD,CAM5S8Y4W87Z7AGC8,RCS9YGZQ7B45R6WRD,BATBTVFTCBE64QMSD,,,,,,,,Mini 4 Pro,SYNGQKJQTDDADWDCD,,,,DJI Fly,,1.13.5,50A9DCC9-C03F-50BC-9AAA-5F82D89E1DD4,,,,,,,,,,
1773833088,2m 48.0s,168.0,53.04710000,-3.00540000,128.0,137.8,30.0,308.0,1268.8,0.000,10.290,0.000,,0.000,,-0.000,,0.00,0.00,319.8,319.8,,SMART_RTH,,,18,4,TRUE,,Mini 4 Pro,,,,,,FALSE,TRUE,,,,,,,,,,,,,,,,,,,,,,,,,,,,,,,,,,,,,,,,,,,,,,,,83.1,,,,8.089,,,,,,,4.624,,,,,,,,,,,,,,,,,,,,,,,,,,,,,,,,53.04710000,-3.00540000,0.0,,,,,,,,,,,,,,,,,,,,,,,,,,,,Mini 4 Pro,SYNGQKJQTDDADWDCD,CAM5S8Y4W87Z7AGC8,RCS9YGZQ7B45R6WRD,BATBTVFTCBE64QMSD,,,,,,,,Mini 4 Pro,SYNGQKJQTDDADWDCD,,,,DJI Fly,,1.13.5,50A9DCC9-C03F-50BC-9AAA-5F82D89E1DD4,,,,,,,,,,
1773833089,2m 49.0s,169.0,53.04710000,-3.00540000,128.0,137.8,30.0,308.0,1268.8,0.000,10.290,0.000,,0.000,,-0.000,,0.00,0.00,319.8,319.8,,SMART_RTH,,,18,4,TRUE,,Mini 4 Pro,,,,,,FALSE,TRUE,,,,,,,,,,,,,,,,,,,,,,,,,,,,,,,,,,,,,,,,,,,,,,,,83.1,,,,8.088,,,,,,,4.624,,,,,,,,,,,,,,,,,,,,,,,,,,,,,,,,53.04710000,-3.00540000,0.0,,,,,,,,,,,,,,,,,,,,,,,,,,,,Mini 4 Pro,SYNGQKJQTDDADWDCD,CAM5S8Y4W87Z7AGC8,RCS9YGZQ7B45R6WRD,BATBTVFTCBE64QMSD,,,,,,,,Mini 4 Pro,SYNGQKJQTDDADWDCD,,,,DJI Fly,,1.13.5,50A9DCC9-C03F-50BC-9AAA-5F82D89E1DD4,,,,,,,,,,
1773833090,2m 50.0s,170.0,53.04710000,-3.00540000,128.0,137.8,30.0,308.0,1268.8,0.000,10.290,0.000,,0.000,,-0.000,,0.00,0.00,319.8,319.8,,SMART_RTH,,,18,4,TRUE,,Mini 4 Pro,,,,,,FALSE,TRUE,,,,,,,,,,,,,,,,,,,,,,,,,,,,,,,,,,,,,,,,,,,,,,,,83.1,,,,8.087,,,,,,,4.624,,,,,,,,,,,,,,,,,,,,,,,,,,,,,,,,53.04710000,-3.00540000,0.0,,,,,,,,,,,,,,,,,,,,,,,,,,,,Mini 4 Pro,SYNGQKJQTDDADWDCD,CAM5S8Y4W87Z7AGC8,RCS9YGZQ7B45R6WRD,BATBTVFTCBE64QMSD,,,,,,,,Mini 4 Pro,SYNGQKJQTDDADWDCD,,,,DJI Fly,,1.13.5,50A9DCC9-C03F-50BC-9AAA-5F82D89E1DD4,,,,,,,,,,
1773833091,2m 51.0s,171.0,53.04710000,-3.00540000,128.0,137.8,30.0,308.0,1268.8,0.000,10.290,0.000,,0.000,,-0.000,,0.00,0.00,319.8,319.8,,SMART_RTH,,,18,4,TRUE,,Mini 4 Pro,,,,,,FALSE,TRUE,,,,,,,,,,,,,,,,,,,,,,,,,,,,,,,,,,,,,,,,,,,,,,,,83.0,,,,8.087,,,,,,,4.624,,,,,,,,,,,,,,,,,,,,,,,,,,,,,,,,53.04710000,-3.00540000,0.0,,,,,,,,,,,,,,,,,,,,,,,,,,,,Mini 4 Pro,SYNGQKJQTDDADWDCD,CAM5S8Y4W87Z7AGC8,RCS9YGZQ7B45R6WRD,BATBTVFTCBE64QMSD,,,,,,,,Mini 4 Pro,SYNGQKJQTDDADWDCD,,,,DJI Fly,,1.13.5,50A9DCC9-C03F-50BC-9AAA-5F82D89E1DD4,,,,,,,,,,
1773833092,2m 52.0s,172.0,53.04710000,-3.00540000,128.0,137.8,30.0,308.0,1268.8,0.000,10.290,0.000,,0.000,,-0.000,,0.00,0.00,319.8,319.8,,SMART_RTH,,,18,4,TRUE,,Mini 4 Pro,,,,,,FALSE,TRUE,,,,,,,,,,,,,,,,,,,,,,,,,,,,,,,,,,,,,,,,,,,,,,,,83.0,,,,8.086,,,,,,,4.624,,,,,,,,,,,,,,,,,,,,,,,,,,,,,,,,53.04710000,-3.00540000,0.0,,,,,,,,,,,,,,,,,,,,,,,,,,,,Mini 4 Pro,SYNGQKJQTDDADWDCD,CAM5S8Y4W87Z7AGC8,RCS9YGZQ7B45R6WRD,BATBTVFTCBE64QMSD,,,,,,,,Mini 4 Pro,SYNGQKJQTDDADWDCD,,,,DJI Fly,,1.13.5,50A9DCC9-C03F-50BC-9AAA-5F82D89E1DD4,,,,,,,,,,
1773833093,2m 53.0s,173.0,53.04710000,-3.00540000,128.0,137.8,30.0,308.0,1268.8,0.000,10.290,0.000,,0.000,,-0.000,,0.00,0.00,319.8,319.8,,SMART_RTH,,,18,4,TRUE,,Mini 4 Pro,,,,,,FALSE,TRUE,,,,,,,,,,,,,,,,,,,,,,,,,,,,,,,,,,,,,,,,,,,,,,,,82.9,,,,8.085,,,,,,,4.624,,,,,,,,,,,,,,,,,,,,,,,,,,,,,,,,53.04710000,-3.00540000,0.0,,,,,,,,,,,,,,,,,,,,,,,,,,,,Mini 4 Pro,SYNGQKJQTDDADWDCD,CAM5S8Y4W87Z7AGC8,RCS9YGZQ7B45R6WRD,BATBTVFTCBE64QMSD,,,,,,,,Mini 4 Pro,SYNGQKJQTDDADWDCD,,,,DJI Fly,,1.13.5,50A9DCC9-C03F-50BC-9AAA-5F82D89E1DD4,,,,,,,,,,
1773833094,2m 54.0s,174.0,53.04710000,-3.00540000,128.0,137.8,30.0,308.0,1268.8,0.000,10.290,0.000,,0.000,,-0.000,,0.00,0.00,319.8,319.8,,SMART_RTH,,,18,4,TRUE,,Mini 4 Pro,,,,,,FALSE,TRUE,,,,,,,,,,,,,,,,,,,,,,,,,,,,,,,,,,,,,,,,,,,,,,,,82.9,,,,8.084,,,,,,,4.624,,,,,,,,,,,,,,,,,,,,,,,,,,,,,,,,53.04710000,-3.00540000,0.0,,,,,,,,,,,,,,,,,,,,,,,,,,,,Mini 4 Pro,SYNGQKJQTDDADWDCD,CAM5S8Y4W87Z7AGC8,RCS9YGZQ7B45R6WRD,BATBTVFTCBE64QMSD,,,,,,,,Mini 4 Pro,SYNGQKJQTDDADWDCD,,,,DJI Fly,,1.13.5,50A9DCC9-C03F-50BC-9AAA-5F82D89E1DD4,,,,,,,,,,
1773833095,2m 55.0s,175.0,53.04710000,-3.00540000,128.0,137.8,30.0,308.0,1268.8,0.000,10.290,0.000,,0.000,,-0.000,,0.00,0.00,319.8,319.8,,SMART_RTH,,,18,4,TRUE,,Mini 4 Pro,,,,,,FALSE,TRUE,,,,,,,,,,,,,,,,,,,,,,,,,,,,,,,,,,,,,,,,,,,,,,,,82.8,,,,8.084,,,,,,,4.624,,,,,,,,,,,,,,,,,,,,,,,,,,,,,,,,53.04710000,-3.00540000,0.0,,,,,,,,,,,,,,,,,,,,,,,,,,,,Mini 4 Pro,SYNGQKJQTDDADWDCD,CAM5S8Y4W87Z7AGC8,RCS9YGZQ7B45R6WRD,BATBTVFTCBE64QMSD,,,,,,,,Mini 4 Pro,SYNGQKJQTDDADWDCD,,,,DJI Fly,,1.13.5,50A9DCC9-C03F-50BC-9AAA-5F82D89E1DD4,,,,,,,,,,
1773833096,2m 56.0s,176.0,53.04710000,-3.00540000,128.0,137.8,30.0,308.0,1268.8,0.000,10.290,0.000,,0.000,,-0.000,,0.00,0.00,319.8,319.8,,SMART_RTH,,,18,4,TRUE,,Mini 4 Pro,,,,,,FALSE,TRUE,,,,,,,,,,,,,,,,,,,,,,,,,,,,,,,,,,,,,,,,,,,,,,,,82.8,,,,8.083,,,,,,,4.624,,,,,,,,,,,,,,,,,,,,,,,,,,,,,,,,53.04710000,-3.00540000,0.0,,,,,,,,,,,,,,,,,,,,,,,,,,,,Mini 4 Pro,SYNGQKJQTDDADWDCD,CAM5S8Y4W87Z7AGC8,RCS9YGZQ7B45R6WRD,BATBTVFTCBE64QMSD,,,,,,,,Mini 4 Pro,SYNGQKJQTDDADWDCD,,,,DJI Fly,,1.13.5,50A9DCC9-C03F-50BC-9AAA-5F82D89E1DD4,,,,,,,,,,
1773833097,2m 57.0s,177.0,53.04710000,-3.00540000,128.0,137.8,30.0,308.0,1268.8,0.000,10.290,0.000,,0.000,,-0.000,,0.00,0.00,319.8,319.8,,SMART_RTH,,,18,4,TRUE,,Mini 4 Pro,,,,,,FALSE,TRUE,,,,,,,,,,,,,,,,,,,,,,,,,,,,,,,,,,,,,,,,,,,,,,,,82.7,,,,8.082,,,,,,,4.624,,,,,,,,,,,,,,,,,,,,,,,,,,,,,,,,53.04710000,-3.00540000,0.0,,,,,,,,,,,,,,,,,,,,,,,,,,,,Mini 4 Pro,SYNGQKJQTDDADWDCD,CAM5S8Y4W87Z7AGC8,RCS9YGZQ7B45R6WRD,BATBTVFTCBE64QMSD,,,,,,,,Mini 4 Pro,SYNGQKJQTDDADWDCD,,,,DJI Fly,,1.13.5,50A9DCC9-C03F-50BC-9AAA-5F82D89E1DD4,,,,,,,,,,
1773833098,2m 58.0s,178.0,53.04710000,-3.00540000,128.0,137.8,30.0,308.0,1268.8,0.000,10.290,0.000,,0.000,,-0.000,,0.00,0.00,319.8,319.8,,SMART_RTH,,,18,4,TRUE,,Mini 4 Pro,,,,,,FALSE,TRUE,,,,,,,,,,,,,,,,,,,,,,,,,,,,,,,,,,,,,,,,,,,,,,,,82.7,,,,8.082,,,,,,,4.624,,,,,,,,,,,,,,,,,,,,,,,,,,,,,,,,53.04710000,-3.00540000,0.0,,,,,,,,,,,,,,,,,,,,,,,,,,,,Mini 4 Pro,SYNGQKJQTDDADWDCD,CAM5S8Y4W87Z7AGC8,RCS9YGZQ7B45R6WRD,BATBTVFTCBE64QMSD,,,,,,,,Mini 4 Pro,SYNGQKJQTDDADWDCD,,,,DJI Fly,,1.13.5,50A9DCC9-C03F-50BC-9AAA-5F82D89E1DD4,,,,,,,,,,
1773833099,2m 59.0s,179.0,53.04710000,-3.00540000,128.0,137.8,30.0,308.0,1268.8,0.000,10.290,0.000,,0.000,,-0.000,,0.00,0.00,319.8,319.8,,SMART_RTH,,,18,4,TRUE,,Mini 4 Pro,,,,,,FALSE,TRUE,,,,,,,,,,,,,,,,,,,,,,,,,,,,,,,,,,,,,,,,,,,,,,,,82.6,,,,8.081,,,,,,,4.624,,,,,,,,,,,,,,,,,,,,,,,,,,,,,,,,53.04710000,-3.00540000,0.0,,,,,,,,,,,,,,,,,,,,,,,,,,,,Mini 4 Pro,SYNGQKJQTDDADWDCD,CAM5S8Y4W87Z7AGC8,RCS9YGZQ7B45R6WRD,BATBTVFTCBE64QMSD,,,,,,,,Mini 4 Pro,SYNGQKJQTDDADWDCD,,,,DJI Fly,,1.13.5,50A9DCC9-C03F-50BC-9AAA-5F82D89E1DD4,,,,,,,,,,
1773833100,3m 0.0s,180.0,53.04710000,-3.00540000,128.0,137.8,30.0,308.0,1268.8,0.000,10.290,0.000,,0.000,,-0.000,,0.00,0.00,319.8,319.8,,SMART_RTH,,,18,4,TRUE,,Mini 4 Pro,,,,,,FALSE,TRUE,,,,,,,,,,,,,,,,,,,,,,,,,,,,,,,,,,,,,,,,,,,,,,,,82.6,,,,8.080,,,,,,,4.624,,,,,,,,,,,,,,,,,,,,,,,,,,,,,,,,53.04710000,-3.00540000,0.0,,,,,,,,,,,,,,,,,,,,,,,,,,,,Mini 4 Pro,SYNGQKJQTDDADWDCD,CAM5S8Y4W87Z7AGC8,RCS9YGZQ7B45R6WRD,BATBTVFTCBE64QMSD,,,,,,,,Mini 4 Pro,SYNGQKJQTDDADWDCD,,,,DJI Fly,,1.13.5,50A9DCC9-C03F-50BC-9AAA-5F82D89E1DD4,,,,,,,,,,
1773833101,3m 1.0s,181.0,53.04710000,-3.00540000,128.0,137.8,30.0,308.0,1268.8,0.000,10.290,0.000,,0.000,,-0.000,,0.00,0.00,319.8,319.8,,SMART_RTH,,,18,4,TRUE,,Mini 4 Pro,,,,,,FALSE,TRUE,,,,,,,,,,,,,,,,,,,,,,,,,,,,,,,,,,,,,,,,,,,,,,,,82.5,,,,8.079,,,,,,,4.624,,,,,,,,,,,,,,,,,,,,,,,,,,,,,,,,53.04710000,-3.00540000,0.0,,,,,,,,,,,,,,,,,,,,,,,,,,,,Mini 4 Pro,SYNGQKJQTDDADWDCD,CAM5S8Y4W87Z7AGC8,RCS9YGZQ7B45R6WRD,BATBTVFTCBE64QMSD,,,,,,,,Mini 4 Pro,SYNGQKJQTDDADWDCD,,,,DJI Fly,,1.13.5,50A9DCC9-C03F-50BC-9AAA-5F82D89E1DD4,,,,,,,,,,
1773833102,3m 2.0s,182.0,53.04710000,-3.00540000,128.0,137.8,30.0,308.0,1268.8,0.000,10.290,0.000,,0.000,,-0.000,,0.00,0.00,319.8,319.8,,SMART_RTH,,,18,4,TRUE,,Mini 4 Pro,,,,,,FALSE,TRUE,,,,,,,,,,,,,,,,,,,,,,,,,,,,,,,,,,,,,,,,,,,,,,,,82.5,,,,8.079,,,,,,,4.624,,,,,,,,,,,,,,,,,,,,,,,,,,,,,,,,53.04710000,-3.00540000,0.0,,,,,,,,,,,,,,,,,,,,,,,,,,,,Mini 4 Pro,SYNGQKJQTDDADWDCD,CAM5S8Y4W87Z7AGC8,RCS9YGZQ7B45R6WRD,BATBTVFTCBE64QMSD,,,,,,,,Mini 4 Pro,SYNGQKJQTDDADWDCD,,,,DJI Fly,,1.13.5,50A9DCC9-C03F-50BC-9AAA-5F82D89E1DD4,,,,,,,,,,
1773833103,3m 3.0s,183.0,53.04710000,-3.00540000,128.0,137.8,30.0,308.0,1268.8,0.000,10.290,0.000,,0.000,,-0.000,,0.00,0.00,319.8,319.8,,SMART_RTH,,,18,4,TRUE,,Mini 4 Pro,,,,,,FALSE,TRUE,,,,,,,,,,,,,,,,,,,,,,,,,,,,,,,,,,,,,,,,,,,,,,,,82.4,,,,8.078,,,,,,,4.624,,,,,,,,,,,,,,,,,,,,,,,,,,,,,,,,53.04710000,-3.00540000,0.0,,,,,,,,,,,,,,,,,,,,,,,,,,,,Mini 4 Pro,SYNGQKJQTDDADWDCD,CAM5S8Y4W87Z7AGC8,RCS9YGZQ7B45R6WRD,BATBTVFTCBE64QMSD,,,,,,,,Mini 4 Pro,SYNGQKJQTDDADWDCD,,,,DJI Fly,,1.13.5,50A9DCC9-C03F-50BC-9AAA-5F82D89E1DD4,,,,,,,,,,
1773833104,3m 4.0s,184.0,53.04710000,-3.00540000,128.0,137.8,30.0,308.0,1268.8,0.000,10.290,0.000,,0.000,,-0.000,,0.00,0.00,319.8,319.8,,SMART_RTH,,,18,4,TRUE,,Mini 4 Pro,,,,,,FALSE,TRUE,,,,,,,,,,,,,,,,,,,,,,,,,,,,,,,,,,,,,,,,,,,,,,,,82.4,,,,8.077,,,,,,,4.624,,,,,,,,,,,,,,,,,,,,,,,,,,,,,,,,53.04710000,-3.00540000,0.0,,,,,,,,,,,,,,,,,,,,,,,,,,,,Mini 4 Pro,SYNGQKJQTDDADWDCD,CAM5S8Y4W87Z7AGC8,RCS9YGZQ7B45R6WRD,BATBTVFTCBE64QMSD,,,,,,,,Mini 4 Pro,SYNGQKJQTDDADWDCD,,,,DJI Fly,,1.13.5,50A9DCC9-C03F-50BC-9AAA-5F82D89E1DD4,,,,,,,,,,
1773833105,3m 5.0s,185.0,53.04710000,-3.00540000,128.0,137.8,30.0,308.0,1268.8,0.000,10.290,0.000,,0.000,,-0.000,,0.00,0.00,319.8,319.8,,SMART_RTH,,,18,4,TRUE,,Mini 4 Pro,,,,,,FALSE,TRUE,,,,,,,,,,,,,,,,,,,,,,,,,,,,,,,,,,,,,,,,,,,,,,,,82.4,,,,8.077,,,,,,,4.624,,,,,,,,,,,,,,,,,,,,,,,,,,,,,,,,53.04710000,-3.00540000,0.0,,,,,,,,,,,,,,,,,,,,,,,,,,,,Mini 4 Pro,SYNGQKJQTDDADWDCD,CAM5S8Y4W87Z7AGC8,RCS9YGZQ7B45R6WRD,BATBTVFTCBE64QMSD,,,,,,,,Mini 4 Pro,SYNGQKJQTDDADWDCD,,,,DJI Fly,,1.13.5,50A9DCC9-C03F-50BC-9AAA-5F82D89E1DD4,,,,,,,,,,
1773833106,3m 6.0s,186.0,53.04710000,-3.00540000,128.0,137.8,30.0,308.0,1268.8,0.000,10.290,0.000,,0.000,,-0.000,,0.00,0.00,319.8,319.8,,SMART_RTH,,,18,4,TRUE,,Mini 4 Pro,,,,,,FALSE,TRUE,,,,,,,,,,,,,,,,,,,,,,,,,,,,,,,,,,,,,,,,,,,,,,,,82.3,,,,8.076,,,,,,,4.624,,,,,,,,,,,,,,,,,,,,,,,,,,,,,,,,53.04710000,-3.00540000,0.0,,,,,,,,,,,,,,,,,,,,,,,,,,,,Mini 4 Pro,SYNGQKJQTDDADWDCD,CAM5S8Y4W87Z7AGC8,RCS9YGZQ7B45R6WRD,BATBTVFTCBE64QMSD,,,,,,,,Mini 4 Pro,SYNGQKJQTDDADWDCD,,,,DJI Fly,,1.13.5,50A9DCC9-C03F-50BC-9AAA-5F82D89E1DD4,,,,,,,,,,
1773833107,3m 7.0s,187.0,53.04710000,-3.00540000,128.0,137.8,30.0,308.0,1268.8,0.000,10.290,0.000,,0.000,,-0.000,,0.00,0.00,319.8,319.8,,SMART_RTH,,,18,4,TRUE,,Mini 4 Pro,,,,,,FALSE,TRUE,,,,,,,,,,,,,,,,,,,,,,,,,,,,,,,,,,,,,,,,,,,,,,,,82.3,,,,8.075,,,,,,,4.624,,,,,,,,,,,,,,,,,,,,,,,,,,,,,,,,53.04710000,-3.00540000,0.0,,,,,,,,,,,,,,,,,,,,,,,,,,,,Mini 4 Pro,SYNGQKJQTDDADWDCD,CAM5S8Y4W87Z7AGC8,RCS9YGZQ7B45R6WRD,BATBTVFTCBE64QMSD,,,,,,,,Mini 4 Pro,SYNGQKJQTDDADWDCD,,,,DJI Fly,,1.13.5,50A9DCC9-C03F-50BC-9AAA-5F82D89E1DD4,,,,,,,,,,
1773833108,3m 8.0s,188.0,53.04710000,-3.00540000,128.0,137.8,30.0,308.0,1268.8,0.000,10.290,0.000,,0.000,,-0.000,,0.00,0.00,319.8,319.8,,SMART_RTH,,,18,4,TRUE,,Mini 4 Pro,,,,,,FALSE,TRUE,,,,,,,,,,,,,,,,,,,,,,,,,,,,,,,,,,,,,,,,,,,,,,,,82.2,,,,8.074,,,,,,,4.624,,,,,,,,,,,,,,,,,,,,,,,,,,,,,,,,53.04710000,-3.00540000,0.0,,,,,,,,,,,,,,,,,,,,,,,,,,,,Mini 4 Pro,SYNGQKJQTDDADWDCD,CAM5S8Y4W87Z7AGC8,RCS9YGZQ7B45R6WRD,BATBTVFTCBE64QMSD,,,,,,,,Mini 4 Pro,SYNGQKJQTDDADWDCD,,,,DJI Fly,,1.13.5,50A9DCC9-C03F-50BC-9AAA-5F82D89E1DD4,,,,,,,,,,
1773833109,3m 9.0s,189.0,53.04710000,-3.00540000,128.0,137.8,30.0,308.0,1268.8,0.000,10.290,0.000,,0.000,,-0.000,,0.00,0.00,319.8,319.8,,SMART_RTH,,,18,4,TRUE,,Mini 4 Pro,,,,,,FALSE,TRUE,,,,,,,,,,,,,,,,,,,,,,,,,,,,,,,,,,,,,,,,,,,,,,,,82.2,,,,8.074,,,,,,,4.624,,,,,,,,,,,,,,,,,,,,,,,,,,,,,,,,53.04710000,-3.00540000,0.0,,,,,,,,,,,,,,,,,,,,,,,,,,,,Mini 4 Pro,SYNGQKJQTDDADWDCD,CAM5S8Y4W87Z7AGC8,RCS9YGZQ7B45R6WRD,BATBTVFTCBE64QMSD,,,,,,,,Mini 4 Pro,SYNGQKJQTDDADWDCD,,,,DJI Fly,,1.13.5,50A9DCC9-C03F-50BC-9AAA-5F82D89E1DD4,,,,,,,,,,
1773833110,3m 10.0s,190.0,53.04710000,-3.00540000,122.7,137.8,30.0,302.7,1268.8,0.000,10.290,0.000,,0.000,,3.579,,-6.40,0.00,319.8,319.8,,LANDING,,,18,4,TRUE,,Mini 4 Pro,,,,,,FALSE,TRUE,,,,,,,,,,,,,,,,,,,,,,,,,,,,,,,,,,,,,,,,,,,,,,,,82.1,,,,8.073,,,,,,,4.624,,,,,,,,,,,,,,,,,,,,,,,,,,,,,,,,53.04710000,-3.00540000,0.0,,,,,,,,,,,,,,,,,,,,,,,,,,,,Mini 4 Pro,SYNGQKJQTDDADWDCD,CAM5S8Y4W87Z7AGC8,RCS9YGZQ7B45R6WRD,BATBTVFTCBE64QMSD,,,,,,,,Mini 4 Pro,SYNGQKJQTDDADWDCD,,,,DJI Fly,,1.13.5,50A9DCC9-C03F-50BC-9AAA-5F82D89E1DD4,,,,,,,,,,
1773833111,3m 11.0s,191.0,53.04710000,-3.00540000,117.5,137.8,30.0,297.5,1268.8,0.000,10.290,0.000,,0.000,,3.579,,-6.40,0.00,319.8,319.8,,LANDING,,,18,4,TRUE,,Mini 4 Pro,,,,,,FALSE,TRUE,,,,,,,,,,,,,,,,,,,,,,,,,,,,,,,,,,,,,,,,,,,,,,,,82.1,,,,8.072,,,,,,,4.624,,,,,,,,,,,,,,,,,,,,,,,,,,,,,,,,53.04710000,-3.00540000,0.0,,,,,,,,,,,,,,,,,,,,,,,,,,,,Mini 4 Pro,SYNGQKJQTDDADWDCD,CAM5S8Y4W87Z7AGC8,RCS9YGZQ7B45R6WRD,BATBTVFTCBE64QMSD,,,,,,,,Mini 4 Pro,SYNGQKJQTDDADWDCD,,,,DJI Fly,,1.13.5,50A9DCC9-C03F-50BC-9AAA-5F82D89E1DD4,,,,,,,,,,
1773833112,3m 12.0s,192.0,53.04710000,-3.00540000,112.2,137.8,30.0,292.2,1268.8,0.000,10.290,0.000,,0.000,,3.579,,-6.40,0.00,319.8,319.8,,LANDING,,,18,4,TRUE,,Mini 4 Pro,,,,,,FALSE,TRUE,,,,,,,,,,,,,,,,,,,,,,,,,,,,,,,,,,,,,,,,,,,,,,,,82.0,,,,8.071,,,,,,,4.624,,,,,,,,,,,,,,,,,,,,,,,,,,,,,,,,53.04710000,-3.00540000,0.0,,,,,,,,,,,,,,,,,,,,,,,,,,,,Mini 4 Pro,SYNGQKJQTDDADWDCD,CAM5S8Y4W87Z7AGC8,RCS9YGZQ7B45R6WRD,BATBTVFTCBE64QMSD,,,,,,,,Mini 4 Pro,SYNGQKJQTDDADWDCD,,,,DJI Fly,,1.13.5,50A9DCC9-C03F-50BC-9AAA-5F82D89E1DD4,,,,,,,,,,
1773833113,3m 13.0s,193.0,53.04710000,-3.00540000,107.0,137.8,30.0,287.0,1268.8,0.000,10.290,0.000,,0.000,,3.579,,-6.40,0.00,319.8,319.8,,LANDING,,,18,4,TRUE,,Mini 4 Pro,,,,,,FALSE,TRUE,,,,,,,,,,,,,,,,,,,,,,,,,,,,,,,,,,,,,,,,,,,,,,,,82.0,,,,8.071,,,,,,,4.624,,,,,,,,,,,,,,,,,,,,,,,,,,,,,,,,53.04710000,-3.00540000,0.0,,,,,,,,,,,,,,,,,,,,,,,,,,,,Mini 4 Pro,SYNGQKJQTDDADWDCD,CAM5S8Y4W87Z7AGC8,RCS9YGZQ7B45R6WRD,BATBTVFTCBE64QMSD,,,,,,,,Mini 4 Pro,SYNGQKJQTDDADWDCD,,,,DJI Fly,,1.13.5,50A9DCC9-C03F-50BC-9AAA-5F82D89E1DD4,,,,,,,,,,
1773833114,3m 14.0s,194.0,53.04710000,-3.00540000,101.7,137.8,30.0,281.7,1268.8,0.000,10.290,0.000,,0.000,,3.579,,-6.40,0.00,319.8,319.8,,LANDING,,,18,4,TRUE,,Mini 4 Pro,,,,,,FALSE,TRUE,,,,,,,,,,,,,,,,,,,,,,,,,,,,,,,,,,,,,,,,,,,,,,,,81.9,,,,8.070,,,,,,,4.624,,,,,,,,,,,,,,,,,,,,,,,,,,,,,,,,53.04710000,-3.00540000,0.0,,,,,,,,,,,,,,,,,,,,,,,,,,,,Mini 4 Pro,SYNGQKJQTDDADWDCD,CAM5S8Y4W87Z7AGC8,RCS9YGZQ7B45R6WRD,BATBTVFTCBE64QMSD,,,,,,,,Mini 4 Pro,SYNGQKJQTDDADWDCD,,,,DJI Fly,,1.13.5,50A9DCC9-C03F-50BC-9AAA-5F82D89E1DD4,,,,,,,,,,
1773833115,3m 15.0s,195.0,53.04710000,-3.00540000,96.5,137.8,30.0,276.5,1268.8,0.000,10.290,0.000,,0.000,,3.579,,-6.40,0.00,319.8,319.8,,LANDING,,,18,4,TRUE,,Mini 4 Pro,,,,,,FALSE,TRUE,,,,,,,,,,,,,,,,,,,,,,,,,,,,,,,,,,,,,,,,,,,,,,,,81.9,,,,8.069,,,,,,,4.624,,,,,,,,,,,,,,,,,,,,,,,,,,,,,,,,53.04710000,-3.00540000,0.0,,,,,,,,,,,,,,,,,,,,,,,,,,,,Mini 4 Pro,SYNGQKJQTDDADWDCD,CAM5S8Y4W87Z7AGC8,RCS9YGZQ7B45R6WRD,BATBTVFTCBE64QMSD,,,,,,,,Mini 4 Pro,SYNGQKJQTDDADWDCD,,,,DJI Fly,,1.13.5,50A9DCC9-C03F-50BC-9AAA-5F82D89E1DD4,,,,,,,,,,
1773833116,3m 16.0s,196.0,53.04710000,-3.00540000,91.2,137.8,30.0,271.2,1268.8,0.000,10.290,0.000,,0.000,,3.579,,-6.40,0.00,319.8,319.8,,LANDING,,,18,4,TRUE,,Mini 4 Pro,,,,,,FALSE,TRUE,,,,,,,,,,,,,,,,,,,,,,,,,,,,,,,,,,,,,,,,,,,,,,,,81.8,,,,8.069,,,,,,,4.624,,,,,,,,,,,,,,,,,,,,,,,,,,,,,,,,53.04710000,-3.00540000,0.0,,,,,,,,,,,,,,,,,,,,,,,,,,,,Mini 4 Pro,SYNGQKJQTDDADWDCD,CAM5S8Y4W87Z7AGC8,RCS9YGZQ7B45R6WRD,BATBTVFTCBE64QMSD,,,,,,,,Mini 4 Pro,SYNGQKJQTDDADWDCD,,,,DJI Fly,,1.13.5,50A9DCC9-C03F-50BC-9AAA-5F82D89E1DD4,,,,,,,,,,
1773833117,3m 17.0s,197.0,53.04710000,-3.00540000,86.0,137.8,30.0,266.0,1268.8,0.000,10.290,0.000,,0.000,,3.579,,-6.40,0.00,319.8,319.8,,LANDING,,,18,4,TRUE,,Mini 4 Pro,,,,,,FALSE,TRUE,,,,,,,,,,,,,,,,,,,,,,,,,,,,,,,,,,,,,,,,,,,,,,,,81.8,,,,8.068,,,,,,,4.624,,,,,,,,,,,,,,,,,,,,,,,,,,,,,,,,53.04710000,-3.00540000,0.0,,,,,,,,,,,,,,,,,,,,,,,,,,,,Mini 4 Pro,SYNGQKJQTDDADWDCD,CAM5S8Y4W87Z7AGC8,RCS9YGZQ7B45R6WRD,BATBTVFTCBE64QMSD,,,,,,,,Mini 4 Pro,SYNGQKJQTDDADWDCD,,,,DJI Fly,,1.13.5,50A9DCC9-C03F-50BC-9AAA-5F82D89E1DD4,,,,,,,,,,
1773833118,3m 18.0s,198.0,53.04710000,-3.00540000,80.7,137.8,30.0,260.7,1268.8,0.000,10.290,0.000,,0.000,,3.579,,-6.40,0.00,319.8,319.8,,LANDING,,,18,4,TRUE,,Mini 4 Pro,,,,,,FALSE,TRUE,,,,,,,,,,,,,,,,,,,,,,,,,,,,,,,,,,,,,,,,,,,,,,,,81.7,,,,8.067,,,,,,,4.624,,,,,,,,,,,,,,,,,,,,,,,,,,,,,,,,53.04710000,-3.00540000,0.0,,,,,,,,,,,,,,,,,,,,,,,,,,,,Mini 4 Pro,SYNGQKJQTDDADWDCD,CAM5S8Y4W87Z7AGC8,RCS9YGZQ7B45R6WRD,BATBTVFTCBE64QMSD,,,,,,,,Mini 4 Pro,SYNGQKJQTDDADWDCD,,,,DJI Fly,,1.13.5,50A9DCC9-C03F-50BC-9AAA-5F82D89E1DD4,,,,,,,,,,
1773833119,3m 19.0s,199.0,53.04710000,-3.00540000,75.5,137.8,30.0,255.5,1268.8,0.000,10.290,0.000,,0.000,,3.579,,-6.40,0.00,319.8,319.8,,LANDING,,,18,4,TRUE,,Mini 4 Pro,,,,,,FALSE,TRUE,,,,,,,,,,,,,,,,,,,,,,,,,,,,,,,,,,,,,,,,,,,,,,,,81.7,,,,8.066,,,,,,,4.624,,,,,,,,,,,,,,,,,,,,,,,,,,,,,,,,53.04710000,-3.00540000,0.0,,,,,,,,,,,,,,,,,,,,,,,,,,,,Mini 4 Pro,SYNGQKJQTDDADWDCD,CAM5S8Y4W87Z7AGC8,RCS9YGZQ7B45R6WRD,BATBTVFTCBE64QMSD,,,,,,,,Mini 4 Pro,SYNGQKJQTDDADWDCD,,,,DJI Fly,,1.13.5,50A9DCC9-C03F-50BC-9AAA-5F82D89E1DD4,,,,,,,,,,
1773833120,3m 20.0s,200.0,53.04710000,-3.00540000,70.2,137.8,30.0,250.2,1268.8,0.000,10.290,0.000,,0.000,,3.579,,-6.40,0.00,319.8,319.8,,LANDING,,,18,4,TRUE,,Mini 4 Pro,,,,,,FALSE,TRUE,,,,,,,,,,,,,,,,,,,,,,,,,,,,,,,,,,,,,,,,,,,,,,,,81.7,,,,8.066,,,,,,,4.624,,,,,,,,,,,,,,,,,,,,,,,,,,,,,,,,53.04710000,-3.00540000,0.0,,,,,,,,,,,,,,,,,,,,,,,,,,,,Mini 4 Pro,SYNGQKJQTDDADWDCD,CAM5S8Y4W87Z7AGC8,RCS9YGZQ7B45R6WRD,BATBTVFTCBE64QMSD,,,,,,,,Mini 4 Pro,SYNGQKJQTDDADWDCD,,,,DJI Fly,,1.13.5,50A9DCC9-C03F-50BC-9AAA-5F82D89E1DD4,,,,,,,,,,
1773833121,3m 21.0s,201.0,53.04710000,-3.00540000,65.0,137.8,30.0,245.0,1268.8,0.000,10.290,0.000,,0.000,,3.579,,-6.40,0.00,319.8,319.8,,LANDING,,,18,4,TRUE,,Mini 4 Pro,,,,,,FALSE,TRUE,,,,,,,,,,,,,,,,,,,,,,,,,,,,,,,,,,,,,,,,,,,,,,,,81.6,,,,8.065,,,,,,,4.624,,,,,,,,,,,,,,,,,,,,,,,,,,,,,,,,53.04710000,-3.00540000,0.0,,,,,,,,,,,,,,,,,,,,,,,,,,,,Mini 4 Pro,SYNGQKJQTDDADWDCD,CAM5S8Y4W87Z7AGC8,RCS9YGZQ7B45R6WRD,BATBTVFTCBE64QMSD,,,,,,,,Mini 4 Pro,SYNGQKJQTDDADWDCD,,,,DJI Fly,,1.13.5,50A9DCC9-C03F-50BC-9AAA-5F82D89E1DD4,,,,,,,,,,
1773833122,3m 22.0s,202.0,53.04710000,-3.00540000,59.7,137.8,30.0,239.7,1268.8,0.000,10.290,0.000,,0.000,,3.579,,-6.40,0.00,319.8,319.8,,LANDING,,,18,4,TRUE,,Mini 4 Pro,,,,,,FALSE,TRUE,,,,,,,,,,,,,,,,,,,,,,,,,,,,,,,,,,,,,,,,,,,,,,,,81.6,,,,8.064,,,,,,,4.624,,,,,,,,,,,,,,,,,,,,,,,,,,,,,,,,53.04710000,-3.00540000,0.0,,,,,,,,,,,,,,,,,,,,,,,,,,,,Mini 4 Pro,SYNGQKJQTDDADWDCD,CAM5S8Y4W87Z7AGC8,RCS9YGZQ7B45R6WRD,BATBTVFTCBE64QMSD,,,,,,,,Mini 4 Pro,SYNGQKJQTDDADWDCD,,,,DJI Fly,,1.13.5,50A9DCC9-C03F-50BC-9AAA-5F82D89E1DD4,,,,,,,,,,
1773833123,3m 23.0s,203.0,53.04710000,-3.00540000,54.5,137.8,30.0,234.5,1268.8,0.000,10.290,0.000,,0.000,,3.579,,-6.40,0.00,319.8,319.8,,LANDING,,,18,4,TRUE,,Mini 4 Pro,,,,,,FALSE,TRUE,,,,,,,,,,,,,,,,,,,,,,,,,,,,,,,,,,,,,,,,,,,,,,,,81.5,,,,8.063,,,,,,,4.624,,,,,,,,,,,,,,,,,,,,,,,,,,,,,,,,53.04710000,-3.00540000,0.0,,,,,,,,,,,,,,,,,,,,,,,,,,,,Mini 4 Pro,SYNGQKJQTDDADWDCD,CAM5S8Y4W87Z7AGC8,RCS9YGZQ7B45R6WRD,BATBTVFTCBE64QMSD,,,,,,,,Mini 4 Pro,SYNGQKJQTDDADWDCD,,,,DJI Fly,,1.13.5,50A9DCC9-C03F-50BC-9AAA-5F82D89E1DD4,,,,,,,,,,
1773833124,3m 24.0s,204.0,53.04710000,-3.00540000,49.2,137.8,30.0,229.2,1268.8,0.000,10.290,0.000,,0.000,,3.579,,-6.40,0.00,319.8,319.8,,LANDING,,,18,4,TRUE,,Mini 4 Pro,,,,,,FALSE,TRUE,,,,,,,,,,,,,,,,,,,,,,,,,,,,,,,,,,,,,,,,,,,,,,,,81.5,,,,8.063,,,,,,,4.624,,,,,,,,,,,,,,,,,,,,,,,,,,,,,,,,53.04710000,-3.00540000,0.0,,,,,,,,,,,,,,,,,,,,,,,,,,,,Mini 4 Pro,SYNGQKJQTDDADWDCD,CAM5S8Y4W87Z7AGC8,RCS9YGZQ7B45R6WRD,BATBTVFTCBE64QMSD,,,,,,,,Mini 4 Pro,SYNGQKJQTDDADWDCD,,,,DJI Fly,,1.13.5,50A9DCC9-C03F-50BC-9AAA-5F82D89E1DD4,,,,,,,,,,
1773833125,3m 25.0s,205.0,53.04710000,-3.00540000,44.0,137.8,30.0,224.0,1268.8,0.000,10.290,0.000,,0.000,,3.579,,-6.40,0.00,319.8,319.8,,LANDING,,,18,4,TRUE,,Mini 4 Pro,,,,,,FALSE,TRUE,,,,,,,,,,,,,,,,,,,,,,,,,,,,,,,,,,,,,,,,,,,,,,,,81.4,,,,8.062,,,,,,,4.624,,,,,,,,,,,,,,,,,,,,,,,,,,,,,,,,53.04710000,-3.00540000,0.0,,,,,,,,,,,,,,,,,,,,,,,,,,,,Mini 4 Pro,SYNGQKJQTDDADWDCD,CAM5S8Y4W87Z7AGC8,RCS9YGZQ7B45R6WRD,BATBTVFTCBE64QMSD,,,,,,,,Mini 4 Pro,SYNGQKJQTDDADWDCD,,,,DJI Fly,,1.13.5,50A9DCC9-C03F-50BC-9AAA-5F82D89E1DD4,,,,,,,,,,
1773833126,3m 26.0s,206.0,53.04710000,-3.00540000,38.7,137.8,30.0,218.7,1268.8,0.000,10.290,0.000,,0.000,,3.579,,-6.40,0.00,319.8,319.8,,LANDING,,,18,4,TRUE,,Mini 4 Pro,,,,,,FALSE,TRUE,,,,,,,,,,,,,,,,,,,,,,,,,,,,,,,,,,,,,,,,,,,,,,,,81.4,,,,8.061,,,,,,,4.624,,,,,,,,,,,,,,,,,,,,,,,,,,,,,,,,53.04710000,-3.00540000,0.0,,,,,,,,,,,,,,,,,,,,,,,,,,,,Mini 4 Pro,SYNGQKJQTDDADWDCD,CAM5S8Y4W87Z7AGC8,RCS9YGZQ7B45R6WRD,BATBTVFTCBE64QMSD,,,,,,,,Mini 4 Pro,SYNGQKJQTDDADWDCD,,,,DJI Fly,,1.13.5,50A9DCC9-C03F-50BC-9AAA-5F82D89E1DD4,,,,,,,,,,
1773833127,3m 27.0s,207.0,53.04710000,-3.00540000,33.5,137.8,30.0,213.5,1268.8,0.000,10.290,0.000,,0.000,,3.579,,-6.40,0.00,319.8,319.8,,LANDING,,,18,4,TRUE,,Mini 4 Pro,,,,,,FALSE,TRUE,,,,,,,,,,,,,,,,,,,,,,,,,,,,,,,,,,,,,,,,,,,,,,,,81.3,,,,8.061,,,,,,,4.624,,,,,,,,,,,,,,,,,,,,,,,,,,,,,,,,53.04710000,-3.00540000,0.0,,,,,,,,,,,,,,,,,,,,,,,,,,,,Mini 4 Pro,SYNGQKJQTDDADWDCD,CAM5S8Y4W87Z7AGC8,RCS9YGZQ7B45R6WRD,BATBTVFTCBE64QMSD,,,,,,,,Mini 4 Pro,SYNGQKJQTDDADWDCD,,,,DJI Fly,,1.13.5,50A9DCC9-C03F-50BC-9AAA-5F82D89E1DD4,,,,,,,,,,
1773833128,3m 28.0s,208.0,53.04710000,-3.00540000,28.2,137.8,28.2,208.2,1268.8,0.000,10.290,0.000,,0.000,,3.579,,-6.40,0.00,319.8,319.8,,LANDING,,,18,4,TRUE,,Mini 4 Pro,,,,,,FALSE,TRUE,,,,,,,,,,,,,,,,,,,,,,,,,,,,,,,,,,,,,,,,,,,,,,,,81.3,,,,8.060,,,,,,,4.624,,,,,,,,,,,,,,,,,,,,,,,,,,,,,,,,53.04710000,-3.00540000,0.0,,,,,,,,,,,,,,,,,,,,,,,,,,,,Mini 4 Pro,SYNGQKJQTDDADWDCD,CAM5S8Y4W87Z7AGC8,RCS9YGZQ7B45R6WRD,BATBTVFTCBE64QMSD,,,,,,,,Mini 4 Pro,SYNGQKJQTDDADWDCD,,,,DJI Fly,,1.13.5,50A9DCC9-C03F-50BC-9AAA-5F82D89E1DD4,,,,,,,,,,
1773833129,3m 29.0s,209.0,53.04710000,-3.00540000,23.0,137.8,23.0,203.0,1268.8,0.000,10.290,0.000,,0.000,,3.579,,-6.40,0.00,319.8,319.8,,LANDING,,,18,4,TRUE,,Mini 4 Pro,,,,,,FALSE,TRUE,,,,,,,,,,,,,,,,,,,,,,,,,,,,,,,,,,,,,,,,,,,,,,,,81.2,,,,8.059,,,,,,,4.624,,,,,,,,,,,,,,,,,,,,,,,,,,,,,,,,53.04710000,-3.00540000,0.0,,,,,,,,,,,,,,,,,,,,,,,,,,,,Mini 4 Pro,SYNGQKJQTDDADWDCD,CAM5S8Y4W87Z7AGC8,RCS9YGZQ7B45R6WRD,BATBTVFTCBE64QMSD,,,,,,,,Mini 4 Pro,SYNGQKJQTDDADWDCD,,,,DJI Fly,,1.13.5,50A9DCC9-C03F-50BC-9AAA-5F82D89E1DD4,,,,,,,,,,
1773833130,3m 30.0s,210.0,53.04710000,-3.00540000,17.7,137.8,17.7,197.7,1268.8,0.000,10.290,0.000,,0.000,,3.579,,-6.40,0.00,319.8,319.8,,LANDING,,,18,4,TRUE,,Mini 4 Pro,,,,,,FALSE,TRUE,,,,,,,,,,,,,,,,,,,,,,,,,,,,,,,,,,,,,,,,,,,,,,,,81.2,,,,8.058,,,,,,,4.624,,,,,,,,,,,,,,,,,,,,,,,,,,,,,,,,53.04710000,-3.00540000,0.0,,,,,,,,,,,,,,,,,,,,,,,,,,,,Mini 4 Pro,SYNGQKJQTDDADWDCD,CAM5S8Y4W87Z7AGC8,RCS9YGZQ7B45R6WRD,BATBTVFTCBE64QMSD,,,,,,,,Mini 4 Pro,SYNGQKJQTDDADWDCD,,,,DJI Fly,,1.13.5,50A9DCC9-C03F-50BC-9AAA-5F82D89E1DD4,,,,,,,,,,
1773833131,3m 31.0s,211.0,53.04710000,-3.00540000,12.5,137.8,12.5,192.5,1268.8,0.000,10.290,0.000,,0.000,,3.579,,-6.40,0.00,319.8,319.8,,LANDING,,,18,4,TRUE,,Mini 4 Pro,,,,,,FALSE,TRUE,,,,,,,,,,,,,,,,,,,,,,,,,,,,,,,,,,,,,,,,,,,,,,,,81.1,,,,8.058,,,,,,,4.624,,,,,,,,,,,,,,,,,,,,,,,,,,,,,,,,53.04710000,-3.00540000,0.0,,,,,,,,,,,,,,,,,,,,,,,,,,,,Mini 4 Pro,SYNGQKJQTDDADWDCD,CAM5S8Y4W87Z7AGC8,RCS9YGZQ7B45R6WRD,BATBTVFTCBE64QMSD,,,,,,,,Mini 4 Pro,SYNGQKJQTDDADWDCD,,,,DJI Fly,,1.13.5,50A9DCC9-C03F-50BC-9AAA-5F82D89E1DD4,,,,,,,,,,
1773833132,3m 32.0s,212.0,53.04710000,-3.00540000,7.2,137.8,7.2,187.2,1268.8,0.000,10.290,0.000,,0.000,,3.579,,-6.40,0.00,319.8,319.8,,LANDING,,,18,4,TRUE,,Mini 4 Pro,,,,,,FALSE,TRUE,,,,,,,,,,,,,,,,,,,,,,,,,,,,,,,,,,,,,,,,,,,,,,,,81.1,,,,8.057,,,,,,,4.624,,,,,,,,,,,,,,,,,,,,,,,,,,,,,,,,53.04710000,-3.00540000,0.0,,,,,,,,,,,,,,,,,,,,,,,,,,,,Mini 4 Pro,SYNGQKJQTDDADWDCD,CAM5S8Y4W87Z7AGC8,RCS9YGZQ7B45R6WRD,BATBTVFTCBE64QMSD,,,,,,,,Mini 4 Pro,SYNGQKJQTDDADWDCD,,,,DJI Fly,,1.13.5,50A9DCC9-C03F-50BC-9AAA-5F82D89E1DD4,,,,,,,,,,
1773833133,3m 33.0s,213.0,53.04710000,-3.00540000,2.0,137.8,2.0,182.0,1268.8,0.000,10.290,0.000,,0.000,,3.579,,-6.40,0.00,319.8,319.8,,LANDING,,,18,4,TRUE,,Mini 4 Pro,,,,,,FALSE,TRUE,,,,,,,,,,,,,,,,,,,,,,,,,,,,,,,,,,,,,,,,,,,,,,,,81.0,,,,8.056,,,,,,,4.624,,,,,,,,,,,,,,,,,,,,,,,,,,,,,,,,53.04710000,-3.00540000,0.0,,,,,,,,,,,,,,,,,,,,,,,,,,,,Mini 4 Pro,SYNGQKJQTDDADWDCD,CAM5S8Y4W87Z7AGC8,RCS9YGZQ7B45R6WRD,BATBTVFTCBE64QMSD,,,,,,,,Mini 4 Pro,SYNGQKJQTDDADWDCD,,,,DJI Fly,,1.13.5,50A9DCC9-C03F-50BC-9AAA-5F82D89E1DD4,,,,,,,,,,
