timestamps,OSD.flyTime,OSD.flyTime [s],OSD.latitude,OSD.longitude,OSD.height [ft],OSD.heightMax [ft],OSD.vpsHeight [ft],OSD.altitude [ft],OSD.mileage [ft],OSD.hSpeed [MPH],OSD.hSpeedMax [MPH],OSD.xSpeed [MPH],OSD.xSpeedMax [MPH],OSD.ySpeed [MPH],OSD.ySpeedMax [MPH],OSD.zSpeed [MPH],OSD.zSpeedMax [MPH],OSD.pitch,OSD.roll,OSD.yaw,OSD.yaw [360],OSD.directionOfTravel,OSD.flycState,OSD.flycCommand,OSD.flightAction,OSD.gpsNum,OSD.gpsLevel,OSD.isGPSUsed,OSD.nonGPSCause,OSD.droneType,OSD.isSwaveWork,OSD.waveError,OSD.goHomeStatus,OSD.batteryType,OSD.ctrlDevice,OSD.isOnGround,OSD.isMotorOn,OSD.isMotorBlocked,OSD.motorStartFailedCause,OSD.motorFailReason,OSD.isImuPreheated,OSD.imuInitFailReason,OSD.isAcceletorOverRange,OSD.isBarometerDeadInAir,OSD.isCompassError,OSD.isGoHomeHeightModified,OSD.canIOCWork,OSD.isNotEnoughForce,OSD.isOutOfLimit,OSD.isPropellerCatapult,OSD.isVibrating,OSD.isVisionUsed,OSD.voltageWarning,GIMBAL.mode,GIMBAL.pitch,GIMBAL.roll,GIMBAL.yaw,GIMBAL.yaw [360],GIMBAL.isPitchAtLimit,GIMBAL.isRollAtLimit,GIMBAL.isYawAtLimit,GIMBAL.isStuck,CAMERA.isPhoto,CAMERA.isVideo,CAMERA.filename,CAMERA.sdCardIsInserted,CAMERA.sdCardState,RC.downlinkSignal,RC.uplinkSignal,RC.aileron,RC.elevator,RC.throttle,RC.rudder,RC.mode,RC.goHomeDepressed,RC.recordDepressed,RC.shutterDepressed,RC.playbackDepressed,RC.wheelDepressed,RC.wheelOffset,RC.custom1Depressed,RC.custom2Depressed,RC.custom3Depressed,RC.custom4Depressed,BATTERY.chargeLevel,BATTERY.currentPV [V],BATTERY.currentCapacity [mAh],BATTERY.fullCapacity [mAh],BATTERY.voltage [V],BATTERY.isCellVoltageEstimated,BATTERY.cellVoltage1 [V],BATTERY.cellVoltage2 [V],BATTERY.maxCellVoltageDeviation,BATTERY.isCellVoltageDeviationHigh,BATTERY.isVoltageLow,BATTERY.current [A],BATTERY.temperature [F],BATTERY.minTemperature [F],BATTERY.maxTemperature [F],BATTERY.usefulTime [s],BATTERY.goHomeTime [s],BATTERY.landTime [s],BATTERY.goHomeBattery,BATTERY.landBattery,BATTERY.safeFlyRadius,BATTERY.volumeConsume,BATTERY.status,BATTERY.goHomeStatus,BATTERY.goHomeCountdown,BATTERY.lowWarning,BATTERY.lowWarningGoHome,BATTERY.seriousLowWarning,BATTERY.seriousLowWarningLanding,BATTERY.timesCharged,MC.failSafeAction,MC.isObstacleAvoidanceEnabled,MC.isCollisionAvoidanceEnabled,MC.isRthObstacleAvoidanceEnabled,MC.isBraking,MC.isAvoidingObstacle,MC.isAvoidingActiveObstacle,MC.isAscentLimitedByObstacle,MC.isLandingConfirmationNeeded,MC.atLowAltitudeLimit,MC.atDistanceLimit,MC.atAirportAltitudeLimit,MC.atAirportBoundary,HOME.latitude,HOME.longitude,HOME.distance [ft],HOME.height [ft],HOME.heightLimit [ft],HOME.isHomeRecord,HOME.goHomeMode,HOME.aircraftHeadDirection,HOME.isDynamicHomePointEnabled,HOME.isReachedLimitDistance,HOME.isReachedLimitHeight,HOME.isCompassCalibrating,HOME.compassCalibrationState,HOME.isMultipleFlightModeEnabled,HOME.isBeginnerMode,HOME.isIOCEnabled,HOME.iocMode,HOME.goHomeHeight [ft],HOME.courseLockAngle,HOME.forceLandingHeight [ft],HOME.dataRecorderFileIndex,WEATHER.windDirection,WEATHER.windRelativeDirection,WEATHER.windSpeed [MPH],WEATHER.maxWindSpeed [MPH],WEATHER.windStrength,WEATHER.isFacingWind,WEATHER.isFlyingIntoWind,RECOVER.appType,RECOVER.appVersion,RECOVER.aircraftName,RECOVER.aircraftSerial,RECOVER.cameraSerial,RECOVER.rcSerial,RECOVER.batterySerial,DETAILS.totalTime [s],DETAILS.totalDistance [ft],DETAILS.maxHeight [ft],DETAILS.maxHorizontalSpeed [MPH],DETAILS.maxVerticalSpeed [MPH],DETAILS.photoNum,DETAILS.videoTime [s],DETAILS.aircraftName,DETAILS.aircraftSerial,DETAILS.cameraSerial,DETAILS.rcSerial,DETAILS.batterySerial,DETAILS.appName,DETAILS.appType,DETAILS.appVersion,DETAILS.guid,SERIAL.flightController,SERIAL.camera,SERIAL.gimbal,SERIAL.rc,SERIAL.battery,APPGPS.latitude,APPGPS.longitude,APPGPS.accuracy,APP.tip,APP.warning
1773873180,0m 0.0s,0.0,52.41540475,-2.57877729,0.0,0.0,0.0,180.0,0.0,0.000,0.000,0.000,,0.000,,-0.000,,0.20,0.10,45.0,45.0,,Starting Motors,,,18,4,TRUE,,Mini 4 Pro,,,,,,TRUE,TRUE,,,,,,,,,,,,,,,,,,,,,,,,,,,,,,,,,,,,,,,,,,,,,,,,13.0,,,,7.002,,,,,,,1.100,,,,,,,,,,,,,,,,,,,,,,,,,,,,,,,,52.41540475,-2.57877729,0.0,,,,,,,,,,,,,,,,,,,,,,,,,,,,Mini 4 Pro,SYNWVTG3DDT82PDTB,CAMKYGXFHDN5R89XB,RCSPQZENUDJD8RYAB,BATRY5D6WDL5UJGGB,,,,,,,,Mini 4 Pro,SYNWVTG3DDT82PDTB,,,,DJI Fly,,1.13.5,FA0D8399-5CAA-5A62-9DCE-C43B0D4839B2,,,,,,,,,,
1773873181,0m 1.0s,1.0,52.41540475,-2.57877729,0.0,0.0,0.0,180.0,0.0,0.000,0.000,0.000,,0.000,,-0.000,,0.20,0.10,45.0,45.0,,Starting Motors,,,18,4,TRUE,,Mini 4 Pro,,,,,,TRUE,TRUE,,,,,,,,,,,,,,,,,,,,,,,,,,,,,,,,,,,,,,,,,,,,,,,,13.0,,,,7.001,,,,,,,1.100,,,,,,,,,,,,,,,,,,,,,,,,,,,,,,,,52.41540475,-2.57877729,0.0,,,,,,,,,,,,,,,,,,,,,,,,,,,,Mini 4 Pro,SYNWVTG3DDT82PDTB,CAMKYGXFHDN5R89XB,RCSPQZENUDJD8RYAB,BATRY5D6WDL5UJGGB,,,,,,,,Mini 4 Pro,SYNWVTG3DDT82PDTB,,,,DJI Fly,,1.13.5,FA0D8399-5CAA-5A62-9DCE-C43B0D4839B2,,,,,,,,,,
1773873182,0m 2.0s,2.0,52.41540475,-2.57877729,0.0,0.0,0.0,180.0,0.0,0.000,0.000,0.000,,0.000,,-0.000,,0.20,0.10,45.0,45.0,,Starting Motors,,,18,4,TRUE,,Mini 4 Pro,,,,,,TRUE,TRUE,,,,,,,,,,,,,,,,,,,,,,,,,,,,,,,,,,,,,,,,,,,,,,,,12.9,,,,7.001,,,,,,,1.100,,,,,,,,,,,,,,,,,,,,,,,,,,,,,,,,52.41540475,-2.57877729,0.0,,,,,,,,,,,,,,,,,,,,,,,,,,,,Mini 4 Pro,SYNWVTG3DDT82PDTB,CAMKYGXFHDN5R89XB,RCSPQZENUDJD8RYAB,BATRY5D6WDL5UJGGB,,,,,,,,Mini 4 Pro,SYNWVTG3DDT82PDTB,,,,DJI Fly,,1.13.5,FA0D8399-5CAA-5A62-9DCE-C43B0D4839B2,,,,,,,,,,
1773873183,0m 3.0s,3.0,52.41540475,-2.57877729,0.0,0.0,0.0,180.0,0.0,0.000,0.000,0.000,,0.000,,-0.000,,0.20,0.10,45.0,45.0,,Starting Motors,,,18,4,TRUE,,Mini 4 Pro,,,,,,TRUE,TRUE,,,,,,,,,,,,,,,,,,,,,,,,,,,,,,,,,,,,,,,,,,,,,,,,12.9,,,,7.000,,,,,,,1.100,,,,,,,,,,,,,,,,,,,,,,,,,,,,,,,,52.41540475,-2.57877729,0.0,,,,,,,,,,,,,,,,,,,,,,,,,,,,Mini 4 Pro,SYNWVTG3DDT82PDTB,CAMKYGXFHDN5R89XB,RCSPQZENUDJD8RYAB,BATRY5D6WDL5UJGGB,,,,,,,,Mini 4 Pro,SYNWVTG3DDT82PDTB,,,,DJI Fly,,1.13.5,FA0D8399-5CAA-5A62-9DCE-C43B0D4839B2,,,,,,,,,,
1773873184,0m 4.0s,4.0,52.41540475,-2.57877729,0.0,0.0,0.0,180.0,0.0,0.000,0.000,0.000,,0.000,,-0.000,,0.20,0.10,45.0,45.0,,Starting Motors,,,18,4,TRUE,,Mini 4 Pro,,,,,,TRUE,TRUE,,,,,,,,,,,,,,,,,,,,,,,,,,,,,,,,,,,,,,,,,,,,,,,,12.9,,,,7.000,,,,,,,1.100,,,,,,,,,,,,,,,,,,,,,,,,,,,,,,,,52.41540475,-2.57877729,0.0,,,,,,,,,,,,,,,,,,,,,,,,,,,,Mini 4 Pro,SYNWVTG3DDT82PDTB,CAMKYGXFHDN5R89XB,RCSPQZENUDJD8RYAB,BATRY5D6WDL5UJGGB,,,,,,,,Mini 4 Pro,SYNWVTG3DDT82PDTB,,,,DJI Fly,,1.13.5,FA0D8399-5CAA-5A62-9DCE-C43B0D4839B2,,,,,,,,,,
1773873185,0m 5.0s,5.0,52.41540475,-2.57877729,0.0,0.0,0.0,180.0,0.0,0.000,0.000,0.000,,0.000,,-0.000,,0.20,0.10,45.0,45.0,,Starting Motors,,,18,4,TRUE,,Mini 4 Pro,,,,,,TRUE,TRUE,,,,,,,,,,,,,,,,,,,,,,,,,,,,,,,,,,,,,,,,,,,,,,,,12.8,,,,6.999,,,,,,,1.100,,,,,,,,,,,,,,,,,,,,,,,,,,,,,,,,52.41540475,-2.57877729,0.0,,,,,,,,,,,,,,,,,,,,,,,,,,,,Mini 4 Pro,SYNWVTG3DDT82PDTB,CAMKYGXFHDN5R89XB,RCSPQZENUDJD8RYAB,BATRY5D6WDL5UJGGB,,,,,,,,Mini 4 Pro,SYNWVTG3DDT82PDTB,,,,DJI Fly,,1.13.5,FA0D8399-5CAA-5A62-9DCE-C43B0D4839B2,,,,,,,,,,
1773873186,0m 6.0s,6.0,52.41540475,-2.57877729,0.0,0.0,0.0,180.0,0.0,0.000,0.000,0.000,,0.000,,-0.000,,0.20,0.10,45.0,45.0,,Starting Motors,,,18,4,TRUE,,Mini 4 Pro,,,,,,TRUE,TRUE,,,,,,,,,,,,,,,,,,,,,,,,,,,,,,,,,,,,,,,,,,,,,,,,12.8,,,,6.999,,,,,,,1.100,,,,,,,,,,,,,,,,,,,,,,,,,,,,,,,,52.41540475,-2.57877729,0.0,,,,,,,,,,,,,,,,,,,,,,,,,,,,Mini 4 Pro,SYNWVTG3DDT82PDTB,CAMKYGXFHDN5R89XB,RCSPQZENUDJD8RYAB,BATRY5D6WDL5UJGGB,,,,,,,,Mini 4 Pro,SYNWVTG3DDT82PDTB,,,,DJI Fly,,1.13.5,FA0D8399-5CAA-5A62-9DCE-C43B0D4839B2,,,,,,,,,,
1773873187,0m 7.0s,7.0,52.41540475,-2.57877729,0.0,0.0,0.0,180.0,0.0,0.000,0.000,0.000,,0.000,,-0.000,,0.20,0.10,45.0,45.0,,Starting Motors,,,18,4,TRUE,,Mini 4 Pro,,,,,,TRUE,TRUE,,,,,,,,,,,,,,,,,,,,,,,,,,,,,,,,,,,,,,,,,,,,,,,,12.8,,,,6.998,,,,,,,1.100,,,,,,,,,,,,,,,,,,,,,,,,,,,,,,,,52.41540475,-2.57877729,0.0,,,,,,,,,,,,,,,,,,,,,,,,,,,,Mini 4 Pro,SYNWVTG3DDT82PDTB,CAMKYGXFHDN5R89XB,RCSPQZENUDJD8RYAB,BATRY5D6WDL5UJGGB,,,,,,,,Mini 4 Pro,SYNWVTG3DDT82PDTB,,,,DJI Fly,,1.13.5,FA0D8399-5CAA-5A62-9DCE-C43B0D4839B2,,,,,,,,,,
1773873188,0m 8.0s,8.0,52.41540475,-2.57877729,0.0,0.0,0.0,180.0,0.0,0.000,0.000,0.000,,0.000,,-0.000,,0.20,0.10,45.0,45.0,,Starting Motors,,,18,4,TRUE,,Mini 4 Pro,,,,,,TRUE,TRUE,,,,,,,,,,,,,,,,,,,,,,,,,,,,,,,,,,,,,,,,,,,,,,,,12.8,,,,6.998,,,,,,,1.100,,,,,,,,,,,,,,,,,,,,,,,,,,,,,,,,52.41540475,-2.57877729,0.0,,,,,,,,,,,,,,,,,,,,,,,,,,,,Mini 4 Pro,SYNWVTG3DDT82PDTB,CAMKYGXFHDN5R89XB,RCSPQZENUDJD8RYAB,BATRY5D6WDL5UJGGB,,,,,,,,Mini 4 Pro,SYNWVTG3DDT82PDTB,,,,DJI Fly,,1.13.5,FA0D8399-5CAA-5A62-9DCE-C43B0D4839B2,,,,,,,,,,
1773873189,0m 9.0s,9.0,52.41540475,-2.57877729,0.0,0.0,0.0,180.0,0.0,0.000,0.000,0.000,,0.000,,-0.000,,0.20,0.10,45.0,45.0,,Starting Motors,,,18,4,TRUE,,Mini 4 Pro,,,,,,TRUE,TRUE,,,,,,,,,,,,,,,,,,,,,,,,,,,,,,,,,,,,,,,,,,,,,,,,12.7,,,,6.997,,,,,,,1.100,,,,,,,,,,,,,,,,,,,,,,,,,,,,,,,,52.41540475,-2.57877729,0.0,,,,,,,,,,,,,,,,,,,,,,,,,,,,Mini 4 Pro,SYNWVTG3DDT82PDTB,CAMKYGXFHDN5R89XB,RCSPQZENUDJD8RYAB,BATRY5D6WDL5UJGGB,,,,,,,,Mini 4 Pro,SYNWVTG3DDT82PDTB,,,,DJI Fly,,1.13.5,FA0D8399-5CAA-5A62-9DCE-C43B0D4839B2,,,,,,,,,,
1773873190,0m 10.0s,10.0,52.41540475,-2.57877729,7.9,7.9,7.9,187.9,0.0,0.000,0.000,0.000,,0.000,,-5.369,,9.60,0.00,45.0,45.0,,Auto Takeoff,,,18,4,TRUE,,Mini 4 Pro,,,,,,FALSE,TRUE,,,,,,,,,,,,,,,,,,,,,,,,,,,,,,,,,,,,,,,,,,,,,,,,12.7,,,,6.997,,,,,,,12.264,,,,,,,,,,,,,,,,,,,,,,,,,,,,,,,,52.41540475,-2.57877729,0.0,,,,,,,,,,,,,,,,,,,,,,,,,,,,Mini 4 Pro,SYNWVTG3DDT82PDTB,CAMKYGXFHDN5R89XB,RCSPQZENUDJD8RYAB,BATRY5D6WDL5UJGGB,,,,,,,,Mini 4 Pro,SYNWVTG3DDT82PDTB,,,,DJI Fly,,1.13.5,FA0D8399-5CAA-5A62-9DCE-C43B0D4839B2,,,,,,,,,,
1773873191,0m 11.0s,11.0,52.41540475,-2.57877729,15.7,15.7,15.7,195.7,0.0,0.000,0.000,0.000,,0.000,,-5.369,,9.60,0.00,45.0,45.0,,Auto Takeoff,,,18,4,TRUE,,Mini 4 Pro,,,,,,FALSE,TRUE,,,,,,,,,,,,,,,,,,,,,,,,,,,,,,,,,,,,,,,,,,,,,,,,12.7,,,,6.996,,,,,,,12.264,,,,,,,,,,,,,,,,,,,,,,,,,,,,,,,,52.41540475,-2.57877729,0.0,,,,,,,,,,,,,,,,,,,,,,,,,,,,Mini 4 Pro,SYNWVTG3DDT82PDTB,CAMKYGXFHDN5R89XB,RCSPQZENUDJD8RYAB,BATRY5D6WDL5UJGGB,,,,,,,,Mini 4 Pro,SYNWVTG3DDT82PDTB,,,,DJI Fly,,1.13.5,FA0D8399-5CAA-5A62-9DCE-C43B0D4839B2,,,,,,,,,,
1773873192,0m 12.0s,12.0,52.41540475,-2.57877729,23.6,23.6,23.6,203.6,0.0,0.000,0.000,0.000,,0.000,,-5.369,,9.60,0.00,45.0,45.0,,Auto Takeoff,,,18,4,TRUE,,Mini 4 Pro,,,,,,FALSE,TRUE,,,,,,,,,,,,,,,,,,,,,,,,,,,,,,,,,,,,,,,,,,,,,,,,12.6,,,,6.996,,,,,,,12.264,,,,,,,,,,,,,,,,,,,,,,,,,,,,,,,,52.41540475,-2.57877729,0.0,,,,,,,,,,,,,,,,,,,,,,,,,,,,Mini 4 Pro,SYNWVTG3DDT82PDTB,CAMKYGXFHDN5R89XB,RCSPQZENUDJD8RYAB,BATRY5D6WDL5UJGGB,,,,,,,,Mini 4 Pro,SYNWVTG3DDT82PDTB,,,,DJI Fly,,1.13.5,FA0D8399-5CAA-5A62-9DCE-C43B0D4839B2,,,,,,,,,,
1773873193,0m 13.0s,13.0,52.41540475,-2.57877729,31.5,31.5,30.0,211.5,0.0,0.000,0.000,0.000,,0.000,,-5.369,,9.60,0.00,45.0,45.0,,Auto Takeoff,,,18,4,TRUE,,Mini 4 Pro,,,,,,FALSE,TRUE,,,,,,,,,,,,,,,,,,,,,,,,,,,,,,,,,,,,,,,,,,,,,,,,12.6,,,,6.995,,,,,,,12.264,,,,,,,,,,,,,,,,,,,,,,,,,,,,,,,,52.41540475,-2.57877729,0.0,,,,,,,,,,,,,,,,,,,,,,,,,,,,Mini 4 Pro,SYNWVTG3DDT82PDTB,CAMKYGXFHDN5R89XB,RCSPQZENUDJD8RYAB,BATRY5D6WDL5UJGGB,,,,,,,,Mini 4 Pro,SYNWVTG3DDT82PDTB,,,,DJI Fly,,1.13.5,FA0D8399-5CAA-5A62-9DCE-C43B0D4839B2,,,,,,,,,,
1773873194,0m 14.0s,14.0,52.41540475,-2.57877729,39.4,39.4,30.0,219.4,0.0,0.000,0.000,0.000,,0.000,,-5.369,,9.60,0.00,45.0,45.0,,Auto Takeoff,,,18,4,TRUE,,Mini 4 Pro,,,,,,FALSE,TRUE,,,,,,,,,,,,,,,,,,,,,,,,,,,,,,,,,,,,,,,,,,,,,,,,12.6,,,,6.995,,,,,,,12.264,,,,,,,,,,,,,,,,,,,,,,,,,,,,,,,,52.41540475,-2.57877729,0.0,,,,,,,,,,,,,,,,,,,,,,,,,,,,Mini 4 Pro,SYNWVTG3DDT82PDTB,CAMKYGXFHDN5R89XB,RCSPQZENUDJD8RYAB,BATRY5D6WDL5UJGGB,,,,,,,,Mini 4 Pro,SYNWVTG3DDT82PDTB,,,,DJI Fly,,1.13.5,FA0D8399-5CAA-5A62-9DCE-C43B0D4839B2,,,,,,,,,,
1773873195,0m 15.0s,15.0,52.41540475,-2.57877729,47.2,47.2,30.0,227.2,0.0,0.000,0.000,0.000,,0.000,,-5.369,,9.60,0.00,45.0,45.0,,Auto Takeoff,,,18,4,TRUE,,Mini 4 Pro,,,,,,FALSE,TRUE,,,,,,,,,,,,,,,,,,,,,,,,,,,,,,,,,,,,,,,,,,,,,,,,12.6,,,,6.995,,,,,,,12.264,,,,,,,,,,,,,,,,,,,,,,,,,,,,,,,,52.41540475,-2.57877729,0.0,,,,,,,,,,,,,,,,,,,,,,,,,,,,Mini 4 Pro,SYNWVTG3DDT82PDTB,CAMKYGXFHDN5R89XB,RCSPQZENUDJD8RYAB,BATRY5D6WDL5UJGGB,,,,,,,,Mini 4 Pro,SYNWVTG3DDT82PDTB,,,,DJI Fly,,1.13.5,FA0D8399-5CAA-5A62-9DCE-C43B0D4839B2,,,,,,,,,,
1773873196,0m 16.0s,16.0,52.41540475,-2.57877729,55.1,55.1,30.0,235.1,0.0,0.000,0.000,0.000,,0.000,,-5.369,,9.60,0.00,45.0,45.0,,Auto Takeoff,,,18,4,TRUE,,Mini 4 Pro,,,,,,FALSE,TRUE,,,,,,,,,,,,,,,,,,,,,,,,,,,,,,,,,,,,,,,,,,,,,,,,12.5,,,,6.994,,,,,,,12.264,,,,,,,,,,,,,,,,,,,,,,,,,,,,,,,,52.41540475,-2.57877729,0.0,,,,,,,,,,,,,,,,,,,,,,,,,,,,Mini 4 Pro,SYNWVTG3DDT82PDTB,CAMKYGXFHDN5R89XB,RCSPQZENUDJD8RYAB,BATRY5D6WDL5UJGGB,,,,,,,,Mini 4 Pro,SYNWVTG3DDT82PDTB,,,,DJI Fly,,1.13.5,FA0D8399-5CAA-5A62-9DCE-C43B0D4839B2,,,,,,,,,,
1773873197,0m 17.0s,17.0,52.41540475,-2.57877729,63.0,63.0,30.0,243.0,0.0,0.000,0.000,0.000,,0.000,,-5.369,,9.60,0.00,45.0,45.0,,Auto Takeoff,,,18,4,TRUE,,Mini 4 Pro,,,,,,FALSE,TRUE,,,,,,,,,,,,,,,,,,,,,,,,,,,,,,,,,,,,,,,,,,,,,,,,12.5,,,,6.994,,,,,,,12.264,,,,,,,,,,,,,,,,,,,,,,,,,,,,,,,,52.41540475,-2.57877729,0.0,,,,,,,,,,,,,,,,,,,,,,,,,,,,Mini 4 Pro,SYNWVTG3DDT82PDTB,CAMKYGXFHDN5R89XB,RCSPQZENUDJD8RYAB,BATRY5D6WDL5UJGGB,,,,,,,,Mini 4 Pro,SYNWVTG3DDT82PDTB,,,,DJI Fly,,1.13.5,FA0D8399-5CAA-5A62-9DCE-C43B0D4839B2,,,,,,,,,,
1773873198,0m 18.0s,18.0,52.41540475,-2.57877729,70.9,70.9,30.0,250.9,0.0,0.000,0.000,0.000,,0.000,,-5.369,,9.60,0.00,45.0,45.0,,Auto Takeoff,,,18,4,TRUE,,Mini 4 Pro,,,,,,FALSE,TRUE,,,,,,,,,,,,,,,,,,,,,,,,,,,,,,,,,,,,,,,,,,,,,,,,12.5,,,,6.993,,,,,,,12.264,,,,,,,,,,,,,,,,,,,,,,,,,,,,,,,,52.41540475,-2.57877729,0.0,,,,,,,,,,,,,,,,,,,,,,,,,,,,Mini 4 Pro,SYNWVTG3DDT82PDTB,CAMKYGXFHDN5R89XB,RCSPQZENUDJD8RYAB,BATRY5D6WDL5UJGGB,,,,,,,,Mini 4 Pro,SYNWVTG3DDT82PDTB,,,,DJI Fly,,1.13.5,FA0D8399-5CAA-5A62-9DCE-C43B0D4839B2,,,,,,,,,,
1773873199,0m 19.0s,19.0,52.41540475,-2.57877729,78.7,78.7,30.0,258.7,0.0,0.000,0.000,0.000,,0.000,,-5.369,,9.60,0.00,45.0,45.0,,Auto Takeoff,,,18,4,TRUE,,Mini 4 Pro,,,,,,FALSE,TRUE,,,,,,,,,,,,,,,,,,,,,,,,,,,,,,,,,,,,,,,,,,,,,,,,12.4,,,,6.993,,,,,,,12.264,,,,,,,,,,,,,,,,,,,,,,,,,,,,,,,,52.41540475,-2.57877729,0.0,,,,,,,,,,,,,,,,,,,,,,,,,,,,Mini 4 Pro,SYNWVTG3DDT82PDTB,CAMKYGXFHDN5R89XB,RCSPQZENUDJD8RYAB,BATRY5D6WDL5UJGGB,,,,,,,,Mini 4 Pro,SYNWVTG3DDT82PDTB,,,,DJI Fly,,1.13.5,FA0D8399-5CAA-5A62-9DCE-C43B0D4839B2,,,,,,,,,,
1773873200,0m 20.0s,20.0,52.41540475,-2.57877729,86.6,86.6,30.0,266.6,0.0,0.000,0.000,0.000,,0.000,,-5.369,,9.60,0.00,45.0,45.0,,Auto Takeoff,,,18,4,TRUE,,Mini 4 Pro,,,,,,FALSE,TRUE,,,,,,,,,,,,,,,,,,,,,,,,,,,,,,,,,,,,,,,,,,,,,,,,12.4,,,,6.992,,,,,,,12.264,,,,,,,,,,,,,,,,,,,,,,,,,,,,,,,,52.41540475,-2.57877729,0.0,,,,,,,,,,,,,,,,,,,,,,,,,,,,Mini 4 Pro,SYNWVTG3DDT82PDTB,CAMKYGXFHDN5R89XB,RCSPQZENUDJD8RYAB,BATRY5D6WDL5UJGGB,,,,,,,,Mini 4 Pro,SYNWVTG3DDT82PDTB,,,,DJI Fly,,1.13.5,FA0D8399-5CAA-5A62-9DCE-C43B0D4839B2,,,,,,,,,,
1773873201,0m 21.0s,21.0,52.41540475,-2.57877729,94.5,94.5,30.0,274.5,0.0,0.000,0.000,0.000,,0.000,,-5.369,,9.60,0.00,45.0,45.0,,Auto Takeoff,,,18,4,TRUE,,Mini 4 Pro,,,,,,FALSE,TRUE,,,,,,,,,,,,,,,,,,,,,,,,,,,,,,,,,,,,,,,,,,,,,,,,12.4,,,,6.992,,,,,,,12.264,,,,,,,,,,,,,,,,,,,,,,,,,,,,,,,,52.41540475,-2.57877729,0.0,,,,,,,,,,,,,,,,,,,,,,,,,,,,Mini 4 Pro,SYNWVTG3DDT82PDTB,CAMKYGXFHDN5R89XB,RCSPQZENUDJD8RYAB,BATRY5D6WDL5UJGGB,,,,,,,,Mini 4 Pro,SYNWVTG3DDT82PDTB,,,,DJI Fly,,1.13.5,FA0D8399-5CAA-5A62-9DCE-C43B0D4839B2,,,,,,,,,,
1773873202,0m 22.0s,22.0,52.41540475,-2.57877729,102.4,102.4,30.0,282.4,0.0,0.000,0.000,0.000,,0.000,,-5.369,,9.60,0.00,45.0,45.0,,Auto Takeoff,,,18,4,TRUE,,Mini 4 Pro,,,,,,FALSE,TRUE,,,,,,,,,,,,,,,,,,,,,,,,,,,,,,,,,,,,,,,,,,,,,,,,12.3,,,,6.991,,,,,,,12.264,,,,,,,,,,,,,,,,,,,,,,,,,,,,,,,,52.41540475,-2.57877729,0.0,,,,,,,,,,,,,,,,,,,,,,,,,,,,Mini 4 Pro,SYNWVTG3DDT82PDTB,CAMKYGXFHDN5R89XB,RCSPQZENUDJD8RYAB,BATRY5D6WDL5UJGGB,,,,,,,,Mini 4 Pro,SYNWVTG3DDT82PDTB,,,,DJI Fly,,1.13.5,FA0D8399-5CAA-5A62-9DCE-C43B0D4839B2,,,,,,,,,,
1773873203,0m 23.0s,23.0,52.41540475,-2.57877729,110.2,110.2,30.0,290.2,0.0,0.000,0.000,0.000,,0.000,,-5.369,,9.60,0.00,45.0,45.0,,Auto Takeoff,,,18,4,TRUE,,Mini 4 Pro,,,,,,FALSE,TRUE,,,,,,,,,,,,,,,,,,,,,,,,,,,,,,,,,,,,,,,,,,,,,,,,12.3,,,,6.991,,,,,,,12.264,,,,,,,,,,,,,,,,,,,,,,,,,,,,,,,,52.41540475,-2.57877729,0.0,,,,,,,,,,,,,,,,,,,,,,,,,,,,Mini 4 Pro,SYNWVTG3DDT82PDTB,CAMKYGXFHDN5R89XB,RCSPQZENUDJD8RYAB,BATRY5D6WDL5UJGGB,,,,,,,,Mini 4 Pro,SYNWVTG3DDT82PDTB,,,,DJI Fly,,1.13.5,FA0D8399-5CAA-5A62-9DCE-C43B0D4839B2,,,,,,,,,,
1773873204,0m 24.0s,24.0,52.41540475,-2.57877729,111.5,111.5,30.0,291.5,0.0,0.000,0.000,0.000,,0.000,,-0.895,,1.60,0.00,45.0,45.0,,Auto Takeoff,,,18,4,TRUE,,Mini 4 Pro,,,,,,FALSE,TRUE,,,,,,,,,,,,,,,,,,,,,,,,,,,,,,,,,,,,,,,,,,,,,,,,12.3,,,,6.990,,,,,,,5.864,,,,,,,,,,,,,,,,,,,,,,,,,,,,,,,,52.41540475,-2.57877729,0.0,,,,,,,,,,,,,,,,,,,,,,,,,,,,Mini 4 Pro,SYNWVTG3DDT82PDTB,CAMKYGXFHDN5R89XB,RCSPQZENUDJD8RYAB,BATRY5D6WDL5UJGGB,,,,,,,,Mini 4 Pro,SYNWVTG3DDT82PDTB,,,,DJI Fly,,1.13.5,FA0D8399-5CAA-5A62-9DCE-C43B0D4839B2,,,,,,,,,,
1773873205,0m 25.0s,25.0,52.41540475,-2.57877729,111.5,111.5,30.0,291.5,0.0,0.000,0.000,0.000,,0.000,,-0.000,,0.00,0.00,45.0,45.0,,Auto Takeoff,,,18,4,TRUE,,Mini 4 Pro,,,,,,FALSE,TRUE,,,,,,,,,,,,,,,,,,,,,,,,,,,,,,,,,,,,,,,,,,,,,,,,12.2,,,,6.990,,,,,,,4.584,,,,,,,,,,,,,,,,,,,,,,,,,,,,,,,,52.41540475,-2.57877729,0.0,,,,,,,,,,,,,,,,,,,,,,,,,,,,Mini 4 Pro,SYNWVTG3DDT82PDTB,CAMKYGXFHDN5R89XB,RCSPQZENUDJD8RYAB,BATRY5D6WDL5UJGGB,,,,,,,,Mini 4 Pro,SYNWVTG3DDT82PDTB,,,,DJI Fly,,1.13.5,FA0D8399-5CAA-5A62-9DCE-C43B0D4839B2,,,,,,,,,,
1773873206,0m 26.0s,26.0,52.41540475,-2.57877729,111.5,111.5,30.0,291.5,0.0,0.000,0.000,0.000,,0.000,,-0.000,,0.00,0.00,45.0,45.0,,Auto Takeoff,,,18,4,TRUE,,Mini 4 Pro,,,,,,FALSE,TRUE,,,,,,,,,,,,,,,,,,,,,,,,,,,,,,,,,,,,,,,,,,,,,,,,12.2,,,,6.989,,,,,,,4.584,,,,,,,,,,,,,,,,,,,,,,,,,,,,,,,,52.41540475,-2.57877729,0.0,,,,,,,,,,,,,,,,,,,,,,,,,,,,Mini 4 Pro,SYNWVTG3DDT82PDTB,CAMKYGXFHDN5R89XB,RCSPQZENUDJD8RYAB,BATRY5D6WDL5UJGGB,,,,,,,,Mini 4 Pro,SYNWVTG3DDT82PDTB,,,,DJI Fly,,1.13.5,FA0D8399-5CAA-5A62-9DCE-C43B0D4839B2,,,,,,,,,,
1773873207,0m 27.0s,27.0,52.41540475,-2.57877729,111.5,111.5,30.0,291.5,0.0,0.000,0.000,0.000,,0.000,,-0.000,,0.00,0.00,45.0,45.0,,Auto Takeoff,,,18,4,TRUE,,Mini 4 Pro,,,,,,FALSE,TRUE,,,,,,,,,,,,,,,,,,,,,,,,,,,,,,,,,,,,,,,,,,,,,,,,12.2,,,,6.989,,,,,,,4.584,,,,,,,,,,,,,,,,,,,,,,,,,,,,,,,,52.41540475,-2.57877729,0.0,,,,,,,,,,,,,,,,,,,,,,,,,,,,Mini 4 Pro,SYNWVTG3DDT82PDTB,CAMKYGXFHDN5R89XB,RCSPQZENUDJD8RYAB,BATRY5D6WDL5UJGGB,,,,,,,,Mini 4 Pro,SYNWVTG3DDT82PDTB,,,,DJI Fly,,1.13.5,FA0D8399-5CAA-5A62-9DCE-C43B0D4839B2,,,,,,,,,,
1773873208,0m 28.0s,28.0,52.41540475,-2.57877729,111.5,111.5,30.0,291.5,0.0,0.000,0.000,0.000,,0.000,,-0.000,,0.00,0.00,45.0,45.0,,Auto Takeoff,,,18,4,TRUE,,Mini 4 Pro,,,,,,FALSE,TRUE,,,,,,,,,,,,,,,,,,,,,,,,,,,,,,,,,,,,,,,,,,,,,,,,12.2,,,,6.988,,,,,,,4.584,,,,,,,,,,,,,,,,,,,,,,,,,,,,,,,,52.41540475,-2.57877729,0.0,,,,,,,,,,,,,,,,,,,,,,,,,,,,Mini 4 Pro,SYNWVTG3DDT82PDTB,CAMKYGXFHDN5R89XB,RCSPQZENUDJD8RYAB,BATRY5D6WDL5UJGGB,,,,,,,,Mini 4 Pro,SYNWVTG3DDT82PDTB,,,,DJI Fly,,1.13.5,FA0D8399-5CAA-5A62-9DCE-C43B0D4839B2,,,,,,,,,,
1773873209,0m 29.0s,29.0,52.41540475,-2.57877729,111.5,111.5,30.0,291.5,0.0,0.000,0.000,0.000,,0.000,,-0.000,,0.00,0.00,45.0,45.0,,Auto Takeoff,,,18,4,TRUE,,Mini 4 Pro,,,,,,FALSE,TRUE,,,,,,,,,,,,,,,,,,,,,,,,,,,,,,,,,,,,,,,,,,,,,,,,12.1,,,,6.988,,,,,,,4.584,,,,,,,,,,,,,,,,,,,,,,,,,,,,,,,,52.41540475,-2.57877729,0.0,,,,,,,,,,,,,,,,,,,,,,,,,,,,Mini 4 Pro,SYNWVTG3DDT82PDTB,CAMKYGXFHDN5R89XB,RCSPQZENUDJD8RYAB,BATRY5D6WDL5UJGGB,,,,,,,,Mini 4 Pro,SYNWVTG3DDT82PDTB,,,,DJI Fly,,1.13.5,FA0D8399-5CAA-5A62-9DCE-C43B0D4839B2,,,,,,,,,,
1773873210,0m 30.0s,30.0,52.41544002,-2.57876573,111.5,111.5,30.0,291.5,13.1,8.948,8.948,8.774,,1.755,,-0.000,,1.40,-25.00,11.3,11.3,,P-GPS,,,18,4,TRUE,,Mini 4 Pro,,,,,,FALSE,TRUE,,,,,,,,,,,,,,,,,,,,,,,,,,,,,,,,,,,,,,,,,,,,,,,,12.1,,,,6.988,,,,,,,6.784,,,,,,,,,,,,,,,,,,,,,,,,,,,,,,,,52.41540475,-2.57877729,13.1,,,,,,,,,,,,,,,,,,,,,,,,,,,,Mini 4 Pro,SYNWVTG3DDT82PDTB,CAMKYGXFHDN5R89XB,RCSPQZENUDJD8RYAB,BATRY5D6WDL5UJGGB,,,,,,,,Mini 4 Pro,SYNWVTG3DDT82PDTB,,,,DJI Fly,,1.13.5,FA0D8399-5CAA-5A62-9DCE-C43B0D4839B2,,,,,,,,,,
1773873211,0m 31.0s,31.0,52.41547530,-2.57875416,111.5,111.5,30.0,291.5,26.2,8.948,8.948,8.774,,1.755,,-0.000,,1.40,0.00,11.3,11.3,,P-GPS,,,18,4,TRUE,,Mini 4 Pro,,,,,,FALSE,TRUE,,,,,,,,,,,,,,,,,,,,,,,,,,,,,,,,,,,,,,,,,,,,,,,,12.1,,,,6.987,,,,,,,6.784,,,,,,,,,,,,,,,,,,,,,,,,,,,,,,,,52.41540475,-2.57877729,26.2,,,,,,,,,,,,,,,,,,,,,,,,,,,,Mini 4 Pro,SYNWVTG3DDT82PDTB,CAMKYGXFHDN5R89XB,RCSPQZENUDJD8RYAB,BATRY5D6WDL5UJGGB,,,,,,,,Mini 4 Pro,SYNWVTG3DDT82PDTB,,,,DJI Fly,,1.13.5,FA0D8399-5CAA-5A62-9DCE-C43B0D4839B2,,,,,,,,,,
1773873212,0m 32.0s,32.0,52.41551057,-2.57874259,111.5,111.5,30.0,291.5,39.4,8.948,8.948,8.774,,1.755,,-0.000,,1.40,0.00,11.3,11.3,,P-GPS,,,18,4,TRUE,,Mini 4 Pro,,,,,,FALSE,TRUE,,,,,,,,,,,,,,,,,,,,,,,,,,,,,,,,,,,,,,,,,,,,,,,,12.0,,,,6.987,,,,,,,6.784,,,,,,,,,,,,,,,,,,,,,,,,,,,,,,,,52.41540475,-2.57877729,39.4,,,,,,,,,,,,,,,,,,,,,,,,,,,,Mini 4 Pro,SYNWVTG3DDT82PDTB,CAMKYGXFHDN5R89XB,RCSPQZENUDJD8RYAB,BATRY5D6WDL5UJGGB,,,,,,,,Mini 4 Pro,SYNWVTG3DDT82PDTB,,,,DJI Fly,,1.13.5,FA0D8399-5CAA-5A62-9DCE-C43B0D4839B2,,,,,,,,,,
1773873213,0m 33.0s,33.0,52.41554585,-2.57873103,111.5,111.5,30.0,291.5,52.5,8.948,8.948,8.774,,1.755,,-0.000,,1.40,0.00,11.3,11.3,,P-GPS,,,18,4,TRUE,,Mini 4 Pro,,,,,,FALSE,TRUE,,,,,,,,,,,,,,,,,,,,,,,,,,,,,,,,,,,,,,,,,,,,,,,,12.0,,,,6.986,,,,,,,6.784,,,,,,,,,,,,,,,,,,,,,,,,,,,,,,,,52.41540475,-2.57877729,52.5,,,,,,,,,,,,,,,,,,,,,,,,,,,,Mini 4 Pro,SYNWVTG3DDT82PDTB,CAMKYGXFHDN5R89XB,RCSPQZENUDJD8RYAB,BATRY5D6WDL5UJGGB,,,,,,,,Mini 4 Pro,SYNWVTG3DDT82PDTB,,,,DJI Fly,,1.13.5,FA0D8399-5CAA-5A62-9DCE-C43B0D4839B2,,,,,,,,,,
1773873214,0m 34.0s,34.0,52.41558112,-2.57871946,111.5,111.5,30.0,291.5,65.6,8.948,8.948,8.774,,1.755,,-0.000,,1.40,0.00,11.3,11.3,,P-GPS,,,18,4,TRUE,,Mini 4 Pro,,,,,,FALSE,TRUE,,,,,,,,,,,,,,,,,,,,,,,,,,,,,,,,,,,,,,,,,,,,,,,,12.0,,,,6.986,,,,,,,6.784,,,,,,,,,,,,,,,,,,,,,,,,,,,,,,,,52.41540475,-2.57877729,65.6,,,,,,,,,,,,,,,,,,,,,,,,,,,,Mini 4 Pro,SYNWVTG3DDT82PDTB,CAMKYGXFHDN5R89XB,RCSPQZENUDJD8RYAB,BATRY5D6WDL5UJGGB,,,,,,,,Mini 4 Pro,SYNWVTG3DDT82PDTB,,,,DJI Fly,,1.13.5,FA0D8399-5CAA-5A62-9DCE-C43B0D4839B2,,,,,,,,,,
1773873215,0m 35.0s,35.0,52.41561639,-2.57870789,111.5,111.5,30.0,291.5,78.7,8.948,8.948,8.774,,1.755,,-0.000,,1.40,0.00,11.3,11.3,,P-GPS,,,18,4,TRUE,,Mini 4 Pro,,,,,,FALSE,TRUE,,,,,,,,,,,,,,,,,,,,,,,,,,,,,,,,,,,,,,,,,,,,,,,,11.9,,,,6.985,,,,,,,6.784,,,,,,,,,,,,,,,,,,,,,,,,,,,,,,,,52.41540475,-2.57877729,78.7,,,,,,,,,,,,,,,,,,,,,,,,,,,,Mini 4 Pro,SYNWVTG3DDT82PDTB,CAMKYGXFHDN5R89XB,RCSPQZENUDJD8RYAB,BATRY5D6WDL5UJGGB,,,,,,,,Mini 4 Pro,SYNWVTG3DDT82PDTB,,,,DJI Fly,,1.13.5,FA0D8399-5CAA-5A62-9DCE-C43B0D4839B2,,,,,,,,,,
1773873216,0m 36.0s,36.0,52.41565167,-2.57869633,111.5,111.5,30.0,291.5,91.9,8.948,8.948,8.774,,1.755,,-0.000,,1.40,0.00,11.3,11.3,,P-GPS,,,18,4,TRUE,,Mini 4 Pro,,,,,,FALSE,TRUE,,,,,,,,,,,,,,,,,,,,,,,,,,,,,,,,,,,,,,,,,,,,,,,,11.9,,,,6.985,,,,,,,6.784,,,,,,,,,,,,,,,,,,,,,,,,,,,,,,,,52.41540475,-2.57877729,91.9,,,,,,,,,,,,,,,,,,,,,,,,,,,,Mini 4 Pro,SYNWVTG3DDT82PDTB,CAMKYGXFHDN5R89XB,RCSPQZENUDJD8RYAB,BATRY5D6WDL5UJGGB,,,,,,,,Mini 4 Pro,SYNWVTG3DDT82PDTB,,,,DJI Fly,,1.13.5,FA0D8399-5CAA-5A62-9DCE-C43B0D4839B2,,,,,,,,,,
1773873217,0m 37.0s,37.0,52.41568694,-2.57868476,111.5,111.5,30.0,291.5,105.0,8.948,8.948,8.774,,1.755,,-0.000,,1.40,0.00,11.3,11.3,,P-GPS,,,18,4,TRUE,,Mini 4 Pro,,,,,,FALSE,TRUE,,,,,,,,,,,,,,,,,,,,,,,,,,,,,,,,,,,,,,,,,,,,,,,,11.9,,,,6.984,,,,,,,6.784,,,,,,,,,,,,,,,,,,,,,,,,,,,,,,,,52.41540475,-2.57877729,105.0,,,,,,,,,,,,,,,,,,,,,,,,,,,,Mini 4 Pro,SYNWVTG3DDT82PDTB,CAMKYGXFHDN5R89XB,RCSPQZENUDJD8RYAB,BATRY5D6WDL5UJGGB,,,,,,,,Mini 4 Pro,SYNWVTG3DDT82PDTB,,,,DJI Fly,,1.13.5,FA0D8399-5CAA-5A62-9DCE-C43B0D4839B2,,,,,,,,,,
1773873218,0m 38.0s,38.0,52.41572222,-2.57867319,111.5,111.5,30.0,291.5,118.1,8.948,8.948,8.774,,1.755,,-0.000,,1.40,0.00,11.3,11.3,,P-GPS,,,18,4,TRUE,,Mini 4 Pro,,,,,,FALSE,TRUE,,,,,,,,,,,,,,,,,,,,,,,,,,,,,,,,,,,,,,,,,,,,,,,,11.9,,,,6.984,,,,,,,6.784,,,,,,,,,,,,,,,,,,,,,,,,,,,,,,,,52.41540475,-2.57877729,118.1,,,,,,,,,,,,,,,,,,,,,,,,,,,,Mini 4 Pro,SYNWVTG3DDT82PDTB,CAMKYGXFHDN5R89XB,RCSPQZENUDJD8RYAB,BATRY5D6WDL5UJGGB,,,,,,,,Mini 4 Pro,SYNWVTG3DDT82PDTB,,,,DJI Fly,,1.13.5,FA0D8399-5CAA-5A62-9DCE-C43B0D4839B2,,,,,,,,,,
1773873219,0m 39.0s,39.0,52.41575749,-2.57866163,111.5,111.5,30.0,291.5,131.2,8.948,8.948,8.774,,1.755,,-0.000,,1.40,0.00,11.3,11.3,,P-GPS,,,18,4,TRUE,,Mini 4 Pro,,,,,,FALSE,TRUE,,,,,,,,,,,,,,,,,,,,,,,,,,,,,,,,,,,,,,,,,,,,,,,,11.8,,,,6.983,,,,,,,6.784,,,,,,,,,,,,,,,,,,,,,,,,,,,,,,,,52.41540475,-2.57877729,131.2,,,,,,,,,,,,,,,,,,,,,,,,,,,,Mini 4 Pro,SYNWVTG3DDT82PDTB,CAMKYGXFHDN5R89XB,RCSPQZENUDJD8RYAB,BATRY5D6WDL5UJGGB,,,,,,,,Mini 4 Pro,SYNWVTG3DDT82PDTB,,,,DJI Fly,,1.13.5,FA0D8399-5CAA-5A62-9DCE-C43B0D4839B2,,,,,,,,,,
1773873220,0m 40.0s,40.0,52.41579277,-2.57865006,111.5,111.5,30.0,291.5,144.4,8.948,8.948,8.774,,1.755,,-0.000,,1.40,0.00,11.3,11.3,,P-GPS,,,18,4,TRUE,,Mini 4 Pro,,,,,,FALSE,TRUE,,,,,,,,,,,,,,,,,,,,,,,,,,,,,,,,,,,,,,,,,,,,,,,,11.8,,,,6.983,,,,,,,6.784,,,,,,,,,,,,,,,,,,,,,,,,,,,,,,,,52.41540475,-2.57877729,144.4,,,,,,,,,,,,,,,,,,,,,,,,,,,,Mini 4 Pro,SYNWVTG3DDT82PDTB,CAMKYGXFHDN5R89XB,RCSPQZENUDJD8RYAB,BATRY5D6WDL5UJGGB,,,,,,,,Mini 4 Pro,SYNWVTG3DDT82PDTB,,,,DJI Fly,,1.13.5,FA0D8399-5CAA-5A62-9DCE-C43B0D4839B2,,,,,,,,,,
1773873221,0m 41.0s,41.0,52.41582804,-2.57863849,111.5,111.5,30.0,291.5,157.5,8.948,8.948,8.774,,1.755,,-0.000,,1.40,0.00,11.3,11.3,,P-GPS,,,18,4,TRUE,,Mini 4 Pro,,,,,,FALSE,TRUE,,,,,,,,,,,,,,,,,,,,,,,,,,,,,,,,,,,,,,,,,,,,,,,,11.8,,,,6.982,,,,,,,6.784,,,,,,,,,,,,,,,,,,,,,,,,,,,,,,,,52.41540475,-2.57877729,157.5,,,,,,,,,,,,,,,,,,,,,,,,,,,,Mini 4 Pro,SYNWVTG3DDT82PDTB,CAMKYGXFHDN5R89XB,RCSPQZENUDJD8RYAB,BATRY5D6WDL5UJGGB,,,,,,,,Mini 4 Pro,SYNWVTG3DDT82PDTB,,,,DJI Fly,,1.13.5,FA0D8399-5CAA-5A62-9DCE-C43B0D4839B2,,,,,,,,,,
1773873222,0m 42.0s,42.0,52.41586331,-2.57862693,111.5,111.5,30.0,291.5,170.6,8.948,8.948,8.774,,1.755,,-0.000,,1.40,0.00,11.3,11.3,,P-GPS,,,18,4,TRUE,,Mini 4 Pro,,,,,,FALSE,TRUE,,,,,,,,,,,,,,,,,,,,,,,,,,,,,,,,,,,,,,,,,,,,,,,,11.7,,,,6.982,,,,,,,6.784,,,,,,,,,,,,,,,,,,,,,,,,,,,,,,,,52.41540475,-2.57877729,170.6,,,,,,,,,,,,,,,,,,,,,,,,,,,,Mini 4 Pro,SYNWVTG3DDT82PDTB,CAMKYGXFHDN5R89XB,RCSPQZENUDJD8RYAB,BATRY5D6WDL5UJGGB,,,,,,,,Mini 4 Pro,SYNWVTG3DDT82PDTB,,,,DJI Fly,,1.13.5,FA0D8399-5CAA-5A62-9DCE-C43B0D4839B2,,,,,,,,,,
1773873223,0m 43.0s,43.0,52.41589859,-2.57861536,111.5,111.5,30.0,291.5,183.7,8.948,8.948,8.774,,1.755,,-0.000,,1.40,0.00,11.3,11.3,,P-GPS,,,18,4,TRUE,,Mini 4 Pro,,,,,,FALSE,TRUE,,,,,,,,,,,,,,,,,,,,,,,,,,,,,,,,,,,,,,,,,,,,,,,,11.7,,,,6.982,,,,,,,6.784,,,,,,,,,,,,,,,,,,,,,,,,,,,,,,,,52.41540475,-2.57877729,183.7,,,,,,,,,,,,,,,,,,,,,,,,,,,,Mini 4 Pro,SYNWVTG3DDT82PDTB,CAMKYGXFHDN5R89XB,RCSPQZENUDJD8RYAB,BATRY5D6WDL5UJGGB,,,,,,,,Mini 4 Pro,SYNWVTG3DDT82PDTB,,,,DJI Fly,,1.13.5,FA0D8399-5CAA-5A62-9DCE-C43B0D4839B2,,,,,,,,,,
1773873224,0m 44.0s,44.0,52.41593386,-2.57860379,111.5,111.5,30.0,291.5,196.9,8.948,8.948,8.774,,1.755,,-0.000,,1.40,0.00,11.3,11.3,,P-GPS,,,18,4,TRUE,,Mini 4 Pro,,,,,,FALSE,TRUE,,,,,,,,,,,,,,,,,,,,,,,,,,,,,,,,,,,,,,,,,,,,,,,,11.7,,,,6.981,,,,,,,6.784,,,,,,,,,,,,,,,,,,,,,,,,,,,,,,,,52.41540475,-2.57877729,196.9,,,,,,,,,,,,,,,,,,,,,,,,,,,,Mini 4 Pro,SYNWVTG3DDT82PDTB,CAMKYGXFHDN5R89XB,RCSPQZENUDJD8RYAB,BATRY5D6WDL5UJGGB,,,,,,,,Mini 4 Pro,SYNWVTG3DDT82PDTB,,,,DJI Fly,,1.13.5,FA0D8399-5CAA-5A62-9DCE-C43B0D4839B2,,,,,,,,,,
1773873225,0m 45.0s,45.0,52.41596914,-2.57859223,111.5,111.5,30.0,291.5,210.0,8.948,8.948,8.774,,1.755,,-0.000,,1.40,0.00,11.3,11.3,,P-GPS,,,18,4,TRUE,,Mini 4 Pro,,,,,,FALSE,TRUE,,,,,,,,,,,,,,,,,,,,,,,,,,,,,,,,,,,,,,,,,,,,,,,,11.7,,,,6.981,,,,,,,6.784,,,,,,,,,,,,,,,,,,,,,,,,,,,,,,,,52.41540475,-2.57877729,210.0,,,,,,,,,,,,,,,,,,,,,,,,,,,,Mini 4 Pro,SYNWVTG3DDT82PDTB,CAMKYGXFHDN5R89XB,RCSPQZENUDJD8RYAB,BATRY5D6WDL5UJGGB,,,,,,,,Mini 4 Pro,SYNWVTG3DDT82PDTB,,,,DJI Fly,,1.13.5,FA0D8399-5CAA-5A62-9DCE-C43B0D4839B2,,,,,,,,,,
1773873226,0m 46.0s,46.0,52.41600441,-2.57858066,111.5,111.5,30.0,291.5,223.1,8.948,8.948,8.774,,1.755,,-0.000,,1.40,0.00,11.3,11.3,,P-GPS,,,18,4,TRUE,,Mini 4 Pro,,,,,,FALSE,TRUE,,,,,,,,,,,,,,,,,,,,,,,,,,,,,,,,,,,,,,,,,,,,,,,,11.6,,,,6.980,,,,,,,6.784,,,,,,,,,,,,,,,,,,,,,,,,,,,,,,,,52.41540475,-2.57877729,223.1,,,,,,,,,,,,,,,,,,,,,,,,,,,,Mini 4 Pro,SYNWVTG3DDT82PDTB,CAMKYGXFHDN5R89XB,RCSPQZENUDJD8RYAB,BATRY5D6WDL5UJGGB,,,,,,,,Mini 4 Pro,SYNWVTG3DDT82PDTB,,,,DJI Fly,,1.13.5,FA0D8399-5CAA-5A62-9DCE-C43B0D4839B2,,,,,,,,,,
1773873227,0m 47.0s,47.0,52.41603969,-2.57856909,111.5,111.5,30.0,291.5,236.2,8.948,8.948,8.774,,1.755,,-0.000,,1.40,0.00,11.3,11.3,,P-GPS,,,18,4,TRUE,,Mini 4 Pro,,,,,,FALSE,TRUE,,,,,,,,,,,,,,,,,,,,,,,,,,,,,,,,,,,,,,,,,,,,,,,,11.6,,,,6.980,,,,,,,6.784,,,,,,,,,,,,,,,,,,,,,,,,,,,,,,,,52.41540475,-2.57877729,236.2,,,,,,,,,,,,,,,,,,,,,,,,,,,,Mini 4 Pro,SYNWVTG3DDT82PDTB,CAMKYGXFHDN5R89XB,RCSPQZENUDJD8RYAB,BATRY5D6WDL5UJGGB,,,,,,,,Mini 4 Pro,SYNWVTG3DDT82PDTB,,,,DJI Fly,,1.13.5,FA0D8399-5CAA-5A62-9DCE-C43B0D4839B2,,,,,,,,,,
1773873228,0m 48.0s,48.0,52.41607496,-2.57855753,111.5,111.5,30.0,291.5,249.3,8.948,8.948,8.774,,1.755,,-0.000,,1.40,0.00,11.3,11.3,,P-GPS,,,18,4,TRUE,,Mini 4 Pro,,,,,,FALSE,TRUE,,,,,,,,,,,,,,,,,,,,,,,,,,,,,,,,,,,,,,,,,,,,,,,,11.6,,,,6.979,,,,,,,6.784,,,,,,,,,,,,,,,,,,,,,,,,,,,,,,,,52.41540475,-2.57877729,249.3,,,,,,,,,,,,,,,,,,,,,,,,,,,,Mini 4 Pro,SYNWVTG3DDT82PDTB,CAMKYGXFHDN5R89XB,RCSPQZENUDJD8RYAB,BATRY5D6WDL5UJGGB,,,,,,,,Mini 4 Pro,SYNWVTG3DDT82PDTB,,,,DJI Fly,,1.13.5,FA0D8399-5CAA-5A62-9DCE-C43B0D4839B2,,,,,,,,,,
1773873229,0m 49.0s,49.0,52.41611023,-2.57854596,111.5,111.5,30.0,291.5,262.5,8.948,8.948,8.774,,1.755,,-0.000,,1.40,0.00,11.3,11.3,,P-GPS,,,18,4,TRUE,,Mini 4 Pro,,,,,,FALSE,TRUE,,,,,,,,,,,,,,,,,,,,,,,,,,,,,,,,,,,,,,,,,,,,,,,,11.5,,,,6.979,,,,,,,6.784,,,,,,,,,,,,,,,,,,,,,,,,,,,,,,,,52.41540475,-2.57877729,262.5,,,,,,,,,,,,,,,,,,,,,,,,,,,,Mini 4 Pro,SYNWVTG3DDT82PDTB,CAMKYGXFHDN5R89XB,RCSPQZENUDJD8RYAB,BATRY5D6WDL5UJGGB,,,,,,,,Mini 4 Pro,SYNWVTG3DDT82PDTB,,,,DJI Fly,,1.13.5,FA0D8399-5CAA-5A62-9DCE-C43B0D4839B2,,,,,,,,,,
1773873230,0m 50.0s,50.0,52.41614551,-2.57853439,111.5,111.5,30.0,291.5,275.6,8.948,8.948,8.774,,1.755,,-0.000,,1.40,0.00,11.3,11.3,,P-GPS,,,18,4,TRUE,,Mini 4 Pro,,,,,,FALSE,TRUE,,,,,,,,,,,,,,,,,,,,,,,,,,,,,,,,,,,,,,,,,,,,,,,,11.5,,,,6.978,,,,,,,6.784,,,,,,,,,,,,,,,,,,,,,,,,,,,,,,,,52.41540475,-2.57877729,275.6,,,,,,,,,,,,,,,,,,,,,,,,,,,,Mini 4 Pro,SYNWVTG3DDT82PDTB,CAMKYGXFHDN5R89XB,RCSPQZENUDJD8RYAB,BATRY5D6WDL5UJGGB,,,,,,,,Mini 4 Pro,SYNWVTG3DDT82PDTB,,,,DJI Fly,,1.13.5,FA0D8399-5CAA-5A62-9DCE-C43B0D4839B2,,,,,,,,,,
1773873231,0m 51.0s,51.0,52.41618078,-2.57852283,111.5,111.5,30.0,291.5,288.7,8.948,8.948,8.774,,1.755,,-0.000,,1.40,0.00,11.3,11.3,,P-GPS,,,18,4,TRUE,,Mini 4 Pro,,,,,,FALSE,TRUE,,,,,,,,,,,,,,,,,,,,,,,,,,,,,,,,,,,,,,,,,,,,,,,,11.5,,,,6.978,,,,,,,6.784,,,,,,,,,,,,,,,,,,,,,,,,,,,,,,,,52.41540475,-2.57877729,288.7,,,,,,,,,,,,,,,,,,,,,,,,,,,,Mini 4 Pro,SYNWVTG3DDT82PDTB,CAMKYGXFHDN5R89XB,RCSPQZENUDJD8RYAB,BATRY5D6WDL5UJGGB,,,,,,,,Mini 4 Pro,SYNWVTG3DDT82PDTB,,,,DJI Fly,,1.13.5,FA0D8399-5CAA-5A62-9DCE-C43B0D4839B2,,,,,,,,,,
1773873232,0m 52.0s,52.0,52.41621606,-2.57851126,111.5,111.5,30.0,291.5,301.8,8.948,8.948,8.774,,1.755,,-0.000,,1.40,0.00,11.3,11.3,,P-GPS,,,18,4,TRUE,,Mini 4 Pro,,,,,,FALSE,TRUE,,,,,,,,,,,,,,,,,,,,,,,,,,,,,,,,,,,,,,,,,,,,,,,,11.4,,,,6.977,,,,,,,6.784,,,,,,,,,,,,,,,,,,,,,,,,,,,,,,,,52.41540475,-2.57877729,301.8,,,,,,,,,,,,,,,,,,,,,,,,,,,,Mini 4 Pro,SYNWVTG3DDT82PDTB,CAMKYGXFHDN5R89XB,RCSPQZENUDJD8RYAB,BATRY5D6WDL5UJGGB,,,,,,,,Mini 4 Pro,SYNWVTG3DDT82PDTB,,,,DJI Fly,,1.13.5,FA0D8399-5CAA-5A62-9DCE-C43B0D4839B2,,,,,,,,,,
1773873233,0m 53.0s,53.0,52.41625133,-2.57849969,111.5,111.5,30.0,291.5,315.0,8.948,8.948,8.774,,1.755,,-0.000,,1.40,0.00,11.3,11.3,,P-GPS,,,18,4,TRUE,,Mini 4 Pro,,,,,,FALSE,TRUE,,,,,,,,,,,,,,,,,,,,,,,,,,,,,,,,,,,,,,,,,,,,,,,,11.4,,,,6.977,,,,,,,6.784,,,,,,,,,,,,,,,,,,,,,,,,,,,,,,,,52.41540475,-2.57877729,315.0,,,,,,,,,,,,,,,,,,,,,,,,,,,,Mini 4 Pro,SYNWVTG3DDT82PDTB,CAMKYGXFHDN5R89XB,RCSPQZENUDJD8RYAB,BATRY5D6WDL5UJGGB,,,,,,,,Mini 4 Pro,SYNWVTG3DDT82PDTB,,,,DJI Fly,,1.13.5,FA0D8399-5CAA-5A62-9DCE-C43B0D4839B2,,,,,,,,,,
1773873234,0m 54.0s,54.0,52.41628661,-2.57848813,111.5,111.5,30.0,291.5,328.1,8.948,8.948,8.774,,1.755,,-0.000,,1.40,0.00,11.3,11.3,,P-GPS,,,18,4,TRUE,,Mini 4 Pro,,,,,,FALSE,TRUE,,,,,,,,,,,,,,,,,,,,,,,,,,,,,,,,,,,,,,,,,,,,,,,,11.4,,,,6.976,,,,,,,6.784,,,,,,,,,,,,,,,,,,,,,,,,,,,,,,,,52.41540475,-2.57877729,328.1,,,,,,,,,,,,,,,,,,,,,,,,,,,,Mini 4 Pro,SYNWVTG3DDT82PDTB,CAMKYGXFHDN5R89XB,RCSPQZENUDJD8RYAB,BATRY5D6WDL5UJGGB,,,,,,,,Mini 4 Pro,SYNWVTG3DDT82PDTB,,,,DJI Fly,,1.13.5,FA0D8399-5CAA-5A62-9DCE-C43B0D4839B2,,,,,,,,,,
1773873235,0m 55.0s,55.0,52.41632188,-2.57847656,111.5,111.5,30.0,291.5,341.2,8.948,8.948,8.774,,1.755,,-0.000,,1.40,0.00,11.3,11.3,,P-GPS,,,18,4,TRUE,,Mini 4 Pro,,,,,,FALSE,TRUE,,,,,,,,,,,,,,,,,,,,,,,,,,,,,,,,,,,,,,,,,,,,,,,,11.3,,,,6.976,,,,,,,6.784,,,,,,,,,,,,,,,,,,,,,,,,,,,,,,,,52.41540475,-2.57877729,341.2,,,,,,,,,,,,,,,,,,,,,,,,,,,,Mini 4 Pro,SYNWVTG3DDT82PDTB,CAMKYGXFHDN5R89XB,RCSPQZENUDJD8RYAB,BATRY5D6WDL5UJGGB,,,,,,,,Mini 4 Pro,SYNWVTG3DDT82PDTB,,,,DJI Fly,,1.13.5,FA0D8399-5CAA-5A62-9DCE-C43B0D4839B2,,,,,,,,,,
1773873236,0m 56.0s,56.0,52.41635715,-2.57846499,111.5,111.5,30.0,291.5,354.3,8.948,8.948,8.774,,1.755,,-0.000,,1.40,0.00,11.3,11.3,,P-GPS,,,18,4,TRUE,,Mini 4 Pro,,,,,,FALSE,TRUE,,,,,,,,,,,,,,,,,,,,,,,,,,,,,,,,,,,,,,,,,,,,,,,,11.3,,,,6.975,,,,,,,6.784,,,,,,,,,,,,,,,,,,,,,,,,,,,,,,,,52.41540475,-2.57877729,354.3,,,,,,,,,,,,,,,,,,,,,,,,,,,,Mini 4 Pro,SYNWVTG3DDT82PDTB,CAMKYGXFHDN5R89XB,RCSPQZENUDJD8RYAB,BATRY5D6WDL5UJGGB,,,,,,,,Mini 4 Pro,SYNWVTG3DDT82PDTB,,,,DJI Fly,,1.13.5,FA0D8399-5CAA-5A62-9DCE-C43B0D4839B2,,,,,,,,,,
1773873237,0m 57.0s,57.0,52.41639243,-2.57845343,111.5,111.5,30.0,291.5,367.5,8.948,8.948,8.774,,1.755,,-0.000,,1.40,0.00,11.3,11.3,,P-GPS,,,18,4,TRUE,,Mini 4 Pro,,,,,,FALSE,TRUE,,,,,,,,,,,,,,,,,,,,,,,,,,,,,,,,,,,,,,,,,,,,,,,,11.3,,,,6.975,,,,,,,6.784,,,,,,,,,,,,,,,,,,,,,,,,,,,,,,,,52.41540475,-2.57877729,367.5,,,,,,,,,,,,,,,,,,,,,,,,,,,,Mini 4 Pro,SYNWVTG3DDT82PDTB,CAMKYGXFHDN5R89XB,RCSPQZENUDJD8RYAB,BATRY5D6WDL5UJGGB,,,,,,,,Mini 4 Pro,SYNWVTG3DDT82PDTB,,,,DJI Fly,,1.13.5,FA0D8399-5CAA-5A62-9DCE-C43B0D4839B2,,,,,,,,,,
1773873238,0m 58.0s,58.0,52.41642770,-2.57844186,111.5,111.5,30.0,291.5,380.6,8.948,8.948,8.774,,1.755,,-0.000,,1.40,0.00,11.3,11.3,,P-GPS,,,18,4,TRUE,,Mini 4 Pro,,,,,,FALSE,TRUE,,,,,,,,,,,,,,,,,,,,,,,,,,,,,,,,,,,,,,,,,,,,,,,,11.3,,,,6.975,,,,,,,6.784,,,,,,,,,,,,,,,,,,,,,,,,,,,,,,,,52.41540475,-2.57877729,380.6,,,,,,,,,,,,,,,,,,,,,,,,,,,,Mini 4 Pro,SYNWVTG3DDT82PDTB,CAMKYGXFHDN5R89XB,RCSPQZENUDJD8RYAB,BATRY5D6WDL5UJGGB,,,,,,,,Mini 4 Pro,SYNWVTG3DDT82PDTB,,,,DJI Fly,,1.13.5,FA0D8399-5CAA-5A62-9DCE-C43B0D4839B2,,,,,,,,,,
1773873239,0m 59.0s,59.0,52.41646298,-2.57843029,111.5,111.5,30.0,291.5,393.7,8.948,8.948,8.774,,1.755,,-0.000,,1.40,-0.00,11.3,11.3,,P-GPS,,,18,4,TRUE,,Mini 4 Pro,,,,,,FALSE,TRUE,,,,,,,,,,,,,,,,,,,,,,,,,,,,,,,,,,,,,,,,,,,,,,,,11.2,,,,6.974,,,,,,,6.784,,,,,,,,,,,,,,,,,,,,,,,,,,,,,,,,52.41540475,-2.57877729,393.7,,,,,,,,,,,,,,,,,,,,,,,,,,,,Mini 4 Pro,SYNWVTG3DDT82PDTB,CAMKYGXFHDN5R89XB,RCSPQZENUDJD8RYAB,BATRY5D6WDL5UJGGB,,,,,,,,Mini 4 Pro,SYNWVTG3DDT82PDTB,,,,DJI Fly,,1.13.5,FA0D8399-5CAA-5A62-9DCE-C43B0D4839B2,,,,,,,,,,
1773873240,1m 0.0s,60.0,52.41649825,-2.57841873,111.5,111.5,30.0,291.5,406.8,8.948,8.948,8.774,,1.755,,-0.000,,1.40,0.00,11.3,11.3,,P-GPS,,,18,4,TRUE,,Mini 4 Pro,,,,,,FALSE,TRUE,,,,,,,,,,,,,,,,,,,,,,,,,,,,,,,,,,,,,,,,,,,,,,,,11.2,,,,6.974,,,,,,,6.784,,,,,,,,,,,,,,,,,,,,,,,,,,,,,,,,52.41540475,-2.57877729,406.8,,,,,,,,,,,,,,,,,,,,,,,,,,,,Mini 4 Pro,SYNWVTG3DDT82PDTB,CAMKYGXFHDN5R89XB,RCSPQZENUDJD8RYAB,BATRY5D6WDL5UJGGB,,,,,,,,Mini 4 Pro,SYNWVTG3DDT82PDTB,,,,DJI Fly,,1.13.5,FA0D8399-5CAA-5A62-9DCE-C43B0D4839B2,,,,,,,,,,
1773873241,1m 1.0s,61.0,52.41653353,-2.57840716,111.5,111.5,30.0,291.5,419.9,8.948,8.948,8.774,,1.755,,-0.000,,1.40,0.00,11.3,11.3,,P-GPS,,,18,4,TRUE,,Mini 4 Pro,,,,,,FALSE,TRUE,,,,,,,,,,,,,,,,,,,,,,,,,,,,,,,,,,,,,,,,,,,,,,,,11.2,,,,6.973,,,,,,,6.784,,,,,,,,,,,,,,,,,,,,,,,,,,,,,,,,52.41540475,-2.57877729,419.9,,,,,,,,,,,,,,,,,,,,,,,,,,,,Mini 4 Pro,SYNWVTG3DDT82PDTB,CAMKYGXFHDN5R89XB,RCSPQZENUDJD8RYAB,BATRY5D6WDL5UJGGB,,,,,,,,Mini 4 Pro,SYNWVTG3DDT82PDTB,,,,DJI Fly,,1.13.5,FA0D8399-5CAA-5A62-9DCE-C43B0D4839B2,,,,,,,,,,
1773873242,1m 2.0s,62.0,52.41656880,-2.57839560,111.5,111.5,30.0,291.5,433.1,8.948,8.948,8.774,,1.755,,-0.000,,1.40,0.00,11.3,11.3,,P-GPS,,,18,4,TRUE,,Mini 4 Pro,,,,,,FALSE,TRUE,,,,,,,,,,,,,,,,,,,,,,,,,,,,,,,,,,,,,,,,,,,,,,,,11.1,,,,6.973,,,,,,,6.784,,,,,,,,,,,,,,,,,,,,,,,,,,,,,,,,52.41540475,-2.57877729,433.1,,,,,,,,,,,,,,,,,,,,,,,,,,,,Mini 4 Pro,SYNWVTG3DDT82PDTB,CAMKYGXFHDN5R89XB,RCSPQZENUDJD8RYAB,BATRY5D6WDL5UJGGB,,,,,,,,Mini 4 Pro,SYNWVTG3DDT82PDTB,,,,DJI Fly,,1.13.5,FA0D8399-5CAA-5A62-9DCE-C43B0D4839B2,,,,,,,,,,
1773873243,1m 3.0s,63.0,52.41660407,-2.57838403,111.5,111.5,30.0,291.5,446.2,8.948,8.948,8.774,,1.755,,-0.000,,1.40,0.00,11.3,11.3,,P-GPS,,,18,4,TRUE,,Mini 4 Pro,,,,,,FALSE,TRUE,,,,,,,,,,,,,,,,,,,,,,,,,,,,,,,,,,,,,,,,,,,,,,,,11.1,,,,6.972,,,,,,,6.784,,,,,,,,,,,,,,,,,,,,,,,,,,,,,,,,52.41540475,-2.57877729,446.2,,,,,,,,,,,,,,,,,,,,,,,,,,,,Mini 4 Pro,SYNWVTG3DDT82PDTB,CAMKYGXFHDN5R89XB,RCSPQZENUDJD8RYAB,BATRY5D6WDL5UJGGB,,,,,,,,Mini 4 Pro,SYNWVTG3DDT82PDTB,,,,DJI Fly,,1.13.5,FA0D8399-5CAA-5A62-9DCE-C43B0D4839B2,,,,,,,,,,
1773873244,1m 4.0s,64.0,52.41663935,-2.57837246,111.5,111.5,30.0,291.5,459.3,8.948,8.948,8.774,,1.755,,-0.000,,1.40,0.00,11.3,11.3,,P-GPS,,,18,4,TRUE,,Mini 4 Pro,,,,,,FALSE,TRUE,,,,,,,,,,,,,,,,,,,,,,,,,,,,,,,,,,,,,,,,,,,,,,,,11.1,,,,6.972,,,,,,,6.784,,,,,,,,,,,,,,,,,,,,,,,,,,,,,,,,52.41540475,-2.57877729,459.3,,,,,,,,,,,,,,,,,,,,,,,,,,,,Mini 4 Pro,SYNWVTG3DDT82PDTB,CAMKYGXFHDN5R89XB,RCSPQZENUDJD8RYAB,BATRY5D6WDL5UJGGB,,,,,,,,Mini 4 Pro,SYNWVTG3DDT82PDTB,,,,DJI Fly,,1.13.5,FA0D8399-5CAA-5A62-9DCE-C43B0D4839B2,,,,,,,,,,
1773873245,1m 5.0s,65.0,52.41667462,-2.57836090,111.5,111.5,30.0,291.5,472.4,8.948,8.948,8.774,,1.755,,-0.000,,1.40,0.00,11.3,11.3,,P-GPS,,,18,4,TRUE,,Mini 4 Pro,,,,,,FALSE,TRUE,,,,,,,,,,,,,,,,,,,,,,,,,,,,,,,,,,,,,,,,,,,,,,,,11.1,,,,6.971,,,,,,,6.784,,,,,,,,,,,,,,,,,,,,,,,,,,,,,,,,52.41540475,-2.57877729,472.4,,,,,,,,,,,,,,,,,,,,,,,,,,,,Mini 4 Pro,SYNWVTG3DDT82PDTB,CAMKYGXFHDN5R89XB,RCSPQZENUDJD8RYAB,BATRY5D6WDL5UJGGB,,,,,,,,Mini 4 Pro,SYNWVTG3DDT82PDTB,,,,DJI Fly,,1.13.5,FA0D8399-5CAA-5A62-9DCE-C43B0D4839B2,,,,,,,,,,
1773873246,1m 6.0s,66.0,52.41670990,-2.57834933,111.5,111.5,30.0,291.5,485.6,8.948,8.948,8.774,,1.755,,-0.000,,1.40,0.00,11.3,11.3,,P-GPS,,,18,4,TRUE,,Mini 4 Pro,,,,,,FALSE,TRUE,,,,,,,,,,,,,,,,,,,,,,,,,,,,,,,,,,,,,,,,,,,,,,,,11.0,,,,6.971,,,,,,,6.784,,,,,,,,,,,,,,,,,,,,,,,,,,,,,,,,52.41540475,-2.57877729,485.6,,,,,,,,,,,,,,,,,,,,,,,,,,,,Mini 4 Pro,SYNWVTG3DDT82PDTB,CAMKYGXFHDN5R89XB,RCSPQZENUDJD8RYAB,BATRY5D6WDL5UJGGB,,,,,,,,Mini 4 Pro,SYNWVTG3DDT82PDTB,,,,DJI Fly,,1.13.5,FA0D8399-5CAA-5A62-9DCE-C43B0D4839B2,,,,,,,,,,
1773873247,1m 7.0s,67.0,52.41674517,-2.57833776,111.5,111.5,30.0,291.5,498.7,8.948,8.948,8.774,,1.755,,-0.000,,1.40,0.00,11.3,11.3,,P-GPS,,,18,4,TRUE,,Mini 4 Pro,,,,,,FALSE,TRUE,,,,,,,,,,,,,,,,,,,,,,,,,,,,,,,,,,,,,,,,,,,,,,,,11.0,,,,6.970,,,,,,,6.784,,,,,,,,,,,,,,,,,,,,,,,,,,,,,,,,52.41540475,-2.57877729,498.7,,,,,,,,,,,,,,,,,,,,,,,,,,,,Mini 4 Pro,SYNWVTG3DDT82PDTB,CAMKYGXFHDN5R89XB,RCSPQZENUDJD8RYAB,BATRY5D6WDL5UJGGB,,,,,,,,Mini 4 Pro,SYNWVTG3DDT82PDTB,,,,DJI Fly,,1.13.5,FA0D8399-5CAA-5A62-9DCE-C43B0D4839B2,,,,,,,,,,
1773873248,1m 8.0s,68.0,52.41675373,-2.57833496,111.5,111.5,30.0,291.5,501.9,2.171,8.948,2.129,,0.426,,-0.000,,0.34,0.00,11.3,11.3,,P-GPS,,,18,4,TRUE,,Mini 4 Pro,,,,,,FALSE,TRUE,,,,,,,,,,,,,,,,,,,,,,,,,,,,,,,,,,,,,,,,,,,,,,,,11.0,,,,6.970,,,,,,,5.118,,,,,,,,,,,,,,,,,,,,,,,,,,,,,,,,52.41540475,-2.57877729,501.9,,,,,,,,,,,,,,,,,,,,,,,,,,,,Mini 4 Pro,SYNWVTG3DDT82PDTB,CAMKYGXFHDN5R89XB,RCSPQZENUDJD8RYAB,BATRY5D6WDL5UJGGB,,,,,,,,Mini 4 Pro,SYNWVTG3DDT82PDTB,,,,DJI Fly,,1.13.5,FA0D8399-5CAA-5A62-9DCE-C43B0D4839B2,,,,,,,,,,
1773873249,1m 9.0s,69.0,52.41675373,-2.57833496,111.5,111.5,30.0,291.5,501.9,0.000,8.948,0.000,,0.000,,-0.000,,0.00,0.00,11.3,11.3,,P-GPS,,,18,4,TRUE,,Mini 4 Pro,,,,,,FALSE,TRUE,,,,,,,,,,,,,,,,,,,,,,,,,,,,,,,,,,,,,,,,,,,,,,,,10.9,,,,6.969,,,,,,,4.584,,,,,,,,,,,,,,,,,,,,,,,,,,,,,,,,52.41540475,-2.57877729,501.9,,,,,,,,,,,,,,,,,,,,,,,,,,,,Mini 4 Pro,SYNWVTG3DDT82PDTB,CAMKYGXFHDN5R89XB,RCSPQZENUDJD8RYAB,BATRY5D6WDL5UJGGB,,,,,,,,Mini 4 Pro,SYNWVTG3DDT82PDTB,,,,DJI Fly,,1.13.5,FA0D8399-5CAA-5A62-9DCE-C43B0D4839B2,,,,,,,,,,
1773873250,1m 10.0s,70.0,52.41675373,-2.57833496,111.5,111.5,30.0,291.5,501.9,0.000,8.948,0.000,,0.000,,-0.000,,0.00,0.00,11.3,11.3,,P-GPS,,,18,4,TRUE,,Mini 4 Pro,,,,,,FALSE,TRUE,,,,,,,,,,,,,,,,,,,,,,,,,,,,,,,,,,,,,,,,,,,,,,,,10.9,,,,6.969,,,,,,,4.584,,,,,,,,,,,,,,,,,,,,,,,,,,,,,,,,52.41540475,-2.57877729,501.9,,,,,,,,,,,,,,,,,,,,,,,,,,,,Mini 4 Pro,SYNWVTG3DDT82PDTB,CAMKYGXFHDN5R89XB,RCSPQZENUDJD8RYAB,BATRY5D6WDL5UJGGB,,,,,,,,Mini 4 Pro,SYNWVTG3DDT82PDTB,,,,DJI Fly,,1.13.5,FA0D8399-5CAA-5A62-9DCE-C43B0D4839B2,,,,,,,,,,
1773873251,1m 11.0s,71.0,52.41675373,-2.57833496,111.5,111.5,30.0,291.5,501.9,0.000,8.948,0.000,,0.000,,-0.000,,0.00,0.00,11.3,11.3,,P-GPS,,,18,4,TRUE,,Mini 4 Pro,,,,,,FALSE,TRUE,,,,,,,,,,,,,,,,,,,,,,,,,,,,,,,,,,,,,,,,,,,,,,,,10.9,,,,6.968,,,,,,,4.584,,,,,,,,,,,,,,,,,,,,,,,,,,,,,,,,52.41540475,-2.57877729,501.9,,,,,,,,,,,,,,,,,,,,,,,,,,,,Mini 4 Pro,SYNWVTG3DDT82PDTB,CAMKYGXFHDN5R89XB,RCSPQZENUDJD8RYAB,BATRY5D6WDL5UJGGB,,,,,,,,Mini 4 Pro,SYNWVTG3DDT82PDTB,,,,DJI Fly,,1.13.5,FA0D8399-5CAA-5A62-9DCE-C43B0D4839B2,,,,,,,,,,
1773873252,1m 12.0s,72.0,52.41675373,-2.57833496,111.5,111.5,30.0,291.5,501.9,0.000,8.948,0.000,,0.000,,-0.000,,0.00,0.00,11.3,11.3,,P-GPS,,,18,4,TRUE,,Mini 4 Pro,,,,,,FALSE,TRUE,,,,,,,,,,,,,,,,,,,,,,,,,,,,,,,,,,,,,,,,,,,,,,,,10.8,,,,6.968,,,,,,,4.584,,,,,,,,,,,,,,,,,,,,,,,,,,,,,,,,52.41540475,-2.57877729,501.9,,,,,,,,,,,,,,,,,,,,,,,,,,,,Mini 4 Pro,SYNWVTG3DDT82PDTB,CAMKYGXFHDN5R89XB,RCSPQZENUDJD8RYAB,BATRY5D6WDL5UJGGB,,,,,,,,Mini 4 Pro,SYNWVTG3DDT82PDTB,,,,DJI Fly,,1.13.5,FA0D8399-5CAA-5A62-9DCE-C43B0D4839B2,,,,,,,,,,
1773873253,1m 13.0s,73.0,52.41675373,-2.57833496,111.5,111.5,30.0,291.5,501.9,0.000,8.948,0.000,,0.000,,-0.000,,0.00,0.00,11.3,11.3,,P-GPS,,,18,4,TRUE,,Mini 4 Pro,,,,,,FALSE,TRUE,,,,,,,,,,,,,,,,,,,,,,,,,,,,,,,,,,,,,,,,,,,,,,,,10.8,,,,6.968,,,,,,,4.584,,,,,,,,,,,,,,,,,,,,,,,,,,,,,,,,52.41540475,-2.57877729,501.9,,,,,,,,,,,,,,,,,,,,,,,,,,,,Mini 4 Pro,SYNWVTG3DDT82PDTB,CAMKYGXFHDN5R89XB,RCSPQZENUDJD8RYAB,BATRY5D6WDL5UJGGB,,,,,,,,Mini 4 Pro,SYNWVTG3DDT82PDTB,,,,DJI Fly,,1.13.5,FA0D8399-5CAA-5A62-9DCE-C43B0D4839B2,,,,,,,,,,
1773873254,1m 14.0s,74.0,52.41675373,-2.57833496,111.5,111.5,30.0,291.5,501.9,0.000,8.948,0.000,,0.000,,-0.000,,0.00,0.00,11.3,11.3,,P-GPS,,,18,4,TRUE,,Mini 4 Pro,,,,,,FALSE,TRUE,,,,,,,,,,,,,,,,,,,,,,,,,,,,,,,,,,,,,,,,,,,,,,,,10.8,,,,6.967,,,,,,,4.584,,,,,,,,,,,,,,,,,,,,,,,,,,,,,,,,52.41540475,-2.57877729,501.9,,,,,,,,,,,,,,,,,,,,,,,,,,,,Mini 4 Pro,SYNWVTG3DDT82PDTB,CAMKYGXFHDN5R89XB,RCSPQZENUDJD8RYAB,BATRY5D6WDL5UJGGB,,,,,,,,Mini 4 Pro,SYNWVTG3DDT82PDTB,,,,DJI Fly,,1.13.5,FA0D8399-5CAA-5A62-9DCE-C43B0D4839B2,,,,,,,,,,
1773873255,1m 15.0s,75.0,52.41675373,-2.57833496,111.5,111.5,30.0,291.5,501.9,0.000,8.948,0.000,,0.000,,-0.000,,0.00,0.00,11.3,11.3,,P-GPS,,,18,4,TRUE,,Mini 4 Pro,,,,,,FALSE,TRUE,,,,,,,,,,,,,,,,,,,,,,,,,,,,,,,,,,,,,,,,,,,,,,,,10.8,,,,6.967,,,,,,,4.584,,,,,,,,,,,,,,,,,,,,,,,,,,,,,,,,52.41540475,-2.57877729,501.9,,,,,,,,,,,,,,,,,,,,,,,,,,,,Mini 4 Pro,SYNWVTG3DDT82PDTB,CAMKYGXFHDN5R89XB,RCSPQZENUDJD8RYAB,BATRY5D6WDL5UJGGB,,,,,,,,Mini 4 Pro,SYNWVTG3DDT82PDTB,,,,DJI Fly,,1.13.5,FA0D8399-5CAA-5A62-9DCE-C43B0D4839B2,,,,,,,,,,
1773873256,1m 16.0s,76.0,52.41675373,-2.57833496,111.5,111.5,30.0,291.5,501.9,0.000,8.948,0.000,,0.000,,-0.000,,0.00,0.00,11.3,11.3,,P-GPS,,,18,4,TRUE,,Mini 4 Pro,,,,,,FALSE,TRUE,,,,,,,,,,,,,,,,,,,,,,,,,,,,,,,,,,,,,,,,,,,,,,,,10.7,,,,6.966,,,,,,,4.584,,,,,,,,,,,,,,,,,,,,,,,,,,,,,,,,52.41540475,-2.57877729,501.9,,,,,,,,,,,,,,,,,,,,,,,,,,,,Mini 4 Pro,SYNWVTG3DDT82PDTB,CAMKYGXFHDN5R89XB,RCSPQZENUDJD8RYAB,BATRY5D6WDL5UJGGB,,,,,,,,Mini 4 Pro,SYNWVTG3DDT82PDTB,,,,DJI Fly,,1.13.5,FA0D8399-5CAA-5A62-9DCE-C43B0D4839B2,,,,,,,,,,
1773873257,1m 17.0s,77.0,52.41675373,-2.57833496,111.5,111.5,30.0,291.5,501.9,0.000,8.948,0.000,,0.000,,-0.000,,0.00,0.00,11.3,11.3,,P-GPS,,,18,4,TRUE,,Mini 4 Pro,,,,,,FALSE,TRUE,,,,,,,,,,,,,,,,,,,,,,,,,,,,,,,,,,,,,,,,,,,,,,,,10.7,,,,6.966,,,,,,,4.584,,,,,,,,,,,,,,,,,,,,,,,,,,,,,,,,52.41540475,-2.57877729,501.9,,,,,,,,,,,,,,,,,,,,,,,,,,,,Mini 4 Pro,SYNWVTG3DDT82PDTB,CAMKYGXFHDN5R89XB,RCSPQZENUDJD8RYAB,BATRY5D6WDL5UJGGB,,,,,,,,Mini 4 Pro,SYNWVTG3DDT82PDTB,,,,DJI Fly,,1.13.5,FA0D8399-5CAA-5A62-9DCE-C43B0D4839B2,,,,,,,,,,
1773873258,1m 18.0s,78.0,52.41675373,-2.57833496,111.5,111.5,30.0,291.5,501.9,0.000,8.948,0.000,,0.000,,-0.000,,0.00,0.00,11.3,11.3,,P-GPS,,,18,4,TRUE,,Mini 4 Pro,,,,,,FALSE,TRUE,,,,,,,,,,,,,,,,,,,,,,,,,,,,,,,,,,,,,,,,,,,,,,,,10.7,,,,6.965,,,,,,,4.584,,,,,,,,,,,,,,,,,,,,,,,,,,,,,,,,52.41540475,-2.57877729,501.9,,,,,,,,,,,,,,,,,,,,,,,,,,,,Mini 4 Pro,SYNWVTG3DDT82PDTB,CAMKYGXFHDN5R89XB,RCSPQZENUDJD8RYAB,BATRY5D6WDL5UJGGB,,,,,,,,Mini 4 Pro,SYNWVTG3DDT82PDTB,,,,DJI Fly,,1.13.5,FA0D8399-5CAA-5A62-9DCE-C43B0D4839B2,,,,,,,,,,
1773873259,1m 19.0s,79.0,52.41675373,-2.57833496,111.5,111.5,30.0,291.5,501.9,0.000,8.948,0.000,,0.000,,-0.000,,0.00,0.00,11.3,11.3,,P-GPS,,,18,4,TRUE,,Mini 4 Pro,,,,,,FALSE,TRUE,,,,,,,,,,,,,,,,,,,,,,,,,,,,,,,,,,,,,,,,,,,,,,,,10.6,,,,6.965,,,,,,,4.584,,,,,,,,,,,,,,,,,,,,,,,,,,,,,,,,52.41540475,-2.57877729,501.9,,,,,,,,,,,,,,,,,,,,,,,,,,,,Mini 4 Pro,SYNWVTG3DDT82PDTB,CAMKYGXFHDN5R89XB,RCSPQZENUDJD8RYAB,BATRY5D6WDL5UJGGB,,,,,,,,Mini 4 Pro,SYNWVTG3DDT82PDTB,,,,DJI Fly,,1.13.5,FA0D8399-5CAA-5A62-9DCE-C43B0D4839B2,,,,,,,,,,
1773873260,1m 20.0s,80.0,52.41675373,-2.57833496,111.5,111.5,30.0,291.5,501.9,0.000,8.948,0.000,,0.000,,-0.000,,0.00,0.00,11.3,11.3,,P-GPS,,,18,4,TRUE,,Mini 4 Pro,,,,,,FALSE,TRUE,,,,,,,,,,,,,,,,,,,,,,,,,,,,,,,,,,,,,,,,,,,,,,,,10.6,,,,6.964,,,,,,,4.584,,,,,,,,,,,,,,,,,,,,,,,,,,,,,,,,52.41540475,-2.57877729,501.9,,,,,,,,,,,,,,,,,,,,,,,,,,,,Mini 4 Pro,SYNWVTG3DDT82PDTB,CAMKYGXFHDN5R89XB,RCSPQZENUDJD8RYAB,BATRY5D6WDL5UJGGB,,,,,,,,Mini 4 Pro,SYNWVTG3DDT82PDTB,,,,DJI Fly,,1.13.5,FA0D8399-5CAA-5A62-9DCE-C43B0D4839B2,,,,,,,,,,
1773873261,1m 21.0s,81.0,52.41675373,-2.57833496,111.5,111.5,30.0,291.5,501.9,0.000,8.948,0.000,,0.000,,-0.000,,0.00,0.00,11.3,11.3,,P-GPS,,,18,4,TRUE,,Mini 4 Pro,,,,,,FALSE,TRUE,,,,,,,,,,,,,,,,,,,,,,,,,,,,,,,,,,,,,,,,,,,,,,,,10.6,,,,6.964,,,,,,,4.584,,,,,,,,,,,,,,,,,,,,,,,,,,,,,,,,52.41540475,-2.57877729,501.9,,,,,,,,,,,,,,,,,,,,,,,,,,,,Mini 4 Pro,SYNWVTG3DDT82PDTB,CAMKYGXFHDN5R89XB,RCSPQZENUDJD8RYAB,BATRY5D6WDL5UJGGB,,,,,,,,Mini 4 Pro,SYNWVTG3DDT82PDTB,,,,DJI Fly,,1.13.5,FA0D8399-5CAA-5A62-9DCE-C43B0D4839B2,,,,,,,,,,
1773873262,1m 22.0s,82.0,52.41675373,-2.57833496,111.5,111.5,30.0,291.5,501.9,0.000,8.948,0.000,,0.000,,-0.000,,0.00,0.00,11.3,11.3,,P-GPS,,,18,4,TRUE,,Mini 4 Pro,,,,,,FALSE,TRUE,,,,,,,,,,,,,,,,,,,,,,,,,,,,,,,,,,,,,,,,,,,,,,,,10.5,,,,6.963,,,,,,,4.584,,,,,,,,,,,,,,,,,,,,,,,,,,,,,,,,52.41540475,-2.57877729,501.9,,,,,,,,,,,,,,,,,,,,,,,,,,,,Mini 4 Pro,SYNWVTG3DDT82PDTB,CAMKYGXFHDN5R89XB,RCSPQZENUDJD8RYAB,BATRY5D6WDL5UJGGB,,,,,,,,Mini 4 Pro,SYNWVTG3DDT82PDTB,,,,DJI Fly,,1.13.5,FA0D8399-5CAA-5A62-9DCE-C43B0D4839B2,,,,,,,,,,
1773873263,1m 23.0s,83.0,52.41675373,-2.57833496,111.5,111.5,30.0,291.5,501.9,0.000,8.948,0.000,,0.000,,-0.000,,0.00,0.00,11.3,11.3,,P-GPS,,,18,4,TRUE,,Mini 4 Pro,,,,,,FALSE,TRUE,,,,,,,,,,,,,,,,,,,,,,,,,,,,,,,,,,,,,,,,,,,,,,,,10.5,,,,6.963,,,,,,,4.584,,,,,,,,,,,,,,,,,,,,,,,,,,,,,,,,52.41540475,-2.57877729,501.9,,,,,,,,,,,,,,,,,,,,,,,,,,,,Mini 4 Pro,SYNWVTG3DDT82PDTB,CAMKYGXFHDN5R89XB,RCSPQZENUDJD8RYAB,BATRY5D6WDL5UJGGB,,,,,,,,Mini 4 Pro,SYNWVTG3DDT82PDTB,,,,DJI Fly,,1.13.5,FA0D8399-5CAA-5A62-9DCE-C43B0D4839B2,,,,,,,,,,
1773873264,1m 24.0s,84.0,52.41675373,-2.57833496,111.5,111.5,30.0,291.5,501.9,0.000,8.948,0.000,,0.000,,-0.000,,0.00,0.00,11.3,11.3,,P-GPS,,,18,4,TRUE,,Mini 4 Pro,,,,,,FALSE,TRUE,,,,,,,,,,,,,,,,,,,,,,,,,,,,,,,,,,,,,,,,,,,,,,,,10.5,,,,6.962,,,,,,,4.584,,,,,,,,,,,,,,,,,,,,,,,,,,,,,,,,52.41540475,-2.57877729,501.9,,,,,,,,,,,,,,,,,,,,,,,,,,,,Mini 4 Pro,SYNWVTG3DDT82PDTB,CAMKYGXFHDN5R89XB,RCSPQZENUDJD8RYAB,BATRY5D6WDL5UJGGB,,,,,,,,Mini 4 Pro,SYNWVTG3DDT82PDTB,,,,DJI Fly,,1.13.5,FA0D8399-5CAA-5A62-9DCE-C43B0D4839B2,,,,,,,,,,
1773873265,1m 25.0s,85.0,52.41675373,-2.57833496,111.5,111.5,30.0,291.5,501.9,0.000,8.948,0.000,,0.000,,-0.000,,0.00,0.00,11.3,11.3,,P-GPS,,,18,4,TRUE,,Mini 4 Pro,,,,,,FALSE,TRUE,,,,,,,,,,,,,,,,,,,,,,,,,,,,,,,,,,,,,,,,,,,,,,,,10.4,,,,6.962,,,,,,,4.584,,,,,,,,,,,,,,,,,,,,,,,,,,,,,,,,52.41540475,-2.57877729,501.9,,,,,,,,,,,,,,,,,,,,,,,,,,,,Mini 4 Pro,SYNWVTG3DDT82PDTB,CAMKYGXFHDN5R89XB,RCSPQZENUDJD8RYAB,BATRY5D6WDL5UJGGB,,,,,,,,Mini 4 Pro,SYNWVTG3DDT82PDTB,,,,DJI Fly,,1.13.5,FA0D8399-5CAA-5A62-9DCE-C43B0D4839B2,,,,,,,,,,
1773873266,1m 26.0s,86.0,52.41675373,-2.57833496,111.5,111.5,30.0,291.5,501.9,0.000,8.948,0.000,,0.000,,-0.000,,0.00,0.00,11.3,11.3,,P-GPS,,,18,4,TRUE,,Mini 4 Pro,,,,,,FALSE,TRUE,,,,,,,,,,,,,,,,,,,,,,,,,,,,,,,,,,,,,,,,,,,,,,,,10.4,,,,6.962,,,,,,,4.584,,,,,,,,,,,,,,,,,,,,,,,,,,,,,,,,52.41540475,-2.57877729,501.9,,,,,,,,,,,,,,,,,,,,,,,,,,,,Mini 4 Pro,SYNWVTG3DDT82PDTB,CAMKYGXFHDN5R89XB,RCSPQZENUDJD8RYAB,BATRY5D6WDL5UJGGB,,,,,,,,Mini 4 Pro,SYNWVTG3DDT82PDTB,,,,DJI Fly,,1.13.5,FA0D8399-5CAA-5A62-9DCE-C43B0D4839B2,,,,,,,,,,
1773873267,1m 27.0s,87.0,52.41675373,-2.57833496,111.5,111.5,30.0,291.5,501.9,0.000,8.948,0.000,,0.000,,-0.000,,0.00,0.00,11.3,11.3,,P-GPS,,,18,4,TRUE,,Mini 4 Pro,,,,,,FALSE,TRUE,,,,,,,,,,,,,,,,,,,,,,,,,,,,,,,,,,,,,,,,,,,,,,,,10.4,,,,6.961,,,,,,,4.584,,,,,,,,,,,,,,,,,,,,,,,,,,,,,,,,52.41540475,-2.57877729,501.9,,,,,,,,,,,,,,,,,,,,,,,,,,,,Mini 4 Pro,SYNWVTG3DDT82PDTB,CAMKYGXFHDN5R89XB,RCSPQZENUDJD8RYAB,BATRY5D6WDL5UJGGB,,,,,,,,Mini 4 Pro,SYNWVTG3DDT82PDTB,,,,DJI Fly,,1.13.5,FA0D8399-5CAA-5A62-9DCE-C43B0D4839B2,,,,,,,,,,
1773873268,1m 28.0s,88.0,52.41675373,-2.57833496,111.5,111.5,30.0,291.5,501.9,0.000,8.948,0.000,,0.000,,-0.000,,0.00,0.00,11.3,11.3,,P-GPS,,,18,4,TRUE,,Mini 4 Pro,,,,,,FALSE,TRUE,,,,,,,,,,,,,,,,,,,,,,,,,,,,,,,,,,,,,,,,,,,,,,,,10.4,,,,6.961,,,,,,,4.584,,,,,,,,,,,,,,,,,,,,,,,,,,,,,,,,52.41540475,-2.57877729,501.9,,,,,,,,,,,,,,,,,,,,,,,,,,,,Mini 4 Pro,SYNWVTG3DDT82PDTB,CAMKYGXFHDN5R89XB,RCSPQZENUDJD8RYAB,BATRY5D6WDL5UJGGB,,,,,,,,Mini 4 Pro,SYNWVTG3DDT82PDTB,,,,DJI Fly,,1.13.5,FA0D8399-5CAA-5A62-9DCE-C43B0D4839B2,,,,,,,,,,
1773873269,1m 29.0s,89.0,52.41675373,-2.57833496,111.5,111.5,30.0,291.5,501.9,0.000,8.948,0.000,,0.000,,-0.000,,0.00,0.00,11.3,11.3,,P-GPS,,,18,4,TRUE,,Mini 4 Pro,,,,,,FALSE,TRUE,,,,,,,,,,,,,,,,,,,,,,,,,,,,,,,,,,,,,,,,,,,,,,,,10.3,,,,6.960,,,,,,,4.584,,,,,,,,,,,,,,,,,,,,,,,,,,,,,,,,52.41540475,-2.57877729,501.9,,,,,,,,,,,,,,,,,,,,,,,,,,,,Mini 4 Pro,SYNWVTG3DDT82PDTB,CAMKYGXFHDN5R89XB,RCSPQZENUDJD8RYAB,BATRY5D6WDL5UJGGB,,,,,,,,Mini 4 Pro,SYNWVTG3DDT82PDTB,,,,DJI Fly,,1.13.5,FA0D8399-5CAA-5A62-9DCE-C43B0D4839B2,,,,,,,,,,
1773873270,1m 30.0s,90.0,52.41675373,-2.57833496,111.5,111.5,30.0,291.5,501.9,0.000,8.948,0.000,,0.000,,-0.000,,0.00,0.00,11.3,11.3,,P-GPS,,,18,4,TRUE,,Mini 4 Pro,,,,,,FALSE,TRUE,,,,,,,,,,,,,,,,,,,,,,,,,,,,,,,,,,,,,,,,,,,,,,,,10.3,,,,6.960,,,,,,,4.584,,,,,,,,,,,,,,,,,,,,,,,,,,,,,,,,52.41540475,-2.57877729,501.9,,,,,,,,,,,,,,,,,,,,,,,,,,,,Mini 4 Pro,SYNWVTG3DDT82PDTB,CAMKYGXFHDN5R89XB,RCSPQZENUDJD8RYAB,BATRY5D6WDL5UJGGB,,,,,,,,Mini 4 Pro,SYNWVTG3DDT82PDTB,,,,DJI Fly,,1.13.5,FA0D8399-5CAA-5A62-9DCE-C43B0D4839B2,,,,,,,,,,
1773873271,1m 31.0s,91.0,52.41675373,-2.57833496,111.5,111.5,30.0,291.5,501.9,0.000,8.948,0.000,,0.000,,-0.000,,0.00,0.00,11.3,11.3,,P-GPS,,,18,4,TRUE,,Mini 4 Pro,,,,,,FALSE,TRUE,,,,,,,,,,,,,,,,,,,,,,,,,,,,,,,,,,,,,,,,,,,,,,,,10.3,,,,6.959,,,,,,,4.584,,,,,,,,,,,,,,,,,,,,,,,,,,,,,,,,52.41540475,-2.57877729,501.9,,,,,,,,,,,,,,,,,,,,,,,,,,,,Mini 4 Pro,SYNWVTG3DDT82PDTB,CAMKYGXFHDN5R89XB,RCSPQZENUDJD8RYAB,BATRY5D6WDL5UJGGB,,,,,,,,Mini 4 Pro,SYNWVTG3DDT82PDTB,,,,DJI Fly,,1.13.5,FA0D8399-5CAA-5A62-9DCE-C43B0D4839B2,,,,,,,,,,
1773873272,1m 32.0s,92.0,52.41675373,-2.57833496,111.5,111.5,30.0,291.5,501.9,0.000,8.948,0.000,,0.000,,-0.000,,0.00,0.00,11.3,11.3,,P-GPS,,,18,4,TRUE,,Mini 4 Pro,,,,,,FALSE,TRUE,,,,,,,,,,,,,,,,,,,,,,,,,,,,,,,,,,,,,,,,,,,,,,,,10.2,,,,6.959,,,,,,,4.584,,,,,,,,,,,,,,,,,,,,,,,,,,,,,,,,52.41540475,-2.57877729,501.9,,,,,,,,,,,,,,,,,,,,,,,,,,,,Mini 4 Pro,SYNWVTG3DDT82PDTB,CAMKYGXFHDN5R89XB,RCSPQZENUDJD8RYAB,BATRY5D6WDL5UJGGB,,,,,,,,Mini 4 Pro,SYNWVTG3DDT82PDTB,,,,DJI Fly,,1.13.5,FA0D8399-5CAA-5A62-9DCE-C43B0D4839B2,,,,,,,,,,
1773873273,1m 33.0s,93.0,52.41675373,-2.57833496,111.5,111.5,30.0,291.5,501.9,0.000,8.948,0.000,,0.000,,-0.000,,0.00,0.00,11.3,11.3,,P-GPS,,,18,4,TRUE,,Mini 4 Pro,,,,,,FALSE,TRUE,,,,,,,,,,,,,,,,,,,,,,,,,,,,,,,,,,,,,,,,,,,,,,,,10.2,,,,6.958,,,,,,,4.584,,,,,,,,,,,,,,,,,,,,,,,,,,,,,,,,52.41540475,-2.57877729,501.9,,,,,,,,,,,,,,,,,,,,,,,,,,,,Mini 4 Pro,SYNWVTG3DDT82PDTB,CAMKYGXFHDN5R89XB,RCSPQZENUDJD8RYAB,BATRY5D6WDL5UJGGB,,,,,,,,Mini 4 Pro,SYNWVTG3DDT82PDTB,,,,DJI Fly,,1.13.5,FA0D8399-5CAA-5A62-9DCE-C43B0D4839B2,,,,,,,,,,
1773873274,1m 34.0s,94.0,52.41675373,-2.57833496,111.5,111.5,30.0,291.5,501.9,0.000,8.948,0.000,,0.000,,-0.000,,0.00,0.00,11.3,11.3,,P-GPS,,,18,4,TRUE,,Mini 4 Pro,,,,,,FALSE,TRUE,,,,,,,,,,,,,,,,,,,,,,,,,,,,,,,,,,,,,,,,,,,,,,,,10.2,,,,6.958,,,,,,,4.584,,,,,,,,,,,,,,,,,,,,,,,,,,,,,,,,52.41540475,-2.57877729,501.9,,,,,,,,,,,,,,,,,,,,,,,,,,,,Mini 4 Pro,SYNWVTG3DDT82PDTB,CAMKYGXFHDN5R89XB,RCSPQZENUDJD8RYAB,BATRY5D6WDL5UJGGB,,,,,,,,Mini 4 Pro,SYNWVTG3DDT82PDTB,,,,DJI Fly,,1.13.5,FA0D8399-5CAA-5A62-9DCE-C43B0D4839B2,,,,,,,,,,
1773873275,1m 35.0s,95.0,52.41675373,-2.57833496,111.5,111.5,30.0,291.5,501.9,0.000,8.948,0.000,,0.000,,-0.000,,0.00,0.00,11.3,11.3,,P-GPS,,,18,4,TRUE,,Mini 4 Pro,,,,,,FALSE,TRUE,,,,,,,,,,,,,,,,,,,,,,,,,,,,,,,,,,,,,,,,,,,,,,,,10.2,,,,6.957,,,,,,,4.584,,,,,,,,,,,,,,,,,,,,,,,,,,,,,,,,52.41540475,-2.57877729,501.9,,,,,,,,,,,,,,,,,,,,,,,,,,,,Mini 4 Pro,SYNWVTG3DDT82PDTB,CAMKYGXFHDN5R89XB,RCSPQZENUDJD8RYAB,BATRY5D6WDL5UJGGB,,,,,,,,Mini 4 Pro,SYNWVTG3DDT82PDTB,,,,DJI Fly,,1.13.5,FA0D8399-5CAA-5A62-9DCE-C43B0D4839B2,,,,,,,,,,
1773873276,1m 36.0s,96.0,52.41675373,-2.57833496,111.5,111.5,30.0,291.5,501.9,0.000,8.948,0.000,,0.000,,-0.000,,0.00,0.00,11.3,11.3,,P-GPS,,,18,4,TRUE,,Mini 4 Pro,,,,,,FALSE,TRUE,,,,,,,,,,,,,,,,,,,,,,,,,,,,,,,,,,,,,,,,,,,,,,,,10.1,,,,6.957,,,,,,,4.584,,,,,,,,,,,,,,,,,,,,,,,,,,,,,,,,52.41540475,-2.57877729,501.9,,,,,,,,,,,,,,,,,,,,,,,,,,,,Mini 4 Pro,SYNWVTG3DDT82PDTB,CAMKYGXFHDN5R89XB,RCSPQZENUDJD8RYAB,BATRY5D6WDL5UJGGB,,,,,,,,Mini 4 Pro,SYNWVTG3DDT82PDTB,,,,DJI Fly,,1.13.5,FA0D8399-5CAA-5A62-9DCE-C43B0D4839B2,,,,,,,,,,
1773873277,1m 37.0s,97.0,52.41675373,-2.57833496,111.5,111.5,30.0,291.5,501.9,0.000,8.948,0.000,,0.000,,-0.000,,0.00,0.00,11.3,11.3,,P-GPS,,,18,4,TRUE,,Mini 4 Pro,,,,,,FALSE,TRUE,,,,,,,,,,,,,,,,,,,,,,,,,,,,,,,,,,,,,,,,,,,,,,,,10.1,,,,6.956,,,,,,,4.584,,,,,,,,,,,,,,,,,,,,,,,,,,,,,,,,52.41540475,-2.57877729,501.9,,,,,,,,,,,,,,,,,,,,,,,,,,,,Mini 4 Pro,SYNWVTG3DDT82PDTB,CAMKYGXFHDN5R89XB,RCSPQZENUDJD8RYAB,BATRY5D6WDL5UJGGB,,,,,,,,Mini 4 Pro,SYNWVTG3DDT82PDTB,,,,DJI Fly,,1.13.5,FA0D8399-5CAA-5A62-9DCE-C43B0D4839B2,,,,,,,,,,
1773873278,1m 38.0s,98.0,52.41675373,-2.57833496,111.5,111.5,30.0,291.5,501.9,0.000,8.948,0.000,,0.000,,-0.000,,0.00,0.00,11.3,11.3,,P-GPS,,,18,4,TRUE,,Mini 4 Pro,,,,,,FALSE,TRUE,,,,,,,,,,,,,,,,,,,,,,,,,,,,,,,,,,,,,,,,,,,,,,,,10.1,,,,6.956,,,,,,,4.584,,,,,,,,,,,,,,,,,,,,,,,,,,,,,,,,52.41540475,-2.57877729,501.9,,,,,,,,,,,,,,,,,,,,,,,,,,,,Mini 4 Pro,SYNWVTG3DDT82PDTB,CAMKYGXFHDN5R89XB,RCSPQZENUDJD8RYAB,BATRY5D6WDL5UJGGB,,,,,,,,Mini 4 Pro,SYNWVTG3DDT82PDTB,,,,DJI Fly,,1.13.5,FA0D8399-5CAA-5A62-9DCE-C43B0D4839B2,,,,,,,,,,
1773873279,1m 39.0s,99.0,52.41675373,-2.57833496,111.5,111.5,30.0,291.5,501.9,0.000,8.948,0.000,,0.000,,-0.000,,0.00,0.00,11.3,11.3,,P-GPS,,,18,4,TRUE,,Mini 4 Pro,,,,,,FALSE,TRUE,,,,,,,,,,,,,,,,,,,,,,,,,,,,,,,,,,,,,,,,,,,,,,,,10.0,,,,6.955,,,,,,,4.584,,,,,,,,,,,,,,,,,,,,,,,,,,,,,,,,52.41540475,-2.57877729,501.9,,,,,,,,,,,,,,,,,,,,,,,,,,,,Mini 4 Pro,SYNWVTG3DDT82PDTB,CAMKYGXFHDN5R89XB,RCSPQZENUDJD8RYAB,BATRY5D6WDL5UJGGB,,,,,,,,Mini 4 Pro,SYNWVTG3DDT82PDTB,,,,DJI Fly,,1.13.5,FA0D8399-5CAA-5A62-9DCE-C43B0D4839B2,,,,,,,,,,
1773873280,1m 40.0s,100.0,52.41675373,-2.57833496,111.5,111.5,30.0,291.5,501.9,0.000,8.948,0.000,,0.000,,-0.000,,0.00,0.00,11.3,11.3,,P-GPS,,,18,4,TRUE,,Mini 4 Pro,,,,,,FALSE,TRUE,,,,,,,,,,,,,,,,,,,,,,,,,,,,,,,,,,,,,,,,,,,,,,,,10.0,,,,6.955,,,,,,,4.584,,,,,,,,,,,,,,,,,,,,,,,,,,,,,,,,52.41540475,-2.57877729,501.9,,,,,,,,,,,,,,,,,,,,,,,,,,,,Mini 4 Pro,SYNWVTG3DDT82PDTB,CAMKYGXFHDN5R89XB,RCSPQZENUDJD8RYAB,BATRY5D6WDL5UJGGB,,,,,,,,Mini 4 Pro,SYNWVTG3DDT82PDTB,,,,DJI Fly,,1.13.5,FA0D8399-5CAA-5A62-9DCE-C43B0D4839B2,,,,,,,,,,
1773873281,1m 41.0s,101.0,52.41675373,-2.57833496,111.5,111.5,30.0,291.5,501.9,0.000,8.948,0.000,,0.000,,-0.000,,0.00,0.00,11.3,11.3,,P-GPS,,,18,4,TRUE,,Mini 4 Pro,,,,,,FALSE,TRUE,,,,,,,,,,,,,,,,,,,,,,,,,,,,,,,,,,,,,,,,,,,,,,,,10.0,,,,6.955,,,,,,,4.584,,,,,,,,,,,,,,,,,,,,,,,,,,,,,,,,52.41540475,-2.57877729,501.9,,,,,,,,,,,,,,,,,,,,,,,,,,,,Mini 4 Pro,SYNWVTG3DDT82PDTB,CAMKYGXFHDN5R89XB,RCSPQZENUDJD8RYAB,BATRY5D6WDL5UJGGB,,,,,,,,Mini 4 Pro,SYNWVTG3DDT82PDTB,,,,DJI Fly,,1.13.5,FA0D8399-5CAA-5A62-9DCE-C43B0D4839B2,,,,,,,,,,
1773873282,1m 42.0s,102.0,52.41675373,-2.57833496,111.5,111.5,30.0,291.5,501.9,0.000,8.948,0.000,,0.000,,-0.000,,0.00,0.00,11.3,11.3,,P-GPS,,,18,4,TRUE,,Mini 4 Pro,,,,,,FALSE,TRUE,,,,,,,,,,,,,,,,,,,,,,,,,,,,,,,,,,,,,,,,,,,,,,,,9.9,,,,6.954,,,,,,,4.584,,,,,,,,,,,,,,,,,,,,,,,,,,,,,,,,52.41540475,-2.57877729,501.9,,,,,,,,,,,,,,,,,,,,,,,,,,,,Mini 4 Pro,SYNWVTG3DDT82PDTB,CAMKYGXFHDN5R89XB,RCSPQZENUDJD8RYAB,BATRY5D6WDL5UJGGB,,,,,,,,Mini 4 Pro,SYNWVTG3DDT82PDTB,,,,DJI Fly,,1.13.5,FA0D8399-5CAA-5A62-9DCE-C43B0D4839B2,,,,,,,,,,
1773873283,1m 43.0s,103.0,52.41675373,-2.57833496,111.5,111.5,30.0,291.5,501.9,0.000,8.948,0.000,,0.000,,-0.000,,0.00,0.00,11.3,11.3,,P-GPS,,,18,4,TRUE,,Mini 4 Pro,,,,,,FALSE,TRUE,,,,,,,,,,,,,,,,,,,,,,,,,,,,,,,,,,,,,,,,,,,,,,,,9.9,,,,6.954,,,,,,,4.584,,,,,,,,,,,,,,,,,,,,,,,,,,,,,,,,52.41540475,-2.57877729,501.9,,,,,,,,,,,,,,,,,,,,,,,,,,,,Mini 4 Pro,SYNWVTG3DDT82PDTB,CAMKYGXFHDN5R89XB,RCSPQZENUDJD8RYAB,BATRY5D6WDL5UJGGB,,,,,,,,Mini 4 Pro,SYNWVTG3DDT82PDTB,,,,DJI Fly,,1.13.5,FA0D8399-5CAA-5A62-9DCE-C43B0D4839B2,,,,,,,,,,
1773873284,1m 44.0s,104.0,52.41675373,-2.57833496,111.5,111.5,30.0,291.5,501.9,0.000,8.948,0.000,,0.000,,-0.000,,0.00,0.00,11.3,11.3,,P-GPS,,,18,4,TRUE,,Mini 4 Pro,,,,,,FALSE,TRUE,,,,,,,,,,,,,,,,,,,,,,,,,,,,,,,,,,,,,,,,,,,,,,,,9.9,,,,6.953,,,,,,,4.584,,,,,,,,,,,,,,,,,,,,,,,,,,,,,,,,52.41540475,-2.57877729,501.9,,,,,,,,,,,,,,,,,,,,,,,,,,,,Mini 4 Pro,SYNWVTG3DDT82PDTB,CAMKYGXFHDN5R89XB,RCSPQZENUDJD8RYAB,BATRY5D6WDL5UJGGB,,,,,,,,Mini 4 Pro,SYNWVTG3DDT82PDTB,,,,DJI Fly,,1.13.5,FA0D8399-5CAA-5A62-9DCE-C43B0D4839B2,,,,,,,,,,
1773873285,1m 45.0s,105.0,52.41675373,-2.57833496,111.5,111.5,30.0,291.5,501.9,0.000,8.948,0.000,,0.000,,-0.000,,0.00,0.00,11.3,11.3,,P-GPS,,,18,4,TRUE,,Mini 4 Pro,,,,,,FALSE,TRUE,,,,,,,,,,,,,,,,,,,,,,,,,,,,,,,,,,,,,,,,,,,,,,,,9.8,,,,6.953,,,,,,,4.584,,,,,,,,,,,,,,,,,,,,,,,,,,,,,,,,52.41540475,-2.57877729,501.9,,,,,,,,,,,,,,,,,,,,,,,,,,,,Mini 4 Pro,SYNWVTG3DDT82PDTB,CAMKYGXFHDN5R89XB,RCSPQZENUDJD8RYAB,BATRY5D6WDL5UJGGB,,,,,,,,Mini 4 Pro,SYNWVTG3DDT82PDTB,,,,DJI Fly,,1.13.5,FA0D8399-5CAA-5A62-9DCE-C43B0D4839B2,,,,,,,,,,
1773873286,1m 46.0s,106.0,52.41675373,-2.57833496,111.5,111.5,30.0,291.5,501.9,0.000,8.948,0.000,,0.000,,-0.000,,0.00,0.00,11.3,11.3,,P-GPS,,,18,4,TRUE,,Mini 4 Pro,,,,,,FALSE,TRUE,,,,,,,,,,,,,,,,,,,,,,,,,,,,,,,,,,,,,,,,,,,,,,,,9.8,,,,6.952,,,,,,,4.584,,,,,,,,,,,,,,,,,,,,,,,,,,,,,,,,52.41540475,-2.57877729,501.9,,,,,,,,,,,,,,,,,,,,,,,,,,,,Mini 4 Pro,SYNWVTG3DDT82PDTB,CAMKYGXFHDN5R89XB,RCSPQZENUDJD8RYAB,BATRY5D6WDL5UJGGB,,,,,,,,Mini 4 Pro,SYNWVTG3DDT82PDTB,,,,DJI Fly,,1.13.5,FA0D8399-5CAA-5A62-9DCE-C43B0D4839B2,,,,,,,,,,
1773873287,1m 47.0s,107.0,52.41675373,-2.57833496,111.5,111.5,30.0,291.5,501.9,0.000,8.948,0.000,,0.000,,-0.000,,0.00,0.00,11.3,11.3,,P-GPS,,,18,4,TRUE,,Mini 4 Pro,,,,,,FALSE,TRUE,,,,,,,,,,,,,,,,,,,,,,,,,,,,,,,,,,,,,,,,,,,,,,,,9.8,,,,6.952,,,,,,,4.584,,,,,,,,,,,,,,,,,,,,,,,,,,,,,,,,52.41540475,-2.57877729,501.9,,,,,,,,,,,,,,,,,,,,,,,,,,,,Mini 4 Pro,SYNWVTG3DDT82PDTB,CAMKYGXFHDN5R89XB,RCSPQZENUDJD8RYAB,BATRY5D6WDL5UJGGB,,,,,,,,Mini 4 Pro,SYNWVTG3DDT82PDTB,,,,DJI Fly,,1.13.5,FA0D8399-5CAA-5A62-9DCE-C43B0D4839B2,,,,,,,,,,
1773873288,1m 48.0s,108.0,52.41675373,-2.57833496,111.5,111.5,30.0,291.5,501.9,0.000,8.948,0.000,,0.000,,-0.000,,0.00,0.00,11.3,11.3,,P-GPS,,,18,4,TRUE,,Mini 4 Pro,,,,,,FALSE,TRUE,,,,,,,,,,,,,,,,,,,,,,,,,,,,,,,,,,,,,,,,,,,,,,,,9.8,,,,6.951,,,,,,,4.584,,,,,,,,,,,,,,,,,,,,,,,,,,,,,,,,52.41540475,-2.57877729,501.9,,,,,,,,,,,,,,,,,,,,,,,,,,,,Mini 4 Pro,SYNWVTG3DDT82PDTB,CAMKYGXFHDN5R89XB,RCSPQZENUDJD8RYAB,BATRY5D6WDL5UJGGB,,,,,,,,Mini 4 Pro,SYNWVTG3DDT82PDTB,,,,DJI Fly,,1.13.5,FA0D8399-5CAA-5A62-9DCE-C43B0D4839B2,,,,,,,,,,
1773873289,1m 49.0s,109.0,52.41675373,-2.57833496,111.5,111.5,30.0,291.5,501.9,0.000,8.948,0.000,,0.000,,-0.000,,0.00,0.00,11.3,11.3,,P-GPS,,,18,4,TRUE,,Mini 4 Pro,,,,,,FALSE,TRUE,,,,,,,,,,,,,,,,,,,,,,,,,,,,,,,,,,,,,,,,,,,,,,,,9.7,,,,6.951,,,,,,,4.584,,,,,,,,,,,,,,,,,,,,,,,,,,,,,,,,52.41540475,-2.57877729,501.9,,,,,,,,,,,,,,,,,,,,,,,,,,,,Mini 4 Pro,SYNWVTG3DDT82PDTB,CAMKYGXFHDN5R89XB,RCSPQZENUDJD8RYAB,BATRY5D6WDL5UJGGB,,,,,,,,Mini 4 Pro,SYNWVTG3DDT82PDTB,,,,DJI Fly,,1.13.5,FA0D8399-5CAA-5A62-9DCE-C43B0D4839B2,,,,,,,,,,
1773873290,1m 50.0s,110.0,52.41675373,-2.57833496,111.5,111.5,30.0,291.5,501.9,0.000,8.948,0.000,,0.000,,-0.000,,0.00,0.00,11.3,11.3,,P-GPS,,,18,4,TRUE,,Mini 4 Pro,,,,,,FALSE,TRUE,,,,,,,,,,,,,,,,,,,,,,,,,,,,,,,,,,,,,,,,,,,,,,,,9.7,,,,6.950,,,,,,,4.584,,,,,,,,,,,,,,,,,,,,,,,,,,,,,,,,52.41540475,-2.57877729,501.9,,,,,,,,,,,,,,,,,,,,,,,,,,,,Mini 4 Pro,SYNWVTG3DDT82PDTB,CAMKYGXFHDN5R89XB,RCSPQZENUDJD8RYAB,BATRY5D6WDL5UJGGB,,,,,,,,Mini 4 Pro,SYNWVTG3DDT82PDTB,,,,DJI Fly,,1.13.5,FA0D8399-5CAA-5A62-9DCE-C43B0D4839B2,,,,,,,,,,
1773873291,1m 51.0s,111.0,52.41675373,-2.57833496,111.5,111.5,30.0,291.5,501.9,0.000,8.948,0.000,,0.000,,-0.000,,0.00,0.00,11.3,11.3,,P-GPS,,,18,4,TRUE,,Mini 4 Pro,,,,,,FALSE,TRUE,,,,,,,,,,,,,,,,,,,,,,,,,,,,,,,,,,,,,,,,,,,,,,,,9.7,,,,6.950,,,,,,,4.584,,,,,,,,,,,,,,,,,,,,,,,,,,,,,,,,52.41540475,-2.57877729,501.9,,,,,,,,,,,,,,,,,,,,,,,,,,,,Mini 4 Pro,SYNWVTG3DDT82PDTB,CAMKYGXFHDN5R89XB,RCSPQZENUDJD8RYAB,BATRY5D6WDL5UJGGB,,,,,,,,Mini 4 Pro,SYNWVTG3DDT82PDTB,,,,DJI Fly,,1.13.5,FA0D8399-5CAA-5A62-9DCE-C43B0D4839B2,,,,,,,,,,
1773873310,2m 10.0s,130.0,52.41675373,-2.57833496,111.5,111.5,30.0,291.5,501.9,0.000,8.948,0.000,,0.000,,-0.000,,0.00,0.00,11.3,11.3,,P-GPS,,,18,4,TRUE,,Mini 4 Pro,,,,,,FALSE,TRUE,,,,,,,,,,,,,,,,,,,,,,,,,,,,,,,,,,,,,,,,,,,,,,,,9.1,,,,6.941,,,,,,,4.584,,,,,,,,,,,,,,,,,,,,,,,,,,,,,,,,52.41540475,-2.57877729,501.9,,,,,,,,,,,,,,,,,,,,,,,,,,,,Mini 4 Pro,SYNWVTG3DDT82PDTB,CAMKYGXFHDN5R89XB,RCSPQZENUDJD8RYAB,BATRY5D6WDL5UJGGB,,,,,,,,Mini 4 Pro,SYNWVTG3DDT82PDTB,,,,DJI Fly,,1.13.5,FA0D8399-5CAA-5A62-9DCE-C43B0D4839B2,,,,,,,,,,
1773873311,2m 11.0s,131.0,52.41672287,-2.57834508,105.6,111.5,30.0,285.6,513.4,7.829,8.948,-7.677,,-1.535,,4.026,,-5.98,25.00,191.3,191.3,,SMART_RTH,,,18,4,TRUE,,Mini 4 Pro,,,,,,FALSE,TRUE,,,,,,,,,,,,,,,,,,,,,,,,,,,,,,,,,,,,,,,,,,,,,,,,9.1,,,,6.941,,,,,,,6.509,,,,,,,,,,,,,,,,,,,,,,,,,,,,,,,,52.41540475,-2.57877729,490.4,,,,,,,,,,,,,,,,,,,,,,,,,,,,Mini 4 Pro,SYNWVTG3DDT82PDTB,CAMKYGXFHDN5R89XB,RCSPQZENUDJD8RYAB,BATRY5D6WDL5UJGGB,,,,,,,,Mini 4 Pro,SYNWVTG3DDT82PDTB,,,,DJI Fly,,1.13.5,FA0D8399-5CAA-5A62-9DCE-C43B0D4839B2,,,,,,,,,,
1773873312,2m 12.0s,132.0,52.41669200,-2.57835520,99.7,111.5,30.0,279.7,524.8,7.829,8.948,-7.677,,-1.535,,4.026,,-5.98,0.00,191.3,191.3,,SMART_RTH,,,18,4,TRUE,,Mini 4 Pro,,,,,,FALSE,TRUE,,,,,,,,,,,,,,,,,,,,,,,,,,,,,,,,,,,,,,,,,,,,,,,,9.0,,,,6.940,,,,,,,6.509,,,,,,,,,,,,,,,,,,,,,,,,,,,,,,,,52.41540475,-2.57877729,478.9,,,,,,,,,,,,,,,,,,,,,,,,,,,,Mini 4 Pro,SYNWVTG3DDT82PDTB,CAMKYGXFHDN5R89XB,RCSPQZENUDJD8RYAB,BATRY5D6WDL5UJGGB,,,,,,,,Mini 4 Pro,SYNWVTG3DDT82PDTB,,,,DJI Fly,,1.13.5,FA0D8399-5CAA-5A62-9DCE-C43B0D4839B2,,,,,,,,,,
1773873313,2m 13.0s,133.0,52.41666114,-2.57836532,98.4,111.5,30.0,278.4,536.3,7.829,8.948,-7.677,,-1.535,,0.895,,-0.38,0.00,191.3,191.3,,SMART_RTH,,,18,4,TRUE,,Mini 4 Pro,,,,,,FALSE,TRUE,,,,,,,,,,,,,,,,,,,,,,,,,,,,,,,,,,,,,,,,,,,,,,,,9.0,,,,6.940,,,,,,,6.509,,,,,,,,,,,,,,,,,,,,,,,,,,,,,,,,52.41540475,-2.57877729,467.4,,,,,,,,,,,,,,,,,,,,,,,,,,,,Mini 4 Pro,SYNWVTG3DDT82PDTB,CAMKYGXFHDN5R89XB,RCSPQZENUDJD8RYAB,BATRY5D6WDL5UJGGB,,,,,,,,Mini 4 Pro,SYNWVTG3DDT82PDTB,,,,DJI Fly,,1.13.5,FA0D8399-5CAA-5A62-9DCE-C43B0D4839B2,,,,,,,,,,
1773873314,2m 14.0s,134.0,52.41663027,-2.57837544,98.4,111.5,30.0,278.4,547.8,7.829,8.948,-7.677,,-1.535,,-0.000,,1.23,0.00,191.3,191.3,,SMART_RTH,,,18,4,TRUE,,Mini 4 Pro,,,,,,FALSE,TRUE,,,,,,,,,,,,,,,,,,,,,,,,,,,,,,,,,,,,,,,,,,,,,,,,9.0,,,,6.939,,,,,,,6.509,,,,,,,,,,,,,,,,,,,,,,,,,,,,,,,,52.41540475,-2.57877729,455.9,,,,,,,,,,,,,,,,,,,,,,,,,,,,Mini 4 Pro,SYNWVTG3DDT82PDTB,CAMKYGXFHDN5R89XB,RCSPQZENUDJD8RYAB,BATRY5D6WDL5UJGGB,,,,,,,,Mini 4 Pro,SYNWVTG3DDT82PDTB,,,,DJI Fly,,1.13.5,FA0D8399-5CAA-5A62-9DCE-C43B0D4839B2,,,,,,,,,,
1773873315,2m 15.0s,135.0,52.41659941,-2.57838556,98.4,111.5,30.0,278.4,559.3,7.829,8.948,-7.677,,-1.535,,-0.000,,1.22,0.00,191.3,191.3,,SMART_RTH,,,18,4,TRUE,,Mini 4 Pro,,,,,,FALSE,TRUE,,,,,,,,,,,,,,,,,,,,,,,,,,,,,,,,,,,,,,,,,,,,,,,,8.9,,,,6.939,,,,,,,6.509,,,,,,,,,,,,,,,,,,,,,,,,,,,,,,,,52.41540475,-2.57877729,444.5,,,,,,,,,,,,,,,,,,,,,,,,,,,,Mini 4 Pro,SYNWVTG3DDT82PDTB,CAMKYGXFHDN5R89XB,RCSPQZENUDJD8RYAB,BATRY5D6WDL5UJGGB,,,,,,,,Mini 4 Pro,SYNWVTG3DDT82PDTB,,,,DJI Fly,,1.13.5,FA0D8399-5CAA-5A62-9DCE-C43B0D4839B2,,,,,,,,,,
1773873316,2m 16.0s,136.0,52.41656854,-2.57839568,98.4,111.5,30.0,278.4,570.8,7.829,8.948,-7.677,,-1.535,,-0.000,,1.22,-0.00,191.3,191.3,,SMART_RTH,,,18,4,TRUE,,Mini 4 Pro,,,,,,FALSE,TRUE,,,,,,,,,,,,,,,,,,,,,,,,,,,,,,,,,,,,,,,,,,,,,,,,8.9,,,,6.938,,,,,,,6.509,,,,,,,,,,,,,,,,,,,,,,,,,,,,,,,,52.41540475,-2.57877729,433.0,,,,,,,,,,,,,,,,,,,,,,,,,,,,Mini 4 Pro,SYNWVTG3DDT82PDTB,CAMKYGXFHDN5R89XB,RCSPQZENUDJD8RYAB,BATRY5D6WDL5UJGGB,,,,,,,,Mini 4 Pro,SYNWVTG3DDT82PDTB,,,,DJI Fly,,1.13.5,FA0D8399-5CAA-5A62-9DCE-C43B0D4839B2,,,,,,,,,,
1773873317,2m 17.0s,137.0,52.41653768,-2.57840580,98.4,111.5,30.0,278.4,582.3,7.829,8.948,-7.677,,-1.535,,-0.000,,1.23,0.00,191.3,191.3,,SMART_RTH,,,18,4,TRUE,,Mini 4 Pro,,,,,,FALSE,TRUE,,,,,,,,,,,,,,,,,,,,,,,,,,,,,,,,,,,,,,,,,,,,,,,,8.9,,,,6.938,,,,,,,6.509,,,,,,,,,,,,,,,,,,,,,,,,,,,,,,,,52.41540475,-2.57877729,421.5,,,,,,,,,,,,,,,,,,,,,,,,,,,,Mini 4 Pro,SYNWVTG3DDT82PDTB,CAMKYGXFHDN5R89XB,RCSPQZENUDJD8RYAB,BATRY5D6WDL5UJGGB,,,,,,,,Mini 4 Pro,SYNWVTG3DDT82PDTB,,,,DJI Fly,,1.13.5,FA0D8399-5CAA-5A62-9DCE-C43B0D4839B2,,,,,,,,,,
1773873318,2m 18.0s,138.0,52.41650681,-2.57841592,98.4,111.5,30.0,278.4,593.7,7.829,8.948,-7.677,,-1.535,,-0.000,,1.22,-0.00,191.3,191.3,,SMART_RTH,,,18,4,TRUE,,Mini 4 Pro,,,,,,FALSE,TRUE,,,,,,,,,,,,,,,,,,,,,,,,,,,,,,,,,,,,,,,,,,,,,,,,8.9,,,,6.937,,,,,,,6.509,,,,,,,,,,,,,,,,,,,,,,,,,,,,,,,,52.41540475,-2.57877729,410.0,,,,,,,,,,,,,,,,,,,,,,,,,,,,Mini 4 Pro,SYNWVTG3DDT82PDTB,CAMKYGXFHDN5R89XB,RCSPQZENUDJD8RYAB,BATRY5D6WDL5UJGGB,,,,,,,,Mini 4 Pro,SYNWVTG3DDT82PDTB,,,,DJI Fly,,1.13.5,FA0D8399-5CAA-5A62-9DCE-C43B0D4839B2,,,,,,,,,,
1773873319,2m 19.0s,139.0,52.41647595,-2.57842604,98.4,111.5,30.0,278.4,605.2,7.829,8.948,-7.677,,-1.535,,-0.000,,1.23,0.00,191.3,191.3,,SMART_RTH,,,18,4,TRUE,,Mini 4 Pro,,,,,,FALSE,TRUE,,,,,,,,,,,,,,,,,,,,,,,,,,,,,,,,,,,,,,,,,,,,,,,,8.8,,,,6.937,,,,,,,6.509,,,,,,,,,,,,,,,,,,,,,,,,,,,,,,,,52.41540475,-2.57877729,398.5,,,,,,,,,,,,,,,,,,,,,,,,,,,,Mini 4 Pro,SYNWVTG3DDT82PDTB,CAMKYGXFHDN5R89XB,RCSPQZENUDJD8RYAB,BATRY5D6WDL5UJGGB,,,,,,,,Mini 4 Pro,SYNWVTG3DDT82PDTB,,,,DJI Fly,,1.13.5,FA0D8399-5CAA-5A62-9DCE-C43B0D4839B2,,,,,,,,,,
1773873320,2m 20.0s,140.0,52.41644508,-2.57843616,98.4,111.5,30.0,278.4,616.7,7.829,8.948,-7.677,,-1.535,,-0.000,,1.22,0.00,191.3,191.3,,SMART_RTH,,,18,4,TRUE,,Mini 4 Pro,,,,,,FALSE,TRUE,,,,,,,,,,,,,,,,,,,,,,,,,,,,,,,,,,,,,,,,,,,,,,,,8.8,,,,6.936,,,,,,,6.509,,,,,,,,,,,,,,,,,,,,,,,,,,,,,,,,52.41540475,-2.57877729,387.0,,,,,,,,,,,,,,,,,,,,,,,,,,,,Mini 4 Pro,SYNWVTG3DDT82PDTB,CAMKYGXFHDN5R89XB,RCSPQZENUDJD8RYAB,BATRY5D6WDL5UJGGB,,,,,,,,Mini 4 Pro,SYNWVTG3DDT82PDTB,,,,DJI Fly,,1.13.5,FA0D8399-5CAA-5A62-9DCE-C43B0D4839B2,,,,,,,,,,
1773873321,2m 21.0s,141.0,52.41641422,-2.57844628,98.4,111.5,30.0,278.4,628.2,7.829,8.948,-7.677,,-1.535,,-0.000,,1.22,0.00,191.3,191.3,,SMART_RTH,,,18,4,TRUE,,Mini 4 Pro,,,,,,FALSE,TRUE,,,,,,,,,,,,,,,,,,,,,,,,,,,,,,,,,,,,,,,,,,,,,,,,8.8,,,,6.936,,,,,,,6.509,,,,,,,,,,,,,,,,,,,,,,,,,,,,,,,,52.41540475,-2.57877729,375.6,,,,,,,,,,,,,,,,,,,,,,,,,,,,Mini 4 Pro,SYNWVTG3DDT82PDTB,CAMKYGXFHDN5R89XB,RCSPQZENUDJD8RYAB,BATRY5D6WDL5UJGGB,,,,,,,,Mini 4 Pro,SYNWVTG3DDT82PDTB,,,,DJI Fly,,1.13.5,FA0D8399-5CAA-5A62-9DCE-C43B0D4839B2,,,,,,,,,,
1773873322,2m 22.0s,142.0,52.41638335,-2.57845640,98.4,111.5,30.0,278.4,639.7,7.829,8.948,-7.677,,-1.535,,-0.000,,1.22,0.00,191.3,191.3,,SMART_RTH,,,18,4,TRUE,,Mini 4 Pro,,,,,,FALSE,TRUE,,,,,,,,,,,,,,,,,,,,,,,,,,,,,,,,,,,,,,,,,,,,,,,,8.7,,,,6.935,,,,,,,6.509,,,,,,,,,,,,,,,,,,,,,,,,,,,,,,,,52.41540475,-2.57877729,364.1,,,,,,,,,,,,,,,,,,,,,,,,,,,,Mini 4 Pro,SYNWVTG3DDT82PDTB,CAMKYGXFHDN5R89XB,RCSPQZENUDJD8RYAB,BATRY5D6WDL5UJGGB,,,,,,,,Mini 4 Pro,SYNWVTG3DDT82PDTB,,,,DJI Fly,,1.13.5,FA0D8399-5CAA-5A62-9DCE-C43B0D4839B2,,,,,,,,,,
1773873323,2m 23.0s,143.0,52.41635249,-2.57846653,98.4,111.5,30.0,278.4,651.2,7.829,8.948,-7.677,,-1.535,,-0.000,,1.22,0.00,191.3,191.3,,SMART_RTH,,,18,4,TRUE,,Mini 4 Pro,,,,,,FALSE,TRUE,,,,,,,,,,,,,,,,,,,,,,,,,,,,,,,,,,,,,,,,,,,,,,,,8.7,,,,6.935,,,,,,,6.509,,,,,,,,,,,,,,,,,,,,,,,,,,,,,,,,52.41540475,-2.57877729,352.6,,,,,,,,,,,,,,,,,,,,,,,,,,,,Mini 4 Pro,SYNWVTG3DDT82PDTB,CAMKYGXFHDN5R89XB,RCSPQZENUDJD8RYAB,BATRY5D6WDL5UJGGB,,,,,,,,Mini 4 Pro,SYNWVTG3DDT82PDTB,,,,DJI Fly,,1.13.5,FA0D8399-5CAA-5A62-9DCE-C43B0D4839B2,,,,,,,,,,
1773873324,2m 24.0s,144.0,52.41632162,-2.57847665,98.4,111.5,30.0,278.4,662.6,7.829,8.948,-7.677,,-1.535,,-0.000,,1.22,0.00,191.3,191.3,,SMART_RTH,,,18,4,TRUE,,Mini 4 Pro,,,,,,FALSE,TRUE,,,,,,,,,,,,,,,,,,,,,,,,,,,,,,,,,,,,,,,,,,,,,,,,8.7,,,,6.935,,,,,,,6.509,,,,,,,,,,,,,,,,,,,,,,,,,,,,,,,,52.41540475,-2.57877729,341.1,,,,,,,,,,,,,,,,,,,,,,,,,,,,Mini 4 Pro,SYNWVTG3DDT82PDTB,CAMKYGXFHDN5R89XB,RCSPQZENUDJD8RYAB,BATRY5D6WDL5UJGGB,,,,,,,,Mini 4 Pro,SYNWVTG3DDT82PDTB,,,,DJI Fly,,1.13.5,FA0D8399-5CAA-5A62-9DCE-C43B0D4839B2,,,,,,,,,,
1773873325,2m 25.0s,145.0,52.41629076,-2.57848677,98.4,111.5,30.0,278.4,674.1,7.829,8.948,-7.677,,-1.535,,-0.000,,1.22,0.00,191.3,191.3,,SMART_RTH,,,18,4,TRUE,,Mini 4 Pro,,,,,,FALSE,TRUE,,,,,,,,,,,,,,,,,,,,,,,,,,,,,,,,,,,,,,,,,,,,,,,,8.7,,,,6.934,,,,,,,6.509,,,,,,,,,,,,,,,,,,,,,,,,,,,,,,,,52.41540475,-2.57877729,329.6,,,,,,,,,,,,,,,,,,,,,,,,,,,,Mini 4 Pro,SYNWVTG3DDT82PDTB,CAMKYGXFHDN5R89XB,RCSPQZENUDJD8RYAB,BATRY5D6WDL5UJGGB,,,,,,,,Mini 4 Pro,SYNWVTG3DDT82PDTB,,,,DJI Fly,,1.13.5,FA0D8399-5CAA-5A62-9DCE-C43B0D4839B2,,,,,,,,,,
1773873326,2m 26.0s,146.0,52.41625989,-2.57849689,98.4,111.5,30.0,278.4,685.6,7.829,8.948,-7.677,,-1.535,,-0.000,,1.23,0.00,191.3,191.3,,SMART_RTH,,,18,4,TRUE,,Mini 4 Pro,,,,,,FALSE,TRUE,,,,,,,,,,,,,,,,,,,,,,,,,,,,,,,,,,,,,,,,,,,,,,,,8.6,,,,6.934,,,,,,,6.509,,,,,,,,,,,,,,,,,,,,,,,,,,,,,,,,52.41540475,-2.57877729,318.1,,,,,,,,,,,,,,,,,,,,,,,,,,,,Mini 4 Pro,SYNWVTG3DDT82PDTB,CAMKYGXFHDN5R89XB,RCSPQZENUDJD8RYAB,BATRY5D6WDL5UJGGB,,,,,,,,Mini 4 Pro,SYNWVTG3DDT82PDTB,,,,DJI Fly,,1.13.5,FA0D8399-5CAA-5A62-9DCE-C43B0D4839B2,,,,,,,,,,
1773873327,2m 27.0s,147.0,52.41622903,-2.57850701,98.4,111.5,30.0,278.4,697.1,7.829,8.948,-7.677,,-1.535,,-0.000,,1.23,0.00,191.3,191.3,,SMART_RTH,,,18,4,TRUE,,Mini 4 Pro,,,,,,FALSE,TRUE,,,,,,,,,,,,,,,,,,,,,,,,,,,,,,,,,,,,,,,,,,,,,,,,8.6,,,,6.933,,,,,,,6.509,,,,,,,,,,,,,,,,,,,,,,,,,,,,,,,,52.41540475,-2.57877729,306.7,,,,,,,,,,,,,,,,,,,,,,,,,,,,Mini 4 Pro,SYNWVTG3DDT82PDTB,CAMKYGXFHDN5R89XB,RCSPQZENUDJD8RYAB,BATRY5D6WDL5UJGGB,,,,,,,,Mini 4 Pro,SYNWVTG3DDT82PDTB,,,,DJI Fly,,1.13.5,FA0D8399-5CAA-5A62-9DCE-C43B0D4839B2,,,,,,,,,,
1773873328,2m 28.0s,148.0,52.41619816,-2.57851713,98.4,111.5,30.0,278.4,708.6,7.829,8.948,-7.677,,-1.535,,-0.000,,1.22,0.00,191.3,191.3,,SMART_RTH,,,18,4,TRUE,,Mini 4 Pro,,,,,,FALSE,TRUE,,,,,,,,,,,,,,,,,,,,,,,,,,,,,,,,,,,,,,,,,,,,,,,,8.6,,,,6.933,,,,,,,6.509,,,,,,,,,,,,,,,,,,,,,,,,,,,,,,,,52.41540475,-2.57877729,295.2,,,,,,,,,,,,,,,,,,,,,,,,,,,,Mini 4 Pro,SYNWVTG3DDT82PDTB,CAMKYGXFHDN5R89XB,RCSPQZENUDJD8RYAB,BATRY5D6WDL5UJGGB,,,,,,,,Mini 4 Pro,SYNWVTG3DDT82PDTB,,,,DJI Fly,,1.13.5,FA0D8399-5CAA-5A62-9DCE-C43B0D4839B2,,,,,,,,,,
1773873329,2m 29.0s,149.0,52.41616730,-2.57852725,98.4,111.5,30.0,278.4,720.0,7.829,8.948,-7.677,,-1.535,,-0.000,,1.23,0.00,191.3,191.3,,SMART_RTH,,,18,4,TRUE,,Mini 4 Pro,,,,,,FALSE,TRUE,,,,,,,,,,,,,,,,,,,,,,,,,,,,,,,,,,,,,,,,,,,,,,,,8.5,,,,6.932,,,,,,,6.509,,,,,,,,,,,,,,,,,,,,,,,,,,,,,,,,52.41540475,-2.57877729,283.7,,,,,,,,,,,,,,,,,,,,,,,,,,,,Mini 4 Pro,SYNWVTG3DDT82PDTB,CAMKYGXFHDN5R89XB,RCSPQZENUDJD8RYAB,BATRY5D6WDL5UJGGB,,,,,,,,Mini 4 Pro,SYNWVTG3DDT82PDTB,,,,DJI Fly,,1.13.5,FA0D8399-5CAA-5A62-9DCE-C43B0D4839B2,,,,,,,,,,
1773873330,2m 30.0s,150.0,52.41613643,-2.57853737,98.4,111.5,30.0,278.4,731.5,7.829,8.948,-7.677,,-1.535,,-0.000,,1.22,0.00,191.3,191.3,,SMART_RTH,,,18,4,TRUE,,Mini 4 Pro,,,,,,FALSE,TRUE,,,,,,,,,,,,,,,,,,,,,,,,,,,,,,,,,,,,,,,,,,,,,,,,8.5,,,,6.932,,,,,,,6.509,,,,,,,,,,,,,,,,,,,,,,,,,,,,,,,,52.41540475,-2.57877729,272.2,,,,,,,,,,,,,,,,,,,,,,,,,,,,Mini 4 Pro,SYNWVTG3DDT82PDTB,CAMKYGXFHDN5R89XB,RCSPQZENUDJD8RYAB,BATRY5D6WDL5UJGGB,,,,,,,,Mini 4 Pro,SYNWVTG3DDT82PDTB,,,,DJI Fly,,1.13.5,FA0D8399-5CAA-5A62-9DCE-C43B0D4839B2,,,,,,,,,,
1773873331,2m 31.0s,151.0,52.41610557,-2.57854749,98.4,111.5,30.0,278.4,743.0,7.829,8.948,-7.677,,-1.535,,-0.000,,1.22,0.00,191.3,191.3,,SMART_RTH,,,18,4,TRUE,,Mini 4 Pro,,,,,,FALSE,TRUE,,,,,,,,,,,,,,,,,,,,,,,,,,,,,,,,,,,,,,,,,,,,,,,,8.5,,,,6.931,,,,,,,6.509,,,,,,,,,,,,,,,,,,,,,,,,,,,,,,,,52.41540475,-2.57877729,260.7,,,,,,,,,,,,,,,,,,,,,,,,,,,,Mini 4 Pro,SYNWVTG3DDT82PDTB,CAMKYGXFHDN5R89XB,RCSPQZENUDJD8RYAB,BATRY5D6WDL5UJGGB,,,,,,,,Mini 4 Pro,SYNWVTG3DDT82PDTB,,,,DJI Fly,,1.13.5,FA0D8399-5CAA-5A62-9DCE-C43B0D4839B2,,,,,,,,,,
1773873332,2m 32.0s,152.0,52.41607470,-2.57855761,98.4,111.5,30.0,278.4,754.5,7.829,8.948,-7.677,,-1.535,,-0.000,,1.22,0.00,191.3,191.3,,SMART_RTH,,,18,4,TRUE,,Mini 4 Pro,,,,,,FALSE,TRUE,,,,,,,,,,,,,,,,,,,,,,,,,,,,,,,,,,,,,,,,,,,,,,,,8.4,,,,6.931,,,,,,,6.509,,,,,,,,,,,,,,,,,,,,,,,,,,,,,,,,52.41540475,-2.57877729,249.2,,,,,,,,,,,,,,,,,,,,,,,,,,,,Mini 4 Pro,SYNWVTG3DDT82PDTB,CAMKYGXFHDN5R89XB,RCSPQZENUDJD8RYAB,BATRY5D6WDL5UJGGB,,,,,,,,Mini 4 Pro,SYNWVTG3DDT82PDTB,,,,DJI Fly,,1.13.5,FA0D8399-5CAA-5A62-9DCE-C43B0D4839B2,,,,,,,,,,
1773873333,2m 33.0s,153.0,52.41604384,-2.57856773,98.4,111.5,30.0,278.4,766.0,7.829,8.948,-7.677,,-1.535,,-0.000,,1.22,0.00,191.3,191.3,,SMART_RTH,,,18,4,TRUE,,Mini 4 Pro,,,,,,FALSE,TRUE,,,,,,,,,,,,,,,,,,,,,,,,,,,,,,,,,,,,,,,,,,,,,,,,8.4,,,,6.930,,,,,,,6.509,,,,,,,,,,,,,,,,,,,,,,,,,,,,,,,,52.41540475,-2.57877729,237.8,,,,,,,,,,,,,,,,,,,,,,,,,,,,Mini 4 Pro,SYNWVTG3DDT82PDTB,CAMKYGXFHDN5R89XB,RCSPQZENUDJD8RYAB,BATRY5D6WDL5UJGGB,,,,,,,,Mini 4 Pro,SYNWVTG3DDT82PDTB,,,,DJI Fly,,1.13.5,FA0D8399-5CAA-5A62-9DCE-C43B0D4839B2,,,,,,,,,,
1773873334,2m 34.0s,154.0,52.41601297,-2.57857785,98.4,111.5,30.0,278.4,777.5,7.829,8.948,-7.677,,-1.535,,-0.000,,1.22,0.00,191.3,191.3,,SMART_RTH,,,18,4,TRUE,,Mini 4 Pro,,,,,,FALSE,TRUE,,,,,,,,,,,,,,,,,,,,,,,,,,,,,,,,,,,,,,,,,,,,,,,,8.4,,,,6.930,,,,,,,6.509,,,,,,,,,,,,,,,,,,,,,,,,,,,,,,,,52.41540475,-2.57877729,226.3,,,,,,,,,,,,,,,,,,,,,,,,,,,,Mini 4 Pro,SYNWVTG3DDT82PDTB,CAMKYGXFHDN5R89XB,RCSPQZENUDJD8RYAB,BATRY5D6WDL5UJGGB,,,,,,,,Mini 4 Pro,SYNWVTG3DDT82PDTB,,,,DJI Fly,,1.13.5,FA0D8399-5CAA-5A62-9DCE-C43B0D4839B2,,,,,,,,,,
1773873335,2m 35.0s,155.0,52.41598211,-2.57858798,98.4,111.5,30.0,278.4,788.9,7.829,8.948,-7.677,,-1.535,,-0.000,,1.22,0.00,191.3,191.3,,SMART_RTH,,,18,4,TRUE,,Mini 4 Pro,,,,,,FALSE,TRUE,,,,,,,,,,,,,,,,,,,,,,,,,,,,,,,,,,,,,,,,,,,,,,,,8.3,,,,6.929,,,,,,,6.509,,,,,,,,,,,,,,,,,,,,,,,,,,,,,,,,52.41540475,-2.57877729,214.8,,,,,,,,,,,,,,,,,,,,,,,,,,,,Mini 4 Pro,SYNWVTG3DDT82PDTB,CAMKYGXFHDN5R89XB,RCSPQZENUDJD8RYAB,BATRY5D6WDL5UJGGB,,,,,,,,Mini 4 Pro,SYNWVTG3DDT82PDTB,,,,DJI Fly,,1.13.5,FA0D8399-5CAA-5A62-9DCE-C43B0D4839B2,,,,,,,,,,
1773873336,2m 36.0s,156.0,52.41595124,-2.57859810,98.4,111.5,30.0,278.4,800.4,7.829,8.948,-7.677,,-1.535,,-0.000,,1.22,0.00,191.3,191.3,,SMART_RTH,,,18,4,TRUE,,Mini 4 Pro,,,,,,FALSE,TRUE,,,,,,,,,,,,,,,,,,,,,,,,,,,,,,,,,,,,,,,,,,,,,,,,8.3,,,,6.929,,,,,,,6.509,,,,,,,,,,,,,,,,,,,,,,,,,,,,,,,,52.41540475,-2.57877729,203.3,,,,,,,,,,,,,,,,,,,,,,,,,,,,Mini 4 Pro,SYNWVTG3DDT82PDTB,CAMKYGXFHDN5R89XB,RCSPQZENUDJD8RYAB,BATRY5D6WDL5UJGGB,,,,,,,,Mini 4 Pro,SYNWVTG3DDT82PDTB,,,,DJI Fly,,1.13.5,FA0D8399-5CAA-5A62-9DCE-C43B0D4839B2,,,,,,,,,,
1773873337,2m 37.0s,157.0,52.41592038,-2.57860822,98.4,111.5,30.0,278.4,811.9,7.829,8.948,-7.677,,-1.535,,-0.000,,1.22,-0.00,191.3,191.3,,SMART_RTH,,,18,4,TRUE,,Mini 4 Pro,,,,,,FALSE,TRUE,,,,,,,,,,,,,,,,,,,,,,,,,,,,,,,,,,,,,,,,,,,,,,,,8.3,,,,6.928,,,,,,,6.509,,,,,,,,,,,,,,,,,,,,,,,,,,,,,,,,52.41540475,-2.57877729,191.8,,,,,,,,,,,,,,,,,,,,,,,,,,,,Mini 4 Pro,SYNWVTG3DDT82PDTB,CAMKYGXFHDN5R89XB,RCSPQZENUDJD8RYAB,BATRY5D6WDL5UJGGB,,,,,,,,Mini 4 Pro,SYNWVTG3DDT82PDTB,,,,DJI Fly,,1.13.5,FA0D8399-5CAA-5A62-9DCE-C43B0D4839B2,,,,,,,,,,
1773873338,2m 38.0s,158.0,52.41588951,-2.57861834,98.4,111.5,30.0,278.4,823.4,7.829,8.948,-7.677,,-1.535,,-0.000,,1.22,0.00,191.3,191.3,,SMART_RTH,,,18,4,TRUE,,Mini 4 Pro,,,,,,FALSE,TRUE,,,,,,,,,,,,,,,,,,,,,,,,,,,,,,,,,,,,,,,,,,,,,,,,8.3,,,,6.928,,,,,,,6.509,,,,,,,,,,,,,,,,,,,,,,,,,,,,,,,,52.41540475,-2.57877729,180.3,,,,,,,,,,,,,,,,,,,,,,,,,,,,Mini 4 Pro,SYNWVTG3DDT82PDTB,CAMKYGXFHDN5R89XB,RCSPQZENUDJD8RYAB,BATRY5D6WDL5UJGGB,,,,,,,,Mini 4 Pro,SYNWVTG3DDT82PDTB,,,,DJI Fly,,1.13.5,FA0D8399-5CAA-5A62-9DCE-C43B0D4839B2,,,,,,,,,,
1773873339,2m 39.0s,159.0,52.41585865,-2.57862846,98.4,111.5,30.0,278.4,834.9,7.829,8.948,-7.677,,-1.535,,-0.000,,1.23,-0.00,191.3,191.3,,SMART_RTH,,,18,4,TRUE,,Mini 4 Pro,,,,,,FALSE,TRUE,,,,,,,,,,,,,,,,,,,,,,,,,,,,,,,,,,,,,,,,,,,,,,,,8.2,,,,6.928,,,,,,,6.509,,,,,,,,,,,,,,,,,,,,,,,,,,,,,,,,52.41540475,-2.57877729,168.9,,,,,,,,,,,,,,,,,,,,,,,,,,,,Mini 4 Pro,SYNWVTG3DDT82PDTB,CAMKYGXFHDN5R89XB,RCSPQZENUDJD8RYAB,BATRY5D6WDL5UJGGB,,,,,,,,Mini 4 Pro,SYNWVTG3DDT82PDTB,,,,DJI Fly,,1.13.5,FA0D8399-5CAA-5A62-9DCE-C43B0D4839B2,,,,,,,,,,
1773873340,2m 40.0s,160.0,52.41582778,-2.57863858,98.4,111.5,30.0,278.4,846.4,7.829,8.948,-7.677,,-1.535,,-0.000,,1.22,0.00,191.3,191.3,,SMART_RTH,,,18,4,TRUE,,Mini 4 Pro,,,,,,FALSE,TRUE,,,,,,,,,,,,,,,,,,,,,,,,,,,,,,,,,,,,,,,,,,,,,,,,8.2,,,,6.927,,,,,,,6.509,,,,,,,,,,,,,,,,,,,,,,,,,,,,,,,,52.41540475,-2.57877729,157.4,,,,,,,,,,,,,,,,,,,,,,,,,,,,Mini 4 Pro,SYNWVTG3DDT82PDTB,CAMKYGXFHDN5R89XB,RCSPQZENUDJD8RYAB,BATRY5D6WDL5UJGGB,,,,,,,,Mini 4 Pro,SYNWVTG3DDT82PDTB,,,,DJI Fly,,1.13.5,FA0D8399-5CAA-5A62-9DCE-C43B0D4839B2,,,,,,,,,,
1773873341,2m 41.0s,161.0,52.41579692,-2.57864870,98.4,111.5,30.0,278.4,857.8,7.829,8.948,-7.677,,-1.535,,-0.000,,1.22,0.00,191.3,191.3,,SMART_RTH,,,18,4,TRUE,,Mini 4 Pro,,,,,,FALSE,TRUE,,,,,,,,,,,,,,,,,,,,,,,,,,,,,,,,,,,,,,,,,,,,,,,,8.2,,,,6.927,,,,,,,6.509,,,,,,,,,,,,,,,,,,,,,,,,,,,,,,,,52.41540475,-2.57877729,145.9,,,,,,,,,,,,,,,,,,,,,,,,,,,,Mini 4 Pro,SYNWVTG3DDT82PDTB,CAMKYGXFHDN5R89XB,RCSPQZENUDJD8RYAB,BATRY5D6WDL5UJGGB,,,,,,,,Mini 4 Pro,SYNWVTG3DDT82PDTB,,,,DJI Fly,,1.13.5,FA0D8399-5CAA-5A62-9DCE-C43B0D4839B2,,,,,,,,,,
1773873342,2m 42.0s,162.0,52.41576605,-2.57865882,98.4,111.5,30.0,278.4,869.3,7.829,8.948,-7.677,,-1.535,,-0.000,,1.22,0.00,191.3,191.3,,SMART_RTH,,,18,4,TRUE,,Mini 4 Pro,,,,,,FALSE,TRUE,,,,,,,,,,,,,,,,,,,,,,,,,,,,,,,,,,,,,,,,,,,,,,,,8.1,,,,6.926,,,,,,,6.509,,,,,,,,,,,,,,,,,,,,,,,,,,,,,,,,52.41540475,-2.57877729,134.4,,,,,,,,,,,,,,,,,,,,,,,,,,,,Mini 4 Pro,SYNWVTG3DDT82PDTB,CAMKYGXFHDN5R89XB,RCSPQZENUDJD8RYAB,BATRY5D6WDL5UJGGB,,,,,,,,Mini 4 Pro,SYNWVTG3DDT82PDTB,,,,DJI Fly,,1.13.5,FA0D8399-5CAA-5A62-9DCE-C43B0D4839B2,,,,,,,,,,
1773873343,2m 43.0s,163.0,52.41573519,-2.57866894,98.4,111.5,30.0,278.4,880.8,7.829,8.948,-7.677,,-1.535,,-0.000,,1.22,0.00,191.3,191.3,,SMART_RTH,,,18,4,TRUE,,Mini 4 Pro,,,,,,FALSE,TRUE,,,,,,,,,,,,,,,,,,,,,,,,,,,,,,,,,,,,,,,,,,,,,,,,8.1,,,,6.926,,,,,,,6.509,,,,,,,,,,,,,,,,,,,,,,,,,,,,,,,,52.41540475,-2.57877729,122.9,,,,,,,,,,,,,,,,,,,,,,,,,,,,Mini 4 Pro,SYNWVTG3DDT82PDTB,CAMKYGXFHDN5R89XB,RCSPQZENUDJD8RYAB,BATRY5D6WDL5UJGGB,,,,,,,,Mini 4 Pro,SYNWVTG3DDT82PDTB,,,,DJI Fly,,1.13.5,FA0D8399-5CAA-5A62-9DCE-C43B0D4839B2,,,,,,,,,,
1773873344,2m 44.0s,164.0,52.41570432,-2.57867906,98.4,111.5,30.0,278.4,892.3,7.829,8.948,-7.677,,-1.535,,-0.000,,1.22,0.00,191.3,191.3,,SMART_RTH,,,18,4,TRUE,,Mini 4 Pro,,,,,,FALSE,TRUE,,,,,,,,,,,,,,,,,,,,,,,,,,,,,,,,,,,,,,,,,,,,,,,,8.1,,,,6.925,,,,,,,6.509,,,,,,,,,,,,,,,,,,,,,,,,,,,,,,,,52.41540475,-2.57877729,111.5,,,,,,,,,,,,,,,,,,,,,,,,,,,,Mini 4 Pro,SYNWVTG3DDT82PDTB,CAMKYGXFHDN5R89XB,RCSPQZENUDJD8RYAB,BATRY5D6WDL5UJGGB,,,,,,,,Mini 4 Pro,SYNWVTG3DDT82PDTB,,,,DJI Fly,,1.13.5,FA0D8399-5CAA-5A62-9DCE-C43B0D4839B2,,,,,,,,,,
1773873345,2m 45.0s,165.0,52.41567346,-2.57868918,98.4,111.5,30.0,278.4,903.8,7.829,8.948,-7.677,,-1.535,,-0.000,,1.22,0.00,191.3,191.3,,SMART_RTH,,,18,4,TRUE,,Mini 4 Pro,,,,,,FALSE,TRUE,,,,,,,,,,,,,,,,,,,,,,,,,,,,,,,,,,,,,,,,,,,,,,,,8.1,,,,6.925,,,,,,,6.509,,,,,,,,,,,,,,,,,,,,,,,,,,,,,,,,52.41540475,-2.57877729,100.0,,,,,,,,,,,,,,,,,,,,,,,,,,,,Mini 4 Pro,SYNWVTG3DDT82PDTB,CAMKYGXFHDN5R89XB,RCSPQZENUDJD8RYAB,BATRY5D6WDL5UJGGB,,,,,,,,Mini 4 Pro,SYNWVTG3DDT82PDTB,,,,DJI Fly,,1.13.5,FA0D8399-5CAA-5A62-9DCE-C43B0D4839B2,,,,,,,,,,
1773873346,2m 46.0s,166.0,52.41564259,-2.57869930,98.4,111.5,30.0,278.4,915.3,7.829,8.948,-7.677,,-1.535,,-0.000,,1.22,0.00,191.3,191.3,,SMART_RTH,,,18,4,TRUE,,Mini 4 Pro,,,,,,FALSE,TRUE,,,,,,,,,,,,,,,,,,,,,,,,,,,,,,,,,,,,,,,,,,,,,,,,8.0,,,,6.924,,,,,,,6.509,,,,,,,,,,,,,,,,,,,,,,,,,,,,,,,,52.41540475,-2.57877729,88.5,,,,,,,,,,,,,,,,,,,,,,,,,,,,Mini 4 Pro,SYNWVTG3DDT82PDTB,CAMKYGXFHDN5R89XB,RCSPQZENUDJD8RYAB,BATRY5D6WDL5UJGGB,,,,,,,,Mini 4 Pro,SYNWVTG3DDT82PDTB,,,,DJI Fly,,1.13.5,FA0D8399-5CAA-5A62-9DCE-C43B0D4839B2,,,,,,,,,,
1773873347,2m 47.0s,167.0,52.41561173,-2.57870942,98.4,111.5,30.0,278.4,926.7,7.829,8.948,-7.677,,-1.535,,-0.000,,1.22,0.00,191.3,191.3,,SMART_RTH,,,18,4,TRUE,,Mini 4 Pro,,,,,,FALSE,TRUE,,,,,,,,,,,,,,,,,,,,,,,,,,,,,,,,,,,,,,,,,,,,,,,,8.0,,,,6.924,,,,,,,6.509,,,,,,,,,,,,,,,,,,,,,,,,,,,,,,,,52.41540475,-2.57877729,77.0,,,,,,,,,,,,,,,,,,,,,,,,,,,,Mini 4 Pro,SYNWVTG3DDT82PDTB,CAMKYGXFHDN5R89XB,RCSPQZENUDJD8RYAB,BATRY5D6WDL5UJGGB,,,,,,,,Mini 4 Pro,SYNWVTG3DDT82PDTB,,,,DJI Fly,,1.13.5,FA0D8399-5CAA-5A62-9DCE-C43B0D4839B2,,,,,,,,,,
1773873348,2m 48.0s,168.0,52.41558086,-2.57871955,98.4,111.5,30.0,278.4,938.2,7.829,8.948,-7.677,,-1.535,,-0.000,,1.22,0.00,191.3,191.3,,SMART_RTH,,,18,4,TRUE,,Mini 4 Pro,,,,,,FALSE,TRUE,,,,,,,,,,,,,,,,,,,,,,,,,,,,,,,,,,,,,,,,,,,,,,,,8.0,,,,6.923,,,,,,,6.509,,,,,,,,,,,,,,,,,,,,,,,,,,,,,,,,52.41540475,-2.57877729,65.5,,,,,,,,,,,,,,,,,,,,,,,,,,,,Mini 4 Pro,SYNWVTG3DDT82PDTB,CAMKYGXFHDN5R89XB,RCSPQZENUDJD8RYAB,BATRY5D6WDL5UJGGB,,,,,,,,Mini 4 Pro,SYNWVTG3DDT82PDTB,,,,DJI Fly,,1.13.5,FA0D8399-5CAA-5A62-9DCE-C43B0D4839B2,,,,,,,,,,
1773873349,2m 49.0s,169.0,52.41555000,-2.57872967,98.4,111.5,30.0,278.4,949.7,7.829,8.948,-7.677,,-1.535,,-0.000,,1.22,-0.00,191.3,191.3,,SMART_RTH,,,18,4,TRUE,,Mini 4 Pro,,,,,,FALSE,TRUE,,,,,,,,,,,,,,,,,,,,,,,,,,,,,,,,,,,,,,,,,,,,,,,,7.9,,,,6.923,,,,,,,6.509,,,,,,,,,,,,,,,,,,,,,,,,,,,,,,,,52.41540475,-2.57877729,54.0,,,,,,,,,,,,,,,,,,,,,,,,,,,,Mini 4 Pro,SYNWVTG3DDT82PDTB,CAMKYGXFHDN5R89XB,RCSPQZENUDJD8RYAB,BATRY5D6WDL5UJGGB,,,,,,,,Mini 4 Pro,SYNWVTG3DDT82PDTB,,,,DJI Fly,,1.13.5,FA0D8399-5CAA-5A62-9DCE-C43B0D4839B2,,,,,,,,,,
1773873350,2m 50.0s,170.0,52.41551913,-2.57873979,98.4,111.5,30.0,278.4,961.2,7.829,8.948,-7.677,,-1.535,,-0.000,,1.22,0.00,191.3,191.3,,SMART_RTH,,,18,4,TRUE,,Mini 4 Pro,,,,,,FALSE,TRUE,,,,,,,,,,,,,,,,,,,,,,,,,,,,,,,,,,,,,,,,,,,,,,,,7.9,,,,6.922,,,,,,,6.509,,,,,,,,,,,,,,,,,,,,,,,,,,,,,,,,52.41540475,-2.57877729,42.6,,,,,,,,,,,,,,,,,,,,,,,,,,,,Mini 4 Pro,SYNWVTG3DDT82PDTB,CAMKYGXFHDN5R89XB,RCSPQZENUDJD8RYAB,BATRY5D6WDL5UJGGB,,,,,,,,Mini 4 Pro,SYNWVTG3DDT82PDTB,,,,DJI Fly,,1.13.5,FA0D8399-5CAA-5A62-9DCE-C43B0D4839B2,,,,,,,,,,
1773873351,2m 51.0s,171.0,52.41548827,-2.57874991,98.4,111.5,30.0,278.4,972.7,7.829,8.948,-7.677,,-1.535,,-0.000,,1.22,0.00,191.3,191.3,,SMART_RTH,,,18,4,TRUE,,Mini 4 Pro,,,,,,FALSE,TRUE,,,,,,,,,,,,,,,,,,,,,,,,,,,,,,,,,,,,,,,,,,,,,,,,7.9,,,,6.922,,,,,,,6.509,,,,,,,,,,,,,,,,,,,,,,,,,,,,,,,,52.41540475,-2.57877729,31.1,,,,,,,,,,,,,,,,,,,,,,,,,,,,Mini 4 Pro,SYNWVTG3DDT82PDTB,CAMKYGXFHDN5R89XB,RCSPQZENUDJD8RYAB,BATRY5D6WDL5UJGGB,,,,,,,,Mini 4 Pro,SYNWVTG3DDT82PDTB,,,,DJI Fly,,1.13.5,FA0D8399-5CAA-5A62-9DCE-C43B0D4839B2,,,,,,,,,,
1773873352,2m 52.0s,172.0,52.41545740,-2.57876003,98.4,111.5,30.0,278.4,984.2,7.829,8.948,-7.677,,-1.535,,-0.000,,1.22,0.00,191.3,191.3,,SMART_RTH,,,18,4,TRUE,,Mini 4 Pro,,,,,,FALSE,TRUE,,,,,,,,,,,,,,,,,,,,,,,,,,,,,,,,,,,,,,,,,,,,,,,,7.8,,,,6.922,,,,,,,6.509,,,,,,,,,,,,,,,,,,,,,,,,,,,,,,,,52.41540475,-2.57877729,19.6,,,,,,,,,,,,,,,,,,,,,,,,,,,,Mini 4 Pro,SYNWVTG3DDT82PDTB,CAMKYGXFHDN5R89XB,RCSPQZENUDJD8RYAB,BATRY5D6WDL5UJGGB,,,,,,,,Mini 4 Pro,SYNWVTG3DDT82PDTB,,,,DJI Fly,,1.13.5,FA0D8399-5CAA-5A62-9DCE-C43B0D4839B2,,,,,,,,,,
1773873353,2m 53.0s,173.0,52.41542654,-2.57877015,98.4,111.5,30.0,278.4,995.6,7.829,8.948,-7.677,,-1.535,,-0.000,,1.22,0.00,191.3,191.3,,SMART_RTH,,,18,4,TRUE,,Mini 4 Pro,,,,,,FALSE,TRUE,,,,,,,,,,,,,,,,,,,,,,,,,,,,,,,,,,,,,,,,,,,,,,,,7.8,,,,6.921,,,,,,,6.509,,,,,,,,,,,,,,,,,,,,,,,,,,,,,,,,52.41540475,-2.57877729,8.1,,,,,,,,,,,,,,,,,,,,,,,,,,,,Mini 4 Pro,SYNWVTG3DDT82PDTB,CAMKYGXFHDN5R89XB,RCSPQZENUDJD8RYAB,BATRY5D6WDL5UJGGB,,,,,,,,Mini 4 Pro,SYNWVTG3DDT82PDTB,,,,DJI Fly,,1.13.5,FA0D8399-5CAA-5A62-9DCE-C43B0D4839B2,,,,,,,,,,
1773873354,2m 54.0s,174.0,52.41540475,-2.57877729,98.4,111.5,30.0,278.4,1003.7,5.527,8.948,-5.419,,-1.084,,-0.000,,0.86,0.00,191.3,191.3,,SMART_RTH,,,18,4,TRUE,,Mini 4 Pro,,,,,,FALSE,TRUE,,,,,,,,,,,,,,,,,,,,,,,,,,,,,,,,,,,,,,,,,,,,,,,,7.8,,,,6.921,,,,,,,5.943,,,,,,,,,,,,,,,,,,,,,,,,,,,,,,,,52.41540475,-2.57877729,0.0,,,,,,,,,,,,,,,,,,,,,,,,,,,,Mini 4 Pro,SYNWVTG3DDT82PDTB,CAMKYGXFHDN5R89XB,RCSPQZENUDJD8RYAB,BATRY5D6WDL5UJGGB,,,,,,,,Mini 4 Pro,SYNWVTG3DDT82PDTB,,,,DJI Fly,,1.13.5,FA0D8399-5CAA-5A62-9DCE-C43B0D4839B2,,,,,,,,,,
1773873355,2m 55.0s,175.0,52.41540475,-2.57877729,98.4,111.5,30.0,278.4,1003.7,0.000,8.948,0.000,,0.000,,-0.000,,0.00,0.00,191.3,191.3,,SMART_RTH,,,18,4,TRUE,,Mini 4 Pro,,,,,,FALSE,TRUE,,,,,,,,,,,,,,,,,,,,,,,,,,,,,,,,,,,,,,,,,,,,,,,,7.8,,,,6.920,,,,,,,4.584,,,,,,,,,,,,,,,,,,,,,,,,,,,,,,,,52.41540475,-2.57877729,0.0,,,,,,,,,,,,,,,,,,,,,,,,,,,,Mini 4 Pro,SYNWVTG3DDT82PDTB,CAMKYGXFHDN5R89XB,RCSPQZENUDJD8RYAB,BATRY5D6WDL5UJGGB,,,,,,,,Mini 4 Pro,SYNWVTG3DDT82PDTB,,,,DJI Fly,,1.13.5,FA0D8399-5CAA-5A62-9DCE-C43B0D4839B2,,,,,,,,,,
1773873356,2m 56.0s,176.0,52.41540475,-2.57877729,98.4,111.5,30.0,278.4,1003.7,0.000,8.948,0.000,,0.000,,-0.000,,0.00,0.00,191.3,191.3,,SMART_RTH,,,18,4,TRUE,,Mini 4 Pro,,,,,,FALSE,TRUE,,,,,,,,,,,,,,,,,,,,,,,,,,,,,,,,,,,,,,,,,,,,,,,,7.7,,,,6.920,,,,,,,4.584,,,,,,,,,,,,,,,,,,,,,,,,,,,,,,,,52.41540475,-2.57877729,0.0,,,,,,,,,,,,,,,,,,,,,,,,,,,,Mini 4 Pro,SYNWVTG3DDT82PDTB,CAMKYGXFHDN5R89XB,RCSPQZENUDJD8RYAB,BATRY5D6WDL5UJGGB,,,,,,,,Mini 4 Pro,SYNWVTG3DDT82PDTB,,,,DJI Fly,,1.13.5,FA0D8399-5CAA-5A62-9DCE-C43B0D4839B2,,,,,,,,,,
1773873357,2m 57.0s,177.0,52.41540475,-2.57877729,98.4,111.5,30.0,278.4,1003.7,0.000,8.948,0.000,,0.000,,-0.000,,0.00,0.00,191.3,191.3,,SMART_RTH,,,18,4,TRUE,,Mini 4 Pro,,,,,,FALSE,TRUE,,,,,,,,,,,,,,,,,,,,,,,,,,,,,,,,,,,,,,,,,,,,,,,,7.7,,,,6.919,,,,,,,4.584,,,,,,,,,,,,,,,,,,,,,,,,,,,,,,,,52.41540475,-2.57877729,0.0,,,,,,,,,,,,,,,,,,,,,,,,,,,,Mini 4 Pro,SYNWVTG3DDT82PDTB,CAMKYGXFHDN5R89XB,RCSPQZENUDJD8RYAB,BATRY5D6WDL5UJGGB,,,,,,,,Mini 4 Pro,SYNWVTG3DDT82PDTB,,,,DJI Fly,,1.13.5,FA0D8399-5CAA-5A62-9DCE-C43B0D4839B2,,,,,,,,,,
1773873358,2m 58.0s,178.0,52.41540475,-2.57877729,98.4,111.5,30.0,278.4,1003.7,0.000,8.948,0.000,,0.000,,-0.000,,0.00,0.00,191.3,191.3,,SMART_RTH,,,18,4,TRUE,,Mini 4 Pro,,,,,,FALSE,TRUE,,,,,,,,,,,,,,,,,,,,,,,,,,,,,,,,,,,,,,,,,,,,,,,,7.7,,,,6.919,,,,,,,4.584,,,,,,,,,,,,,,,,,,,,,,,,,,,,,,,,52.41540475,-2.57877729,0.0,,,,,,,,,,,,,,,,,,,,,,,,,,,,Mini 4 Pro,SYNWVTG3DDT82PDTB,CAMKYGXFHDN5R89XB,RCSPQZENUDJD8RYAB,BATRY5D6WDL5UJGGB,,,,,,,,Mini 4 Pro,SYNWVTG3DDT82PDTB,,,,DJI Fly,,1.13.5,FA0D8399-5CAA-5A62-9DCE-C43B0D4839B2,,,,,,,,,,
1773873359,2m 59.0s,179.0,52.41540475,-2.57877729,98.4,111.5,30.0,278.4,1003.7,0.000,8.948,0.000,,0.000,,-0.000,,0.00,0.00,191.3,191.3,,SMART_RTH,,,18,4,TRUE,,Mini 4 Pro,,,,,,FALSE,TRUE,,,,,,,,,,,,,,,,,,,,,,,,,,,,,,,,,,,,,,,,,,,,,,,,7.6,,,,6.918,,,,,,,4.584,,,,,,,,,,,,,,,,,,,,,,,,,,,,,,,,52.41540475,-2.57877729,0.0,,,,,,,,,,,,,,,,,,,,,,,,,,,,Mini 4 Pro,SYNWVTG3DDT82PDTB,CAMKYGXFHDN5R89XB,RCSPQZENUDJD8RYAB,BATRY5D6WDL5UJGGB,,,,,,,,Mini 4 Pro,SYNWVTG3DDT82PDTB,,,,DJI Fly,,1.13.5,FA0D8399-5CAA-5A62-9DCE-C43B0D4839B2,,,,,,,,,,
1773873360,3m 0.0s,180.0,52.41540475,-2.57877729,98.4,111.5,30.0,278.4,1003.7,0.000,8.948,0.000,,0.000,,-0.000,,0.00,0.00,191.3,191.3,,SMART_RTH,,,18,4,TRUE,,Mini 4 Pro,,,,,,FALSE,TRUE,,,,,,,,,,,,,,,,,,,,,,,,,,,,,,,,,,,,,,,,,,,,,,,,7.6,,,,6.918,,,,,,,4.584,,,,,,,,,,,,,,,,,,,,,,,,,,,,,,,,52.41540475,-2.57877729,0.0,,,,,,,,,,,,,,,,,,,,,,,,,,,,Mini 4 Pro,SYNWVTG3DDT82PDTB,CAMKYGXFHDN5R89XB,RCSPQZENUDJD8RYAB,BATRY5D6WDL5UJGGB,,,,,,,,Mini 4 Pro,SYNWVTG3DDT82PDTB,,,,DJI Fly,,1.13.5,FA0D8399-5CAA-5A62-9DCE-C43B0D4839B2,,,,,,,,,,
1773873361,3m 1.0s,181.0,52.41540475,-2.57877729,98.4,111.5,30.0,278.4,1003.7,0.000,8.948,0.000,,0.000,,-0.000,,0.00,0.00,191.3,191.3,,SMART_RTH,,,18,4,TRUE,,Mini 4 Pro,,,,,,FALSE,TRUE,,,,,,,,,,,,,,,,,,,,,,,,,,,,,,,,,,,,,,,,,,,,,,,,7.6,,,,6.917,,,,,,,4.584,,,,,,,,,,,,,,,,,,,,,,,,,,,,,,,,52.41540475,-2.57877729,0.0,,,,,,,,,,,,,,,,,,,,,,,,,,,,Mini 4 Pro,SYNWVTG3DDT82PDTB,CAMKYGXFHDN5R89XB,RCSPQZENUDJD8RYAB,BATRY5D6WDL5UJGGB,,,,,,,,Mini 4 Pro,SYNWVTG3DDT82PDTB,,,,DJI Fly,,1.13.5,FA0D8399-5CAA-5A62-9DCE-C43B0D4839B2,,,,,,,,,,
1773873362,3m 2.0s,182.0,52.41540475,-2.57877729,98.4,111.5,30.0,278.4,1003.7,0.000,8.948,0.000,,0.000,,-0.000,,0.00,0.00,191.3,191.3,,SMART_RTH,,,18,4,TRUE,,Mini 4 Pro,,,,,,FALSE,TRUE,,,,,,,,,,,,,,,,,,,,,,,,,,,,,,,,,,,,,,,,,,,,,,,,7.5,,,,6.917,,,,,,,4.584,,,,,,,,,,,,,,,,,,,,,,,,,,,,,,,,52.41540475,-2.57877729,0.0,,,,,,,,,,,,,,,,,,,,,,,,,,,,Mini 4 Pro,SYNWVTG3DDT82PDTB,CAMKYGXFHDN5R89XB,RCSPQZENUDJD8RYAB,BATRY5D6WDL5UJGGB,,,,,,,,Mini 4 Pro,SYNWVTG3DDT82PDTB,,,,DJI Fly,,1.13.5,FA0D8399-5CAA-5A62-9DCE-C43B0D4839B2,,,,,,,,,,
1773873363,3m 3.0s,183.0,52.41540475,-2.57877729,98.4,111.5,30.0,278.4,1003.7,0.000,8.948,0.000,,0.000,,-0.000,,0.00,0.00,191.3,191.3,,SMART_RTH,,,18,4,TRUE,,Mini 4 Pro,,,,,,FALSE,TRUE,,,,,,,,,,,,,,,,,,,,,,,,,,,,,,,,,,,,,,,,,,,,,,,,7.5,,,,6.916,,,,,,,4.584,,,,,,,,,,,,,,,,,,,,,,,,,,,,,,,,52.41540475,-2.57877729,0.0,,,,,,,,,,,,,,,,,,,,,,,,,,,,Mini 4 Pro,SYNWVTG3DDT82PDTB,CAMKYGXFHDN5R89XB,RCSPQZENUDJD8RYAB,BATRY5D6WDL5UJGGB,,,,,,,,Mini 4 Pro,SYNWVTG3DDT82PDTB,,,,DJI Fly,,1.13.5,FA0D8399-5CAA-5A62-9DCE-C43B0D4839B2,,,,,,,,,,
1773873364,3m 4.0s,184.0,52.41540475,-2.57877729,98.4,111.5,30.0,278.4,1003.7,0.000,8.948,0.000,,0.000,,-0.000,,0.00,0.00,191.3,191.3,,SMART_RTH,,,18,4,TRUE,,Mini 4 Pro,,,,,,FALSE,TRUE,,,,,,,,,,,,,,,,,,,,,,,,,,,,,,,,,,,,,,,,,,,,,,,,7.5,,,,6.916,,,,,,,4.584,,,,,,,,,,,,,,,,,,,,,,,,,,,,,,,,52.41540475,-2.57877729,0.0,,,,,,,,,,,,,,,,,,,,,,,,,,,,Mini 4 Pro,SYNWVTG3DDT82PDTB,CAMKYGXFHDN5R89XB,RCSPQZENUDJD8RYAB,BATRY5D6WDL5UJGGB,,,,,,,,Mini 4 Pro,SYNWVTG3DDT82PDTB,,,,DJI Fly,,1.13.5,FA0D8399-5CAA-5A62-9DCE-C43B0D4839B2,,,,,,,,,,
1773873365,3m 5.0s,185.0,52.41540475,-2.57877729,98.4,111.5,30.0,278.4,1003.7,0.000,8.948,0.000,,0.000,,-0.000,,0.00,0.00,191.3,191.3,,SMART_RTH,,,18,4,TRUE,,Mini 4 Pro,,,,,,FALSE,TRUE,,,,,,,,,,,,,,,,,,,,,,,,,,,,,,,,,,,,,,,,,,,,,,,,7.4,,,,6.915,,,,,,,4.584,,,,,,,,,,,,,,,,,,,,,,,,,,,,,,,,52.41540475,-2.57877729,0.0,,,,,,,,,,,,,,,,,,,,,,,,,,,,Mini 4 Pro,SYNWVTG3DDT82PDTB,CAMKYGXFHDN5R89XB,RCSPQZENUDJD8RYAB,BATRY5D6WDL5UJGGB,,,,,,,,Mini 4 Pro,SYNWVTG3DDT82PDTB,,,,DJI Fly,,1.13.5,FA0D8399-5CAA-5A62-9DCE-C43B0D4839B2,,,,,,,,,,
1773873366,3m 6.0s,186.0,52.41540475,-2.57877729,98.4,111.5,30.0,278.4,1003.7,0.000,8.948,0.000,,0.000,,-0.000,,0.00,0.00,191.3,191.3,,SMART_RTH,,,18,4,TRUE,,Mini 4 Pro,,,,,,FALSE,TRUE,,,,,,,,,,,,,,,,,,,,,,,,,,,,,,,,,,,,,,,,,,,,,,,,7.4,,,,6.915,,,,,,,4.584,,,,,,,,,,,,,,,,,,,,,,,,,,,,,,,,52.41540475,-2.57877729,0.0,,,,,,,,,,,,,,,,,,,,,,,,,,,,Mini 4 Pro,SYNWVTG3DDT82PDTB,CAMKYGXFHDN5R89XB,RCSPQZENUDJD8RYAB,BATRY5D6WDL5UJGGB,,,,,,,,Mini 4 Pro,SYNWVTG3DDT82PDTB,,,,DJI Fly,,1.13.5,FA0D8399-5CAA-5A62-9DCE-C43B0D4839B2,,,,,,,,,,
1773873367,3m 7.0s,187.0,52.41540475,-2.57877729,98.4,111.5,30.0,278.4,1003.7,0.000,8.948,0.000,,0.000,,-0.000,,0.00,0.00,191.3,191.3,,SMART_RTH,,,18,4,TRUE,,Mini 4 Pro,,,,,,FALSE,TRUE,,,,,,,,,,,,,,,,,,,,,,,,,,,,,,,,,,,,,,,,,,,,,,,,7.4,,,,6.915,,,,,,,4.584,,,,,,,,,,,,,,,,,,,,,,,,,,,,,,,,52.41540475,-2.57877729,0.0,,,,,,,,,,,,,,,,,,,,,,,,,,,,Mini 4 Pro,SYNWVTG3DDT82PDTB,CAMKYGXFHDN5R89XB,RCSPQZENUDJD8RYAB,BATRY5D6WDL5UJGGB,,,,,,,,Mini 4 Pro,SYNWVTG3DDT82PDTB,,,,DJI Fly,,1.13.5,FA0D8399-5CAA-5A62-9DCE-C43B0D4839B2,,,,,,,,,,
1773873368,3m 8.0s,188.0,52.41540475,-2.57877729,98.4,111.5,30.0,278.4,1003.7,0.000,8.948,0.000,,0.000,,-0.000,,0.00,0.00,191.3,191.3,,SMART_RTH,,,18,4,TRUE,,Mini 4 Pro,,,,,,FALSE,TRUE,,,,,,,,,,,,,,,,,,,,,,,,,,,,,,,,,,,,,,,,,,,,,,,,7.4,,,,6.914,,,,,,,4.584,,,,,,,,,,,,,,,,,,,,,,,,,,,,,,,,52.41540475,-2.57877729,0.0,,,,,,,,,,,,,,,,,,,,,,,,,,,,Mini 4 Pro,SYNWVTG3DDT82PDTB,CAMKYGXFHDN5R89XB,RCSPQZENUDJD8RYAB,BATRY5D6WDL5UJGGB,,,,,,,,Mini 4 Pro,SYNWVTG3DDT82PDTB,,,,DJI Fly,,1.13.5,FA0D8399-5CAA-5A62-9DCE-C43B0D4839B2,,,,,,,,,,
1773873369,3m 9.0s,189.0,52.41540475,-2.57877729,98.4,111.5,30.0,278.4,1003.7,0.000,8.948,0.000,,0.000,,-0.000,,0.00,0.00,191.3,191.3,,SMART_RTH,,,18,4,TRUE,,Mini 4 Pro,,,,,,FALSE,TRUE,,,,,,,,,,,,,,,,,,,,,,,,,,,,,,,,,,,,,,,,,,,,,,,,7.3,,,,6.914,,,,,,,4.584,,,,,,,,,,,,,,,,,,,,,,,,,,,,,,,,52.41540475,-2.57877729,0.0,,,,,,,,,,,,,,,,,,,,,,,,,,,,Mini 4 Pro,SYNWVTG3DDT82PDTB,CAMKYGXFHDN5R89XB,RCSPQZENUDJD8RYAB,BATRY5D6WDL5UJGGB,,,,,,,,Mini 4 Pro,SYNWVTG3DDT82PDTB,,,,DJI Fly,,1.13.5,FA0D8399-5CAA-5A62-9DCE-C43B0D4839B2,,,,,,,,,,
1773873370,3m 10.0s,190.0,52.41540475,-2.57877729,98.4,111.5,30.0,278.4,1003.7,0.000,8.948,0.000,,0.000,,-0.000,,0.00,0.00,191.3,191.3,,SMART_RTH,,,18,4,TRUE,,Mini 4 Pro,,,,,,FALSE,TRUE,,,,,,,,,,,,,,,,,,,,,,,,,,,,,,,,,,,,,,,,,,,,,,,,7.3,,,,6.913,,,,,,,4.584,,,,,,,,,,,,,,,,,,,,,,,,,,,,,,,,52.41540475,-2.57877729,0.0,,,,,,,,,,,,,,,,,,,,,,,,,,,,Mini 4 Pro,SYNWVTG3DDT82PDTB,CAMKYGXFHDN5R89XB,RCSPQZENUDJD8RYAB,BATRY5D6WDL5UJGGB,,,,,,,,Mini 4 Pro,SYNWVTG3DDT82PDTB,,,,DJI Fly,,1.13.5,FA0D8399-5CAA-5A62-9DCE-C43B0D4839B2,,,,,,,,,,
1773873371,3m 11.0s,191.0,52.41540475,-2.57877729,98.4,111.5,30.0,278.4,1003.7,0.000,8.948,0.000,,0.000,,-0.000,,0.00,0.00,191.3,191.3,,SMART_RTH,,,18,4,TRUE,,Mini 4 Pro,,,,,,FALSE,TRUE,,,,,,,,,,,,,,,,,,,,,,,,,,,,,,,,,,,,,,,,,,,,,,,,7.3,,,,6.913,,,,,,,4.584,,,,,,,,,,,,,,,,,,,,,,,,,,,,,,,,52.41540475,-2.57877729,0.0,,,,,,,,,,,,,,,,,,,,,,,,,,,,Mini 4 Pro,SYNWVTG3DDT82PDTB,CAMKYGXFHDN5R89XB,RCSPQZENUDJD8RYAB,BATRY5D6WDL5UJGGB,,,,,,,,Mini 4 Pro,SYNWVTG3DDT82PDTB,,,,DJI Fly,,1.13.5,FA0D8399-5CAA-5A62-9DCE-C43B0D4839B2,,,,,,,,,,
1773873372,3m 12.0s,192.0,52.41540475,-2.57877729,98.4,111.5,30.0,278.4,1003.7,0.000,8.948,0.000,,0.000,,-0.000,,0.00,0.00,191.3,191.3,,SMART_RTH,,,18,4,TRUE,,Mini 4 Pro,,,,,,FALSE,TRUE,,,,,,,,,,,,,,,,,,,,,,,,,,,,,,,,,,,,,,,,,,,,,,,,7.2,,,,6.912,,,,,,,4.584,,,,,,,,,,,,,,,,,,,,,,,,,,,,,,,,52.41540475,-2.57877729,0.0,,,,,,,,,,,,,,,,,,,,,,,,,,,,Mini 4 Pro,SYNWVTG3DDT82PDTB,CAMKYGXFHDN5R89XB,RCSPQZENUDJD8RYAB,BATRY5D6WDL5UJGGB,,,,,,,,Mini 4 Pro,SYNWVTG3DDT82PDTB,,,,DJI Fly,,1.13.5,FA0D8399-5CAA-5A62-9DCE-C43B0D4839B2,,,,,,,,,,
1773873373,3m 13.0s,193.0,52.41540475,-2.57877729,98.4,111.5,30.0,278.4,1003.7,0.000,8.948,0.000,,0.000,,-0.000,,0.00,0.00,191.3,191.3,,SMART_RTH,,,18,4,TRUE,,Mini 4 Pro,,,,,,FALSE,TRUE,,,,,,,,,,,,,,,,,,,,,,,,,,,,,,,,,,,,,,,,,,,,,,,,7.2,,,,6.912,,,,,,,4.584,,,,,,,,,,,,,,,,,,,,,,,,,,,,,,,,52.41540475,-2.57877729,0.0,,,,,,,,,,,,,,,,,,,,,,,,,,,,Mini 4 Pro,SYNWVTG3DDT82PDTB,CAMKYGXFHDN5R89XB,RCSPQZENUDJD8RYAB,BATRY5D6WDL5UJGGB,,,,,,,,Mini 4 Pro,SYNWVTG3DDT82PDTB,,,,DJI Fly,,1.13.5,FA0D8399-5CAA-5A62-9DCE-C43B0D4839B2,,,,,,,,,,
1773873374,3m 14.0s,194.0,52.41540475,-2.57877729,98.4,111.5,30.0,278.4,1003.7,0.000,8.948,0.000,,0.000,,-0.000,,0.00,0.00,191.3,191.3,,SMART_RTH,,,18,4,TRUE,,Mini 4 Pro,,,,,,FALSE,TRUE,,,,,,,,,,,,,,,,,,,,,,,,,,,,,,,,,,,,,,,,,,,,,,,,7.2,,,,6.911,,,,,,,4.584,,,,,,,,,,,,,,,,,,,,,,,,,,,,,,,,52.41540475,-2.57877729,0.0,,,,,,,,,,,,,,,,,,,,,,,,,,,,Mini 4 Pro,SYNWVTG3DDT82PDTB,CAMKYGXFHDN5R89XB,RCSPQZENUDJD8RYAB,BATRY5D6WDL5UJGGB,,,,,,,,Mini 4 Pro,SYNWVTG3DDT82PDTB,,,,DJI Fly,,1.13.5,FA0D8399-5CAA-5A62-9DCE-C43B0D4839B2,,,,,,,,,,
1773873375,3m 15.0s,195.0,52.41540475,-2.57877729,98.4,111.5,30.0,278.4,1003.7,0.000,8.948,0.000,,0.000,,-0.000,,0.00,0.00,191.3,191.3,,SMART_RTH,,,18,4,TRUE,,Mini 4 Pro,,,,,,FALSE,TRUE,,,,,,,,,,,,,,,,,,,,,,,,,,,,,,,,,,,,,,,,,,,,,,,,7.2,,,,6.911,,,,,,,4.584,,,,,,,,,,,,,,,,,,,,,,,,,,,,,,,,52.41540475,-2.57877729,0.0,,,,,,,,,,,,,,,,,,,,,,,,,,,,Mini 4 Pro,SYNWVTG3DDT82PDTB,CAMKYGXFHDN5R89XB,RCSPQZENUDJD8RYAB,BATRY5D6WDL5UJGGB,,,,,,,,Mini 4 Pro,SYNWVTG3DDT82PDTB,,,,DJI Fly,,1.13.5,FA0D8399-5CAA-5A62-9DCE-C43B0D4839B2,,,,,,,,,,
1773873376,3m 16.0s,196.0,52.41540475,-2.57877729,93.2,111.5,30.0,273.2,1003.7,0.000,8.948,0.000,,0.000,,3.579,,-6.40,0.00,191.3,191.3,,LANDING,,,18,4,TRUE,,Mini 4 Pro,,,,,,FALSE,TRUE,,,,,,,,,,,,,,,,,,,,,,,,,,,,,,,,,,,,,,,,,,,,,,,,7.1,,,,6.910,,,,,,,4.584,,,,,,,,,,,,,,,,,,,,,,,,,,,,,,,,52.41540475,-2.57877729,0.0,,,,,,,,,,,,,,,,,,,,,,,,,,,,Mini 4 Pro,SYNWVTG3DDT82PDTB,CAMKYGXFHDN5R89XB,RCSPQZENUDJD8RYAB,BATRY5D6WDL5UJGGB,,,,,,,,Mini 4 Pro,SYNWVTG3DDT82PDTB,,,,DJI Fly,,1.13.5,FA0D8399-5CAA-5A62-9DCE-C43B0D4839B2,,,,,,,,,,
1773873377,3m 17.0s,197.0,52.41540475,-2.57877729,87.9,111.5,30.0,267.9,1003.7,0.000,8.948,0.000,,0.000,,3.579,,-6.40,0.00,191.3,191.3,,LANDING,,,18,4,TRUE,,Mini 4 Pro,,,,,,FALSE,TRUE,,,,,,,,,,,,,,,,,,,,,,,,,,,,,,,,,,,,,,,,,,,,,,,,7.1,,,,6.910,,,,,,,4.584,,,,,,,,,,,,,,,,,,,,,,,,,,,,,,,,52.41540475,-2.57877729,0.0,,,,,,,,,,,,,,,,,,,,,,,,,,,,Mini 4 Pro,SYNWVTG3DDT82PDTB,CAMKYGXFHDN5R89XB,RCSPQZENUDJD8RYAB,BATRY5D6WDL5UJGGB,,,,,,,,Mini 4 Pro,SYNWVTG3DDT82PDTB,,,,DJI Fly,,1.13.5,FA0D8399-5CAA-5A62-9DCE-C43B0D4839B2,,,,,,,,,,
1773873378,3m 18.0s,198.0,52.41540475,-2.57877729,82.7,111.5,30.0,262.7,1003.7,0.000,8.948,0.000,,0.000,,3.579,,-6.40,0.00,191.3,191.3,,LANDING,,,18,4,TRUE,,Mini 4 Pro,,,,,,FALSE,TRUE,,,,,,,,,,,,,,,,,,,,,,,,,,,,,,,,,,,,,,,,,,,,,,,,7.1,,,,6.909,,,,,,,4.584,,,,,,,,,,,,,,,,,,,,,,,,,,,,,,,,52.41540475,-2.57877729,0.0,,,,,,,,,,,,,,,,,,,,,,,,,,,,Mini 4 Pro,SYNWVTG3DDT82PDTB,CAMKYGXFHDN5R89XB,RCSPQZENUDJD8RYAB,BATRY5D6WDL5UJGGB,,,,,,,,Mini 4 Pro,SYNWVTG3DDT82PDTB,,,,DJI Fly,,1.13.5,FA0D8399-5CAA-5A62-9DCE-C43B0D4839B2,,,,,,,,,,
1773873379,3m 19.0s,199.0,52.41540475,-2.57877729,77.4,111.5,30.0,257.4,1003.7,0.000,8.948,0.000,,0.000,,3.579,,-6.40,0.00,191.3,191.3,,LANDING,,,18,4,TRUE,,Mini 4 Pro,,,,,,FALSE,TRUE,,,,,,,,,,,,,,,,,,,,,,,,,,,,,,,,,,,,,,,,,,,,,,,,7.0,,,,6.909,,,,,,,4.584,,,,,,,,,,,,,,,,,,,,,,,,,,,,,,,,52.41540475,-2.57877729,0.0,,,,,,,,,,,,,,,,,,,,,,,,,,,,Mini 4 Pro,SYNWVTG3DDT82PDTB,CAMKYGXFHDN5R89XB,RCSPQZENUDJD8RYAB,BATRY5D6WDL5UJGGB,,,,,,,,Mini 4 Pro,SYNWVTG3DDT82PDTB,,,,DJI Fly,,1.13.5,FA0D8399-5CAA-5A62-9DCE-C43B0D4839B2,,,,,,,,,,
1773873380,3m 20.0s,200.0,52.41540475,-2.57877729,72.2,111.5,30.0,252.2,1003.7,0.000,8.948,0.000,,0.000,,3.579,,-6.40,0.00,191.3,191.3,,LANDING,,,18,4,TRUE,,Mini 4 Pro,,,,,,FALSE,TRUE,,,,,,,,,,,,,,,,,,,,,,,,,,,,,,,,,,,,,,,,,,,,,,,,7.0,,,,6.909,,,,,,,4.584,,,,,,,,,,,,,,,,,,,,,,,,,,,,,,,,52.41540475,-2.57877729,0.0,,,,,,,,,,,,,,,,,,,,,,,,,,,,Mini 4 Pro,SYNWVTG3DDT82PDTB,CAMKYGXFHDN5R89XB,RCSPQZENUDJD8RYAB,BATRY5D6WDL5UJGGB,,,,,,,,Mini 4 Pro,SYNWVTG3DDT82PDTB,,,,DJI Fly,,1.13.5,FA0D8399-5CAA-5A62-9DCE-C43B0D4839B2,,,,,,,,,,
1773873381,3m 21.0s,201.0,52.41540475,-2.57877729,66.9,111.5,30.0,246.9,1003.7,0.000,8.948,0.000,,0.000,,3.579,,-6.40,0.00,191.3,191.3,,LANDING,,,18,4,TRUE,,Mini 4 Pro,,,,,,FALSE,TRUE,,,,,,,,,,,,,,,,,,,,,,,,,,,,,,,,,,,,,,,,,,,,,,,,7.0,,,,6.909,,,,,,,4.584,,,,,,,,,,,,,,,,,,,,,,,,,,,,,,,,52.41540475,-2.57877729,0.0,,,,,,,,,,,,,,,,,,,,,,,,,,,,Mini 4 Pro,SYNWVTG3DDT82PDTB,CAMKYGXFHDN5R89XB,RCSPQZENUDJD8RYAB,BATRY5D6WDL5UJGGB,,,,,,,,Mini 4 Pro,SYNWVTG3DDT82PDTB,,,,DJI Fly,,1.13.5,FA0D8399-5CAA-5A62-9DCE-C43B0D4839B2,,,,,,,,,,
1773873382,3m 22.0s,202.0,52.41540475,-2.57877729,61.7,111.5,30.0,241.7,1003.7,0.000,8.948,0.000,,0.000,,3.579,,-6.40,0.00,191.3,191.3,,LANDING,,,18,4,TRUE,,Mini 4 Pro,,,,,,FALSE,TRUE,,,,,,,,,,,,,,,,,,,,,,,,,,,,,,,,,,,,,,,,,,,,,,,,7.0,,,,6.909,,,,,,,4.584,,,,,,,,,,,,,,,,,,,,,,,,,,,,,,,,52.41540475,-2.57877729,0.0,,,,,,,,,,,,,,,,,,,,,,,,,,,,Mini 4 Pro,SYNWVTG3DDT82PDTB,CAMKYGXFHDN5R89XB,RCSPQZENUDJD8RYAB,BATRY5D6WDL5UJGGB,,,,,,,,Mini 4 Pro,SYNWVTG3DDT82PDTB,,,,DJI Fly,,1.13.5,FA0D8399-5CAA-5A62-9DCE-C43B0D4839B2,,,,,,,,,,
1773873383,3m 23.0s,203.0,52.41540475,-2.57877729,56.4,111.5,30.0,236.4,1003.7,0.000,8.948,0.000,,0.000,,3.579,,-6.40,0.00,191.3,191.3,,LANDING,,,18,4,TRUE,,Mini 4 Pro,,,,,,FALSE,TRUE,,,,,,,,,,,,,,,,,,,,,,,,,,,,,,,,,,,,,,,,,,,,,,,,7.0,,,,6.909,,,,,,,4.584,,,,,,,,,,,,,,,,,,,,,,,,,,,,,,,,52.41540475,-2.57877729,0.0,,,,,,,,,,,,,,,,,,,,,,,,,,,,Mini 4 Pro,SYNWVTG3DDT82PDTB,CAMKYGXFHDN5R89XB,RCSPQZENUDJD8RYAB,BATRY5D6WDL5UJGGB,,,,,,,,Mini 4 Pro,SYNWVTG3DDT82PDTB,,,,DJI Fly,,1.13.5,FA0D8399-5CAA-5A62-9DCE-C43B0D4839B2,,,,,,,,,,
1773873384,3m 24.0s,204.0,52.41540475,-2.57877729,51.2,111.5,30.0,231.2,1003.7,0.000,8.948,0.000,,0.000,,3.579,,-6.40,0.00,191.3,191.3,,LANDING,,,18,4,TRUE,,Mini 4 Pro,,,,,,FALSE,TRUE,,,,,,,,,,,,,,,,,,,,,,,,,,,,,,,,,,,,,,,,,,,,,,,,7.0,,,,6.909,,,,,,,4.584,,,,,,,,,,,,,,,,,,,,,,,,,,,,,,,,52.41540475,-2.57877729,0.0,,,,,,,,,,,,,,,,,,,,,,,,,,,,Mini 4 Pro,SYNWVTG3DDT82PDTB,CAMKYGXFHDN5R89XB,RCSPQZENUDJD8RYAB,BATRY5D6WDL5UJGGB,,,,,,,,Mini 4 Pro,SYNWVTG3DDT82PDTB,,,,DJI Fly,,1.13.5,FA0D8399-5CAA-5A62-9DCE-C43B0D4839B2,,,,,,,,,,
1773873385,3m 25.0s,205.0,52.41540475,-2.57877729,45.9,111.5,30.0,225.9,1003.7,0.000,8.948,0.000,,0.000,,3.579,,-6.40,0.00,191.3,191.3,,LANDING,,,18,4,TRUE,,Mini 4 Pro,,,,,,FALSE,TRUE,,,,,,,,,,,,,,,,,,,,,,,,,,,,,,,,,,,,,,,,,,,,,,,,7.0,,,,6.909,,,,,,,4.584,,,,,,,,,,,,,,,,,,,,,,,,,,,,,,,,52.41540475,-2.57877729,0.0,,,,,,,,,,,,,,,,,,,,,,,,,,,,Mini 4 Pro,SYNWVTG3DDT82PDTB,CAMKYGXFHDN5R89XB,RCSPQZENUDJD8RYAB,BATRY5D6WDL5UJGGB,,,,,,,,Mini 4 Pro,SYNWVTG3DDT82PDTB,,,,DJI Fly,,1.13.5,FA0D8399-5CAA-5A62-9DCE-C43B0D4839B2,,,,,,,,,,
1773873386,3m 26.0s,206.0,52.41540475,-2.57877729,40.7,111.5,30.0,220.7,1003.7,0.000,8.948,0.000,,0.000,,3.579,,-6.40,0.00,191.3,191.3,,LANDING,,,18,4,TRUE,,Mini 4 Pro,,,,,,FALSE,TRUE,,,,,,,,,,,,,,,,,,,,,,,,,,,,,,,,,,,,,,,,,,,,,,,,7.0,,,,6.909,,,,,,,4.584,,,,,,,,,,,,,,,,,,,,,,,,,,,,,,,,52.41540475,-2.57877729,0.0,,,,,,,,,,,,,,,,,,,,,,,,,,,,Mini 4 Pro,SYNWVTG3DDT82PDTB,CAMKYGXFHDN5R89XB,RCSPQZENUDJD8RYAB,BATRY5D6WDL5UJGGB,,,,,,,,Mini 4 Pro,SYNWVTG3DDT82PDTB,,,,DJI Fly,,1.13.5,FA0D8399-5CAA-5A62-9DCE-C43B0D4839B2,,,,,,,,,,
1773873387,3m 27.0s,207.0,52.41540475,-2.57877729,35.4,111.5,30.0,215.4,1003.7,0.000,8.948,0.000,,0.000,,3.579,,-6.40,0.00,191.3,191.3,,LANDING,,,18,4,TRUE,,Mini 4 Pro,,,,,,FALSE,TRUE,,,,,,,,,,,,,,,,,,,,,,,,,,,,,,,,,,,,,,,,,,,,,,,,7.0,,,,6.909,,,,,,,4.584,,,,,,,,,,,,,,,,,,,,,,,,,,,,,,,,52.41540475,-2.57877729,0.0,,,,,,,,,,,,,,,,,,,,,,,,,,,,Mini 4 Pro,SYNWVTG3DDT82PDTB,CAMKYGXFHDN5R89XB,RCSPQZENUDJD8RYAB,BATRY5D6WDL5UJGGB,,,,,,,,Mini 4 Pro,SYNWVTG3DDT82PDTB,,,,DJI Fly,,1.13.5,FA0D8399-5CAA-5A62-9DCE-C43B0D4839B2,,,,,,,,,,
1773873388,3m 28.0s,208.0,52.41540475,-2.57877729,30.2,111.5,30.0,210.2,1003.7,0.000,8.948,0.000,,0.000,,3.579,,-6.40,0.00,191.3,191.3,,LANDING,,,18,4,TRUE,,Mini 4 Pro,,,,,,FALSE,TRUE,,,,,,,,,,,,,,,,,,,,,,,,,,,,,,,,,,,,,,,,,,,,,,,,7.0,,,,6.909,,,,,,,4.584,,,,,,,,,,,,,,,,,,,,,,,,,,,,,,,,52.41540475,-2.57877729,0.0,,,,,,,,,,,,,,,,,,,,,,,,,,,,Mini 4 Pro,SYNWVTG3DDT82PDTB,CAMKYGXFHDN5R89XB,RCSPQZENUDJD8RYAB,BATRY5D6WDL5UJGGB,,,,,,,,Mini 4 Pro,SYNWVTG3DDT82PDTB,,,,DJI Fly,,1.13.5,FA0D8399-5CAA-5A62-9DCE-C43B0D4839B2,,,,,,,,,,
1773873389,3m 29.0s,209.0,52.41540475,-2.57877729,24.9,111.5,24.9,204.9,1003.7,0.000,8.948,0.000,,0.000,,3.579,,-6.40,0.00,191.3,191.3,,LANDING,,,18,4,TRUE,,Mini 4 Pro,,,,,,FALSE,TRUE,,,,,,,,,,,,,,,,,,,,,,,,,,,,,,,,,,,,,,,,,,,,,,,,7.0,,,,6.909,,,,,,,4.584,,,,,,,,,,,,,,,,,,,,,,,,,,,,,,,,52.41540475,-2.57877729,0.0,,,,,,,,,,,,,,,,,,,,,,,,,,,,Mini 4 Pro,SYNWVTG3DDT82PDTB,CAMKYGXFHDN5R89XB,RCSPQZENUDJD8RYAB,BATRY5D6WDL5UJGGB,,,,,,,,Mini 4 Pro,SYNWVTG3DDT82PDTB,,,,DJI Fly,,1.13.5,FA0D8399-5CAA-5A62-9DCE-C43B0D4839B2,,,,,,,,,,
1773873390,3m 30.0s,210.0,52.41540475,-2.57877729,19.7,111.5,19.7,199.7,1003.7,0.000,8.948,0.000,,0.000,,3.579,,-6.40,0.00,191.3,191.3,,LANDING,,,18,4,TRUE,,Mini 4 Pro,,,,,,FALSE,TRUE,,,,,,,,,,,,,,,,,,,,,,,,,,,,,,,,,,,,,,,,,,,,,,,,7.0,,,,6.909,,,,,,,4.584,,,,,,,,,,,,,,,,,,,,,,,,,,,,,,,,52.41540475,-2.57877729,0.0,,,,,,,,,,,,,,,,,,,,,,,,,,,,Mini 4 Pro,SYNWVTG3DDT82PDTB,CAMKYGXFHDN5R89XB,RCSPQZENUDJD8RYAB,BATRY5D6WDL5UJGGB,,,,,,,,Mini 4 Pro,SYNWVTG3DDT82PDTB,,,,DJI Fly,,1.13.5,FA0D8399-5CAA-5A62-9DCE-C43B0D4839B2,,,,,,,,,,
1773873391,3m 31.0s,211.0,52.41540475,-2.57877729,14.4,111.5,14.4,194.4,1003.7,0.000,8.948,0.000,,0.000,,3.579,,-6.40,0.00,191.3,191.3,,LANDING,,,18,4,TRUE,,Mini 4 Pro,,,,,,FALSE,TRUE,,,,,,,,,,,,,,,,,,,,,,,,,,,,,,,,,,,,,,,,,,,,,,,,7.0,,,,6.909,,,,,,,4.584,,,,,,,,,,,,,,,,,,,,,,,,,,,,,,,,52.41540475,-2.57877729,0.0,,,,,,,,,,,,,,,,,,,,,,,,,,,,Mini 4 Pro,SYNWVTG3DDT82PDTB,CAMKYGXFHDN5R89XB,RCSPQZENUDJD8RYAB,BATRY5D6WDL5UJGGB,,,,,,,,Mini 4 Pro,SYNWVTG3DDT82PDTB,,,,DJI Fly,,1.13.5,FA0D8399-5CAA-5A62-9DCE-C43B0D4839B2,,,,,,,,,,
1773873392,3m 32.0s,212.0,52.41540475,-2.57877729,9.2,111.5,9.2,189.2,1003.7,0.000,8.948,0.000,,0.000,,3.579,,-6.40,0.00,191.3,191.3,,LANDING,,,18,4,TRUE,,Mini 4 Pro,,,,,,FALSE,TRUE,,,,,,,,,,,,,,,,,,,,,,,,,,,,,,,,,,,,,,,,,,,,,,,,7.0,,,,6.909,,,,,,,4.584,,,,,,,,,,,,,,,,,,,,,,,,,,,,,,,,52.41540475,-2.57877729,0.0,,,,,,,,,,,,,,,,,,,,,,,,,,,,Mini 4 Pro,SYNWVTG3DDT82PDTB,CAMKYGXFHDN5R89XB,RCSPQZENUDJD8RYAB,BATRY5D6WDL5UJGGB,,,,,,,,Mini 4 Pro,SYNWVTG3DDT82PDTB,,,,DJI Fly,,1.13.5,FA0D8399-5CAA-5A62-9DCE-C43B0D4839B2,,,,,,,,,,
1773873393,3m 33.0s,213.0,52.41540475,-2.57877729,3.9,111.5,3.9,183.9,1003.7,0.000,8.948,0.000,,0.000,,3.579,,-6.40,0.00,191.3,191.3,,LANDING,,,18,4,TRUE,,Mini 4 Pro,,,,,,FALSE,TRUE,,,,,,,,,,,,,,,,,,,,,,,,,,,,,,,,,,,,,,,,,,,,,,,,7.0,,,,6.909,,,,,,,4.584,,,,,,,,,,,,,,,,,,,,,,,,,,,,,,,,52.41540475,-2.57877729,0.0,,,,,,,,,,,,,,,,,,,,,,,,,,,,Mini 4 Pro,SYNWVTG3DDT82PDTB,CAMKYGXFHDN5R89XB,RCSPQZENUDJD8RYAB,BATRY5D6WDL5UJGGB,,,,,,,,Mini 4 Pro,SYNWVTG3DDT82PDTB,,,,DJI Fly,,1.13.5,FA0D8399-5CAA-5A62-9DCE-C43B0D4839B2,,,,,,,,,,
1773873394,3m 34.0s,214.0,52.41540475,-2.57877729,0.0,111.5,0.0,180.0,1003.7,0.000,8.948,0.000,,0.000,,-0.000,,0.20,0.10,191.3,191.3,,LAND,,,18,4,TRUE,,Mini 4 Pro,,,,,,TRUE,TRUE,,,,,,,,,,,,,,,,,,,,,,,,,,,,,,,,,,,,,,,,,,,,,,,,7.0,,,,6.909,,,,,,,4.584,,,,,,,,,,,,,,,,,,,,,,,,,,,,,,,,52.41540475,-2.57877729,0.0,,,,,,,,,,,,,,,,,,,,,,,,,,,,Mini 4 Pro,SYNWVTG3DDT82PDTB,CAMKYGXFHDN5R89XB,RCSPQZENUDJD8RYAB,BATRY5D6WDL5UJGGB,,,,,,,,Mini 4 Pro,SYNWVTG3DDT82PDTB,,,,DJI Fly,,1.13.5,FA0D8399-5CAA-5A62-9DCE-C43B0D4839B2,,,,,,,,,,
1773873395,3m 35.0s,215.0,52.41540475,-2.57877729,0.0,111.5,0.0,180.0,1003.7,0.000,8.948,0.000,,0.000,,-0.000,,0.20,0.10,191.3,191.3,,LAND,,,18,4,TRUE,,Mini 4 Pro,,,,,,TRUE,TRUE,,,,,,,,,,,,,,,,,,,,,,,,,,,,,,,,,,,,,,,,,,,,,,,,7.0,,,,6.909,,,,,,,4.584,,,,,,,,,,,,,,,,,,,,,,,,,,,,,,,,52.41540475,-2.57877729,0.0,,,,,,,,,,,,,,,,,,,,,,,,,,,,Mini 4 Pro,SYNWVTG3DDT82PDTB,CAMKYGXFHDN5R89XB,RCSPQZENUDJD8RYAB,BATRY5D6WDL5UJGGB,,,,,,,,Mini 4 Pro,SYNWVTG3DDT82PDTB,,,,DJI Fly,,1.13.5,FA0D8399-5CAA-5A62-9DCE-C43B0D4839B2,,,,,,,,,,
1773873396,3m 36.0s,216.0,52.41540475,-2.57877729,0.0,111.5,0.0,180.0,1003.7,0.000,8.948,0.000,,0.000,,-0.000,,0.20,0.10,191.3,191.3,,LAND,,,18,4,TRUE,,Mini 4 Pro,,,,,,TRUE,TRUE,,,,,,,,,,,,,,,,,,,,,,,,,,,,,,,,,,,,,,,,,,,,,,,,7.0,,,,6.909,,,,,,,4.584,,,,,,,,,,,,,,,,,,,,,,,,,,,,,,,,52.41540475,-2.57877729,0.0,,,,,,,,,,,,,,,,,,,,,,,,,,,,Mini 4 Pro,SYNWVTG3DDT82PDTB,CAMKYGXFHDN5R89XB,RCSPQZENUDJD8RYAB,BATRY5D6WDL5UJGGB,,,,,,,,Mini 4 Pro,SYNWVTG3DDT82PDTB,,,,DJI Fly,,1.13.5,FA0D8399-5CAA-5A62-9DCE-C43B0D4839B2,,,,,,,,,,
1773873397,3m 37.0s,217.0,52.41540475,-2.57877729,0.0,111.5,0.0,180.0,1003.7,0.000,8.948,0.000,,0.000,,-0.000,,0.20,0.10,191.3,191.3,,LAND,,,18,4,TRUE,,Mini 4 Pro,,,,,,TRUE,TRUE,,,,,,,,,,,,,,,,,,,,,,,,,,,,,,,,,,,,,,,,,,,,,,,,7.0,,,,6.909,,,,,,,4.584,,,,,,,,,,,,,,,,,,,,,,,,,,,,,,,,52.41540475,-2.57877729,0.0,,,,,,,,,,,,,,,,,,,,,,,,,,,,Mini 4 Pro,SYNWVTG3DDT82PDTB,CAMKYGXFHDN5R89XB,RCSPQZENUDJD8RYAB,BATRY5D6WDL5UJGGB,,,,,,,,Mini 4 Pro,SYNWVTG3DDT82PDTB,,,,DJI Fly,,1.13.5,FA0D8399-5CAA-5A62-9DCE-C43B0D4839B2,,,,,,,,,,
