timestamps,OSD.flyTime,OSD.flyTime [s],OSD.latitude,OSD.longitude,OSD.height [ft],OSD.heightMax [ft],OSD.vpsHeight [ft],OSD.altitude [ft],OSD.mileage [ft],OSD.hSpeed [MPH],OSD.hSpeedMax [MPH],OSD.xSpeed [MPH],OSD.xSpeedMax [MPH],OSD.ySpeed [MPH],OSD.ySpeedMax [MPH],OSD.zSpeed [MPH],OSD.zSpeedMax [MPH],OSD.pitch,OSD.roll,OSD.yaw,OSD.yaw [360],OSD.directionOfTravel,OSD.flycState,OSD.flycCommand,OSD.flightAction,OSD.gpsNum,OSD.gpsLevel,OSD.isGPSUsed,OSD.nonGPSCause,OSD.droneType,OSD.isSwaveWork,OSD.waveError,OSD.goHomeStatus,OSD.batteryType,OSD.ctrlDevice,OSD.isOnGround,OSD.isMotorOn,OSD.isMotorBlocked,OSD.motorStartFailedCause,OSD.motorFailReason,OSD.isImuPreheated,OSD.imuInitFailReason,OSD.isAcceletorOverRange,OSD.isBarometerDeadInAir,OSD.isCompassError,OSD.isGoHomeHeightModified,OSD.canIOCWork,OSD.isNotEnoughForce,OSD.isOutOfLimit,OSD.isPropellerCatapult,OSD.isVibrating,OSD.isVisionUsed,OSD.voltageWarning,GIMBAL.mode,GIMBAL.pitch,GIMBAL.roll,GIMBAL.yaw,GIMBAL.yaw [360],GIMBAL.isPitchAtLimit,GIMBAL.isRollAtLimit,GIMBAL.isYawAtLimit,GIMBAL.isStuck,CAMERA.isPhoto,CAMERA.isVideo,CAMERA.filename,CAMERA.sdCardIsInserted,CAMERA.sdCardState,RC.downlinkSignal,RC.uplinkSignal,RC.aileron,RC.elevator,RC.throttle,RC.rudder,RC.mode,RC.goHomeDepressed,RC.recordDepressed,RC.shutterDepressed,RC.playbackDepressed,RC.wheelDepressed,RC.wheelOffset,RC.custom1Depressed,RC.custom2Depressed,RC.custom3Depressed,RC.custom4Depressed,BATTERY.chargeLevel,BATTERY.currentPV [V],BATTERY.currentCapacity [mAh],BATTERY.fullCapacity [mAh],BATTERY.voltage [V],BATTERY.isCellVoltageEstimated,BATTERY.cellVoltage1 [V],BATTERY.cellVoltage2 [V],BATTERY.maxCellVoltageDeviation,BATTERY.isCellVoltageDeviationHigh,BATTERY.isVoltageLow,BATTERY.current [A],BATTERY.temperature [F],BATTERY.minTemperature [F],BATTERY.maxTemperature [F],BATTERY.usefulTime [s],BATTERY.goHomeTime [s],BATTERY.landTime [s],BATTERY.goHomeBattery,BATTERY.landBattery,BATTERY.safeFlyRadius,BATTERY.volumeConsume,BATTERY.status,BATTERY.goHomeStatus,BATTERY.goHomeCountdown,BATTERY.lowWarning,BATTERY.lowWarningGoHome,BATTERY.seriousLowWarning,BATTERY.seriousLowWarningLanding,BATTERY.timesCharged,MC.failSafeAction,MC.isObstacleAvoidanceEnabled,MC.isCollisionAvoidanceEnabled,MC.isRthObstacleAvoidanceEnabled,MC.isBraking,MC.isAvoidingObstacle,MC.isAvoidingActiveObstacle,MC.isAscentLimitedByObstacle,MC.isLandingConfirmationNeeded,MC.atLowAltitudeLimit,MC.atDistanceLimit,MC.atAirportAltitudeLimit,MC.atAirportBoundary,HOME.latitude,HOME.longitude,HOME.distance [ft],HOME.height [ft],HOME.heightLimit [ft],HOME.isHomeRecord,HOME.goHomeMode,HOME.aircraftHeadDirection,HOME.isDynamicHomePointEnabled,HOME.isReachedLimitDistance,HOME.isReachedLimitHeight,HOME.isCompassCalibrating,HOME.compassCalibrationState,HOME.isMultipleFlightModeEnabled,HOME.isBeginnerMode,HOME.isIOCEnabled,HOME.iocMode,HOME.goHomeHeight [ft],HOME.courseLockAngle,HOME.forceLandingHeight [ft],HOME.dataRecorderFileIndex,WEATHER.windDirection,WEATHER.windRelativeDirection,WEATHER.windSpeed [MPH],WEATHER.maxWindSpeed [MPH],WEATHER.windStrength,WEATHER.isFacingWind,WEATHER.isFlyingIntoWind,RECOVER.appType,RECOVER.appVersion,RECOVER.aircraftName,RECOVER.aircraftSerial,RECOVER.cameraSerial,RECOVER.rcSerial,RECOVER.batterySerial,DETAILS.totalTime [s],DETAILS.totalDistance [ft],DETAILS.maxHeight [ft],DETAILS.maxHorizontalSpeed [MPH],DETAILS.maxVerticalSpeed [MPH],DETAILS.photoNum,DETAILS.videoTime [s],DETAILS.aircraftName,DETAILS.aircraftSerial,DETAILS.cameraSerial,DETAILS.rcSerial,DETAILS.batterySerial,DETAILS.appName,DETAILS.appType,DETAILS.appVersion,DETAILS.guid,SERIAL.flightController,SERIAL.camera,SERIAL.gimbal,SERIAL.rc,SERIAL.battery,APPGPS.latitude,APPGPS.longitude,APPGPS.accuracy,APP.tip,APP.warning
1773827280,0m 0.0s,0.0,51.18240000,-1.82270000,0.0,0.0,0.0,180.0,0.0,0.000,0.000,0.000,,0.000,,-0.000,,0.20,0.10,45.0,45.0,,Starting Motors,,,18,4,TRUE,,Mini 4 Pro,,,,,,TRUE,TRUE,,,,,,,,,,,,,,,,,,,,,,,,,,,,,,,,,,,,,,,,,,,,,,,,88.0,,,,8.164,,,,,,,1.100,,,,,,,,,,,,,,,,,,,,,,,,,,,,,,,,51.18240000,-1.82270000,0.0,,,,,,,,,,,,,,,,,,,,,,,,,,,,Mini 4 Pro,SYNMZ33A9BQ4SU4PD,CAMA4QJPCCFZHDZSF,RCSE5U657CBY5ZBRB,BATG4DZDSCDZL63CD,,,,,,,,Mini 4 Pro,SYNMZ33A9BQ4SU4PD,,,,DJI Fly,,1.13.5,466048C3-8E61-5950-9405-6158B9C4AA69,,,,,,,,,,
1773827281,0m 1.0s,1.0,51.18240000,-1.82270000,0.0,0.0,0.0,180.0,0.0,0.000,0.000,0.000,,0.000,,-0.000,,0.20,0.10,45.0,45.0,,Starting Motors,,,18,4,TRUE,,Mini 4 Pro,,,,,,TRUE,TRUE,,,,,,,,,,,,,,,,,,,,,,,,,,,,,,,,,,,,,,,,,,,,,,,,88.0,,,,8.164,,,,,,,1.100,,,,,,,,,,,,,,,,,,,,,,,,,,,,,,,,51.18240000,-1.82270000,0.0,,,,,,,,,,,,,,,,,,,,,,,,,,,,Mini 4 Pro,SYNMZ33A9BQ4SU4PD,CAMA4QJPCCFZHDZSF,RCSE5U657CBY5ZBRB,BATG4DZDSCDZL63CD,,,,,,,,Mini 4 Pro,SYNMZ33A9BQ4SU4PD,,,,DJI Fly,,1.13.5,466048C3-8E61-5950-9405-6158B9C4AA69,,,,,,,,,,
1773827282,0m 2.0s,2.0,51.18240000,-1.82270000,0.0,0.0,0.0,180.0,0.0,0.000,0.000,0.000,,0.000,,-0.000,,0.20,0.10,45.0,45.0,,Starting Motors,,,18,4,TRUE,,Mini 4 Pro,,,,,,TRUE,TRUE,,,,,,,,,,,,,,,,,,,,,,,,,,,,,,,,,,,,,,,,,,,,,,,,88.0,,,,8.164,,,,,,,1.100,,,,,,,,,,,,,,,,,,,,,,,,,,,,,,,,51.18240000,-1.82270000,0.0,,,,,,,,,,,,,,,,,,,,,,,,,,,,Mini 4 Pro,SYNMZ33A9BQ4SU4PD,CAMA4QJPCCFZHDZSF,RCSE5U657CBY5ZBRB,BATG4DZDSCDZL63CD,,,,,,,,Mini 4 Pro,SYNMZ33A9BQ4SU4PD,,,,DJI Fly,,1.13.5,466048C3-8E61-5950-9405-6158B9C4AA69,,,,,,,,,,
1773827283,0m 3.0s,3.0,51.18240000,-1.82270000,0.0,0.0,0.0,180.0,0.0,0.000,0.000,0.000,,0.000,,-0.000,,0.20,0.10,45.0,45.0,,Starting Motors,,,18,4,TRUE,,Mini 4 Pro,,,,,,TRUE,TRUE,,,,,,,,,,,,,,,,,,,,,,,,,,,,,,,,,,,,,,,,,,,,,,,,88.0,,,,8.164,,,,,,,1.100,,,,,,,,,,,,,,,,,,,,,,,,,,,,,,,,51.18240000,-1.82270000,0.0,,,,,,,,,,,,,,,,,,,,,,,,,,,,Mini 4 Pro,SYNMZ33A9BQ4SU4PD,CAMA4QJPCCFZHDZSF,RCSE5U657CBY5ZBRB,BATG4DZDSCDZL63CD,,,,,,,,Mini 4 Pro,SYNMZ33A9BQ4SU4PD,,,,DJI Fly,,1.13.5,466048C3-8E61-5950-9405-6158B9C4AA69,,,,,,,,,,
1773827284,0m 4.0s,4.0,51.18240000,-1.82270000,0.0,0.0,0.0,180.0,0.0,0.000,0.000,0.000,,0.000,,-0.000,,0.20,0.10,45.0,45.0,,Starting Motors,,,18,4,TRUE,,Mini 4 Pro,,,,,,TRUE,TRUE,,,,,,,,,,,,,,,,,,,,,,,,,,,,,,,,,,,,,,,,,,,,,,,,88.0,,,,8.164,,,,,,,1.100,,,,,,,,,,,,,,,,,,,,,,,,,,,,,,,,51.18240000,-1.82270000,0.0,,,,,,,,,,,,,,,,,,,,,,,,,,,,Mini 4 Pro,SYNMZ33A9BQ4SU4PD,CAMA4QJPCCFZHDZSF,RCSE5U657CBY5ZBRB,BATG4DZDSCDZL63CD,,,,,,,,Mini 4 Pro,SYNMZ33A9BQ4SU4PD,,,,DJI Fly,,1.13.5,466048C3-8E61-5950-9405-6158B9C4AA69,,,,,,,,,,
1773827285,0m 5.0s,5.0,51.18240000,-1.82270000,0.0,0.0,0.0,180.0,0.0,0.000,0.000,0.000,,0.000,,-0.000,,0.20,0.10,45.0,45.0,,Starting Motors,,,18,4,TRUE,,Mini 4 Pro,,,,,,TRUE,TRUE,,,,,,,,,,,,,,,,,,,,,,,,,,,,,,,,,,,,,,,,,,,,,,,,88.0,,,,8.163,,,,,,,1.100,,,,,,,,,,,,,,,,,,,,,,,,,,,,,,,,51.18240000,-1.82270000,0.0,,,,,,,,,,,,,,,,,,,,,,,,,,,,Mini 4 Pro,SYNMZ33A9BQ4SU4PD,CAMA4QJPCCFZHDZSF,RCSE5U657CBY5ZBRB,BATG4DZDSCDZL63CD,,,,,,,,Mini 4 Pro,SYNMZ33A9BQ4SU4PD,,,,DJI Fly,,1.13.5,466048C3-8E61-5950-9405-6158B9C4AA69,,,,,,,,,,
1773827286,0m 6.0s,6.0,51.18240000,-1.82270000,0.0,0.0,0.0,180.0,0.0,0.000,0.000,0.000,,0.000,,-0.000,,0.20,0.10,45.0,45.0,,Starting Motors,,,18,4,TRUE,,Mini 4 Pro,,,,,,TRUE,TRUE,,,,,,,,,,,,,,,,,,,,,,,,,,,,,,,,,,,,,,,,,,,,,,,,88.0,,,,8.163,,,,,,,1.100,,,,,,,,,,,,,,,,,,,,,,,,,,,,,,,,51.18240000,-1.82270000,0.0,,,,,,,,,,,,,,,,,,,,,,,,,,,,Mini 4 Pro,SYNMZ33A9BQ4SU4PD,CAMA4QJPCCFZHDZSF,RCSE5U657CBY5ZBRB,BATG4DZDSCDZL63CD,,,,,,,,Mini 4 Pro,SYNMZ33A9BQ4SU4PD,,,,DJI Fly,,1.13.5,466048C3-8E61-5950-9405-6158B9C4AA69,,,,,,,,,,
1773827287,0m 7.0s,7.0,51.18240000,-1.82270000,0.0,0.0,0.0,180.0,0.0,0.000,0.000,0.000,,0.000,,-0.000,,0.20,0.10,45.0,45.0,,Starting Motors,,,18,4,TRUE,,Mini 4 Pro,,,,,,TRUE,TRUE,,,,,,,,,,,,,,,,,,,,,,,,,,,,,,,,,,,,,,,,,,,,,,,,88.0,,,,8.163,,,,,,,1.100,,,,,,,,,,,,,,,,,,,,,,,,,,,,,,,,51.18240000,-1.82270000,0.0,,,,,,,,,,,,,,,,,,,,,,,,,,,,Mini 4 Pro,SYNMZ33A9BQ4SU4PD,CAMA4QJPCCFZHDZSF,RCSE5U657CBY5ZBRB,BATG4DZDSCDZL63CD,,,,,,,,Mini 4 Pro,SYNMZ33A9BQ4SU4PD,,,,DJI Fly,,1.13.5,466048C3-8E61-5950-9405-6158B9C4AA69,,,,,,,,,,
1773827288,0m 8.0s,8.0,51.18240000,-1.82270000,7.9,7.9,7.9,187.9,0.0,0.000,0.000,0.000,,0.000,,-5.369,,9.60,0.00,45.0,45.0,,Auto Takeoff,,,18,4,TRUE,,Mini 4 Pro,,,,,,FALSE,TRUE,,,,,,,,,,,,,,,,,,,,,,,,,,,,,,,,,,,,,,,,,,,,,,,,87.9,,,,8.163,,,,,,,12.276,,,,,,,,,,,,,,,,,,,,,,,,,,,,,,,,51.18240000,-1.82270000,0.0,,,,,,,,,,,,,,,,,,,,,,,,,,,,Mini 4 Pro,SYNMZ33A9BQ4SU4PD,CAMA4QJPCCFZHDZSF,RCSE5U657CBY5ZBRB,BATG4DZDSCDZL63CD,,,,,,,,Mini 4 Pro,SYNMZ33A9BQ4SU4PD,,,,DJI Fly,,1.13.5,466048C3-8E61-5950-9405-6158B9C4AA69,,,,,,,,,,
1773827289,0m 9.0s,9.0,51.18240000,-1.82270000,15.7,15.7,15.7,195.7,0.0,0.000,0.000,0.000,,0.000,,-5.369,,9.60,0.00,45.0,45.0,,Auto Takeoff,,,18,4,TRUE,,Mini 4 Pro,,,,,,FALSE,TRUE,,,,,,,,,,,,,,,,,,,,,,,,,,,,,,,,,,,,,,,,,,,,,,,,87.9,,,,8.163,,,,,,,12.276,,,,,,,,,,,,,,,,,,,,,,,,,,,,,,,,51.18240000,-1.82270000,0.0,,,,,,,,,,,,,,,,,,,,,,,,,,,,Mini 4 Pro,SYNMZ33A9BQ4SU4PD,CAMA4QJPCCFZHDZSF,RCSE5U657CBY5ZBRB,BATG4DZDSCDZL63CD,,,,,,,,Mini 4 Pro,SYNMZ33A9BQ4SU4PD,,,,DJI Fly,,1.13.5,466048C3-8E61-5950-9405-6158B9C4AA69,,,,,,,,,,
1773827290,0m 10.0s,10.0,51.18240000,-1.82270000,23.6,23.6,23.6,203.6,0.0,0.000,0.000,0.000,,0.000,,-5.369,,9.60,0.00,45.0,45.0,,Auto Takeoff,,,18,4,TRUE,,Mini 4 Pro,,,,,,FALSE,TRUE,,,,,,,,,,,,,,,,,,,,,,,,,,,,,,,,,,,,,,,,,,,,,,,,87.9,,,,8.163,,,,,,,12.276,,,,,,,,,,,,,,,,,,,,,,,,,,,,,,,,51.18240000,-1.82270000,0.0,,,,,,,,,,,,,,,,,,,,,,,,,,,,Mini 4 Pro,SYNMZ33A9BQ4SU4PD,CAMA4QJPCCFZHDZSF,RCSE5U657CBY5ZBRB,BATG4DZDSCDZL63CD,,,,,,,,Mini 4 Pro,SYNMZ33A9BQ4SU4PD,,,,DJI Fly,,1.13.5,466048C3-8E61-5950-9405-6158B9C4AA69,,,,,,,,,,
1773827291,0m 11.0s,11.0,51.18240000,-1.82270000,31.5,31.5,30.0,211.5,0.0,0.000,0.000,0.000,,0.000,,-5.369,,9.60,0.00,45.0,45.0,,Auto Takeoff,,,18,4,TRUE,,Mini 4 Pro,,,,,,FALSE,TRUE,,,,,,,,,,,,,,,,,,,,,,,,,,,,,,,,,,,,,,,,,,,,,,,,87.9,,,,8.162,,,,,,,12.276,,,,,,,,,,,,,,,,,,,,,,,,,,,,,,,,51.18240000,-1.82270000,0.0,,,,,,,,,,,,,,,,,,,,,,,,,,,,Mini 4 Pro,SYNMZ33A9BQ4SU4PD,CAMA4QJPCCFZHDZSF,RCSE5U657CBY5ZBRB,BATG4DZDSCDZL63CD,,,,,,,,Mini 4 Pro,SYNMZ33A9BQ4SU4PD,,,,DJI Fly,,1.13.5,466048C3-8E61-5950-9405-6158B9C4AA69,,,,,,,,,,
1773827292,0m 12.0s,12.0,51.18240000,-1.82270000,39.4,39.4,30.0,219.4,0.0,0.000,0.000,0.000,,0.000,,-5.369,,9.60,0.00,45.0,45.0,,Auto Takeoff,,,18,4,TRUE,,Mini 4 Pro,,,,,,FALSE,TRUE,,,,,,,,,,,,,,,,,,,,,,,,,,,,,,,,,,,,,,,,,,,,,,,,87.9,,,,8.162,,,,,,,12.276,,,,,,,,,,,,,,,,,,,,,,,,,,,,,,,,51.18240000,-1.82270000,0.0,,,,,,,,,,,,,,,,,,,,,,,,,,,,Mini 4 Pro,SYNMZ33A9BQ4SU4PD,CAMA4QJPCCFZHDZSF,RCSE5U657CBY5ZBRB,BATG4DZDSCDZL63CD,,,,,,,,Mini 4 Pro,SYNMZ33A9BQ4SU4PD,,,,DJI Fly,,1.13.5,466048C3-8E61-5950-9405-6158B9C4AA69,,,,,,,,,,
1773827293,0m 13.0s,13.0,51.18240000,-1.82270000,47.2,47.2,30.0,227.2,0.0,0.000,0.000,0.000,,0.000,,-5.369,,9.60,0.00,45.0,45.0,,Auto Takeoff,,,18,4,TRUE,,Mini 4 Pro,,,,,,FALSE,TRUE,,,,,,,,,,,,,,,,,,,,,,,,,,,,,,,,,,,,,,,,,,,,,,,,87.9,,,,8.162,,,,,,,12.276,,,,,,,,,,,,,,,,,,,,,,,,,,,,,,,,51.18240000,-1.82270000,0.0,,,,,,,,,,,,,,,,,,,,,,,,,,,,Mini 4 Pro,SYNMZ33A9BQ4SU4PD,CAMA4QJPCCFZHDZSF,RCSE5U657CBY5ZBRB,BATG4DZDSCDZL63CD,,,,,,,,Mini 4 Pro,SYNMZ33A9BQ4SU4PD,,,,DJI Fly,,1.13.5,466048C3-8E61-5950-9405-6158B9C4AA69,,,,,,,,,,
1773827294,0m 14.0s,14.0,51.18240000,-1.82270000,55.1,55.1,30.0,235.1,0.0,0.000,0.000,0.000,,0.000,,-5.369,,9.60,0.00,45.0,45.0,,Auto Takeoff,,,18,4,TRUE,,Mini 4 Pro,,,,,,FALSE,TRUE,,,,,,,,,,,,,,,,,,,,,,,,,,,,,,,,,,,,,,,,,,,,,,,,87.9,,,,8.162,,,,,,,12.276,,,,,,,,,,,,,,,,,,,,,,,,,,,,,,,,51.18240000,-1.82270000,0.0,,,,,,,,,,,,,,,,,,,,,,,,,,,,Mini 4 Pro,SYNMZ33A9BQ4SU4PD,CAMA4QJPCCFZHDZSF,RCSE5U657CBY5ZBRB,BATG4DZDSCDZL63CD,,,,,,,,Mini 4 Pro,SYNMZ33A9BQ4SU4PD,,,,DJI Fly,,1.13.5,466048C3-8E61-5950-9405-6158B9C4AA69,,,,,,,,,,
1773827295,0m 15.0s,15.0,51.18240000,-1.82270000,63.0,63.0,30.0,243.0,0.0,0.000,0.000,0.000,,0.000,,-5.369,,9.60,0.00,45.0,45.0,,Auto Takeoff,,,18,4,TRUE,,Mini 4 Pro,,,,,,FALSE,TRUE,,,,,,,,,,,,,,,,,,,,,,,,,,,,,,,,,,,,,,,,,,,,,,,,87.8,,,,8.161,,,,,,,12.276,,,,,,,,,,,,,,,,,,,,,,,,,,,,,,,,51.18240000,-1.82270000,0.0,,,,,,,,,,,,,,,,,,,,,,,,,,,,Mini 4 Pro,SYNMZ33A9BQ4SU4PD,CAMA4QJPCCFZHDZSF,RCSE5U657CBY5ZBRB,BATG4DZDSCDZL63CD,,,,,,,,Mini 4 Pro,SYNMZ33A9BQ4SU4PD,,,,DJI Fly,,1.13.5,466048C3-8E61-5950-9405-6158B9C4AA69,,,,,,,,,,
1773827296,0m 16.0s,16.0,51.18240000,-1.82270000,70.9,70.9,30.0,250.9,0.0,0.000,0.000,0.000,,0.000,,-5.369,,9.60,0.00,45.0,45.0,,Auto Takeoff,,,18,4,TRUE,,Mini 4 Pro,,,,,,FALSE,TRUE,,,,,,,,,,,,,,,,,,,,,,,,,,,,,,,,,,,,,,,,,,,,,,,,87.8,,,,8.161,,,,,,,12.276,,,,,,,,,,,,,,,,,,,,,,,,,,,,,,,,51.18240000,-1.82270000,0.0,,,,,,,,,,,,,,,,,,,,,,,,,,,,Mini 4 Pro,SYNMZ33A9BQ4SU4PD,CAMA4QJPCCFZHDZSF,RCSE5U657CBY5ZBRB,BATG4DZDSCDZL63CD,,,,,,,,Mini 4 Pro,SYNMZ33A9BQ4SU4PD,,,,DJI Fly,,1.13.5,466048C3-8E61-5950-9405-6158B9C4AA69,,,,,,,,,,
1773827297,0m 17.0s,17.0,51.18240000,-1.82270000,78.7,78.7,30.0,258.7,0.0,0.000,0.000,0.000,,0.000,,-5.369,,9.60,0.00,45.0,45.0,,Auto Takeoff,,,18,4,TRUE,,Mini 4 Pro,,,,,,FALSE,TRUE,,,,,,,,,,,,,,,,,,,,,,,,,,,,,,,,,,,,,,,,,,,,,,,,87.8,,,,8.161,,,,,,,12.276,,,,,,,,,,,,,,,,,,,,,,,,,,,,,,,,51.18240000,-1.82270000,0.0,,,,,,,,,,,,,,,,,,,,,,,,,,,,Mini 4 Pro,SYNMZ33A9BQ4SU4PD,CAMA4QJPCCFZHDZSF,RCSE5U657CBY5ZBRB,BATG4DZDSCDZL63CD,,,,,,,,Mini 4 Pro,SYNMZ33A9BQ4SU4PD,,,,DJI Fly,,1.13.5,466048C3-8E61-5950-9405-6158B9C4AA69,,,,,,,,,,
1773827298,0m 18.0s,18.0,51.18240000,-1.82270000,86.6,86.6,30.0,266.6,0.0,0.000,0.000,0.000,,0.000,,-5.369,,9.60,0.00,45.0,45.0,,Auto Takeoff,,,18,4,TRUE,,Mini 4 Pro,,,,,,FALSE,TRUE,,,,,,,,,,,,,,,,,,,,,,,,,,,,,,,,,,,,,,,,,,,,,,,,87.8,,,,8.161,,,,,,,12.276,,,,,,,,,,,,,,,,,,,,,,,,,,,,,,,,51.18240000,-1.82270000,0.0,,,,,,,,,,,,,,,,,,,,,,,,,,,,Mini 4 Pro,SYNMZ33A9BQ4SU4PD,CAMA4QJPCCFZHDZSF,RCSE5U657CBY5ZBRB,BATG4DZDSCDZL63CD,,,,,,,,Mini 4 Pro,SYNMZ33A9BQ4SU4PD,,,,DJI Fly,,1.13.5,466048C3-8E61-5950-9405-6158B9C4AA69,,,,,,,,,,
1773827299,0m 19.0s,19.0,51.18240000,-1.82270000,94.5,94.5,30.0,274.5,0.0,0.000,0.000,0.000,,0.000,,-5.369,,9.60,0.00,45.0,45.0,,Auto Takeoff,,,18,4,TRUE,,Mini 4 Pro,,,,,,FALSE,TRUE,,,,,,,,,,,,,,,,,,,,,,,,,,,,,,,,,,,,,,,,,,,,,,,,87.8,,,,8.161,,,,,,,12.276,,,,,,,,,,,,,,,,,,,,,,,,,,,,,,,,51.18240000,-1.82270000,0.0,,,,,,,,,,,,,,,,,,,,,,,,,,,,Mini 4 Pro,SYNMZ33A9BQ4SU4PD,CAMA4QJPCCFZHDZSF,RCSE5U657CBY5ZBRB,BATG4DZDSCDZL63CD,,,,,,,,Mini 4 Pro,SYNMZ33A9BQ4SU4PD,,,,DJI Fly,,1.13.5,466048C3-8E61-5950-9405-6158B9C4AA69,,,,,,,,,,
1773827300,0m 20.0s,20.0,51.18240000,-1.82270000,102.4,102.4,30.0,282.4,0.0,0.000,0.000,0.000,,0.000,,-5.369,,9.60,0.00,45.0,45.0,,Auto Takeoff,,,18,4,TRUE,,Mini 4 Pro,,,,,,FALSE,TRUE,,,,,,,,,,,,,,,,,,,,,,,,,,,,,,,,,,,,,,,,,,,,,,,,87.8,,,,8.160,,,,,,,12.276,,,,,,,,,,,,,,,,,,,,,,,,,,,,,,,,51.18240000,-1.82270000,0.0,,,,,,,,,,,,,,,,,,,,,,,,,,,,Mini 4 Pro,SYNMZ33A9BQ4SU4PD,CAMA4QJPCCFZHDZSF,RCSE5U657CBY5ZBRB,BATG4DZDSCDZL63CD,,,,,,,,Mini 4 Pro,SYNMZ33A9BQ4SU4PD,,,,DJI Fly,,1.13.5,466048C3-8E61-5950-9405-6158B9C4AA69,,,,,,,,,,
1773827301,0m 21.0s,21.0,51.18240000,-1.82270000,110.2,110.2,30.0,290.2,0.0,0.000,0.000,0.000,,0.000,,-5.369,,9.60,0.00,45.0,45.0,,Auto Takeoff,,,18,4,TRUE,,Mini 4 Pro,,,,,,FALSE,TRUE,,,,,,,,,,,,,,,,,,,,,,,,,,,,,,,,,,,,,,,,,,,,,,,,87.7,,,,8.160,,,,,,,12.276,,,,,,,,,,,,,,,,,,,,,,,,,,,,,,,,51.18240000,-1.82270000,0.0,,,,,,,,,,,,,,,,,,,,,,,,,,,,Mini 4 Pro,SYNMZ33A9BQ4SU4PD,CAMA4QJPCCFZHDZSF,RCSE5U657CBY5ZBRB,BATG4DZDSCDZL63CD,,,,,,,,Mini 4 Pro,SYNMZ33A9BQ4SU4PD,,,,DJI Fly,,1.13.5,466048C3-8E61-5950-9405-6158B9C4AA69,,,,,,,,,,
1773827302,0m 22.0s,22.0,51.18240000,-1.82270000,118.1,118.1,30.0,298.1,0.0,0.000,0.000,0.000,,0.000,,-5.369,,9.60,0.00,45.0,45.0,,Auto Takeoff,,,18,4,TRUE,,Mini 4 Pro,,,,,,FALSE,TRUE,,,,,,,,,,,,,,,,,,,,,,,,,,,,,,,,,,,,,,,,,,,,,,,,87.7,,,,8.160,,,,,,,12.276,,,,,,,,,,,,,,,,,,,,,,,,,,,,,,,,51.18240000,-1.82270000,0.0,,,,,,,,,,,,,,,,,,,,,,,,,,,,Mini 4 Pro,SYNMZ33A9BQ4SU4PD,CAMA4QJPCCFZHDZSF,RCSE5U657CBY5ZBRB,BATG4DZDSCDZL63CD,,,,,,,,Mini 4 Pro,SYNMZ33A9BQ4SU4PD,,,,DJI Fly,,1.13.5,466048C3-8E61-5950-9405-6158B9C4AA69,,,,,,,,,,
1773827303,0m 23.0s,23.0,51.18240000,-1.82270000,118.1,118.1,30.0,298.1,0.0,0.000,0.000,0.000,,0.000,,-0.000,,0.00,0.00,45.0,45.0,,Auto Takeoff,,,18,4,TRUE,,Mini 4 Pro,,,,,,FALSE,TRUE,,,,,,,,,,,,,,,,,,,,,,,,,,,,,,,,,,,,,,,,,,,,,,,,87.7,,,,8.160,,,,,,,4.596,,,,,,,,,,,,,,,,,,,,,,,,,,,,,,,,51.18240000,-1.82270000,0.0,,,,,,,,,,,,,,,,,,,,,,,,,,,,Mini 4 Pro,SYNMZ33A9BQ4SU4PD,CAMA4QJPCCFZHDZSF,RCSE5U657CBY5ZBRB,BATG4DZDSCDZL63CD,,,,,,,,Mini 4 Pro,SYNMZ33A9BQ4SU4PD,,,,DJI Fly,,1.13.5,466048C3-8E61-5950-9405-6158B9C4AA69,,,,,,,,,,
1773827304,0m 24.0s,24.0,51.18240000,-1.82270000,118.1,118.1,30.0,298.1,0.0,0.000,0.000,0.000,,0.000,,-0.000,,0.00,0.00,45.0,45.0,,Auto Takeoff,,,18,4,TRUE,,Mini 4 Pro,,,,,,FALSE,TRUE,,,,,,,,,,,,,,,,,,,,,,,,,,,,,,,,,,,,,,,,,,,,,,,,87.7,,,,8.160,,,,,,,4.596,,,,,,,,,,,,,,,,,,,,,,,,,,,,,,,,51.18240000,-1.82270000,0.0,,,,,,,,,,,,,,,,,,,,,,,,,,,,Mini 4 Pro,SYNMZ33A9BQ4SU4PD,CAMA4QJPCCFZHDZSF,RCSE5U657CBY5ZBRB,BATG4DZDSCDZL63CD,,,,,,,,Mini 4 Pro,SYNMZ33A9BQ4SU4PD,,,,DJI Fly,,1.13.5,466048C3-8E61-5950-9405-6158B9C4AA69,,,,,,,,,,
1773827305,0m 25.0s,25.0,51.18240000,-1.82270000,118.1,118.1,30.0,298.1,0.0,0.000,0.000,0.000,,0.000,,-0.000,,0.00,0.00,45.0,45.0,,Auto Takeoff,,,18,4,TRUE,,Mini 4 Pro,,,,,,FALSE,TRUE,,,,,,,,,,,,,,,,,,,,,,,,,,,,,,,,,,,,,,,,,,,,,,,,87.7,,,,8.160,,,,,,,4.596,,,,,,,,,,,,,,,,,,,,,,,,,,,,,,,,51.18240000,-1.82270000,0.0,,,,,,,,,,,,,,,,,,,,,,,,,,,,Mini 4 Pro,SYNMZ33A9BQ4SU4PD,CAMA4QJPCCFZHDZSF,RCSE5U657CBY5ZBRB,BATG4DZDSCDZL63CD,,,,,,,,Mini 4 Pro,SYNMZ33A9BQ4SU4PD,,,,DJI Fly,,1.13.5,466048C3-8E61-5950-9405-6158B9C4AA69,,,,,,,,,,
1773827306,0m 26.0s,26.0,51.18240000,-1.82270000,118.1,118.1,30.0,298.1,0.0,0.000,0.000,0.000,,0.000,,-0.000,,0.00,0.00,45.0,45.0,,Auto Takeoff,,,18,4,TRUE,,Mini 4 Pro,,,,,,FALSE,TRUE,,,,,,,,,,,,,,,,,,,,,,,,,,,,,,,,,,,,,,,,,,,,,,,,87.7,,,,8.159,,,,,,,4.596,,,,,,,,,,,,,,,,,,,,,,,,,,,,,,,,51.18240000,-1.82270000,0.0,,,,,,,,,,,,,,,,,,,,,,,,,,,,Mini 4 Pro,SYNMZ33A9BQ4SU4PD,CAMA4QJPCCFZHDZSF,RCSE5U657CBY5ZBRB,BATG4DZDSCDZL63CD,,,,,,,,Mini 4 Pro,SYNMZ33A9BQ4SU4PD,,,,DJI Fly,,1.13.5,466048C3-8E61-5950-9405-6158B9C4AA69,,,,,,,,,,
1773827307,0m 27.0s,27.0,51.18240000,-1.82270000,118.1,118.1,30.0,298.1,0.0,0.000,0.000,0.000,,0.000,,-0.000,,0.00,0.00,45.0,45.0,,Auto Takeoff,,,18,4,TRUE,,Mini 4 Pro,,,,,,FALSE,TRUE,,,,,,,,,,,,,,,,,,,,,,,,,,,,,,,,,,,,,,,,,,,,,,,,87.7,,,,8.159,,,,,,,4.596,,,,,,,,,,,,,,,,,,,,,,,,,,,,,,,,51.18240000,-1.82270000,0.0,,,,,,,,,,,,,,,,,,,,,,,,,,,,Mini 4 Pro,SYNMZ33A9BQ4SU4PD,CAMA4QJPCCFZHDZSF,RCSE5U657CBY5ZBRB,BATG4DZDSCDZL63CD,,,,,,,,Mini 4 Pro,SYNMZ33A9BQ4SU4PD,,,,DJI Fly,,1.13.5,466048C3-8E61-5950-9405-6158B9C4AA69,,,,,,,,,,
1773827308,0m 28.0s,28.0,51.18240000,-1.82270000,118.1,118.1,30.0,298.1,0.0,0.000,0.000,0.000,,0.000,,-0.000,,0.00,0.00,45.0,45.0,,Auto Takeoff,,,18,4,TRUE,,Mini 4 Pro,,,,,,FALSE,TRUE,,,,,,,,,,,,,,,,,,,,,,,,,,,,,,,,,,,,,,,,,,,,,,,,87.7,,,,8.159,,,,,,,4.596,,,,,,,,,,,,,,,,,,,,,,,,,,,,,,,,51.18240000,-1.82270000,0.0,,,,,,,,,,,,,,,,,,,,,,,,,,,,Mini 4 Pro,SYNMZ33A9BQ4SU4PD,CAMA4QJPCCFZHDZSF,RCSE5U657CBY5ZBRB,BATG4DZDSCDZL63CD,,,,,,,,Mini 4 Pro,SYNMZ33A9BQ4SU4PD,,,,DJI Fly,,1.13.5,466048C3-8E61-5950-9405-6158B9C4AA69,,,,,,,,,,
1773827309,0m 29.0s,29.0,51.18240000,-1.82270000,118.1,118.1,30.0,298.1,0.0,0.000,0.000,0.000,,0.000,,-0.000,,0.00,0.00,45.0,45.0,,Auto Takeoff,,,18,4,TRUE,,Mini 4 Pro,,,,,,FALSE,TRUE,,,,,,,,,,,,,,,,,,,,,,,,,,,,,,,,,,,,,,,,,,,,,,,,87.7,,,,8.159,,,,,,,4.596,,,,,,,,,,,,,,,,,,,,,,,,,,,,,,,,51.18240000,-1.82270000,0.0,,,,,,,,,,,,,,,,,,,,,,,,,,,,Mini 4 Pro,SYNMZ33A9BQ4SU4PD,CAMA4QJPCCFZHDZSF,RCSE5U657CBY5ZBRB,BATG4DZDSCDZL63CD,,,,,,,,Mini 4 Pro,SYNMZ33A9BQ4SU4PD,,,,DJI Fly,,1.13.5,466048C3-8E61-5950-9405-6158B9C4AA69,,,,,,,,,,
1773827310,0m 30.0s,30.0,51.18243687,-1.82268693,118.1,118.1,30.0,298.1,13.8,9.395,9.395,9.171,,2.038,,-0.000,,1.47,-25.00,12.5,12.5,,P-GPS,,,18,4,TRUE,,Mini 4 Pro,,,,,,FALSE,TRUE,,,,,,,,,,,,,,,,,,,,,,,,,,,,,,,,,,,,,,,,,,,,,,,,87.7,,,,8.159,,,,,,,6.906,,,,,,,,,,,,,,,,,,,,,,,,,,,,,,,,51.18240000,-1.82270000,13.8,,,,,,,,,,,,,,,,,,,,,,,,,,,,Mini 4 Pro,SYNMZ33A9BQ4SU4PD,CAMA4QJPCCFZHDZSF,RCSE5U657CBY5ZBRB,BATG4DZDSCDZL63CD,,,,,,,,Mini 4 Pro,SYNMZ33A9BQ4SU4PD,,,,DJI Fly,,1.13.5,466048C3-8E61-5950-9405-6158B9C4AA69,,,,,,,,,,
1773827311,0m 31.0s,31.0,51.18247374,-1.82267386,118.1,118.1,30.0,298.1,27.6,9.395,9.395,9.171,,2.038,,-0.000,,1.47,0.00,12.5,12.5,,P-GPS,,,18,4,TRUE,,Mini 4 Pro,,,,,,FALSE,TRUE,,,,,,,,,,,,,,,,,,,,,,,,,,,,,,,,,,,,,,,,,,,,,,,,87.7,,,,8.159,,,,,,,6.906,,,,,,,,,,,,,,,,,,,,,,,,,,,,,,,,51.18240000,-1.82270000,27.6,,,,,,,,,,,,,,,,,,,,,,,,,,,,Mini 4 Pro,SYNMZ33A9BQ4SU4PD,CAMA4QJPCCFZHDZSF,RCSE5U657CBY5ZBRB,BATG4DZDSCDZL63CD,,,,,,,,Mini 4 Pro,SYNMZ33A9BQ4SU4PD,,,,DJI Fly,,1.13.5,466048C3-8E61-5950-9405-6158B9C4AA69,,,,,,,,,,
1773827312,0m 32.0s,32.0,51.18251062,-1.82266079,118.1,118.1,30.0,298.1,41.3,9.395,9.395,9.171,,2.038,,-0.000,,1.47,0.00,12.5,12.5,,P-GPS,,,18,4,TRUE,,Mini 4 Pro,,,,,,FALSE,TRUE,,,,,,,,,,,,,,,,,,,,,,,,,,,,,,,,,,,,,,,,,,,,,,,,87.7,,,,8.159,,,,,,,6.906,,,,,,,,,,,,,,,,,,,,,,,,,,,,,,,,51.18240000,-1.82270000,41.3,,,,,,,,,,,,,,,,,,,,,,,,,,,,Mini 4 Pro,SYNMZ33A9BQ4SU4PD,CAMA4QJPCCFZHDZSF,RCSE5U657CBY5ZBRB,BATG4DZDSCDZL63CD,,,,,,,,Mini 4 Pro,SYNMZ33A9BQ4SU4PD,,,,DJI Fly,,1.13.5,466048C3-8E61-5950-9405-6158B9C4AA69,,,,,,,,,,
1773827313,0m 33.0s,33.0,51.18254749,-1.82264771,118.1,118.1,30.0,298.1,55.1,9.395,9.395,9.171,,2.038,,-0.000,,1.47,0.00,12.5,12.5,,P-GPS,,,18,4,TRUE,,Mini 4 Pro,,,,,,FALSE,TRUE,,,,,,,,,,,,,,,,,,,,,,,,,,,,,,,,,,,,,,,,,,,,,,,,87.7,,,,8.159,,,,,,,6.906,,,,,,,,,,,,,,,,,,,,,,,,,,,,,,,,51.18240000,-1.82270000,55.1,,,,,,,,,,,,,,,,,,,,,,,,,,,,Mini 4 Pro,SYNMZ33A9BQ4SU4PD,CAMA4QJPCCFZHDZSF,RCSE5U657CBY5ZBRB,BATG4DZDSCDZL63CD,,,,,,,,Mini 4 Pro,SYNMZ33A9BQ4SU4PD,,,,DJI Fly,,1.13.5,466048C3-8E61-5950-9405-6158B9C4AA69,,,,,,,,,,
1773827314,0m 34.0s,34.0,51.18258436,-1.82263464,118.1,118.1,30.0,298.1,68.9,9.395,9.395,9.171,,2.038,,-0.000,,1.47,0.00,12.5,12.5,,P-GPS,,,18,4,TRUE,,Mini 4 Pro,,,,,,FALSE,TRUE,,,,,,,,,,,,,,,,,,,,,,,,,,,,,,,,,,,,,,,,,,,,,,,,87.6,,,,8.159,,,,,,,6.906,,,,,,,,,,,,,,,,,,,,,,,,,,,,,,,,51.18240000,-1.82270000,68.9,,,,,,,,,,,,,,,,,,,,,,,,,,,,Mini 4 Pro,SYNMZ33A9BQ4SU4PD,CAMA4QJPCCFZHDZSF,RCSE5U657CBY5ZBRB,BATG4DZDSCDZL63CD,,,,,,,,Mini 4 Pro,SYNMZ33A9BQ4SU4PD,,,,DJI Fly,,1.13.5,466048C3-8E61-5950-9405-6158B9C4AA69,,,,,,,,,,
1773827315,0m 35.0s,35.0,51.18262123,-1.82262157,118.1,118.1,30.0,298.1,82.7,9.395,9.395,9.171,,2.038,,-0.000,,1.47,0.00,12.5,12.5,,P-GPS,,,18,4,TRUE,,Mini 4 Pro,,,,,,FALSE,TRUE,,,,,,,,,,,,,,,,,,,,,,,,,,,,,,,,,,,,,,,,,,,,,,,,87.6,,,,8.158,,,,,,,6.906,,,,,,,,,,,,,,,,,,,,,,,,,,,,,,,,51.18240000,-1.82270000,82.7,,,,,,,,,,,,,,,,,,,,,,,,,,,,Mini 4 Pro,SYNMZ33A9BQ4SU4PD,CAMA4QJPCCFZHDZSF,RCSE5U657CBY5ZBRB,BATG4DZDSCDZL63CD,,,,,,,,Mini 4 Pro,SYNMZ33A9BQ4SU4PD,,,,DJI Fly,,1.13.5,466048C3-8E61-5950-9405-6158B9C4AA69,,,,,,,,,,
1773827316,0m 36.0s,36.0,51.18265810,-1.82260850,118.1,118.1,30.0,298.1,96.5,9.395,9.395,9.171,,2.038,,-0.000,,1.47,0.00,12.5,12.5,,P-GPS,,,18,4,TRUE,,Mini 4 Pro,,,,,,FALSE,TRUE,,,,,,,,,,,,,,,,,,,,,,,,,,,,,,,,,,,,,,,,,,,,,,,,87.6,,,,8.158,,,,,,,6.906,,,,,,,,,,,,,,,,,,,,,,,,,,,,,,,,51.18240000,-1.82270000,96.5,,,,,,,,,,,,,,,,,,,,,,,,,,,,Mini 4 Pro,SYNMZ33A9BQ4SU4PD,CAMA4QJPCCFZHDZSF,RCSE5U657CBY5ZBRB,BATG4DZDSCDZL63CD,,,,,,,,Mini 4 Pro,SYNMZ33A9BQ4SU4PD,,,,DJI Fly,,1.13.5,466048C3-8E61-5950-9405-6158B9C4AA69,,,,,,,,,,
1773827317,0m 37.0s,37.0,51.18269498,-1.82259543,118.1,118.1,30.0,298.1,110.2,9.395,9.395,9.171,,2.038,,-0.000,,1.47,0.00,12.5,12.5,,P-GPS,,,18,4,TRUE,,Mini 4 Pro,,,,,,FALSE,TRUE,,,,,,,,,,,,,,,,,,,,,,,,,,,,,,,,,,,,,,,,,,,,,,,,87.6,,,,8.158,,,,,,,6.906,,,,,,,,,,,,,,,,,,,,,,,,,,,,,,,,51.18240000,-1.82270000,110.2,,,,,,,,,,,,,,,,,,,,,,,,,,,,Mini 4 Pro,SYNMZ33A9BQ4SU4PD,CAMA4QJPCCFZHDZSF,RCSE5U657CBY5ZBRB,BATG4DZDSCDZL63CD,,,,,,,,Mini 4 Pro,SYNMZ33A9BQ4SU4PD,,,,DJI Fly,,1.13.5,466048C3-8E61-5950-9405-6158B9C4AA69,,,,,,,,,,
1773827318,0m 38.0s,38.0,51.18273185,-1.82258236,118.1,118.1,30.0,298.1,124.0,9.395,9.395,9.171,,2.038,,-0.000,,1.47,0.00,12.5,12.5,,P-GPS,,,18,4,TRUE,,Mini 4 Pro,,,,,,FALSE,TRUE,,,,,,,,,,,,,,,,,,,,,,,,,,,,,,,,,,,,,,,,,,,,,,,,87.6,,,,8.158,,,,,,,6.906,,,,,,,,,,,,,,,,,,,,,,,,,,,,,,,,51.18240000,-1.82270000,124.0,,,,,,,,,,,,,,,,,,,,,,,,,,,,Mini 4 Pro,SYNMZ33A9BQ4SU4PD,CAMA4QJPCCFZHDZSF,RCSE5U657CBY5ZBRB,BATG4DZDSCDZL63CD,,,,,,,,Mini 4 Pro,SYNMZ33A9BQ4SU4PD,,,,DJI Fly,,1.13.5,466048C3-8E61-5950-9405-6158B9C4AA69,,,,,,,,,,
1773827319,0m 39.0s,39.0,51.18276872,-1.82256928,118.1,118.1,30.0,298.1,137.8,9.395,9.395,9.171,,2.038,,-0.000,,1.47,0.00,12.5,12.5,,P-GPS,,,18,4,TRUE,,Mini 4 Pro,,,,,,FALSE,TRUE,,,,,,,,,,,,,,,,,,,,,,,,,,,,,,,,,,,,,,,,,,,,,,,,87.6,,,,8.158,,,,,,,6.906,,,,,,,,,,,,,,,,,,,,,,,,,,,,,,,,51.18240000,-1.82270000,137.8,,,,,,,,,,,,,,,,,,,,,,,,,,,,Mini 4 Pro,SYNMZ33A9BQ4SU4PD,CAMA4QJPCCFZHDZSF,RCSE5U657CBY5ZBRB,BATG4DZDSCDZL63CD,,,,,,,,Mini 4 Pro,SYNMZ33A9BQ4SU4PD,,,,DJI Fly,,1.13.5,466048C3-8E61-5950-9405-6158B9C4AA69,,,,,,,,,,
1773827320,0m 40.0s,40.0,51.18280559,-1.82255621,118.1,118.1,30.0,298.1,151.6,9.395,9.395,9.171,,2.038,,-0.000,,1.47,0.00,12.5,12.5,,P-GPS,,,18,4,TRUE,,Mini 4 Pro,,,,,,FALSE,TRUE,,,,,,,,,,,,,,,,,,,,,,,,,,,,,,,,,,,,,,,,,,,,,,,,87.6,,,,8.158,,,,,,,6.906,,,,,,,,,,,,,,,,,,,,,,,,,,,,,,,,51.18240000,-1.82270000,151.6,,,,,,,,,,,,,,,,,,,,,,,,,,,,Mini 4 Pro,SYNMZ33A9BQ4SU4PD,CAMA4QJPCCFZHDZSF,RCSE5U657CBY5ZBRB,BATG4DZDSCDZL63CD,,,,,,,,Mini 4 Pro,SYNMZ33A9BQ4SU4PD,,,,DJI Fly,,1.13.5,466048C3-8E61-5950-9405-6158B9C4AA69,,,,,,,,,,
1773827321,0m 41.0s,41.0,51.18284246,-1.82254314,118.1,118.1,30.0,298.1,165.4,9.395,9.395,9.171,,2.038,,-0.000,,1.47,0.00,12.5,12.5,,P-GPS,,,18,4,TRUE,,Mini 4 Pro,,,,,,FALSE,TRUE,,,,,,,,,,,,,,,,,,,,,,,,,,,,,,,,,,,,,,,,,,,,,,,,87.6,,,,8.158,,,,,,,6.906,,,,,,,,,,,,,,,,,,,,,,,,,,,,,,,,51.18240000,-1.82270000,165.4,,,,,,,,,,,,,,,,,,,,,,,,,,,,Mini 4 Pro,SYNMZ33A9BQ4SU4PD,CAMA4QJPCCFZHDZSF,RCSE5U657CBY5ZBRB,BATG4DZDSCDZL63CD,,,,,,,,Mini 4 Pro,SYNMZ33A9BQ4SU4PD,,,,DJI Fly,,1.13.5,466048C3-8E61-5950-9405-6158B9C4AA69,,,,,,,,,,
1773827322,0m 42.0s,42.0,51.18287934,-1.82253007,118.1,118.1,30.0,298.1,179.1,9.395,9.395,9.171,,2.038,,-0.000,,1.47,0.00,12.5,12.5,,P-GPS,,,18,4,TRUE,,Mini 4 Pro,,,,,,FALSE,TRUE,,,,,,,,,,,,,,,,,,,,,,,,,,,,,,,,,,,,,,,,,,,,,,,,87.6,,,,8.158,,,,,,,6.906,,,,,,,,,,,,,,,,,,,,,,,,,,,,,,,,51.18240000,-1.82270000,179.1,,,,,,,,,,,,,,,,,,,,,,,,,,,,Mini 4 Pro,SYNMZ33A9BQ4SU4PD,CAMA4QJPCCFZHDZSF,RCSE5U657CBY5ZBRB,BATG4DZDSCDZL63CD,,,,,,,,Mini 4 Pro,SYNMZ33A9BQ4SU4PD,,,,DJI Fly,,1.13.5,466048C3-8E61-5950-9405-6158B9C4AA69,,,,,,,,,,
1773827323,0m 43.0s,43.0,51.18291621,-1.82251700,118.1,118.1,30.0,298.1,192.9,9.395,9.395,9.171,,2.038,,-0.000,,1.47,0.00,12.5,12.5,,P-GPS,,,18,4,TRUE,,Mini 4 Pro,,,,,,FALSE,TRUE,,,,,,,,,,,,,,,,,,,,,,,,,,,,,,,,,,,,,,,,,,,,,,,,87.6,,,,8.157,,,,,,,6.906,,,,,,,,,,,,,,,,,,,,,,,,,,,,,,,,51.18240000,-1.82270000,192.9,,,,,,,,,,,,,,,,,,,,,,,,,,,,Mini 4 Pro,SYNMZ33A9BQ4SU4PD,CAMA4QJPCCFZHDZSF,RCSE5U657CBY5ZBRB,BATG4DZDSCDZL63CD,,,,,,,,Mini 4 Pro,SYNMZ33A9BQ4SU4PD,,,,DJI Fly,,1.13.5,466048C3-8E61-5950-9405-6158B9C4AA69,,,,,,,,,,
1773827324,0m 44.0s,44.0,51.18295308,-1.82250393,118.1,118.1,30.0,298.1,206.7,9.395,9.395,9.171,,2.038,,-0.000,,1.47,0.00,12.5,12.5,,P-GPS,,,18,4,TRUE,,Mini 4 Pro,,,,,,FALSE,TRUE,,,,,,,,,,,,,,,,,,,,,,,,,,,,,,,,,,,,,,,,,,,,,,,,87.6,,,,8.157,,,,,,,6.906,,,,,,,,,,,,,,,,,,,,,,,,,,,,,,,,51.18240000,-1.82270000,206.7,,,,,,,,,,,,,,,,,,,,,,,,,,,,Mini 4 Pro,SYNMZ33A9BQ4SU4PD,CAMA4QJPCCFZHDZSF,RCSE5U657CBY5ZBRB,BATG4DZDSCDZL63CD,,,,,,,,Mini 4 Pro,SYNMZ33A9BQ4SU4PD,,,,DJI Fly,,1.13.5,466048C3-8E61-5950-9405-6158B9C4AA69,,,,,,,,,,
1773827325,0m 45.0s,45.0,51.18298995,-1.82249086,118.1,118.1,30.0,298.1,220.5,9.395,9.395,9.171,,2.038,,-0.000,,1.47,0.00,12.5,12.5,,P-GPS,,,18,4,TRUE,,Mini 4 Pro,,,,,,FALSE,TRUE,,,,,,,,,,,,,,,,,,,,,,,,,,,,,,,,,,,,,,,,,,,,,,,,87.6,,,,8.157,,,,,,,6.906,,,,,,,,,,,,,,,,,,,,,,,,,,,,,,,,51.18240000,-1.82270000,220.5,,,,,,,,,,,,,,,,,,,,,,,,,,,,Mini 4 Pro,SYNMZ33A9BQ4SU4PD,CAMA4QJPCCFZHDZSF,RCSE5U657CBY5ZBRB,BATG4DZDSCDZL63CD,,,,,,,,Mini 4 Pro,SYNMZ33A9BQ4SU4PD,,,,DJI Fly,,1.13.5,466048C3-8E61-5950-9405-6158B9C4AA69,,,,,,,,,,
1773827326,0m 46.0s,46.0,51.18302682,-1.82247778,118.1,118.1,30.0,298.1,234.3,9.395,9.395,9.171,,2.038,,-0.000,,1.47,0.00,12.5,12.5,,P-GPS,,,18,4,TRUE,,Mini 4 Pro,,,,,,FALSE,TRUE,,,,,,,,,,,,,,,,,,,,,,,,,,,,,,,,,,,,,,,,,,,,,,,,87.5,,,,8.157,,,,,,,6.906,,,,,,,,,,,,,,,,,,,,,,,,,,,,,,,,51.18240000,-1.82270000,234.3,,,,,,,,,,,,,,,,,,,,,,,,,,,,Mini 4 Pro,SYNMZ33A9BQ4SU4PD,CAMA4QJPCCFZHDZSF,RCSE5U657CBY5ZBRB,BATG4DZDSCDZL63CD,,,,,,,,Mini 4 Pro,SYNMZ33A9BQ4SU4PD,,,,DJI Fly,,1.13.5,466048C3-8E61-5950-9405-6158B9C4AA69,,,,,,,,,,
1773827327,0m 47.0s,47.0,51.18306370,-1.82246471,118.1,118.1,30.0,298.1,248.0,9.395,9.395,9.171,,2.038,,-0.000,,1.47,0.00,12.5,12.5,,P-GPS,,,18,4,TRUE,,Mini 4 Pro,,,,,,FALSE,TRUE,,,,,,,,,,,,,,,,,,,,,,,,,,,,,,,,,,,,,,,,,,,,,,,,87.5,,,,8.157,,,,,,,6.906,,,,,,,,,,,,,,,,,,,,,,,,,,,,,,,,51.18240000,-1.82270000,248.0,,,,,,,,,,,,,,,,,,,,,,,,,,,,Mini 4 Pro,SYNMZ33A9BQ4SU4PD,CAMA4QJPCCFZHDZSF,RCSE5U657CBY5ZBRB,BATG4DZDSCDZL63CD,,,,,,,,Mini 4 Pro,SYNMZ33A9BQ4SU4PD,,,,DJI Fly,,1.13.5,466048C3-8E61-5950-9405-6158B9C4AA69,,,,,,,,,,
1773827328,0m 48.0s,48.0,51.18310057,-1.82245164,118.1,118.1,30.0,298.1,261.8,9.395,9.395,9.171,,2.038,,-0.000,,1.47,0.00,12.5,12.5,,P-GPS,,,18,4,TRUE,,Mini 4 Pro,,,,,,FALSE,TRUE,,,,,,,,,,,,,,,,,,,,,,,,,,,,,,,,,,,,,,,,,,,,,,,,87.5,,,,8.157,,,,,,,6.906,,,,,,,,,,,,,,,,,,,,,,,,,,,,,,,,51.18240000,-1.82270000,261.8,,,,,,,,,,,,,,,,,,,,,,,,,,,,Mini 4 Pro,SYNMZ33A9BQ4SU4PD,CAMA4QJPCCFZHDZSF,RCSE5U657CBY5ZBRB,BATG4DZDSCDZL63CD,,,,,,,,Mini 4 Pro,SYNMZ33A9BQ4SU4PD,,,,DJI Fly,,1.13.5,466048C3-8E61-5950-9405-6158B9C4AA69,,,,,,,,,,
1773827329,0m 49.0s,49.0,51.18313744,-1.82243857,118.1,118.1,30.0,298.1,275.6,9.395,9.395,9.171,,2.038,,-0.000,,1.47,0.00,12.5,12.5,,P-GPS,,,18,4,TRUE,,Mini 4 Pro,,,,,,FALSE,TRUE,,,,,,,,,,,,,,,,,,,,,,,,,,,,,,,,,,,,,,,,,,,,,,,,87.5,,,,8.157,,,,,,,6.906,,,,,,,,,,,,,,,,,,,,,,,,,,,,,,,,51.18240000,-1.82270000,275.6,,,,,,,,,,,,,,,,,,,,,,,,,,,,Mini 4 Pro,SYNMZ33A9BQ4SU4PD,CAMA4QJPCCFZHDZSF,RCSE5U657CBY5ZBRB,BATG4DZDSCDZL63CD,,,,,,,,Mini 4 Pro,SYNMZ33A9BQ4SU4PD,,,,DJI Fly,,1.13.5,466048C3-8E61-5950-9405-6158B9C4AA69,,,,,,,,,,
1773827330,0m 50.0s,50.0,51.18317431,-1.82242550,118.1,118.1,30.0,298.1,289.4,9.395,9.395,9.171,,2.038,,-0.000,,1.47,0.00,12.5,12.5,,P-GPS,,,18,4,TRUE,,Mini 4 Pro,,,,,,FALSE,TRUE,,,,,,,,,,,,,,,,,,,,,,,,,,,,,,,,,,,,,,,,,,,,,,,,87.5,,,,8.156,,,,,,,6.906,,,,,,,,,,,,,,,,,,,,,,,,,,,,,,,,51.18240000,-1.82270000,289.4,,,,,,,,,,,,,,,,,,,,,,,,,,,,Mini 4 Pro,SYNMZ33A9BQ4SU4PD,CAMA4QJPCCFZHDZSF,RCSE5U657CBY5ZBRB,BATG4DZDSCDZL63CD,,,,,,,,Mini 4 Pro,SYNMZ33A9BQ4SU4PD,,,,DJI Fly,,1.13.5,466048C3-8E61-5950-9405-6158B9C4AA69,,,,,,,,,,
1773827331,0m 51.0s,51.0,51.18320939,-1.82241306,118.1,118.1,30.0,298.1,302.5,8.938,9.395,8.725,,1.939,,-0.000,,1.40,0.00,12.5,12.5,,P-GPS,,,18,4,TRUE,,Mini 4 Pro,,,,,,FALSE,TRUE,,,,,,,,,,,,,,,,,,,,,,,,,,,,,,,,,,,,,,,,,,,,,,,,87.5,,,,8.156,,,,,,,6.793,,,,,,,,,,,,,,,,,,,,,,,,,,,,,,,,51.18240000,-1.82270000,302.5,,,,,,,,,,,,,,,,,,,,,,,,,,,,Mini 4 Pro,SYNMZ33A9BQ4SU4PD,CAMA4QJPCCFZHDZSF,RCSE5U657CBY5ZBRB,BATG4DZDSCDZL63CD,,,,,,,,Mini 4 Pro,SYNMZ33A9BQ4SU4PD,,,,DJI Fly,,1.13.5,466048C3-8E61-5950-9405-6158B9C4AA69,,,,,,,,,,
1773827332,0m 52.0s,52.0,51.18320939,-1.82241306,118.1,118.1,30.0,298.1,302.5,0.000,9.395,0.000,,0.000,,-0.000,,0.00,0.00,12.5,12.5,,P-GPS,,,18,4,TRUE,,Mini 4 Pro,,,,,,FALSE,TRUE,,,,,,,,,,,,,,,,,,,,,,,,,,,,,,,,,,,,,,,,,,,,,,,,87.5,,,,8.156,,,,,,,4.596,,,,,,,,,,,,,,,,,,,,,,,,,,,,,,,,51.18240000,-1.82270000,302.5,,,,,,,,,,,,,,,,,,,,,,,,,,,,Mini 4 Pro,SYNMZ33A9BQ4SU4PD,CAMA4QJPCCFZHDZSF,RCSE5U657CBY5ZBRB,BATG4DZDSCDZL63CD,,,,,,,,Mini 4 Pro,SYNMZ33A9BQ4SU4PD,,,,DJI Fly,,1.13.5,466048C3-8E61-5950-9405-6158B9C4AA69,,,,,,,,,,
1773827333,0m 53.0s,53.0,51.18320939,-1.82241306,118.1,118.1,30.0,298.1,302.5,0.000,9.395,0.000,,0.000,,-0.000,,0.00,0.00,12.5,12.5,,P-GPS,,,18,4,TRUE,,Mini 4 Pro,,,,,,FALSE,TRUE,,,,,,,,,,,,,,,,,,,,,,,,,,,,,,,,,,,,,,,,,,,,,,,,87.5,,,,8.156,,,,,,,4.596,,,,,,,,,,,,,,,,,,,,,,,,,,,,,,,,51.18240000,-1.82270000,302.5,,,,,,,,,,,,,,,,,,,,,,,,,,,,Mini 4 Pro,SYNMZ33A9BQ4SU4PD,CAMA4QJPCCFZHDZSF,RCSE5U657CBY5ZBRB,BATG4DZDSCDZL63CD,,,,,,,,Mini 4 Pro,SYNMZ33A9BQ4SU4PD,,,,DJI Fly,,1.13.5,466048C3-8E61-5950-9405-6158B9C4AA69,,,,,,,,,,
1773827334,0m 54.0s,54.0,51.18320939,-1.82241306,118.1,118.1,30.0,298.1,302.5,0.000,9.395,0.000,,0.000,,-0.000,,0.00,0.00,12.5,12.5,,P-GPS,,,18,4,TRUE,,Mini 4 Pro,,,,,,FALSE,TRUE,,,,,,,,,,,,,,,,,,,,,,,,,,,,,,,,,,,,,,,,,,,,,,,,87.5,,,,8.156,,,,,,,4.596,,,,,,,,,,,,,,,,,,,,,,,,,,,,,,,,51.18240000,-1.82270000,302.5,,,,,,,,,,,,,,,,,,,,,,,,,,,,Mini 4 Pro,SYNMZ33A9BQ4SU4PD,CAMA4QJPCCFZHDZSF,RCSE5U657CBY5ZBRB,BATG4DZDSCDZL63CD,,,,,,,,Mini 4 Pro,SYNMZ33A9BQ4SU4PD,,,,DJI Fly,,1.13.5,466048C3-8E61-5950-9405-6158B9C4AA69,,,,,,,,,,
1773827335,0m 55.0s,55.0,51.18320939,-1.82241306,118.1,118.1,30.0,298.1,302.5,0.000,9.395,0.000,,0.000,,-0.000,,0.00,0.00,12.5,12.5,,P-GPS,,,18,4,TRUE,,Mini 4 Pro,,,,,,FALSE,TRUE,,,,,,,,,,,,,,,,,,,,,,,,,,,,,,,,,,,,,,,,,,,,,,,,87.5,,,,8.156,,,,,,,4.596,,,,,,,,,,,,,,,,,,,,,,,,,,,,,,,,51.18240000,-1.82270000,302.5,,,,,,,,,,,,,,,,,,,,,,,,,,,,Mini 4 Pro,SYNMZ33A9BQ4SU4PD,CAMA4QJPCCFZHDZSF,RCSE5U657CBY5ZBRB,BATG4DZDSCDZL63CD,,,,,,,,Mini 4 Pro,SYNMZ33A9BQ4SU4PD,,,,DJI Fly,,1.13.5,466048C3-8E61-5950-9405-6158B9C4AA69,,,,,,,,,,
1773827336,0m 56.0s,56.0,51.18320939,-1.82241306,118.1,118.1,30.0,298.1,302.5,0.000,9.395,0.000,,0.000,,-0.000,,0.00,0.00,12.5,12.5,,P-GPS,,,18,4,TRUE,,Mini 4 Pro,,,,,,FALSE,TRUE,,,,,,,,,,,,,,,,,,,,,,,,,,,,,,,,,,,,,,,,,,,,,,,,87.5,,,,8.156,,,,,,,4.596,,,,,,,,,,,,,,,,,,,,,,,,,,,,,,,,51.18240000,-1.82270000,302.5,,,,,,,,,,,,,,,,,,,,,,,,,,,,Mini 4 Pro,SYNMZ33A9BQ4SU4PD,CAMA4QJPCCFZHDZSF,RCSE5U657CBY5ZBRB,BATG4DZDSCDZL63CD,,,,,,,,Mini 4 Pro,SYNMZ33A9BQ4SU4PD,,,,DJI Fly,,1.13.5,466048C3-8E61-5950-9405-6158B9C4AA69,,,,,,,,,,
1773827337,0m 57.0s,57.0,51.18320939,-1.82241306,118.1,118.1,30.0,298.1,302.5,0.000,9.395,0.000,,0.000,,-0.000,,0.00,0.00,12.5,12.5,,P-GPS,,,18,4,TRUE,,Mini 4 Pro,,,,,,FALSE,TRUE,,,,,,,,,,,,,,,,,,,,,,,,,,,,,,,,,,,,,,,,,,,,,,,,87.5,,,,8.156,,,,,,,4.596,,,,,,,,,,,,,,,,,,,,,,,,,,,,,,,,51.18240000,-1.82270000,302.5,,,,,,,,,,,,,,,,,,,,,,,,,,,,Mini 4 Pro,SYNMZ33A9BQ4SU4PD,CAMA4QJPCCFZHDZSF,RCSE5U657CBY5ZBRB,BATG4DZDSCDZL63CD,,,,,,,,Mini 4 Pro,SYNMZ33A9BQ4SU4PD,,,,DJI Fly,,1.13.5,466048C3-8E61-5950-9405-6158B9C4AA69,,,,,,,,,,
1773827338,0m 58.0s,58.0,51.18320939,-1.82241306,118.1,118.1,30.0,298.1,302.5,0.000,9.395,0.000,,0.000,,-0.000,,0.00,0.00,12.5,12.5,,P-GPS,,,18,4,TRUE,,Mini 4 Pro,,,,,,FALSE,TRUE,,,,,,,,,,,,,,,,,,,,,,,,,,,,,,,,,,,,,,,,,,,,,,,,87.5,,,,8.156,,,,,,,4.596,,,,,,,,,,,,,,,,,,,,,,,,,,,,,,,,51.18240000,-1.82270000,302.5,,,,,,,,,,,,,,,,,,,,,,,,,,,,Mini 4 Pro,SYNMZ33A9BQ4SU4PD,CAMA4QJPCCFZHDZSF,RCSE5U657CBY5ZBRB,BATG4DZDSCDZL63CD,,,,,,,,Mini 4 Pro,SYNMZ33A9BQ4SU4PD,,,,DJI Fly,,1.13.5,466048C3-8E61-5950-9405-6158B9C4AA69,,,,,,,,,,
1773827339,0m 59.0s,59.0,51.18320939,-1.82241306,118.1,118.1,30.0,298.1,302.5,0.000,9.395,0.000,,0.000,,-0.000,,0.00,0.00,12.5,12.5,,P-GPS,,,18,4,TRUE,,Mini 4 Pro,,,,,,FALSE,TRUE,,,,,,,,,,,,,,,,,,,,,,,,,,,,,,,,,,,,,,,,,,,,,,,,87.5,,,,8.156,,,,,,,4.596,,,,,,,,,,,,,,,,,,,,,,,,,,,,,,,,51.18240000,-1.82270000,302.5,,,,,,,,,,,,,,,,,,,,,,,,,,,,Mini 4 Pro,SYNMZ33A9BQ4SU4PD,CAMA4QJPCCFZHDZSF,RCSE5U657CBY5ZBRB,BATG4DZDSCDZL63CD,,,,,,,,Mini 4 Pro,SYNMZ33A9BQ4SU4PD,,,,DJI Fly,,1.13.5,466048C3-8E61-5950-9405-6158B9C4AA69,,,,,,,,,,
1773827340,1m 0.0s,60.0,51.18320939,-1.82241306,118.1,118.1,30.0,298.1,302.5,0.000,9.395,0.000,,0.000,,-0.000,,0.00,0.00,12.5,12.5,,P-GPS,,,18,4,TRUE,,Mini 4 Pro,,,,,,FALSE,TRUE,,,,,,,,,,,,,,,,,,,,,,,,,,,,,,,,,,,,,,,,,,,,,,,,87.5,,,,8.156,,,,,,,4.596,,,,,,,,,,,,,,,,,,,,,,,,,,,,,,,,51.18240000,-1.82270000,302.5,,,,,,,,,,,,,,,,,,,,,,,,,,,,Mini 4 Pro,SYNMZ33A9BQ4SU4PD,CAMA4QJPCCFZHDZSF,RCSE5U657CBY5ZBRB,BATG4DZDSCDZL63CD,,,,,,,,Mini 4 Pro,SYNMZ33A9BQ4SU4PD,,,,DJI Fly,,1.13.5,466048C3-8E61-5950-9405-6158B9C4AA69,,,,,,,,,,
1773827341,1m 1.0s,61.0,51.18320939,-1.82241306,118.1,118.1,30.0,298.1,302.5,0.000,9.395,0.000,,0.000,,-0.000,,0.00,0.00,12.5,12.5,,P-GPS,,,18,4,TRUE,,Mini 4 Pro,,,,,,FALSE,TRUE,,,,,,,,,,,,,,,,,,,,,,,,,,,,,,,,,,,,,,,,,,,,,,,,87.4,,,,8.155,,,,,,,4.596,,,,,,,,,,,,,,,,,,,,,,,,,,,,,,,,51.18240000,-1.82270000,302.5,,,,,,,,,,,,,,,,,,,,,,,,,,,,Mini 4 Pro,SYNMZ33A9BQ4SU4PD,CAMA4QJPCCFZHDZSF,RCSE5U657CBY5ZBRB,BATG4DZDSCDZL63CD,,,,,,,,Mini 4 Pro,SYNMZ33A9BQ4SU4PD,,,,DJI Fly,,1.13.5,466048C3-8E61-5950-9405-6158B9C4AA69,,,,,,,,,,
1773827342,1m 2.0s,62.0,51.18320939,-1.82241306,118.1,118.1,30.0,298.1,302.5,0.000,9.395,0.000,,0.000,,-0.000,,0.00,0.00,12.5,12.5,,P-GPS,,,18,4,TRUE,,Mini 4 Pro,,,,,,FALSE,TRUE,,,,,,,,,,,,,,,,,,,,,,,,,,,,,,,,,,,,,,,,,,,,,,,,87.4,,,,8.155,,,,,,,4.596,,,,,,,,,,,,,,,,,,,,,,,,,,,,,,,,51.18240000,-1.82270000,302.5,,,,,,,,,,,,,,,,,,,,,,,,,,,,Mini 4 Pro,SYNMZ33A9BQ4SU4PD,CAMA4QJPCCFZHDZSF,RCSE5U657CBY5ZBRB,BATG4DZDSCDZL63CD,,,,,,,,Mini 4 Pro,SYNMZ33A9BQ4SU4PD,,,,DJI Fly,,1.13.5,466048C3-8E61-5950-9405-6158B9C4AA69,,,,,,,,,,
1773827343,1m 3.0s,63.0,51.18320939,-1.82241306,118.1,118.1,30.0,298.1,302.5,0.000,9.395,0.000,,0.000,,-0.000,,0.00,0.00,12.5,12.5,,P-GPS,,,18,4,TRUE,,Mini 4 Pro,,,,,,FALSE,TRUE,,,,,,,,,,,,,,,,,,,,,,,,,,,,,,,,,,,,,,,,,,,,,,,,87.4,,,,8.155,,,,,,,4.596,,,,,,,,,,,,,,,,,,,,,,,,,,,,,,,,51.18240000,-1.82270000,302.5,,,,,,,,,,,,,,,,,,,,,,,,,,,,Mini 4 Pro,SYNMZ33A9BQ4SU4PD,CAMA4QJPCCFZHDZSF,RCSE5U657CBY5ZBRB,BATG4DZDSCDZL63CD,,,,,,,,Mini 4 Pro,SYNMZ33A9BQ4SU4PD,,,,DJI Fly,,1.13.5,466048C3-8E61-5950-9405-6158B9C4AA69,,,,,,,,,,
1773827344,1m 4.0s,64.0,51.18320939,-1.82241306,118.1,118.1,30.0,298.1,302.5,0.000,9.395,0.000,,0.000,,-0.000,,0.00,0.00,12.5,12.5,,P-GPS,,,18,4,TRUE,,Mini 4 Pro,,,,,,FALSE,TRUE,,,,,,,,,,,,,,,,,,,,,,,,,,,,,,,,,,,,,,,,,,,,,,,,87.4,,,,8.155,,,,,,,4.596,,,,,,,,,,,,,,,,,,,,,,,,,,,,,,,,51.18240000,-1.82270000,302.5,,,,,,,,,,,,,,,,,,,,,,,,,,,,Mini 4 Pro,SYNMZ33A9BQ4SU4PD,CAMA4QJPCCFZHDZSF,RCSE5U657CBY5ZBRB,BATG4DZDSCDZL63CD,,,,,,,,Mini 4 Pro,SYNMZ33A9BQ4SU4PD,,,,DJI Fly,,1.13.5,466048C3-8E61-5950-9405-6158B9C4AA69,,,,,,,,,,
1773827345,1m 5.0s,65.0,51.18320939,-1.82241306,118.1,118.1,30.0,298.1,302.5,0.000,9.395,0.000,,0.000,,-0.000,,0.00,0.00,12.5,12.5,,P-GPS,,,18,4,TRUE,,Mini 4 Pro,,,,,,FALSE,TRUE,,,,,,,,,,,,,,,,,,,,,,,,,,,,,,,,,,,,,,,,,,,,,,,,87.4,,,,8.155,,,,,,,4.596,,,,,,,,,,,,,,,,,,,,,,,,,,,,,,,,51.18240000,-1.82270000,302.5,,,,,,,,,,,,,,,,,,,,,,,,,,,,Mini 4 Pro,SYNMZ33A9BQ4SU4PD,CAMA4QJPCCFZHDZSF,RCSE5U657CBY5ZBRB,BATG4DZDSCDZL63CD,,,,,,,,Mini 4 Pro,SYNMZ33A9BQ4SU4PD,,,,DJI Fly,,1.13.5,466048C3-8E61-5950-9405-6158B9C4AA69,,,,,,,,,,
1773827346,1m 6.0s,66.0,51.18320939,-1.82241306,118.1,118.1,30.0,298.1,302.5,0.000,9.395,0.000,,0.000,,-0.000,,0.00,0.00,12.5,12.5,,P-GPS,,,18,4,TRUE,,Mini 4 Pro,,,,,,FALSE,TRUE,,,,,,,,,,,,,,,,,,,,,,,,,,,,,,,,,,,,,,,,,,,,,,,,87.4,,,,8.155,,,,,,,4.596,,,,,,,,,,,,,,,,,,,,,,,,,,,,,,,,51.18240000,-1.82270000,302.5,,,,,,,,,,,,,,,,,,,,,,,,,,,,Mini 4 Pro,SYNMZ33A9BQ4SU4PD,CAMA4QJPCCFZHDZSF,RCSE5U657CBY5ZBRB,BATG4DZDSCDZL63CD,,,,,,,,Mini 4 Pro,SYNMZ33A9BQ4SU4PD,,,,DJI Fly,,1.13.5,466048C3-8E61-5950-9405-6158B9C4AA69,,,,,,,,,,
1773827347,1m 7.0s,67.0,51.18320939,-1.82241306,118.1,118.1,30.0,298.1,302.5,0.000,9.395,0.000,,0.000,,-0.000,,0.00,0.00,12.5,12.5,,P-GPS,,,18,4,TRUE,,Mini 4 Pro,,,,,,FALSE,TRUE,,,,,,,,,,,,,,,,,,,,,,,,,,,,,,,,,,,,,,,,,,,,,,,,87.4,,,,8.155,,,,,,,4.596,,,,,,,,,,,,,,,,,,,,,,,,,,,,,,,,51.18240000,-1.82270000,302.5,,,,,,,,,,,,,,,,,,,,,,,,,,,,Mini 4 Pro,SYNMZ33A9BQ4SU4PD,CAMA4QJPCCFZHDZSF,RCSE5U657CBY5ZBRB,BATG4DZDSCDZL63CD,,,,,,,,Mini 4 Pro,SYNMZ33A9BQ4SU4PD,,,,DJI Fly,,1.13.5,466048C3-8E61-5950-9405-6158B9C4AA69,,,,,,,,,,
1773827348,1m 8.0s,68.0,51.18320939,-1.82241306,118.1,118.1,30.0,298.1,302.5,0.000,9.395,0.000,,0.000,,-0.000,,0.00,0.00,12.5,12.5,,P-GPS,,,18,4,TRUE,,Mini 4 Pro,,,,,,FALSE,TRUE,,,,,,,,,,,,,,,,,,,,,,,,,,,,,,,,,,,,,,,,,,,,,,,,87.4,,,,8.155,,,,,,,4.596,,,,,,,,,,,,,,,,,,,,,,,,,,,,,,,,51.18240000,-1.82270000,302.5,,,,,,,,,,,,,,,,,,,,,,,,,,,,Mini 4 Pro,SYNMZ33A9BQ4SU4PD,CAMA4QJPCCFZHDZSF,RCSE5U657CBY5ZBRB,BATG4DZDSCDZL63CD,,,,,,,,Mini 4 Pro,SYNMZ33A9BQ4SU4PD,,,,DJI Fly,,1.13.5,466048C3-8E61-5950-9405-6158B9C4AA69,,,,,,,,,,
1773827349,1m 9.0s,69.0,51.18320939,-1.82241306,118.1,118.1,30.0,298.1,302.5,0.000,9.395,0.000,,0.000,,-0.000,,0.00,0.00,12.5,12.5,,P-GPS,,,18,4,TRUE,,Mini 4 Pro,,,,,,FALSE,TRUE,,,,,,,,,,,,,,,,,,,,,,,,,,,,,,,,,,,,,,,,,,,,,,,,87.4,,,,8.155,,,,,,,4.596,,,,,,,,,,,,,,,,,,,,,,,,,,,,,,,,51.18240000,-1.82270000,302.5,,,,,,,,,,,,,,,,,,,,,,,,,,,,Mini 4 Pro,SYNMZ33A9BQ4SU4PD,CAMA4QJPCCFZHDZSF,RCSE5U657CBY5ZBRB,BATG4DZDSCDZL63CD,,,,,,,,Mini 4 Pro,SYNMZ33A9BQ4SU4PD,,,,DJI Fly,,1.13.5,466048C3-8E61-5950-9405-6158B9C4AA69,,,,,,,,,,
1773827350,1m 10.0s,70.0,51.18320939,-1.82235568,124.0,124.0,30.0,304.0,315.6,8.948,9.395,0.000,,8.948,,-4.026,,8.60,25.00,90.0,90.0,,P-GPS,,,18,4,TRUE,,Mini 4 Pro,,,,,,FALSE,TRUE,,,,,,,,,,,,,,,,,,,,,,,,,,,,,,,,,,,,,,,,,,,,,,,,87.4,,,,8.155,,,,,,,12.556,,,,,,,,,,,,,,,,,,,,,,,,,,,,,,,,51.18240000,-1.82270000,305.6,,,,,,,,,,,,,,,,,,,,,,,,,,,,Mini 4 Pro,SYNMZ33A9BQ4SU4PD,CAMA4QJPCCFZHDZSF,RCSE5U657CBY5ZBRB,BATG4DZDSCDZL63CD,,,,,,,,Mini 4 Pro,SYNMZ33A9BQ4SU4PD,,,,DJI Fly,,1.13.5,466048C3-8E61-5950-9405-6158B9C4AA69,,,,,,,,,,
1773827351,1m 11.0s,71.0,51.18320939,-1.82229829,124.7,124.7,30.0,304.7,328.7,8.948,9.395,0.000,,8.948,,-0.447,,2.20,0.00,90.0,90.0,,P-GPS,,,18,4,TRUE,,Mini 4 Pro,,,,,,FALSE,TRUE,,,,,,,,,,,,,,,,,,,,,,,,,,,,,,,,,,,,,,,,,,,,,,,,87.4,,,,8.154,,,,,,,7.436,,,,,,,,,,,,,,,,,,,,,,,,,,,,,,,,51.18240000,-1.82270000,309.2,,,,,,,,,,,,,,,,,,,,,,,,,,,,Mini 4 Pro,SYNMZ33A9BQ4SU4PD,CAMA4QJPCCFZHDZSF,RCSE5U657CBY5ZBRB,BATG4DZDSCDZL63CD,,,,,,,,Mini 4 Pro,SYNMZ33A9BQ4SU4PD,,,,DJI Fly,,1.13.5,466048C3-8E61-5950-9405-6158B9C4AA69,,,,,,,,,,
1773827352,1m 12.0s,72.0,51.18320939,-1.82224090,124.7,124.7,30.0,304.7,341.8,8.948,9.395,0.000,,8.948,,-0.000,,1.40,0.00,90.0,90.0,,P-GPS,,,18,4,TRUE,,Mini 4 Pro,,,,,,FALSE,TRUE,,,,,,,,,,,,,,,,,,,,,,,,,,,,,,,,,,,,,,,,,,,,,,,,87.4,,,,8.154,,,,,,,6.796,,,,,,,,,,,,,,,,,,,,,,,,,,,,,,,,51.18240000,-1.82270000,313.4,,,,,,,,,,,,,,,,,,,,,,,,,,,,Mini 4 Pro,SYNMZ33A9BQ4SU4PD,CAMA4QJPCCFZHDZSF,RCSE5U657CBY5ZBRB,BATG4DZDSCDZL63CD,,,,,,,,Mini 4 Pro,SYNMZ33A9BQ4SU4PD,,,,DJI Fly,,1.13.5,466048C3-8E61-5950-9405-6158B9C4AA69,,,,,,,,,,
1773827353,1m 13.0s,73.0,51.18320939,-1.82218351,124.7,124.7,30.0,304.7,355.0,8.948,9.395,0.000,,8.948,,-0.000,,1.40,0.00,90.0,90.0,,P-GPS,,,18,4,TRUE,,Mini 4 Pro,,,,,,FALSE,TRUE,,,,,,,,,,,,,,,,,,,,,,,,,,,,,,,,,,,,,,,,,,,,,,,,87.4,,,,8.154,,,,,,,6.796,,,,,,,,,,,,,,,,,,,,,,,,,,,,,,,,51.18240000,-1.82270000,318.0,,,,,,,,,,,,,,,,,,,,,,,,,,,,Mini 4 Pro,SYNMZ33A9BQ4SU4PD,CAMA4QJPCCFZHDZSF,RCSE5U657CBY5ZBRB,BATG4DZDSCDZL63CD,,,,,,,,Mini 4 Pro,SYNMZ33A9BQ4SU4PD,,,,DJI Fly,,1.13.5,466048C3-8E61-5950-9405-6158B9C4AA69,,,,,,,,,,
1773827354,1m 14.0s,74.0,51.18320939,-1.82212613,124.7,124.7,30.0,304.7,368.1,8.948,9.395,0.000,,8.948,,-0.000,,1.40,0.00,90.0,90.0,,P-GPS,,,18,4,TRUE,,Mini 4 Pro,,,,,,FALSE,TRUE,,,,,,,,,,,,,,,,,,,,,,,,,,,,,,,,,,,,,,,,,,,,,,,,87.4,,,,8.154,,,,,,,6.796,,,,,,,,,,,,,,,,,,,,,,,,,,,,,,,,51.18240000,-1.82270000,323.1,,,,,,,,,,,,,,,,,,,,,,,,,,,,Mini 4 Pro,SYNMZ33A9BQ4SU4PD,CAMA4QJPCCFZHDZSF,RCSE5U657CBY5ZBRB,BATG4DZDSCDZL63CD,,,,,,,,Mini 4 Pro,SYNMZ33A9BQ4SU4PD,,,,DJI Fly,,1.13.5,466048C3-8E61-5950-9405-6158B9C4AA69,,,,,,,,,,
1773827355,1m 15.0s,75.0,51.18320939,-1.82206874,124.7,124.7,30.0,304.7,381.2,8.948,9.395,0.000,,8.948,,-0.000,,1.40,0.00,90.0,90.0,,P-GPS,,,18,4,TRUE,,Mini 4 Pro,,,,,,FALSE,TRUE,,,,,,,,,,,,,,,,,,,,,,,,,,,,,,,,,,,,,,,,,,,,,,,,87.3,,,,8.154,,,,,,,6.796,,,,,,,,,,,,,,,,,,,,,,,,,,,,,,,,51.18240000,-1.82270000,328.7,,,,,,,,,,,,,,,,,,,,,,,,,,,,Mini 4 Pro,SYNMZ33A9BQ4SU4PD,CAMA4QJPCCFZHDZSF,RCSE5U657CBY5ZBRB,BATG4DZDSCDZL63CD,,,,,,,,Mini 4 Pro,SYNMZ33A9BQ4SU4PD,,,,DJI Fly,,1.13.5,466048C3-8E61-5950-9405-6158B9C4AA69,,,,,,,,,,
1773827356,1m 16.0s,76.0,51.18320939,-1.82201135,124.7,124.7,30.0,304.7,394.3,8.948,9.395,0.000,,8.948,,-0.000,,1.40,0.00,90.0,90.0,,P-GPS,,,18,4,TRUE,,Mini 4 Pro,,,,,,FALSE,TRUE,,,,,,,,,,,,,,,,,,,,,,,,,,,,,,,,,,,,,,,,,,,,,,,,87.3,,,,8.154,,,,,,,6.796,,,,,,,,,,,,,,,,,,,,,,,,,,,,,,,,51.18240000,-1.82270000,334.6,,,,,,,,,,,,,,,,,,,,,,,,,,,,Mini 4 Pro,SYNMZ33A9BQ4SU4PD,CAMA4QJPCCFZHDZSF,RCSE5U657CBY5ZBRB,BATG4DZDSCDZL63CD,,,,,,,,Mini 4 Pro,SYNMZ33A9BQ4SU4PD,,,,DJI Fly,,1.13.5,466048C3-8E61-5950-9405-6158B9C4AA69,,,,,,,,,,
1773827357,1m 17.0s,77.0,51.18320939,-1.82195396,124.7,124.7,30.0,304.7,407.5,8.948,9.395,0.000,,8.948,,-0.000,,1.40,0.00,90.0,90.0,,P-GPS,,,18,4,TRUE,,Mini 4 Pro,,,,,,FALSE,TRUE,,,,,,,,,,,,,,,,,,,,,,,,,,,,,,,,,,,,,,,,,,,,,,,,87.3,,,,8.154,,,,,,,6.796,,,,,,,,,,,,,,,,,,,,,,,,,,,,,,,,51.18240000,-1.82270000,341.0,,,,,,,,,,,,,,,,,,,,,,,,,,,,Mini 4 Pro,SYNMZ33A9BQ4SU4PD,CAMA4QJPCCFZHDZSF,RCSE5U657CBY5ZBRB,BATG4DZDSCDZL63CD,,,,,,,,Mini 4 Pro,SYNMZ33A9BQ4SU4PD,,,,DJI Fly,,1.13.5,466048C3-8E61-5950-9405-6158B9C4AA69,,,,,,,,,,
1773827358,1m 18.0s,78.0,51.18320939,-1.82189658,124.7,124.7,30.0,304.7,420.6,8.948,9.395,0.000,,8.948,,-0.000,,1.40,0.00,90.0,90.0,,P-GPS,,,18,4,TRUE,,Mini 4 Pro,,,,,,FALSE,TRUE,,,,,,,,,,,,,,,,,,,,,,,,,,,,,,,,,,,,,,,,,,,,,,,,87.3,,,,8.153,,,,,,,6.796,,,,,,,,,,,,,,,,,,,,,,,,,,,,,,,,51.18240000,-1.82270000,347.8,,,,,,,,,,,,,,,,,,,,,,,,,,,,Mini 4 Pro,SYNMZ33A9BQ4SU4PD,CAMA4QJPCCFZHDZSF,RCSE5U657CBY5ZBRB,BATG4DZDSCDZL63CD,,,,,,,,Mini 4 Pro,SYNMZ33A9BQ4SU4PD,,,,DJI Fly,,1.13.5,466048C3-8E61-5950-9405-6158B9C4AA69,,,,,,,,,,
1773827359,1m 19.0s,79.0,51.18320939,-1.82183919,124.7,124.7,30.0,304.7,433.7,8.948,9.395,0.000,,8.948,,-0.000,,1.40,0.00,90.0,90.0,,P-GPS,,,18,4,TRUE,,Mini 4 Pro,,,,,,FALSE,TRUE,,,,,,,,,,,,,,,,,,,,,,,,,,,,,,,,,,,,,,,,,,,,,,,,87.3,,,,8.153,,,,,,,6.796,,,,,,,,,,,,,,,,,,,,,,,,,,,,,,,,51.18240000,-1.82270000,354.9,,,,,,,,,,,,,,,,,,,,,,,,,,,,Mini 4 Pro,SYNMZ33A9BQ4SU4PD,CAMA4QJPCCFZHDZSF,RCSE5U657CBY5ZBRB,BATG4DZDSCDZL63CD,,,,,,,,Mini 4 Pro,SYNMZ33A9BQ4SU4PD,,,,DJI Fly,,1.13.5,466048C3-8E61-5950-9405-6158B9C4AA69,,,,,,,,,,
1773827360,1m 20.0s,80.0,51.18320939,-1.82178180,124.7,124.7,30.0,304.7,446.8,8.948,9.395,0.000,,8.948,,-0.000,,1.40,0.00,90.0,90.0,,P-GPS,,,18,4,TRUE,,Mini 4 Pro,,,,,,FALSE,TRUE,,,,,,,,,,,,,,,,,,,,,,,,,,,,,,,,,,,,,,,,,,,,,,,,87.3,,,,8.153,,,,,,,6.796,,,,,,,,,,,,,,,,,,,,,,,,,,,,,,,,51.18240000,-1.82270000,362.3,,,,,,,,,,,,,,,,,,,,,,,,,,,,Mini 4 Pro,SYNMZ33A9BQ4SU4PD,CAMA4QJPCCFZHDZSF,RCSE5U657CBY5ZBRB,BATG4DZDSCDZL63CD,,,,,,,,Mini 4 Pro,SYNMZ33A9BQ4SU4PD,,,,DJI Fly,,1.13.5,466048C3-8E61-5950-9405-6158B9C4AA69,,,,,,,,,,
1773827361,1m 21.0s,81.0,51.18320939,-1.82172442,124.7,124.7,30.0,304.7,460.0,8.948,9.395,0.000,,8.948,,-0.000,,1.40,0.00,90.0,90.0,,P-GPS,,,18,4,TRUE,,Mini 4 Pro,,,,,,FALSE,TRUE,,,,,,,,,,,,,,,,,,,,,,,,,,,,,,,,,,,,,,,,,,,,,,,,87.3,,,,8.153,,,,,,,6.796,,,,,,,,,,,,,,,,,,,,,,,,,,,,,,,,51.18240000,-1.82270000,370.1,,,,,,,,,,,,,,,,,,,,,,,,,,,,Mini 4 Pro,SYNMZ33A9BQ4SU4PD,CAMA4QJPCCFZHDZSF,RCSE5U657CBY5ZBRB,BATG4DZDSCDZL63CD,,,,,,,,Mini 4 Pro,SYNMZ33A9BQ4SU4PD,,,,DJI Fly,,1.13.5,466048C3-8E61-5950-9405-6158B9C4AA69,,,,,,,,,,
1773827362,1m 22.0s,82.0,51.18320939,-1.82166703,124.7,124.7,30.0,304.7,473.1,8.948,9.395,0.000,,8.948,,-0.000,,1.40,0.00,90.0,90.0,,P-GPS,,,18,4,TRUE,,Mini 4 Pro,,,,,,FALSE,TRUE,,,,,,,,,,,,,,,,,,,,,,,,,,,,,,,,,,,,,,,,,,,,,,,,87.3,,,,8.153,,,,,,,6.796,,,,,,,,,,,,,,,,,,,,,,,,,,,,,,,,51.18240000,-1.82270000,378.1,,,,,,,,,,,,,,,,,,,,,,,,,,,,Mini 4 Pro,SYNMZ33A9BQ4SU4PD,CAMA4QJPCCFZHDZSF,RCSE5U657CBY5ZBRB,BATG4DZDSCDZL63CD,,,,,,,,Mini 4 Pro,SYNMZ33A9BQ4SU4PD,,,,DJI Fly,,1.13.5,466048C3-8E61-5950-9405-6158B9C4AA69,,,,,,,,,,
1773827363,1m 23.0s,83.0,51.18320939,-1.82160964,124.7,124.7,30.0,304.7,486.2,8.948,9.395,0.000,,8.948,,-0.000,,1.40,0.00,90.0,90.0,,P-GPS,,,18,4,TRUE,,Mini 4 Pro,,,,,,FALSE,TRUE,,,,,,,,,,,,,,,,,,,,,,,,,,,,,,,,,,,,,,,,,,,,,,,,87.3,,,,8.153,,,,,,,6.796,,,,,,,,,,,,,,,,,,,,,,,,,,,,,,,,51.18240000,-1.82270000,386.5,,,,,,,,,,,,,,,,,,,,,,,,,,,,Mini 4 Pro,SYNMZ33A9BQ4SU4PD,CAMA4QJPCCFZHDZSF,RCSE5U657CBY5ZBRB,BATG4DZDSCDZL63CD,,,,,,,,Mini 4 Pro,SYNMZ33A9BQ4SU4PD,,,,DJI Fly,,1.13.5,466048C3-8E61-5950-9405-6158B9C4AA69,,,,,,,,,,
1773827364,1m 24.0s,84.0,51.18320939,-1.82155225,124.7,124.7,30.0,304.7,499.3,8.948,9.395,0.000,,8.948,,-0.000,,1.40,0.00,90.0,90.0,,P-GPS,,,18,4,TRUE,,Mini 4 Pro,,,,,,FALSE,TRUE,,,,,,,,,,,,,,,,,,,,,,,,,,,,,,,,,,,,,,,,,,,,,,,,87.3,,,,8.153,,,,,,,6.796,,,,,,,,,,,,,,,,,,,,,,,,,,,,,,,,51.18240000,-1.82270000,395.1,,,,,,,,,,,,,,,,,,,,,,,,,,,,Mini 4 Pro,SYNMZ33A9BQ4SU4PD,CAMA4QJPCCFZHDZSF,RCSE5U657CBY5ZBRB,BATG4DZDSCDZL63CD,,,,,,,,Mini 4 Pro,SYNMZ33A9BQ4SU4PD,,,,DJI Fly,,1.13.5,466048C3-8E61-5950-9405-6158B9C4AA69,,,,,,,,,,
1773827365,1m 25.0s,85.0,51.18320939,-1.82149487,124.7,124.7,30.0,304.7,512.5,8.948,9.395,0.000,,8.948,,-0.000,,1.40,0.00,90.0,90.0,,P-GPS,,,18,4,TRUE,,Mini 4 Pro,,,,,,FALSE,TRUE,,,,,,,,,,,,,,,,,,,,,,,,,,,,,,,,,,,,,,,,,,,,,,,,87.3,,,,8.153,,,,,,,6.796,,,,,,,,,,,,,,,,,,,,,,,,,,,,,,,,51.18240000,-1.82270000,403.9,,,,,,,,,,,,,,,,,,,,,,,,,,,,Mini 4 Pro,SYNMZ33A9BQ4SU4PD,CAMA4QJPCCFZHDZSF,RCSE5U657CBY5ZBRB,BATG4DZDSCDZL63CD,,,,,,,,Mini 4 Pro,SYNMZ33A9BQ4SU4PD,,,,DJI Fly,,1.13.5,466048C3-8E61-5950-9405-6158B9C4AA69,,,,,,,,,,
1773827366,1m 26.0s,86.0,51.18320939,-1.82143748,124.7,124.7,30.0,304.7,525.6,8.948,9.395,0.000,,8.948,,-0.000,,1.40,0.00,90.0,90.0,,P-GPS,,,18,4,TRUE,,Mini 4 Pro,,,,,,FALSE,TRUE,,,,,,,,,,,,,,,,,,,,,,,,,,,,,,,,,,,,,,,,,,,,,,,,87.3,,,,8.152,,,,,,,6.796,,,,,,,,,,,,,,,,,,,,,,,,,,,,,,,,51.18240000,-1.82270000,413.0,,,,,,,,,,,,,,,,,,,,,,,,,,,,Mini 4 Pro,SYNMZ33A9BQ4SU4PD,CAMA4QJPCCFZHDZSF,RCSE5U657CBY5ZBRB,BATG4DZDSCDZL63CD,,,,,,,,Mini 4 Pro,SYNMZ33A9BQ4SU4PD,,,,DJI Fly,,1.13.5,466048C3-8E61-5950-9405-6158B9C4AA69,,,,,,,,,,
1773827367,1m 27.0s,87.0,51.18320939,-1.82138009,124.7,124.7,30.0,304.7,538.7,8.948,9.395,0.000,,8.948,,-0.000,,1.40,0.00,90.0,90.0,,P-GPS,,,18,4,TRUE,,Mini 4 Pro,,,,,,FALSE,TRUE,,,,,,,,,,,,,,,,,,,,,,,,,,,,,,,,,,,,,,,,,,,,,,,,87.2,,,,8.152,,,,,,,6.796,,,,,,,,,,,,,,,,,,,,,,,,,,,,,,,,51.18240000,-1.82270000,422.2,,,,,,,,,,,,,,,,,,,,,,,,,,,,Mini 4 Pro,SYNMZ33A9BQ4SU4PD,CAMA4QJPCCFZHDZSF,RCSE5U657CBY5ZBRB,BATG4DZDSCDZL63CD,,,,,,,,Mini 4 Pro,SYNMZ33A9BQ4SU4PD,,,,DJI Fly,,1.13.5,466048C3-8E61-5950-9405-6158B9C4AA69,,,,,,,,,,
1773827368,1m 28.0s,88.0,51.18320939,-1.82132270,124.7,124.7,30.0,304.7,551.8,8.948,9.395,0.000,,8.948,,-0.000,,1.40,0.00,90.0,90.0,,P-GPS,,,18,4,TRUE,,Mini 4 Pro,,,,,,FALSE,TRUE,,,,,,,,,,,,,,,,,,,,,,,,,,,,,,,,,,,,,,,,,,,,,,,,87.2,,,,8.152,,,,,,,6.796,,,,,,,,,,,,,,,,,,,,,,,,,,,,,,,,51.18240000,-1.82270000,431.7,,,,,,,,,,,,,,,,,,,,,,,,,,,,Mini 4 Pro,SYNMZ33A9BQ4SU4PD,CAMA4QJPCCFZHDZSF,RCSE5U657CBY5ZBRB,BATG4DZDSCDZL63CD,,,,,,,,Mini 4 Pro,SYNMZ33A9BQ4SU4PD,,,,DJI Fly,,1.13.5,466048C3-8E61-5950-9405-6158B9C4AA69,,,,,,,,,,
1773827369,1m 29.0s,89.0,51.18320939,-1.82126532,124.7,124.7,30.0,304.7,564.9,8.948,9.395,0.000,,8.948,,-0.000,,1.40,0.00,90.0,90.0,,P-GPS,,,18,4,TRUE,,Mini 4 Pro,,,,,,FALSE,TRUE,,,,,,,,,,,,,,,,,,,,,,,,,,,,,,,,,,,,,,,,,,,,,,,,87.2,,,,8.152,,,,,,,6.796,,,,,,,,,,,,,,,,,,,,,,,,,,,,,,,,51.18240000,-1.82270000,441.4,,,,,,,,,,,,,,,,,,,,,,,,,,,,Mini 4 Pro,SYNMZ33A9BQ4SU4PD,CAMA4QJPCCFZHDZSF,RCSE5U657CBY5ZBRB,BATG4DZDSCDZL63CD,,,,,,,,Mini 4 Pro,SYNMZ33A9BQ4SU4PD,,,,DJI Fly,,1.13.5,466048C3-8E61-5950-9405-6158B9C4AA69,,,,,,,,,,
1773827386,1m 46.0s,106.0,51.18320939,-1.82120793,124.7,124.7,30.0,304.7,578.1,8.948,9.395,0.000,,8.948,,-0.000,,1.40,0.00,90.0,90.0,,P-GPS,,,18,4,TRUE,,Mini 4 Pro,,,,,,FALSE,TRUE,,,,,,,,,,,,,,,,,,,,,,,,,,,,,,,,,,,,,,,,,,,,,,,,87.2,,,,8.152,,,,,,,6.796,,,,,,,,,,,,,,,,,,,,,,,,,,,,,,,,51.18240000,-1.82270000,451.2,,,,,,,,,,,,,,,,,,,,,,,,,,,,Mini 4 Pro,SYNMZ33A9BQ4SU4PD,CAMA4QJPCCFZHDZSF,RCSE5U657CBY5ZBRB,BATG4DZDSCDZL63CD,,,,,,,,Mini 4 Pro,SYNMZ33A9BQ4SU4PD,,,,DJI Fly,,1.13.5,466048C3-8E61-5950-9405-6158B9C4AA69,,,,,,,,,,
1773827387,1m 47.0s,107.0,51.18320939,-1.82115054,124.7,124.7,30.0,304.7,591.2,8.948,9.395,0.000,,8.948,,-0.000,,1.40,0.00,90.0,90.0,,P-GPS,,,18,4,TRUE,,Mini 4 Pro,,,,,,FALSE,TRUE,,,,,,,,,,,,,,,,,,,,,,,,,,,,,,,,,,,,,,,,,,,,,,,,87.2,,,,8.152,,,,,,,6.796,,,,,,,,,,,,,,,,,,,,,,,,,,,,,,,,51.18240000,-1.82270000,461.2,,,,,,,,,,,,,,,,,,,,,,,,,,,,Mini 4 Pro,SYNMZ33A9BQ4SU4PD,CAMA4QJPCCFZHDZSF,RCSE5U657CBY5ZBRB,BATG4DZDSCDZL63CD,,,,,,,,Mini 4 Pro,SYNMZ33A9BQ4SU4PD,,,,DJI Fly,,1.13.5,466048C3-8E61-5950-9405-6158B9C4AA69,,,,,,,,,,
1773827388,1m 48.0s,108.0,51.18320939,-1.82112185,124.7,124.7,30.0,304.7,597.8,4.474,9.395,0.000,,4.474,,-0.000,,0.70,0.00,90.0,90.0,,P-GPS,,,18,4,TRUE,,Mini 4 Pro,,,,,,FALSE,TRUE,,,,,,,,,,,,,,,,,,,,,,,,,,,,,,,,,,,,,,,,,,,,,,,,87.2,,,,8.152,,,,,,,5.696,,,,,,,,,,,,,,,,,,,,,,,,,,,,,,,,51.18240000,-1.82270000,466.3,,,,,,,,,,,,,,,,,,,,,,,,,,,,Mini 4 Pro,SYNMZ33A9BQ4SU4PD,CAMA4QJPCCFZHDZSF,RCSE5U657CBY5ZBRB,BATG4DZDSCDZL63CD,,,,,,,,Mini 4 Pro,SYNMZ33A9BQ4SU4PD,,,,DJI Fly,,1.13.5,466048C3-8E61-5950-9405-6158B9C4AA69,,,,,,,,,,
1773827389,1m 49.0s,109.0,51.18320939,-1.82112185,124.7,124.7,30.0,304.7,597.8,0.000,9.395,0.000,,0.000,,-0.000,,0.00,0.00,90.0,90.0,,P-GPS,,,18,4,TRUE,,Mini 4 Pro,,,,,,FALSE,TRUE,,,,,,,,,,,,,,,,,,,,,,,,,,,,,,,,,,,,,,,,,,,,,,,,87.2,,,,8.152,,,,,,,4.596,,,,,,,,,,,,,,,,,,,,,,,,,,,,,,,,51.18240000,-1.82270000,466.3,,,,,,,,,,,,,,,,,,,,,,,,,,,,Mini 4 Pro,SYNMZ33A9BQ4SU4PD,CAMA4QJPCCFZHDZSF,RCSE5U657CBY5ZBRB,BATG4DZDSCDZL63CD,,,,,,,,Mini 4 Pro,SYNMZ33A9BQ4SU4PD,,,,DJI Fly,,1.13.5,466048C3-8E61-5950-9405-6158B9C4AA69,,,,,,,,,,
1773827390,1m 50.0s,110.0,51.18320939,-1.82112185,124.7,124.7,30.0,304.7,597.8,0.000,9.395,0.000,,0.000,,-0.000,,0.00,0.00,90.0,90.0,,P-GPS,,,18,4,TRUE,,Mini 4 Pro,,,,,,FALSE,TRUE,,,,,,,,,,,,,,,,,,,,,,,,,,,,,,,,,,,,,,,,,,,,,,,,87.2,,,,8.152,,,,,,,4.596,,,,,,,,,,,,,,,,,,,,,,,,,,,,,,,,51.18240000,-1.82270000,466.3,,,,,,,,,,,,,,,,,,,,,,,,,,,,Mini 4 Pro,SYNMZ33A9BQ4SU4PD,CAMA4QJPCCFZHDZSF,RCSE5U657CBY5ZBRB,BATG4DZDSCDZL63CD,,,,,,,,Mini 4 Pro,SYNMZ33A9BQ4SU4PD,,,,DJI Fly,,1.13.5,466048C3-8E61-5950-9405-6158B9C4AA69,,,,,,,,,,
1773827391,1m 51.0s,111.0,51.18320939,-1.82112185,124.7,124.7,30.0,304.7,597.8,0.000,9.395,0.000,,0.000,,-0.000,,0.00,0.00,90.0,90.0,,P-GPS,,,18,4,TRUE,,Mini 4 Pro,,,,,,FALSE,TRUE,,,,,,,,,,,,,,,,,,,,,,,,,,,,,,,,,,,,,,,,,,,,,,,,87.2,,,,8.151,,,,,,,4.596,,,,,,,,,,,,,,,,,,,,,,,,,,,,,,,,51.18240000,-1.82270000,466.3,,,,,,,,,,,,,,,,,,,,,,,,,,,,Mini 4 Pro,SYNMZ33A9BQ4SU4PD,CAMA4QJPCCFZHDZSF,RCSE5U657CBY5ZBRB,BATG4DZDSCDZL63CD,,,,,,,,Mini 4 Pro,SYNMZ33A9BQ4SU4PD,,,,DJI Fly,,1.13.5,466048C3-8E61-5950-9405-6158B9C4AA69,,,,,,,,,,
1773827392,1m 52.0s,112.0,51.18320939,-1.82112185,124.7,124.7,30.0,304.7,597.8,0.000,9.395,0.000,,0.000,,-0.000,,0.00,0.00,90.0,90.0,,P-GPS,,,18,4,TRUE,,Mini 4 Pro,,,,,,FALSE,TRUE,,,,,,,,,,,,,,,,,,,,,,,,,,,,,,,,,,,,,,,,,,,,,,,,87.2,,,,8.151,,,,,,,4.596,,,,,,,,,,,,,,,,,,,,,,,,,,,,,,,,51.18240000,-1.82270000,466.3,,,,,,,,,,,,,,,,,,,,,,,,,,,,Mini 4 Pro,SYNMZ33A9BQ4SU4PD,CAMA4QJPCCFZHDZSF,RCSE5U657CBY5ZBRB,BATG4DZDSCDZL63CD,,,,,,,,Mini 4 Pro,SYNMZ33A9BQ4SU4PD,,,,DJI Fly,,1.13.5,466048C3-8E61-5950-9405-6158B9C4AA69,,,,,,,,,,
1773827393,1m 53.0s,113.0,51.18320939,-1.82112185,124.7,124.7,30.0,304.7,597.8,0.000,9.395,0.000,,0.000,,-0.000,,0.00,0.00,90.0,90.0,,P-GPS,,,18,4,TRUE,,Mini 4 Pro,,,,,,FALSE,TRUE,,,,,,,,,,,,,,,,,,,,,,,,,,,,,,,,,,,,,,,,,,,,,,,,87.2,,,,8.151,,,,,,,4.596,,,,,,,,,,,,,,,,,,,,,,,,,,,,,,,,51.18240000,-1.82270000,466.3,,,,,,,,,,,,,,,,,,,,,,,,,,,,Mini 4 Pro,SYNMZ33A9BQ4SU4PD,CAMA4QJPCCFZHDZSF,RCSE5U657CBY5ZBRB,BATG4DZDSCDZL63CD,,,,,,,,Mini 4 Pro,SYNMZ33A9BQ4SU4PD,,,,DJI Fly,,1.13.5,466048C3-8E61-5950-9405-6158B9C4AA69,,,,,,,,,,
1773827394,1m 54.0s,114.0,51.18320939,-1.82112185,124.7,124.7,30.0,304.7,597.8,0.000,9.395,0.000,,0.000,,-0.000,,0.00,0.00,90.0,90.0,,P-GPS,,,18,4,TRUE,,Mini 4 Pro,,,,,,FALSE,TRUE,,,,,,,,,,,,,,,,,,,,,,,,,,,,,,,,,,,,,,,,,,,,,,,,87.2,,,,8.151,,,,,,,4.596,,,,,,,,,,,,,,,,,,,,,,,,,,,,,,,,51.18240000,-1.82270000,466.3,,,,,,,,,,,,,,,,,,,,,,,,,,,,Mini 4 Pro,SYNMZ33A9BQ4SU4PD,CAMA4QJPCCFZHDZSF,RCSE5U657CBY5ZBRB,BATG4DZDSCDZL63CD,,,,,,,,Mini 4 Pro,SYNMZ33A9BQ4SU4PD,,,,DJI Fly,,1.13.5,466048C3-8E61-5950-9405-6158B9C4AA69,,,,,,,,,,
1773827395,1m 55.0s,115.0,51.18320939,-1.82112185,124.7,124.7,30.0,304.7,597.8,0.000,9.395,0.000,,0.000,,-0.000,,0.00,0.00,90.0,90.0,,P-GPS,,,18,4,TRUE,,Mini 4 Pro,,,,,,FALSE,TRUE,,,,,,,,,,,,,,,,,,,,,,,,,,,,,,,,,,,,,,,,,,,,,,,,87.2,,,,8.151,,,,,,,4.596,,,,,,,,,,,,,,,,,,,,,,,,,,,,,,,,51.18240000,-1.82270000,466.3,,,,,,,,,,,,,,,,,,,,,,,,,,,,Mini 4 Pro,SYNMZ33A9BQ4SU4PD,CAMA4QJPCCFZHDZSF,RCSE5U657CBY5ZBRB,BATG4DZDSCDZL63CD,,,,,,,,Mini 4 Pro,SYNMZ33A9BQ4SU4PD,,,,DJI Fly,,1.13.5,466048C3-8E61-5950-9405-6158B9C4AA69,,,,,,,,,,
1773827396,1m 56.0s,116.0,51.18320939,-1.82112185,124.7,124.7,30.0,304.7,597.8,0.000,9.395,0.000,,0.000,,-0.000,,0.00,0.00,90.0,90.0,,P-GPS,,,18,4,TRUE,,Mini 4 Pro,,,,,,FALSE,TRUE,,,,,,,,,,,,,,,,,,,,,,,,,,,,,,,,,,,,,,,,,,,,,,,,87.2,,,,8.151,,,,,,,4.596,,,,,,,,,,,,,,,,,,,,,,,,,,,,,,,,51.18240000,-1.82270000,466.3,,,,,,,,,,,,,,,,,,,,,,,,,,,,Mini 4 Pro,SYNMZ33A9BQ4SU4PD,CAMA4QJPCCFZHDZSF,RCSE5U657CBY5ZBRB,BATG4DZDSCDZL63CD,,,,,,,,Mini 4 Pro,SYNMZ33A9BQ4SU4PD,,,,DJI Fly,,1.13.5,466048C3-8E61-5950-9405-6158B9C4AA69,,,,,,,,,,
1773827397,1m 57.0s,117.0,51.18320939,-1.82112185,124.7,124.7,30.0,304.7,597.8,0.000,9.395,0.000,,0.000,,-0.000,,0.00,0.00,90.0,90.0,,P-GPS,,,18,4,TRUE,,Mini 4 Pro,,,,,,FALSE,TRUE,,,,,,,,,,,,,,,,,,,,,,,,,,,,,,,,,,,,,,,,,,,,,,,,87.2,,,,8.151,,,,,,,4.596,,,,,,,,,,,,,,,,,,,,,,,,,,,,,,,,51.18240000,-1.82270000,466.3,,,,,,,,,,,,,,,,,,,,,,,,,,,,Mini 4 Pro,SYNMZ33A9BQ4SU4PD,CAMA4QJPCCFZHDZSF,RCSE5U657CBY5ZBRB,BATG4DZDSCDZL63CD,,,,,,,,Mini 4 Pro,SYNMZ33A9BQ4SU4PD,,,,DJI Fly,,1.13.5,466048C3-8E61-5950-9405-6158B9C4AA69,,,,,,,,,,
1773827398,1m 58.0s,118.0,51.18320939,-1.82112185,124.7,124.7,30.0,304.7,597.8,0.000,9.395,0.000,,0.000,,-0.000,,0.00,0.00,90.0,90.0,,P-GPS,,,18,4,TRUE,,Mini 4 Pro,,,,,,FALSE,TRUE,,,,,,,,,,,,,,,,,,,,,,,,,,,,,,,,,,,,,,,,,,,,,,,,87.2,,,,8.151,,,,,,,4.596,,,,,,,,,,,,,,,,,,,,,,,,,,,,,,,,51.18240000,-1.82270000,466.3,,,,,,,,,,,,,,,,,,,,,,,,,,,,Mini 4 Pro,SYNMZ33A9BQ4SU4PD,CAMA4QJPCCFZHDZSF,RCSE5U657CBY5ZBRB,BATG4DZDSCDZL63CD,,,,,,,,Mini 4 Pro,SYNMZ33A9BQ4SU4PD,,,,DJI Fly,,1.13.5,466048C3-8E61-5950-9405-6158B9C4AA69,,,,,,,,,,
1773827399,1m 59.0s,119.0,51.18320939,-1.82112185,124.7,124.7,30.0,304.7,597.8,0.000,9.395,0.000,,0.000,,-0.000,,0.00,0.00,90.0,90.0,,P-GPS,,,18,4,TRUE,,Mini 4 Pro,,,,,,FALSE,TRUE,,,,,,,,,,,,,,,,,,,,,,,,,,,,,,,,,,,,,,,,,,,,,,,,87.1,,,,8.151,,,,,,,4.596,,,,,,,,,,,,,,,,,,,,,,,,,,,,,,,,51.18240000,-1.82270000,466.3,,,,,,,,,,,,,,,,,,,,,,,,,,,,Mini 4 Pro,SYNMZ33A9BQ4SU4PD,CAMA4QJPCCFZHDZSF,RCSE5U657CBY5ZBRB,BATG4DZDSCDZL63CD,,,,,,,,Mini 4 Pro,SYNMZ33A9BQ4SU4PD,,,,DJI Fly,,1.13.5,466048C3-8E61-5950-9405-6158B9C4AA69,,,,,,,,,,
1773827400,2m 0.0s,120.0,51.18320939,-1.82112185,124.7,124.7,30.0,304.7,597.8,0.000,9.395,0.000,,0.000,,-0.000,,0.00,0.00,90.0,90.0,,P-GPS,,,18,4,TRUE,,Mini 4 Pro,,,,,,FALSE,TRUE,,,,,,,,,,,,,,,,,,,,,,,,,,,,,,,,,,,,,,,,,,,,,,,,87.1,,,,8.151,,,,,,,4.596,,,,,,,,,,,,,,,,,,,,,,,,,,,,,,,,51.18240000,-1.82270000,466.3,,,,,,,,,,,,,,,,,,,,,,,,,,,,Mini 4 Pro,SYNMZ33A9BQ4SU4PD,CAMA4QJPCCFZHDZSF,RCSE5U657CBY5ZBRB,BATG4DZDSCDZL63CD,,,,,,,,Mini 4 Pro,SYNMZ33A9BQ4SU4PD,,,,DJI Fly,,1.13.5,466048C3-8E61-5950-9405-6158B9C4AA69,,,,,,,,,,
1773827401,2m 1.0s,121.0,51.18320939,-1.82112185,124.7,124.7,30.0,304.7,597.8,0.000,9.395,0.000,,0.000,,-0.000,,0.00,0.00,90.0,90.0,,P-GPS,,,18,4,TRUE,,Mini 4 Pro,,,,,,FALSE,TRUE,,,,,,,,,,,,,,,,,,,,,,,,,,,,,,,,,,,,,,,,,,,,,,,,87.1,,,,8.151,,,,,,,4.596,,,,,,,,,,,,,,,,,,,,,,,,,,,,,,,,51.18240000,-1.82270000,466.3,,,,,,,,,,,,,,,,,,,,,,,,,,,,Mini 4 Pro,SYNMZ33A9BQ4SU4PD,CAMA4QJPCCFZHDZSF,RCSE5U657CBY5ZBRB,BATG4DZDSCDZL63CD,,,,,,,,Mini 4 Pro,SYNMZ33A9BQ4SU4PD,,,,DJI Fly,,1.13.5,466048C3-8E61-5950-9405-6158B9C4AA69,,,,,,,,,,
1773827402,2m 2.0s,122.0,51.18320939,-1.82112185,124.7,124.7,30.0,304.7,597.8,0.000,9.395,0.000,,0.000,,-0.000,,0.00,0.00,90.0,90.0,,P-GPS,,,18,4,TRUE,,Mini 4 Pro,,,,,,FALSE,TRUE,,,,,,,,,,,,,,,,,,,,,,,,,,,,,,,,,,,,,,,,,,,,,,,,87.1,,,,8.150,,,,,,,4.596,,,,,,,,,,,,,,,,,,,,,,,,,,,,,,,,51.18240000,-1.82270000,466.3,,,,,,,,,,,,,,,,,,,,,,,,,,,,Mini 4 Pro,SYNMZ33A9BQ4SU4PD,CAMA4QJPCCFZHDZSF,RCSE5U657CBY5ZBRB,BATG4DZDSCDZL63CD,,,,,,,,Mini 4 Pro,SYNMZ33A9BQ4SU4PD,,,,DJI Fly,,1.13.5,466048C3-8E61-5950-9405-6158B9C4AA69,,,,,,,,,,
1773827403,2m 3.0s,123.0,51.18320939,-1.82112185,124.7,124.7,30.0,304.7,597.8,0.000,9.395,0.000,,0.000,,-0.000,,0.00,0.00,90.0,90.0,,P-GPS,,,18,4,TRUE,,Mini 4 Pro,,,,,,FALSE,TRUE,,,,,,,,,,,,,,,,,,,,,,,,,,,,,,,,,,,,,,,,,,,,,,,,87.1,,,,8.150,,,,,,,4.596,,,,,,,,,,,,,,,,,,,,,,,,,,,,,,,,51.18240000,-1.82270000,466.3,,,,,,,,,,,,,,,,,,,,,,,,,,,,Mini 4 Pro,SYNMZ33A9BQ4SU4PD,CAMA4QJPCCFZHDZSF,RCSE5U657CBY5ZBRB,BATG4DZDSCDZL63CD,,,,,,,,Mini 4 Pro,SYNMZ33A9BQ4SU4PD,,,,DJI Fly,,1.13.5,466048C3-8E61-5950-9405-6158B9C4AA69,,,,,,,,,,
1773827404,2m 4.0s,124.0,51.18320939,-1.82112185,124.7,124.7,30.0,304.7,597.8,0.000,9.395,0.000,,0.000,,-0.000,,0.00,0.00,90.0,90.0,,P-GPS,,,18,4,TRUE,,Mini 4 Pro,,,,,,FALSE,TRUE,,,,,,,,,,,,,,,,,,,,,,,,,,,,,,,,,,,,,,,,,,,,,,,,87.1,,,,8.150,,,,,,,4.596,,,,,,,,,,,,,,,,,,,,,,,,,,,,,,,,51.18240000,-1.82270000,466.3,,,,,,,,,,,,,,,,,,,,,,,,,,,,Mini 4 Pro,SYNMZ33A9BQ4SU4PD,CAMA4QJPCCFZHDZSF,RCSE5U657CBY5ZBRB,BATG4DZDSCDZL63CD,,,,,,,,Mini 4 Pro,SYNMZ33A9BQ4SU4PD,,,,DJI Fly,,1.13.5,466048C3-8E61-5950-9405-6158B9C4AA69,,,,,,,,,,
1773827405,2m 5.0s,125.0,51.18320939,-1.82112185,124.7,124.7,30.0,304.7,597.8,0.000,9.395,0.000,,0.000,,-0.000,,0.00,0.00,90.0,90.0,,P-GPS,,,18,4,TRUE,,Mini 4 Pro,,,,,,FALSE,TRUE,,,,,,,,,,,,,,,,,,,,,,,,,,,,,,,,,,,,,,,,,,,,,,,,87.1,,,,8.150,,,,,,,4.596,,,,,,,,,,,,,,,,,,,,,,,,,,,,,,,,51.18240000,-1.82270000,466.3,,,,,,,,,,,,,,,,,,,,,,,,,,,,Mini 4 Pro,SYNMZ33A9BQ4SU4PD,CAMA4QJPCCFZHDZSF,RCSE5U657CBY5ZBRB,BATG4DZDSCDZL63CD,,,,,,,,Mini 4 Pro,SYNMZ33A9BQ4SU4PD,,,,DJI Fly,,1.13.5,466048C3-8E61-5950-9405-6158B9C4AA69,,,,,,,,,,
1773827406,2m 6.0s,126.0,51.18320939,-1.82112185,124.7,124.7,30.0,304.7,597.8,0.000,9.395,0.000,,0.000,,-0.000,,0.00,0.00,90.0,90.0,,P-GPS,,,18,4,TRUE,,Mini 4 Pro,,,,,,FALSE,TRUE,,,,,,,,,,,,,,,,,,,,,,,,,,,,,,,,,,,,,,,,,,,,,,,,87.1,,,,8.150,,,,,,,4.596,,,,,,,,,,,,,,,,,,,,,,,,,,,,,,,,51.18240000,-1.82270000,466.3,,,,,,,,,,,,,,,,,,,,,,,,,,,,Mini 4 Pro,SYNMZ33A9BQ4SU4PD,CAMA4QJPCCFZHDZSF,RCSE5U657CBY5ZBRB,BATG4DZDSCDZL63CD,,,,,,,,Mini 4 Pro,SYNMZ33A9BQ4SU4PD,,,,DJI Fly,,1.13.5,466048C3-8E61-5950-9405-6158B9C4AA69,,,,,,,,,,
1773827407,2m 7.0s,127.0,51.18320939,-1.82112185,124.7,124.7,30.0,304.7,597.8,0.000,9.395,0.000,,0.000,,-0.000,,0.00,0.00,90.0,90.0,,P-GPS,,,18,4,TRUE,,Mini 4 Pro,,,,,,FALSE,TRUE,,,,,,,,,,,,,,,,,,,,,,,,,,,,,,,,,,,,,,,,,,,,,,,,87.1,,,,8.150,,,,,,,4.596,,,,,,,,,,,,,,,,,,,,,,,,,,,,,,,,51.18240000,-1.82270000,466.3,,,,,,,,,,,,,,,,,,,,,,,,,,,,Mini 4 Pro,SYNMZ33A9BQ4SU4PD,CAMA4QJPCCFZHDZSF,RCSE5U657CBY5ZBRB,BATG4DZDSCDZL63CD,,,,,,,,Mini 4 Pro,SYNMZ33A9BQ4SU4PD,,,,DJI Fly,,1.13.5,466048C3-8E61-5950-9405-6158B9C4AA69,,,,,,,,,,
1773827408,2m 8.0s,128.0,51.18320939,-1.82112185,124.7,124.7,30.0,304.7,597.8,0.000,9.395,0.000,,0.000,,-0.000,,0.00,0.00,90.0,90.0,,P-GPS,,,18,4,TRUE,,Mini 4 Pro,,,,,,FALSE,TRUE,,,,,,,,,,,,,,,,,,,,,,,,,,,,,,,,,,,,,,,,,,,,,,,,87.1,,,,8.150,,,,,,,4.596,,,,,,,,,,,,,,,,,,,,,,,,,,,,,,,,51.18240000,-1.82270000,466.3,,,,,,,,,,,,,,,,,,,,,,,,,,,,Mini 4 Pro,SYNMZ33A9BQ4SU4PD,CAMA4QJPCCFZHDZSF,RCSE5U657CBY5ZBRB,BATG4DZDSCDZL63CD,,,,,,,,Mini 4 Pro,SYNMZ33A9BQ4SU4PD,,,,DJI Fly,,1.13.5,466048C3-8E61-5950-9405-6158B9C4AA69,,,,,,,,,,
1773827409,2m 9.0s,129.0,51.18320939,-1.82112185,124.7,124.7,30.0,304.7,597.8,0.000,9.395,0.000,,0.000,,-0.000,,0.00,0.00,90.0,90.0,,P-GPS,,,18,4,TRUE,,Mini 4 Pro,,,,,,FALSE,TRUE,,,,,,,,,,,,,,,,,,,,,,,,,,,,,,,,,,,,,,,,,,,,,,,,87.1,,,,8.150,,,,,,,4.596,,,,,,,,,,,,,,,,,,,,,,,,,,,,,,,,51.18240000,-1.82270000,466.3,,,,,,,,,,,,,,,,,,,,,,,,,,,,Mini 4 Pro,SYNMZ33A9BQ4SU4PD,CAMA4QJPCCFZHDZSF,RCSE5U657CBY5ZBRB,BATG4DZDSCDZL63CD,,,,,,,,Mini 4 Pro,SYNMZ33A9BQ4SU4PD,,,,DJI Fly,,1.13.5,466048C3-8E61-5950-9405-6158B9C4AA69,,,,,,,,,,
1773827410,2m 10.0s,130.0,51.18320939,-1.82112185,124.7,124.7,30.0,304.7,597.8,0.000,9.395,0.000,,0.000,,-0.000,,0.00,0.00,90.0,90.0,,P-GPS,,,18,4,TRUE,,Mini 4 Pro,,,,,,FALSE,TRUE,,,,,,,,,,,,,,,,,,,,,,,,,,,,,,,,,,,,,,,,,,,,,,,,87.1,,,,8.150,,,,,,,4.596,,,,,,,,,,,,,,,,,,,,,,,,,,,,,,,,51.18240000,-1.82270000,466.3,,,,,,,,,,,,,,,,,,,,,,,,,,,,Mini 4 Pro,SYNMZ33A9BQ4SU4PD,CAMA4QJPCCFZHDZSF,RCSE5U657CBY5ZBRB,BATG4DZDSCDZL63CD,,,,,,,,Mini 4 Pro,SYNMZ33A9BQ4SU4PD,,,,DJI Fly,,1.13.5,466048C3-8E61-5950-9405-6158B9C4AA69,,,,,,,,,,
1773827411,2m 11.0s,131.0,51.18320939,-1.82112185,124.7,124.7,30.0,304.7,597.8,0.000,9.395,0.000,,0.000,,-0.000,,0.00,0.00,90.0,90.0,,P-GPS,,,18,4,TRUE,,Mini 4 Pro,,,,,,FALSE,TRUE,,,,,,,,,,,,,,,,,,,,,,,,,,,,,,,,,,,,,,,,,,,,,,,,87.1,,,,8.150,,,,,,,4.596,,,,,,,,,,,,,,,,,,,,,,,,,,,,,,,,51.18240000,-1.82270000,466.3,,,,,,,,,,,,,,,,,,,,,,,,,,,,Mini 4 Pro,SYNMZ33A9BQ4SU4PD,CAMA4QJPCCFZHDZSF,RCSE5U657CBY5ZBRB,BATG4DZDSCDZL63CD,,,,,,,,Mini 4 Pro,SYNMZ33A9BQ4SU4PD,,,,DJI Fly,,1.13.5,466048C3-8E61-5950-9405-6158B9C4AA69,,,,,,,,,,
1773827412,2m 12.0s,132.0,51.18320939,-1.82112185,124.7,124.7,30.0,304.7,597.8,0.000,9.395,0.000,,0.000,,-0.000,,0.00,0.00,90.0,90.0,,P-GPS,,,18,4,TRUE,,Mini 4 Pro,,,,,,FALSE,TRUE,,,,,,,,,,,,,,,,,,,,,,,,,,,,,,,,,,,,,,,,,,,,,,,,87.1,,,,8.150,,,,,,,4.596,,,,,,,,,,,,,,,,,,,,,,,,,,,,,,,,51.18240000,-1.82270000,466.3,,,,,,,,,,,,,,,,,,,,,,,,,,,,Mini 4 Pro,SYNMZ33A9BQ4SU4PD,CAMA4QJPCCFZHDZSF,RCSE5U657CBY5ZBRB,BATG4DZDSCDZL63CD,,,,,,,,Mini 4 Pro,SYNMZ33A9BQ4SU4PD,,,,DJI Fly,,1.13.5,466048C3-8E61-5950-9405-6158B9C4AA69,,,,,,,,,,
1773827413,2m 13.0s,133.0,51.18320939,-1.82112185,124.7,124.7,30.0,304.7,597.8,0.000,9.395,0.000,,0.000,,-0.000,,0.00,0.00,90.0,90.0,,P-GPS,,,18,4,TRUE,,Mini 4 Pro,,,,,,FALSE,TRUE,,,,,,,,,,,,,,,,,,,,,,,,,,,,,,,,,,,,,,,,,,,,,,,,87.1,,,,8.150,,,,,,,4.596,,,,,,,,,,,,,,,,,,,,,,,,,,,,,,,,51.18240000,-1.82270000,466.3,,,,,,,,,,,,,,,,,,,,,,,,,,,,Mini 4 Pro,SYNMZ33A9BQ4SU4PD,CAMA4QJPCCFZHDZSF,RCSE5U657CBY5ZBRB,BATG4DZDSCDZL63CD,,,,,,,,Mini 4 Pro,SYNMZ33A9BQ4SU4PD,,,,DJI Fly,,1.13.5,466048C3-8E61-5950-9405-6158B9C4AA69,,,,,,,,,,
1773827414,2m 14.0s,134.0,51.18320939,-1.82112185,124.7,124.7,30.0,304.7,597.8,0.000,9.395,0.000,,0.000,,-0.000,,0.00,0.00,90.0,90.0,,P-GPS,,,18,4,TRUE,,Mini 4 Pro,,,,,,FALSE,TRUE,,,,,,,,,,,,,,,,,,,,,,,,,,,,,,,,,,,,,,,,,,,,,,,,87.1,,,,8.149,,,,,,,4.596,,,,,,,,,,,,,,,,,,,,,,,,,,,,,,,,51.18240000,-1.82270000,466.3,,,,,,,,,,,,,,,,,,,,,,,,,,,,Mini 4 Pro,SYNMZ33A9BQ4SU4PD,CAMA4QJPCCFZHDZSF,RCSE5U657CBY5ZBRB,BATG4DZDSCDZL63CD,,,,,,,,Mini 4 Pro,SYNMZ33A9BQ4SU4PD,,,,DJI Fly,,1.13.5,466048C3-8E61-5950-9405-6158B9C4AA69,,,,,,,,,,
1773827415,2m 15.0s,135.0,51.18320939,-1.82112185,124.7,124.7,30.0,304.7,597.8,0.000,9.395,0.000,,0.000,,-0.000,,0.00,0.00,90.0,90.0,,P-GPS,,,18,4,TRUE,,Mini 4 Pro,,,,,,FALSE,TRUE,,,,,,,,,,,,,,,,,,,,,,,,,,,,,,,,,,,,,,,,,,,,,,,,87.1,,,,8.149,,,,,,,4.596,,,,,,,,,,,,,,,,,,,,,,,,,,,,,,,,51.18240000,-1.82270000,466.3,,,,,,,,,,,,,,,,,,,,,,,,,,,,Mini 4 Pro,SYNMZ33A9BQ4SU4PD,CAMA4QJPCCFZHDZSF,RCSE5U657CBY5ZBRB,BATG4DZDSCDZL63CD,,,,,,,,Mini 4 Pro,SYNMZ33A9BQ4SU4PD,,,,DJI Fly,,1.13.5,466048C3-8E61-5950-9405-6158B9C4AA69,,,,,,,,,,
1773827416,2m 16.0s,136.0,51.18320939,-1.82112185,124.7,124.7,30.0,304.7,597.8,0.000,9.395,0.000,,0.000,,-0.000,,0.00,0.00,90.0,90.0,,P-GPS,,,18,4,TRUE,,Mini 4 Pro,,,,,,FALSE,TRUE,,,,,,,,,,,,,,,,,,,,,,,,,,,,,,,,,,,,,,,,,,,,,,,,87.0,,,,8.149,,,,,,,4.596,,,,,,,,,,,,,,,,,,,,,,,,,,,,,,,,51.18240000,-1.82270000,466.3,,,,,,,,,,,,,,,,,,,,,,,,,,,,Mini 4 Pro,SYNMZ33A9BQ4SU4PD,CAMA4QJPCCFZHDZSF,RCSE5U657CBY5ZBRB,BATG4DZDSCDZL63CD,,,,,,,,Mini 4 Pro,SYNMZ33A9BQ4SU4PD,,,,DJI Fly,,1.13.5,466048C3-8E61-5950-9405-6158B9C4AA69,,,,,,,,,,
1773827417,2m 17.0s,137.0,51.18320939,-1.82112185,124.7,124.7,30.0,304.7,597.8,0.000,9.395,0.000,,0.000,,-0.000,,0.00,0.00,90.0,90.0,,P-GPS,,,18,4,TRUE,,Mini 4 Pro,,,,,,FALSE,TRUE,,,,,,,,,,,,,,,,,,,,,,,,,,,,,,,,,,,,,,,,,,,,,,,,87.0,,,,8.149,,,,,,,4.596,,,,,,,,,,,,,,,,,,,,,,,,,,,,,,,,51.18240000,-1.82270000,466.3,,,,,,,,,,,,,,,,,,,,,,,,,,,,Mini 4 Pro,SYNMZ33A9BQ4SU4PD,CAMA4QJPCCFZHDZSF,RCSE5U657CBY5ZBRB,BATG4DZDSCDZL63CD,,,,,,,,Mini 4 Pro,SYNMZ33A9BQ4SU4PD,,,,DJI Fly,,1.13.5,466048C3-8E61-5950-9405-6158B9C4AA69,,,,,,,,,,
1773827418,2m 18.0s,138.0,51.18320939,-1.82112185,124.7,124.7,30.0,304.7,597.8,0.000,9.395,0.000,,0.000,,-0.000,,0.00,0.00,90.0,90.0,,P-GPS,,,18,4,TRUE,,Mini 4 Pro,,,,,,FALSE,TRUE,,,,,,,,,,,,,,,,,,,,,,,,,,,,,,,,,,,,,,,,,,,,,,,,87.0,,,,8.149,,,,,,,4.596,,,,,,,,,,,,,,,,,,,,,,,,,,,,,,,,51.18240000,-1.82270000,466.3,,,,,,,,,,,,,,,,,,,,,,,,,,,,Mini 4 Pro,SYNMZ33A9BQ4SU4PD,CAMA4QJPCCFZHDZSF,RCSE5U657CBY5ZBRB,BATG4DZDSCDZL63CD,,,,,,,,Mini 4 Pro,SYNMZ33A9BQ4SU4PD,,,,DJI Fly,,1.13.5,466048C3-8E61-5950-9405-6158B9C4AA69,,,,,,,,,,
1773827419,2m 19.0s,139.0,51.18320939,-1.82112185,124.7,124.7,30.0,304.7,597.8,0.000,9.395,0.000,,0.000,,-0.000,,0.00,0.00,90.0,90.0,,P-GPS,,,18,4,TRUE,,Mini 4 Pro,,,,,,FALSE,TRUE,,,,,,,,,,,,,,,,,,,,,,,,,,,,,,,,,,,,,,,,,,,,,,,,87.0,,,,8.149,,,,,,,4.596,,,,,,,,,,,,,,,,,,,,,,,,,,,,,,,,51.18240000,-1.82270000,466.3,,,,,,,,,,,,,,,,,,,,,,,,,,,,Mini 4 Pro,SYNMZ33A9BQ4SU4PD,CAMA4QJPCCFZHDZSF,RCSE5U657CBY5ZBRB,BATG4DZDSCDZL63CD,,,,,,,,Mini 4 Pro,SYNMZ33A9BQ4SU4PD,,,,DJI Fly,,1.13.5,466048C3-8E61-5950-9405-6158B9C4AA69,,,,,,,,,,
1773827420,2m 20.0s,140.0,51.18320939,-1.82112185,124.7,124.7,30.0,304.7,597.8,0.000,9.395,0.000,,0.000,,-0.000,,0.00,0.00,90.0,90.0,,P-GPS,,,18,4,TRUE,,Mini 4 Pro,,,,,,FALSE,TRUE,,,,,,,,,,,,,,,,,,,,,,,,,,,,,,,,,,,,,,,,,,,,,,,,87.0,,,,8.149,,,,,,,4.596,,,,,,,,,,,,,,,,,,,,,,,,,,,,,,,,51.18240000,-1.82270000,466.3,,,,,,,,,,,,,,,,,,,,,,,,,,,,Mini 4 Pro,SYNMZ33A9BQ4SU4PD,CAMA4QJPCCFZHDZSF,RCSE5U657CBY5ZBRB,BATG4DZDSCDZL63CD,,,,,,,,Mini 4 Pro,SYNMZ33A9BQ4SU4PD,,,,DJI Fly,,1.13.5,466048C3-8E61-5950-9405-6158B9C4AA69,,,,,,,,,,
1773827421,2m 21.0s,141.0,51.18320939,-1.82112185,124.7,124.7,30.0,304.7,597.8,0.000,9.395,0.000,,0.000,,-0.000,,0.00,0.00,90.0,90.0,,P-GPS,,,18,4,TRUE,,Mini 4 Pro,,,,,,FALSE,TRUE,,,,,,,,,,,,,,,,,,,,,,,,,,,,,,,,,,,,,,,,,,,,,,,,87.0,,,,8.149,,,,,,,4.596,,,,,,,,,,,,,,,,,,,,,,,,,,,,,,,,51.18240000,-1.82270000,466.3,,,,,,,,,,,,,,,,,,,,,,,,,,,,Mini 4 Pro,SYNMZ33A9BQ4SU4PD,CAMA4QJPCCFZHDZSF,RCSE5U657CBY5ZBRB,BATG4DZDSCDZL63CD,,,,,,,,Mini 4 Pro,SYNMZ33A9BQ4SU4PD,,,,DJI Fly,,1.13.5,466048C3-8E61-5950-9405-6158B9C4AA69,,,,,,,,,,
1773827422,2m 22.0s,142.0,51.18320939,-1.82112185,124.7,124.7,30.0,304.7,597.8,0.000,9.395,0.000,,0.000,,-0.000,,0.00,0.00,90.0,90.0,,P-GPS,,,18,4,TRUE,,Mini 4 Pro,,,,,,FALSE,TRUE,,,,,,,,,,,,,,,,,,,,,,,,,,,,,,,,,,,,,,,,,,,,,,,,87.0,,,,8.149,,,,,,,4.596,,,,,,,,,,,,,,,,,,,,,,,,,,,,,,,,51.18240000,-1.82270000,466.3,,,,,,,,,,,,,,,,,,,,,,,,,,,,Mini 4 Pro,SYNMZ33A9BQ4SU4PD,CAMA4QJPCCFZHDZSF,RCSE5U657CBY5ZBRB,BATG4DZDSCDZL63CD,,,,,,,,Mini 4 Pro,SYNMZ33A9BQ4SU4PD,,,,DJI Fly,,1.13.5,466048C3-8E61-5950-9405-6158B9C4AA69,,,,,,,,,,
1773827423,2m 23.0s,143.0,51.18320939,-1.82112185,124.7,124.7,30.0,304.7,597.8,0.000,9.395,0.000,,0.000,,-0.000,,0.00,0.00,90.0,90.0,,P-GPS,,,18,4,TRUE,,Mini 4 Pro,,,,,,FALSE,TRUE,,,,,,,,,,,,,,,,,,,,,,,,,,,,,,,,,,,,,,,,,,,,,,,,87.0,,,,8.149,,,,,,,4.596,,,,,,,,,,,,,,,,,,,,,,,,,,,,,,,,51.18240000,-1.82270000,466.3,,,,,,,,,,,,,,,,,,,,,,,,,,,,Mini 4 Pro,SYNMZ33A9BQ4SU4PD,CAMA4QJPCCFZHDZSF,RCSE5U657CBY5ZBRB,BATG4DZDSCDZL63CD,,,,,,,,Mini 4 Pro,SYNMZ33A9BQ4SU4PD,,,,DJI Fly,,1.13.5,466048C3-8E61-5950-9405-6158B9C4AA69,,,,,,,,,,
1773827424,2m 24.0s,144.0,51.18317522,-1.82112185,118.8,124.7,30.0,298.8,610.2,8.500,9.395,-8.500,,0.000,,4.026,,-5.87,25.00,180.0,180.0,,P-GPS,,,18,4,TRUE,,Mini 4 Pro,,,,,,FALSE,TRUE,,,,,,,,,,,,,,,,,,,,,,,,,,,,,,,,,,,,,,,,,,,,,,,,87.0,,,,8.149,,,,,,,6.686,,,,,,,,,,,,,,,,,,,,,,,,,,,,,,,,51.18240000,-1.82270000,458.5,,,,,,,,,,,,,,,,,,,,,,,,,,,,Mini 4 Pro,SYNMZ33A9BQ4SU4PD,CAMA4QJPCCFZHDZSF,RCSE5U657CBY5ZBRB,BATG4DZDSCDZL63CD,,,,,,,,Mini 4 Pro,SYNMZ33A9BQ4SU4PD,,,,DJI Fly,,1.13.5,466048C3-8E61-5950-9405-6158B9C4AA69,,,,,,,,,,
1773827425,2m 25.0s,145.0,51.18314104,-1.82112185,112.9,124.7,30.0,292.9,622.7,8.500,9.395,-8.500,,0.000,,4.026,,-5.87,0.00,180.0,180.0,,P-GPS,,,18,4,TRUE,,Mini 4 Pro,,,,,,FALSE,TRUE,,,,,,,,,,,,,,,,,,,,,,,,,,,,,,,,,,,,,,,,,,,,,,,,87.0,,,,8.148,,,,,,,6.686,,,,,,,,,,,,,,,,,,,,,,,,,,,,,,,,51.18240000,-1.82270000,450.9,,,,,,,,,,,,,,,,,,,,,,,,,,,,Mini 4 Pro,SYNMZ33A9BQ4SU4PD,CAMA4QJPCCFZHDZSF,RCSE5U657CBY5ZBRB,BATG4DZDSCDZL63CD,,,,,,,,Mini 4 Pro,SYNMZ33A9BQ4SU4PD,,,,DJI Fly,,1.13.5,466048C3-8E61-5950-9405-6158B9C4AA69,,,,,,,,,,
1773827426,2m 26.0s,146.0,51.18310687,-1.82112185,111.5,124.7,30.0,291.5,635.2,8.500,9.395,-8.500,,0.000,,0.895,,-0.27,0.00,180.0,180.0,,P-GPS,,,18,4,TRUE,,Mini 4 Pro,,,,,,FALSE,TRUE,,,,,,,,,,,,,,,,,,,,,,,,,,,,,,,,,,,,,,,,,,,,,,,,87.0,,,,8.148,,,,,,,6.686,,,,,,,,,,,,,,,,,,,,,,,,,,,,,,,,51.18240000,-1.82270000,443.6,,,,,,,,,,,,,,,,,,,,,,,,,,,,Mini 4 Pro,SYNMZ33A9BQ4SU4PD,CAMA4QJPCCFZHDZSF,RCSE5U657CBY5ZBRB,BATG4DZDSCDZL63CD,,,,,,,,Mini 4 Pro,SYNMZ33A9BQ4SU4PD,,,,DJI Fly,,1.13.5,466048C3-8E61-5950-9405-6158B9C4AA69,,,,,,,,,,
1773827427,2m 27.0s,147.0,51.18307269,-1.82112185,111.5,124.7,30.0,291.5,647.6,8.500,9.395,-8.500,,0.000,,-0.000,,1.33,0.00,180.0,180.0,,P-GPS,,,18,4,TRUE,,Mini 4 Pro,,,,,,FALSE,TRUE,,,,,,,,,,,,,,,,,,,,,,,,,,,,,,,,,,,,,,,,,,,,,,,,87.0,,,,8.148,,,,,,,6.686,,,,,,,,,,,,,,,,,,,,,,,,,,,,,,,,51.18240000,-1.82270000,436.4,,,,,,,,,,,,,,,,,,,,,,,,,,,,Mini 4 Pro,SYNMZ33A9BQ4SU4PD,CAMA4QJPCCFZHDZSF,RCSE5U657CBY5ZBRB,BATG4DZDSCDZL63CD,,,,,,,,Mini 4 Pro,SYNMZ33A9BQ4SU4PD,,,,DJI Fly,,1.13.5,466048C3-8E61-5950-9405-6158B9C4AA69,,,,,,,,,,
1773827428,2m 28.0s,148.0,51.18303852,-1.82112185,111.5,124.7,30.0,291.5,660.1,8.500,9.395,-8.500,,0.000,,-0.000,,1.33,0.00,180.0,180.0,,P-GPS,,,18,4,TRUE,,Mini 4 Pro,,,,,,FALSE,TRUE,,,,,,,,,,,,,,,,,,,,,,,,,,,,,,,,,,,,,,,,,,,,,,,,87.0,,,,8.148,,,,,,,6.686,,,,,,,,,,,,,,,,,,,,,,,,,,,,,,,,51.18240000,-1.82270000,429.5,,,,,,,,,,,,,,,,,,,,,,,,,,,,Mini 4 Pro,SYNMZ33A9BQ4SU4PD,CAMA4QJPCCFZHDZSF,RCSE5U657CBY5ZBRB,BATG4DZDSCDZL63CD,,,,,,,,Mini 4 Pro,SYNMZ33A9BQ4SU4PD,,,,DJI Fly,,1.13.5,466048C3-8E61-5950-9405-6158B9C4AA69,,,,,,,,,,
1773827429,2m 29.0s,149.0,51.18300434,-1.82112185,111.5,124.7,30.0,291.5,672.6,8.500,9.395,-8.500,,0.000,,-0.000,,1.33,0.00,180.0,180.0,,P-GPS,,,18,4,TRUE,,Mini 4 Pro,,,,,,FALSE,TRUE,,,,,,,,,,,,,,,,,,,,,,,,,,,,,,,,,,,,,,,,,,,,,,,,87.0,,,,8.148,,,,,,,6.686,,,,,,,,,,,,,,,,,,,,,,,,,,,,,,,,51.18240000,-1.82270000,422.9,,,,,,,,,,,,,,,,,,,,,,,,,,,,Mini 4 Pro,SYNMZ33A9BQ4SU4PD,CAMA4QJPCCFZHDZSF,RCSE5U657CBY5ZBRB,BATG4DZDSCDZL63CD,,,,,,,,Mini 4 Pro,SYNMZ33A9BQ4SU4PD,,,,DJI Fly,,1.13.5,466048C3-8E61-5950-9405-6158B9C4AA69,,,,,,,,,,
1773827430,2m 30.0s,150.0,51.18297017,-1.82112185,111.5,124.7,30.0,291.5,685.0,8.500,9.395,-8.500,,0.000,,-0.000,,1.33,0.00,180.0,180.0,,P-GPS,,,18,4,TRUE,,Mini 4 Pro,,,,,,FALSE,TRUE,,,,,,,,,,,,,,,,,,,,,,,,,,,,,,,,,,,,,,,,,,,,,,,,87.0,,,,8.148,,,,,,,6.686,,,,,,,,,,,,,,,,,,,,,,,,,,,,,,,,51.18240000,-1.82270000,416.5,,,,,,,,,,,,,,,,,,,,,,,,,,,,Mini 4 Pro,SYNMZ33A9BQ4SU4PD,CAMA4QJPCCFZHDZSF,RCSE5U657CBY5ZBRB,BATG4DZDSCDZL63CD,,,,,,,,Mini 4 Pro,SYNMZ33A9BQ4SU4PD,,,,DJI Fly,,1.13.5,466048C3-8E61-5950-9405-6158B9C4AA69,,,,,,,,,,
1773827431,2m 31.0s,151.0,51.18293600,-1.82112185,111.5,124.7,30.0,291.5,697.5,8.500,9.395,-8.500,,0.000,,-0.000,,1.33,0.00,180.0,180.0,,P-GPS,,,18,4,TRUE,,Mini 4 Pro,,,,,,FALSE,TRUE,,,,,,,,,,,,,,,,,,,,,,,,,,,,,,,,,,,,,,,,,,,,,,,,86.9,,,,8.148,,,,,,,6.686,,,,,,,,,,,,,,,,,,,,,,,,,,,,,,,,51.18240000,-1.82270000,410.5,,,,,,,,,,,,,,,,,,,,,,,,,,,,Mini 4 Pro,SYNMZ33A9BQ4SU4PD,CAMA4QJPCCFZHDZSF,RCSE5U657CBY5ZBRB,BATG4DZDSCDZL63CD,,,,,,,,Mini 4 Pro,SYNMZ33A9BQ4SU4PD,,,,DJI Fly,,1.13.5,466048C3-8E61-5950-9405-6158B9C4AA69,,,,,,,,,,
1773827432,2m 32.0s,152.0,51.18290182,-1.82112185,111.5,124.7,30.0,291.5,710.0,8.500,9.395,-8.500,,0.000,,-0.000,,1.33,0.00,180.0,180.0,,P-GPS,,,18,4,TRUE,,Mini 4 Pro,,,,,,FALSE,TRUE,,,,,,,,,,,,,,,,,,,,,,,,,,,,,,,,,,,,,,,,,,,,,,,,86.9,,,,8.148,,,,,,,6.686,,,,,,,,,,,,,,,,,,,,,,,,,,,,,,,,51.18240000,-1.82270000,404.7,,,,,,,,,,,,,,,,,,,,,,,,,,,,Mini 4 Pro,SYNMZ33A9BQ4SU4PD,CAMA4QJPCCFZHDZSF,RCSE5U657CBY5ZBRB,BATG4DZDSCDZL63CD,,,,,,,,Mini 4 Pro,SYNMZ33A9BQ4SU4PD,,,,DJI Fly,,1.13.5,466048C3-8E61-5950-9405-6158B9C4AA69,,,,,,,,,,
1773827433,2m 33.0s,153.0,51.18286765,-1.82112185,111.5,124.7,30.0,291.5,722.4,8.500,9.395,-8.500,,0.000,,-0.000,,1.33,0.00,180.0,180.0,,P-GPS,,,18,4,TRUE,,Mini 4 Pro,,,,,,FALSE,TRUE,,,,,,,,,,,,,,,,,,,,,,,,,,,,,,,,,,,,,,,,,,,,,,,,86.9,,,,8.147,,,,,,,6.686,,,,,,,,,,,,,,,,,,,,,,,,,,,,,,,,51.18240000,-1.82270000,399.2,,,,,,,,,,,,,,,,,,,,,,,,,,,,Mini 4 Pro,SYNMZ33A9BQ4SU4PD,CAMA4QJPCCFZHDZSF,RCSE5U657CBY5ZBRB,BATG4DZDSCDZL63CD,,,,,,,,Mini 4 Pro,SYNMZ33A9BQ4SU4PD,,,,DJI Fly,,1.13.5,466048C3-8E61-5950-9405-6158B9C4AA69,,,,,,,,,,
1773827434,2m 34.0s,154.0,51.18283347,-1.82112185,111.5,124.7,30.0,291.5,734.9,8.500,9.395,-8.500,,0.000,,-0.000,,1.33,0.00,180.0,180.0,,P-GPS,,,18,4,TRUE,,Mini 4 Pro,,,,,,FALSE,TRUE,,,,,,,,,,,,,,,,,,,,,,,,,,,,,,,,,,,,,,,,,,,,,,,,86.9,,,,8.147,,,,,,,6.686,,,,,,,,,,,,,,,,,,,,,,,,,,,,,,,,51.18240000,-1.82270000,394.0,,,,,,,,,,,,,,,,,,,,,,,,,,,,Mini 4 Pro,SYNMZ33A9BQ4SU4PD,CAMA4QJPCCFZHDZSF,RCSE5U657CBY5ZBRB,BATG4DZDSCDZL63CD,,,,,,,,Mini 4 Pro,SYNMZ33A9BQ4SU4PD,,,,DJI Fly,,1.13.5,466048C3-8E61-5950-9405-6158B9C4AA69,,,,,,,,,,
1773827435,2m 35.0s,155.0,51.18279930,-1.82112185,111.5,124.7,30.0,291.5,747.4,8.500,9.395,-8.500,,0.000,,-0.000,,1.33,0.00,180.0,180.0,,P-GPS,,,18,4,TRUE,,Mini 4 Pro,,,,,,FALSE,TRUE,,,,,,,,,,,,,,,,,,,,,,,,,,,,,,,,,,,,,,,,,,,,,,,,86.9,,,,8.147,,,,,,,6.686,,,,,,,,,,,,,,,,,,,,,,,,,,,,,,,,51.18240000,-1.82270000,389.2,,,,,,,,,,,,,,,,,,,,,,,,,,,,Mini 4 Pro,SYNMZ33A9BQ4SU4PD,CAMA4QJPCCFZHDZSF,RCSE5U657CBY5ZBRB,BATG4DZDSCDZL63CD,,,,,,,,Mini 4 Pro,SYNMZ33A9BQ4SU4PD,,,,DJI Fly,,1.13.5,466048C3-8E61-5950-9405-6158B9C4AA69,,,,,,,,,,
1773827436,2m 36.0s,156.0,51.18276512,-1.82112185,111.5,124.7,30.0,291.5,759.8,8.500,9.395,-8.500,,0.000,,-0.000,,1.33,0.00,180.0,180.0,,P-GPS,,,18,4,TRUE,,Mini 4 Pro,,,,,,FALSE,TRUE,,,,,,,,,,,,,,,,,,,,,,,,,,,,,,,,,,,,,,,,,,,,,,,,86.9,,,,8.147,,,,,,,6.686,,,,,,,,,,,,,,,,,,,,,,,,,,,,,,,,51.18240000,-1.82270000,384.7,,,,,,,,,,,,,,,,,,,,,,,,,,,,Mini 4 Pro,SYNMZ33A9BQ4SU4PD,CAMA4QJPCCFZHDZSF,RCSE5U657CBY5ZBRB,BATG4DZDSCDZL63CD,,,,,,,,Mini 4 Pro,SYNMZ33A9BQ4SU4PD,,,,DJI Fly,,1.13.5,466048C3-8E61-5950-9405-6158B9C4AA69,,,,,,,,,,
1773827437,2m 37.0s,157.0,51.18273095,-1.82112185,111.5,124.7,30.0,291.5,772.3,8.500,9.395,-8.500,,0.000,,-0.000,,1.33,0.00,180.0,180.0,,P-GPS,,,18,4,TRUE,,Mini 4 Pro,,,,,,FALSE,TRUE,,,,,,,,,,,,,,,,,,,,,,,,,,,,,,,,,,,,,,,,,,,,,,,,86.9,,,,8.147,,,,,,,6.686,,,,,,,,,,,,,,,,,,,,,,,,,,,,,,,,51.18240000,-1.82270000,380.6,,,,,,,,,,,,,,,,,,,,,,,,,,,,Mini 4 Pro,SYNMZ33A9BQ4SU4PD,CAMA4QJPCCFZHDZSF,RCSE5U657CBY5ZBRB,BATG4DZDSCDZL63CD,,,,,,,,Mini 4 Pro,SYNMZ33A9BQ4SU4PD,,,,DJI Fly,,1.13.5,466048C3-8E61-5950-9405-6158B9C4AA69,,,,,,,,,,
1773827438,2m 38.0s,158.0,51.18269678,-1.82112185,111.5,124.7,30.0,291.5,784.8,8.500,9.395,-8.500,,0.000,,-0.000,,1.33,0.00,180.0,180.0,,P-GPS,,,18,4,TRUE,,Mini 4 Pro,,,,,,FALSE,TRUE,,,,,,,,,,,,,,,,,,,,,,,,,,,,,,,,,,,,,,,,,,,,,,,,86.9,,,,8.147,,,,,,,6.686,,,,,,,,,,,,,,,,,,,,,,,,,,,,,,,,51.18240000,-1.82270000,376.8,,,,,,,,,,,,,,,,,,,,,,,,,,,,Mini 4 Pro,SYNMZ33A9BQ4SU4PD,CAMA4QJPCCFZHDZSF,RCSE5U657CBY5ZBRB,BATG4DZDSCDZL63CD,,,,,,,,Mini 4 Pro,SYNMZ33A9BQ4SU4PD,,,,DJI Fly,,1.13.5,466048C3-8E61-5950-9405-6158B9C4AA69,,,,,,,,,,
1773827439,2m 39.0s,159.0,51.18266260,-1.82112185,111.5,124.7,30.0,291.5,797.2,8.500,9.395,-8.500,,0.000,,-0.000,,1.33,0.00,180.0,180.0,,P-GPS,,,18,4,TRUE,,Mini 4 Pro,,,,,,FALSE,TRUE,,,,,,,,,,,,,,,,,,,,,,,,,,,,,,,,,,,,,,,,,,,,,,,,86.9,,,,8.147,,,,,,,6.686,,,,,,,,,,,,,,,,,,,,,,,,,,,,,,,,51.18240000,-1.82270000,373.4,,,,,,,,,,,,,,,,,,,,,,,,,,,,Mini 4 Pro,SYNMZ33A9BQ4SU4PD,CAMA4QJPCCFZHDZSF,RCSE5U657CBY5ZBRB,BATG4DZDSCDZL63CD,,,,,,,,Mini 4 Pro,SYNMZ33A9BQ4SU4PD,,,,DJI Fly,,1.13.5,466048C3-8E61-5950-9405-6158B9C4AA69,,,,,,,,,,
1773827440,2m 40.0s,160.0,51.18262843,-1.82112185,111.5,124.7,30.0,291.5,809.7,8.500,9.395,-8.500,,0.000,,-0.000,,1.33,0.00,180.0,180.0,,P-GPS,,,18,4,TRUE,,Mini 4 Pro,,,,,,FALSE,TRUE,,,,,,,,,,,,,,,,,,,,,,,,,,,,,,,,,,,,,,,,,,,,,,,,86.9,,,,8.146,,,,,,,6.686,,,,,,,,,,,,,,,,,,,,,,,,,,,,,,,,51.18240000,-1.82270000,370.4,,,,,,,,,,,,,,,,,,,,,,,,,,,,Mini 4 Pro,SYNMZ33A9BQ4SU4PD,CAMA4QJPCCFZHDZSF,RCSE5U657CBY5ZBRB,BATG4DZDSCDZL63CD,,,,,,,,Mini 4 Pro,SYNMZ33A9BQ4SU4PD,,,,DJI Fly,,1.13.5,466048C3-8E61-5950-9405-6158B9C4AA69,,,,,,,,,,
1773827441,2m 41.0s,161.0,51.18259425,-1.82112185,111.5,124.7,30.0,291.5,822.2,8.500,9.395,-8.500,,0.000,,-0.000,,1.33,0.00,180.0,180.0,,P-GPS,,,18,4,TRUE,,Mini 4 Pro,,,,,,FALSE,TRUE,,,,,,,,,,,,,,,,,,,,,,,,,,,,,,,,,,,,,,,,,,,,,,,,86.9,,,,8.146,,,,,,,6.686,,,,,,,,,,,,,,,,,,,,,,,,,,,,,,,,51.18240000,-1.82270000,367.8,,,,,,,,,,,,,,,,,,,,,,,,,,,,Mini 4 Pro,SYNMZ33A9BQ4SU4PD,CAMA4QJPCCFZHDZSF,RCSE5U657CBY5ZBRB,BATG4DZDSCDZL63CD,,,,,,,,Mini 4 Pro,SYNMZ33A9BQ4SU4PD,,,,DJI Fly,,1.13.5,466048C3-8E61-5950-9405-6158B9C4AA69,,,,,,,,,,
1773827442,2m 42.0s,162.0,51.18256008,-1.82112185,111.5,124.7,30.0,291.5,834.6,8.500,9.395,-8.500,,0.000,,-0.000,,1.33,0.00,180.0,180.0,,P-GPS,,,18,4,TRUE,,Mini 4 Pro,,,,,,FALSE,TRUE,,,,,,,,,,,,,,,,,,,,,,,,,,,,,,,,,,,,,,,,,,,,,,,,86.9,,,,8.146,,,,,,,6.686,,,,,,,,,,,,,,,,,,,,,,,,,,,,,,,,51.18240000,-1.82270000,365.6,,,,,,,,,,,,,,,,,,,,,,,,,,,,Mini 4 Pro,SYNMZ33A9BQ4SU4PD,CAMA4QJPCCFZHDZSF,RCSE5U657CBY5ZBRB,BATG4DZDSCDZL63CD,,,,,,,,Mini 4 Pro,SYNMZ33A9BQ4SU4PD,,,,DJI Fly,,1.13.5,466048C3-8E61-5950-9405-6158B9C4AA69,,,,,,,,,,
1773827443,2m 43.0s,163.0,51.18252591,-1.82112185,111.5,124.7,30.0,291.5,847.1,8.500,9.395,-8.500,,0.000,,-0.000,,1.33,0.00,180.0,180.0,,P-GPS,,,18,4,TRUE,,Mini 4 Pro,,,,,,FALSE,TRUE,,,,,,,,,,,,,,,,,,,,,,,,,,,,,,,,,,,,,,,,,,,,,,,,86.8,,,,8.146,,,,,,,6.686,,,,,,,,,,,,,,,,,,,,,,,,,,,,,,,,51.18240000,-1.82270000,363.8,,,,,,,,,,,,,,,,,,,,,,,,,,,,Mini 4 Pro,SYNMZ33A9BQ4SU4PD,CAMA4QJPCCFZHDZSF,RCSE5U657CBY5ZBRB,BATG4DZDSCDZL63CD,,,,,,,,Mini 4 Pro,SYNMZ33A9BQ4SU4PD,,,,DJI Fly,,1.13.5,466048C3-8E61-5950-9405-6158B9C4AA69,,,,,,,,,,
1773827444,2m 44.0s,164.0,51.18249173,-1.82112185,111.5,124.7,30.0,291.5,859.6,8.500,9.395,-8.500,,0.000,,-0.000,,1.33,0.00,180.0,180.0,,P-GPS,,,18,4,TRUE,,Mini 4 Pro,,,,,,FALSE,TRUE,,,,,,,,,,,,,,,,,,,,,,,,,,,,,,,,,,,,,,,,,,,,,,,,86.8,,,,8.146,,,,,,,6.686,,,,,,,,,,,,,,,,,,,,,,,,,,,,,,,,51.18240000,-1.82270000,362.4,,,,,,,,,,,,,,,,,,,,,,,,,,,,Mini 4 Pro,SYNMZ33A9BQ4SU4PD,CAMA4QJPCCFZHDZSF,RCSE5U657CBY5ZBRB,BATG4DZDSCDZL63CD,,,,,,,,Mini 4 Pro,SYNMZ33A9BQ4SU4PD,,,,DJI Fly,,1.13.5,466048C3-8E61-5950-9405-6158B9C4AA69,,,,,,,,,,
1773827445,2m 45.0s,165.0,51.18249173,-1.82112185,111.5,124.7,30.0,291.5,859.6,0.000,9.395,0.000,,0.000,,-0.000,,0.00,0.00,180.0,180.0,,P-GPS,,,18,4,TRUE,,Mini 4 Pro,,,,,,FALSE,TRUE,,,,,,,,,,,,,,,,,,,,,,,,,,,,,,,,,,,,,,,,,,,,,,,,86.8,,,,8.146,,,,,,,4.596,,,,,,,,,,,,,,,,,,,,,,,,,,,,,,,,51.18240000,-1.82270000,362.4,,,,,,,,,,,,,,,,,,,,,,,,,,,,Mini 4 Pro,SYNMZ33A9BQ4SU4PD,CAMA4QJPCCFZHDZSF,RCSE5U657CBY5ZBRB,BATG4DZDSCDZL63CD,,,,,,,,Mini 4 Pro,SYNMZ33A9BQ4SU4PD,,,,DJI Fly,,1.13.5,466048C3-8E61-5950-9405-6158B9C4AA69,,,,,,,,,,
1773827446,2m 46.0s,166.0,51.18249173,-1.82112185,111.5,124.7,30.0,291.5,859.6,0.000,9.395,0.000,,0.000,,-0.000,,0.00,0.00,180.0,180.0,,P-GPS,,,18,4,TRUE,,Mini 4 Pro,,,,,,FALSE,TRUE,,,,,,,,,,,,,,,,,,,,,,,,,,,,,,,,,,,,,,,,,,,,,,,,86.8,,,,8.146,,,,,,,4.596,,,,,,,,,,,,,,,,,,,,,,,,,,,,,,,,51.18240000,-1.82270000,362.4,,,,,,,,,,,,,,,,,,,,,,,,,,,,Mini 4 Pro,SYNMZ33A9BQ4SU4PD,CAMA4QJPCCFZHDZSF,RCSE5U657CBY5ZBRB,BATG4DZDSCDZL63CD,,,,,,,,Mini 4 Pro,SYNMZ33A9BQ4SU4PD,,,,DJI Fly,,1.13.5,466048C3-8E61-5950-9405-6158B9C4AA69,,,,,,,,,,
1773827447,2m 47.0s,167.0,51.18249173,-1.82112185,111.5,124.7,30.0,291.5,859.6,0.000,9.395,0.000,,0.000,,-0.000,,0.00,0.00,180.0,180.0,,P-GPS,,,18,4,TRUE,,Mini 4 Pro,,,,,,FALSE,TRUE,,,,,,,,,,,,,,,,,,,,,,,,,,,,,,,,,,,,,,,,,,,,,,,,86.8,,,,8.146,,,,,,,4.596,,,,,,,,,,,,,,,,,,,,,,,,,,,,,,,,51.18240000,-1.82270000,362.4,,,,,,,,,,,,,,,,,,,,,,,,,,,,Mini 4 Pro,SYNMZ33A9BQ4SU4PD,CAMA4QJPCCFZHDZSF,RCSE5U657CBY5ZBRB,BATG4DZDSCDZL63CD,,,,,,,,Mini 4 Pro,SYNMZ33A9BQ4SU4PD,,,,DJI Fly,,1.13.5,466048C3-8E61-5950-9405-6158B9C4AA69,,,,,,,,,,
1773827448,2m 48.0s,168.0,51.18249173,-1.82112185,111.5,124.7,30.0,291.5,859.6,0.000,9.395,0.000,,0.000,,-0.000,,0.00,0.00,180.0,180.0,,P-GPS,,,18,4,TRUE,,Mini 4 Pro,,,,,,FALSE,TRUE,,,,,,,,,,,,,,,,,,,,,,,,,,,,,,,,,,,,,,,,,,,,,,,,86.8,,,,8.146,,,,,,,4.596,,,,,,,,,,,,,,,,,,,,,,,,,,,,,,,,51.18240000,-1.82270000,362.4,,,,,,,,,,,,,,,,,,,,,,,,,,,,Mini 4 Pro,SYNMZ33A9BQ4SU4PD,CAMA4QJPCCFZHDZSF,RCSE5U657CBY5ZBRB,BATG4DZDSCDZL63CD,,,,,,,,Mini 4 Pro,SYNMZ33A9BQ4SU4PD,,,,DJI Fly,,1.13.5,466048C3-8E61-5950-9405-6158B9C4AA69,,,,,,,,,,
1773827449,2m 49.0s,169.0,51.18249173,-1.82112185,111.5,124.7,30.0,291.5,859.6,0.000,9.395,0.000,,0.000,,-0.000,,0.00,0.00,180.0,180.0,,P-GPS,,,18,4,TRUE,,Mini 4 Pro,,,,,,FALSE,TRUE,,,,,,,,,,,,,,,,,,,,,,,,,,,,,,,,,,,,,,,,,,,,,,,,86.8,,,,8.146,,,,,,,4.596,,,,,,,,,,,,,,,,,,,,,,,,,,,,,,,,51.18240000,-1.82270000,362.4,,,,,,,,,,,,,,,,,,,,,,,,,,,,Mini 4 Pro,SYNMZ33A9BQ4SU4PD,CAMA4QJPCCFZHDZSF,RCSE5U657CBY5ZBRB,BATG4DZDSCDZL63CD,,,,,,,,Mini 4 Pro,SYNMZ33A9BQ4SU4PD,,,,DJI Fly,,1.13.5,466048C3-8E61-5950-9405-6158B9C4AA69,,,,,,,,,,
1773827450,2m 50.0s,170.0,51.18249173,-1.82112185,111.5,124.7,30.0,291.5,859.6,0.000,9.395,0.000,,0.000,,-0.000,,0.00,0.00,180.0,180.0,,P-GPS,,,18,4,TRUE,,Mini 4 Pro,,,,,,FALSE,TRUE,,,,,,,,,,,,,,,,,,,,,,,,,,,,,,,,,,,,,,,,,,,,,,,,86.8,,,,8.145,,,,,,,4.596,,,,,,,,,,,,,,,,,,,,,,,,,,,,,,,,51.18240000,-1.82270000,362.4,,,,,,,,,,,,,,,,,,,,,,,,,,,,Mini 4 Pro,SYNMZ33A9BQ4SU4PD,CAMA4QJPCCFZHDZSF,RCSE5U657CBY5ZBRB,BATG4DZDSCDZL63CD,,,,,,,,Mini 4 Pro,SYNMZ33A9BQ4SU4PD,,,,DJI Fly,,1.13.5,466048C3-8E61-5950-9405-6158B9C4AA69,,,,,,,,,,
1773827451,2m 51.0s,171.0,51.18249173,-1.82112185,111.5,124.7,30.0,291.5,859.6,0.000,9.395,0.000,,0.000,,-0.000,,0.00,0.00,180.0,180.0,,P-GPS,,,18,4,TRUE,,Mini 4 Pro,,,,,,FALSE,TRUE,,,,,,,,,,,,,,,,,,,,,,,,,,,,,,,,,,,,,,,,,,,,,,,,86.8,,,,8.145,,,,,,,4.596,,,,,,,,,,,,,,,,,,,,,,,,,,,,,,,,51.18240000,-1.82270000,362.4,,,,,,,,,,,,,,,,,,,,,,,,,,,,Mini 4 Pro,SYNMZ33A9BQ4SU4PD,CAMA4QJPCCFZHDZSF,RCSE5U657CBY5ZBRB,BATG4DZDSCDZL63CD,,,,,,,,Mini 4 Pro,SYNMZ33A9BQ4SU4PD,,,,DJI Fly,,1.13.5,466048C3-8E61-5950-9405-6158B9C4AA69,,,,,,,,,,
1773827452,2m 52.0s,172.0,51.18249173,-1.82112185,111.5,124.7,30.0,291.5,859.6,0.000,9.395,0.000,,0.000,,-0.000,,0.00,0.00,180.0,180.0,,P-GPS,,,18,4,TRUE,,Mini 4 Pro,,,,,,FALSE,TRUE,,,,,,,,,,,,,,,,,,,,,,,,,,,,,,,,,,,,,,,,,,,,,,,,86.8,,,,8.145,,,,,,,4.596,,,,,,,,,,,,,,,,,,,,,,,,,,,,,,,,51.18240000,-1.82270000,362.4,,,,,,,,,,,,,,,,,,,,,,,,,,,,Mini 4 Pro,SYNMZ33A9BQ4SU4PD,CAMA4QJPCCFZHDZSF,RCSE5U657CBY5ZBRB,BATG4DZDSCDZL63CD,,,,,,,,Mini 4 Pro,SYNMZ33A9BQ4SU4PD,,,,DJI Fly,,1.13.5,466048C3-8E61-5950-9405-6158B9C4AA69,,,,,,,,,,
1773827453,2m 53.0s,173.0,51.18249173,-1.82112185,111.5,124.7,30.0,291.5,859.6,0.000,9.395,0.000,,0.000,,-0.000,,0.00,0.00,180.0,180.0,,P-GPS,,,18,4,TRUE,,Mini 4 Pro,,,,,,FALSE,TRUE,,,,,,,,,,,,,,,,,,,,,,,,,,,,,,,,,,,,,,,,,,,,,,,,86.8,,,,8.145,,,,,,,4.596,,,,,,,,,,,,,,,,,,,,,,,,,,,,,,,,51.18240000,-1.82270000,362.4,,,,,,,,,,,,,,,,,,,,,,,,,,,,Mini 4 Pro,SYNMZ33A9BQ4SU4PD,CAMA4QJPCCFZHDZSF,RCSE5U657CBY5ZBRB,BATG4DZDSCDZL63CD,,,,,,,,Mini 4 Pro,SYNMZ33A9BQ4SU4PD,,,,DJI Fly,,1.13.5,466048C3-8E61-5950-9405-6158B9C4AA69,,,,,,,,,,
1773827454,2m 54.0s,174.0,51.18249173,-1.82112185,111.5,124.7,30.0,291.5,859.6,0.000,9.395,0.000,,0.000,,-0.000,,0.00,0.00,180.0,180.0,,P-GPS,,,18,4,TRUE,,Mini 4 Pro,,,,,,FALSE,TRUE,,,,,,,,,,,,,,,,,,,,,,,,,,,,,,,,,,,,,,,,,,,,,,,,86.8,,,,8.145,,,,,,,4.596,,,,,,,,,,,,,,,,,,,,,,,,,,,,,,,,51.18240000,-1.82270000,362.4,,,,,,,,,,,,,,,,,,,,,,,,,,,,Mini 4 Pro,SYNMZ33A9BQ4SU4PD,CAMA4QJPCCFZHDZSF,RCSE5U657CBY5ZBRB,BATG4DZDSCDZL63CD,,,,,,,,Mini 4 Pro,SYNMZ33A9BQ4SU4PD,,,,DJI Fly,,1.13.5,466048C3-8E61-5950-9405-6158B9C4AA69,,,,,,,,,,
1773827455,2m 55.0s,175.0,51.18249173,-1.82112185,111.5,124.7,30.0,291.5,859.6,0.000,9.395,0.000,,0.000,,-0.000,,0.00,0.00,180.0,180.0,,P-GPS,,,18,4,TRUE,,Mini 4 Pro,,,,,,FALSE,TRUE,,,,,,,,,,,,,,,,,,,,,,,,,,,,,,,,,,,,,,,,,,,,,,,,86.8,,,,8.145,,,,,,,4.596,,,,,,,,,,,,,,,,,,,,,,,,,,,,,,,,51.18240000,-1.82270000,362.4,,,,,,,,,,,,,,,,,,,,,,,,,,,,Mini 4 Pro,SYNMZ33A9BQ4SU4PD,CAMA4QJPCCFZHDZSF,RCSE5U657CBY5ZBRB,BATG4DZDSCDZL63CD,,,,,,,,Mini 4 Pro,SYNMZ33A9BQ4SU4PD,,,,DJI Fly,,1.13.5,466048C3-8E61-5950-9405-6158B9C4AA69,,,,,,,,,,
1773827456,2m 56.0s,176.0,51.18249173,-1.82112185,111.5,124.7,30.0,291.5,859.6,0.000,9.395,0.000,,0.000,,-0.000,,0.00,0.00,180.0,180.0,,P-GPS,,,18,4,TRUE,,Mini 4 Pro,,,,,,FALSE,TRUE,,,,,,,,,,,,,,,,,,,,,,,,,,,,,,,,,,,,,,,,,,,,,,,,86.8,,,,8.145,,,,,,,4.596,,,,,,,,,,,,,,,,,,,,,,,,,,,,,,,,51.18240000,-1.82270000,362.4,,,,,,,,,,,,,,,,,,,,,,,,,,,,Mini 4 Pro,SYNMZ33A9BQ4SU4PD,CAMA4QJPCCFZHDZSF,RCSE5U657CBY5ZBRB,BATG4DZDSCDZL63CD,,,,,,,,Mini 4 Pro,SYNMZ33A9BQ4SU4PD,,,,DJI Fly,,1.13.5,466048C3-8E61-5950-9405-6158B9C4AA69,,,,,,,,,,
1773827457,2m 57.0s,177.0,51.18249173,-1.82112185,111.5,124.7,30.0,291.5,859.6,0.000,9.395,0.000,,0.000,,-0.000,,0.00,0.00,180.0,180.0,,P-GPS,,,18,4,TRUE,,Mini 4 Pro,,,,,,FALSE,TRUE,,,,,,,,,,,,,,,,,,,,,,,,,,,,,,,,,,,,,,,,,,,,,,,,86.8,,,,8.145,,,,,,,4.596,,,,,,,,,,,,,,,,,,,,,,,,,,,,,,,,51.18240000,-1.82270000,362.4,,,,,,,,,,,,,,,,,,,,,,,,,,,,Mini 4 Pro,SYNMZ33A9BQ4SU4PD,CAMA4QJPCCFZHDZSF,RCSE5U657CBY5ZBRB,BATG4DZDSCDZL63CD,,,,,,,,Mini 4 Pro,SYNMZ33A9BQ4SU4PD,,,,DJI Fly,,1.13.5,466048C3-8E61-5950-9405-6158B9C4AA69,,,,,,,,,,
1773827458,2m 58.0s,178.0,51.18249173,-1.82112185,111.5,124.7,30.0,291.5,859.6,0.000,9.395,0.000,,0.000,,-0.000,,0.00,0.00,180.0,180.0,,P-GPS,,,18,4,TRUE,,Mini 4 Pro,,,,,,FALSE,TRUE,,,,,,,,,,,,,,,,,,,,,,,,,,,,,,,,,,,,,,,,,,,,,,,,86.8,,,,8.145,,,,,,,4.596,,,,,,,,,,,,,,,,,,,,,,,,,,,,,,,,51.18240000,-1.82270000,362.4,,,,,,,,,,,,,,,,,,,,,,,,,,,,Mini 4 Pro,SYNMZ33A9BQ4SU4PD,CAMA4QJPCCFZHDZSF,RCSE5U657CBY5ZBRB,BATG4DZDSCDZL63CD,,,,,,,,Mini 4 Pro,SYNMZ33A9BQ4SU4PD,,,,DJI Fly,,1.13.5,466048C3-8E61-5950-9405-6158B9C4AA69,,,,,,,,,,
1773827459,2m 59.0s,179.0,51.18248841,-1.82117899,111.5,124.7,30.0,291.5,872.7,8.948,9.395,-0.826,,-8.910,,-0.000,,1.40,25.00,264.7,264.7,,SMART_RTH,,,18,4,TRUE,,Mini 4 Pro,,,,,,FALSE,TRUE,,,,,,,,,,,,,,,,,,,,,,,,,,,,,,,,,,,,,,,,,,,,,,,,86.8,,,,8.145,,,,,,,6.796,,,,,,,,,,,,,,,,,,,,,,,,,,,,,,,,51.18240000,-1.82270000,349.3,,,,,,,,,,,,,,,,,,,,,,,,,,,,Mini 4 Pro,SYNMZ33A9BQ4SU4PD,CAMA4QJPCCFZHDZSF,RCSE5U657CBY5ZBRB,BATG4DZDSCDZL63CD,,,,,,,,Mini 4 Pro,SYNMZ33A9BQ4SU4PD,,,,DJI Fly,,1.13.5,466048C3-8E61-5950-9405-6158B9C4AA69,,,,,,,,,,
1773827460,3m 0.0s,180.0,51.18248509,-1.82123613,111.5,124.7,30.0,291.5,885.8,8.948,9.395,-0.826,,-8.910,,-0.000,,1.40,0.00,264.7,264.7,,SMART_RTH,,,18,4,TRUE,,Mini 4 Pro,,,,,,FALSE,TRUE,,,,,,,,,,,,,,,,,,,,,,,,,,,,,,,,,,,,,,,,,,,,,,,,86.7,,,,8.145,,,,,,,6.796,,,,,,,,,,,,,,,,,,,,,,,,,,,,,,,,51.18240000,-1.82270000,336.2,,,,,,,,,,,,,,,,,,,,,,,,,,,,Mini 4 Pro,SYNMZ33A9BQ4SU4PD,CAMA4QJPCCFZHDZSF,RCSE5U657CBY5ZBRB,BATG4DZDSCDZL63CD,,,,,,,,Mini 4 Pro,SYNMZ33A9BQ4SU4PD,,,,DJI Fly,,1.13.5,466048C3-8E61-5950-9405-6158B9C4AA69,,,,,,,,,,
1773827461,3m 1.0s,181.0,51.18248177,-1.82129327,111.5,124.7,30.0,291.5,898.9,8.948,9.395,-0.826,,-8.910,,-0.000,,1.40,0.00,264.7,264.7,,SMART_RTH,,,18,4,TRUE,,Mini 4 Pro,,,,,,FALSE,TRUE,,,,,,,,,,,,,,,,,,,,,,,,,,,,,,,,,,,,,,,,,,,,,,,,86.7,,,,8.144,,,,,,,6.796,,,,,,,,,,,,,,,,,,,,,,,,,,,,,,,,51.18240000,-1.82270000,323.1,,,,,,,,,,,,,,,,,,,,,,,,,,,,Mini 4 Pro,SYNMZ33A9BQ4SU4PD,CAMA4QJPCCFZHDZSF,RCSE5U657CBY5ZBRB,BATG4DZDSCDZL63CD,,,,,,,,Mini 4 Pro,SYNMZ33A9BQ4SU4PD,,,,DJI Fly,,1.13.5,466048C3-8E61-5950-9405-6158B9C4AA69,,,,,,,,,,
1773827462,3m 2.0s,182.0,51.18247845,-1.82135042,111.5,124.7,30.0,291.5,912.1,8.948,9.395,-0.826,,-8.910,,-0.000,,1.40,0.00,264.7,264.7,,SMART_RTH,,,18,4,TRUE,,Mini 4 Pro,,,,,,FALSE,TRUE,,,,,,,,,,,,,,,,,,,,,,,,,,,,,,,,,,,,,,,,,,,,,,,,86.7,,,,8.144,,,,,,,6.796,,,,,,,,,,,,,,,,,,,,,,,,,,,,,,,,51.18240000,-1.82270000,309.9,,,,,,,,,,,,,,,,,,,,,,,,,,,,Mini 4 Pro,SYNMZ33A9BQ4SU4PD,CAMA4QJPCCFZHDZSF,RCSE5U657CBY5ZBRB,BATG4DZDSCDZL63CD,,,,,,,,Mini 4 Pro,SYNMZ33A9BQ4SU4PD,,,,DJI Fly,,1.13.5,466048C3-8E61-5950-9405-6158B9C4AA69,,,,,,,,,,
1773827463,3m 3.0s,183.0,51.18247512,-1.82140756,111.5,124.7,30.0,291.5,925.2,8.948,9.395,-0.826,,-8.910,,-0.000,,1.40,0.00,264.7,264.7,,SMART_RTH,,,18,4,TRUE,,Mini 4 Pro,,,,,,FALSE,TRUE,,,,,,,,,,,,,,,,,,,,,,,,,,,,,,,,,,,,,,,,,,,,,,,,86.7,,,,8.144,,,,,,,6.796,,,,,,,,,,,,,,,,,,,,,,,,,,,,,,,,51.18240000,-1.82270000,296.8,,,,,,,,,,,,,,,,,,,,,,,,,,,,Mini 4 Pro,SYNMZ33A9BQ4SU4PD,CAMA4QJPCCFZHDZSF,RCSE5U657CBY5ZBRB,BATG4DZDSCDZL63CD,,,,,,,,Mini 4 Pro,SYNMZ33A9BQ4SU4PD,,,,DJI Fly,,1.13.5,466048C3-8E61-5950-9405-6158B9C4AA69,,,,,,,,,,
1773827464,3m 4.0s,184.0,51.18247180,-1.82146470,111.5,124.7,30.0,291.5,938.3,8.948,9.395,-0.826,,-8.910,,-0.000,,1.40,0.00,264.7,264.7,,SMART_RTH,,,18,4,TRUE,,Mini 4 Pro,,,,,,FALSE,TRUE,,,,,,,,,,,,,,,,,,,,,,,,,,,,,,,,,,,,,,,,,,,,,,,,86.7,,,,8.144,,,,,,,6.796,,,,,,,,,,,,,,,,,,,,,,,,,,,,,,,,51.18240000,-1.82270000,283.7,,,,,,,,,,,,,,,,,,,,,,,,,,,,Mini 4 Pro,SYNMZ33A9BQ4SU4PD,CAMA4QJPCCFZHDZSF,RCSE5U657CBY5ZBRB,BATG4DZDSCDZL63CD,,,,,,,,Mini 4 Pro,SYNMZ33A9BQ4SU4PD,,,,DJI Fly,,1.13.5,466048C3-8E61-5950-9405-6158B9C4AA69,,,,,,,,,,
1773827465,3m 5.0s,185.0,51.18246848,-1.82152184,111.5,124.7,30.0,291.5,951.4,8.948,9.395,-0.826,,-8.910,,-0.000,,1.40,0.00,264.7,264.7,,SMART_RTH,,,18,4,TRUE,,Mini 4 Pro,,,,,,FALSE,TRUE,,,,,,,,,,,,,,,,,,,,,,,,,,,,,,,,,,,,,,,,,,,,,,,,86.7,,,,8.144,,,,,,,6.796,,,,,,,,,,,,,,,,,,,,,,,,,,,,,,,,51.18240000,-1.82270000,270.6,,,,,,,,,,,,,,,,,,,,,,,,,,,,Mini 4 Pro,SYNMZ33A9BQ4SU4PD,CAMA4QJPCCFZHDZSF,RCSE5U657CBY5ZBRB,BATG4DZDSCDZL63CD,,,,,,,,Mini 4 Pro,SYNMZ33A9BQ4SU4PD,,,,DJI Fly,,1.13.5,466048C3-8E61-5950-9405-6158B9C4AA69,,,,,,,,,,
1773827466,3m 6.0s,186.0,51.18246516,-1.82157899,111.5,124.7,30.0,291.5,964.6,8.948,9.395,-0.826,,-8.910,,-0.000,,1.40,0.00,264.7,264.7,,SMART_RTH,,,18,4,TRUE,,Mini 4 Pro,,,,,,FALSE,TRUE,,,,,,,,,,,,,,,,,,,,,,,,,,,,,,,,,,,,,,,,,,,,,,,,86.7,,,,8.144,,,,,,,6.796,,,,,,,,,,,,,,,,,,,,,,,,,,,,,,,,51.18240000,-1.82270000,257.5,,,,,,,,,,,,,,,,,,,,,,,,,,,,Mini 4 Pro,SYNMZ33A9BQ4SU4PD,CAMA4QJPCCFZHDZSF,RCSE5U657CBY5ZBRB,BATG4DZDSCDZL63CD,,,,,,,,Mini 4 Pro,SYNMZ33A9BQ4SU4PD,,,,DJI Fly,,1.13.5,466048C3-8E61-5950-9405-6158B9C4AA69,,,,,,,,,,
1773827467,3m 7.0s,187.0,51.18246184,-1.82163613,111.5,124.7,30.0,291.5,977.7,8.948,9.395,-0.826,,-8.910,,-0.000,,1.40,0.00,264.7,264.7,,SMART_RTH,,,18,4,TRUE,,Mini 4 Pro,,,,,,FALSE,TRUE,,,,,,,,,,,,,,,,,,,,,,,,,,,,,,,,,,,,,,,,,,,,,,,,86.7,,,,8.144,,,,,,,6.796,,,,,,,,,,,,,,,,,,,,,,,,,,,,,,,,51.18240000,-1.82270000,244.3,,,,,,,,,,,,,,,,,,,,,,,,,,,,Mini 4 Pro,SYNMZ33A9BQ4SU4PD,CAMA4QJPCCFZHDZSF,RCSE5U657CBY5ZBRB,BATG4DZDSCDZL63CD,,,,,,,,Mini 4 Pro,SYNMZ33A9BQ4SU4PD,,,,DJI Fly,,1.13.5,466048C3-8E61-5950-9405-6158B9C4AA69,,,,,,,,,,
1773827468,3m 8.0s,188.0,51.18245852,-1.82169327,111.5,124.7,30.0,291.5,990.8,8.948,9.395,-0.826,,-8.910,,-0.000,,1.40,0.00,264.7,264.7,,SMART_RTH,,,18,4,TRUE,,Mini 4 Pro,,,,,,FALSE,TRUE,,,,,,,,,,,,,,,,,,,,,,,,,,,,,,,,,,,,,,,,,,,,,,,,86.7,,,,8.143,,,,,,,6.796,,,,,,,,,,,,,,,,,,,,,,,,,,,,,,,,51.18240000,-1.82270000,231.2,,,,,,,,,,,,,,,,,,,,,,,,,,,,Mini 4 Pro,SYNMZ33A9BQ4SU4PD,CAMA4QJPCCFZHDZSF,RCSE5U657CBY5ZBRB,BATG4DZDSCDZL63CD,,,,,,,,Mini 4 Pro,SYNMZ33A9BQ4SU4PD,,,,DJI Fly,,1.13.5,466048C3-8E61-5950-9405-6158B9C4AA69,,,,,,,,,,
1773827469,3m 9.0s,189.0,51.18245520,-1.82175041,111.5,124.7,30.0,291.5,1003.9,8.948,9.395,-0.826,,-8.910,,-0.000,,1.40,0.00,264.7,264.7,,SMART_RTH,,,18,4,TRUE,,Mini 4 Pro,,,,,,FALSE,TRUE,,,,,,,,,,,,,,,,,,,,,,,,,,,,,,,,,,,,,,,,,,,,,,,,86.7,,,,8.143,,,,,,,6.796,,,,,,,,,,,,,,,,,,,,,,,,,,,,,,,,51.18240000,-1.82270000,218.1,,,,,,,,,,,,,,,,,,,,,,,,,,,,Mini 4 Pro,SYNMZ33A9BQ4SU4PD,CAMA4QJPCCFZHDZSF,RCSE5U657CBY5ZBRB,BATG4DZDSCDZL63CD,,,,,,,,Mini 4 Pro,SYNMZ33A9BQ4SU4PD,,,,DJI Fly,,1.13.5,466048C3-8E61-5950-9405-6158B9C4AA69,,,,,,,,,,
1773827470,3m 10.0s,190.0,51.18245187,-1.82180755,111.5,124.7,30.0,291.5,1017.0,8.948,9.395,-0.826,,-8.910,,-0.000,,1.40,0.00,264.7,264.7,,SMART_RTH,,,18,4,TRUE,,Mini 4 Pro,,,,,,FALSE,TRUE,,,,,,,,,,,,,,,,,,,,,,,,,,,,,,,,,,,,,,,,,,,,,,,,86.7,,,,8.143,,,,,,,6.796,,,,,,,,,,,,,,,,,,,,,,,,,,,,,,,,51.18240000,-1.82270000,205.0,,,,,,,,,,,,,,,,,,,,,,,,,,,,Mini 4 Pro,SYNMZ33A9BQ4SU4PD,CAMA4QJPCCFZHDZSF,RCSE5U657CBY5ZBRB,BATG4DZDSCDZL63CD,,,,,,,,Mini 4 Pro,SYNMZ33A9BQ4SU4PD,,,,DJI Fly,,1.13.5,466048C3-8E61-5950-9405-6158B9C4AA69,,,,,,,,,,
1773827471,3m 11.0s,191.0,51.18244855,-1.82186470,111.5,124.7,30.0,291.5,1030.2,8.948,9.395,-0.826,,-8.910,,-0.000,,1.40,0.00,264.7,264.7,,SMART_RTH,,,18,4,TRUE,,Mini 4 Pro,,,,,,FALSE,TRUE,,,,,,,,,,,,,,,,,,,,,,,,,,,,,,,,,,,,,,,,,,,,,,,,86.7,,,,8.143,,,,,,,6.796,,,,,,,,,,,,,,,,,,,,,,,,,,,,,,,,51.18240000,-1.82270000,191.8,,,,,,,,,,,,,,,,,,,,,,,,,,,,Mini 4 Pro,SYNMZ33A9BQ4SU4PD,CAMA4QJPCCFZHDZSF,RCSE5U657CBY5ZBRB,BATG4DZDSCDZL63CD,,,,,,,,Mini 4 Pro,SYNMZ33A9BQ4SU4PD,,,,DJI Fly,,1.13.5,466048C3-8E61-5950-9405-6158B9C4AA69,,,,,,,,,,
1773827472,3m 12.0s,192.0,51.18244523,-1.82192184,111.5,124.7,30.0,291.5,1043.3,8.948,9.395,-0.826,,-8.910,,-0.000,,1.40,0.00,264.7,264.7,,SMART_RTH,,,18,4,TRUE,,Mini 4 Pro,,,,,,FALSE,TRUE,,,,,,,,,,,,,,,,,,,,,,,,,,,,,,,,,,,,,,,,,,,,,,,,86.6,,,,8.143,,,,,,,6.796,,,,,,,,,,,,,,,,,,,,,,,,,,,,,,,,51.18240000,-1.82270000,178.7,,,,,,,,,,,,,,,,,,,,,,,,,,,,Mini 4 Pro,SYNMZ33A9BQ4SU4PD,CAMA4QJPCCFZHDZSF,RCSE5U657CBY5ZBRB,BATG4DZDSCDZL63CD,,,,,,,,Mini 4 Pro,SYNMZ33A9BQ4SU4PD,,,,DJI Fly,,1.13.5,466048C3-8E61-5950-9405-6158B9C4AA69,,,,,,,,,,
1773827473,3m 13.0s,193.0,51.18244191,-1.82197898,111.5,124.7,30.0,291.5,1056.4,8.948,9.395,-0.826,,-8.910,,-0.000,,1.40,0.00,264.7,264.7,,SMART_RTH,,,18,4,TRUE,,Mini 4 Pro,,,,,,FALSE,TRUE,,,,,,,,,,,,,,,,,,,,,,,,,,,,,,,,,,,,,,,,,,,,,,,,86.6,,,,8.143,,,,,,,6.796,,,,,,,,,,,,,,,,,,,,,,,,,,,,,,,,51.18240000,-1.82270000,165.6,,,,,,,,,,,,,,,,,,,,,,,,,,,,Mini 4 Pro,SYNMZ33A9BQ4SU4PD,CAMA4QJPCCFZHDZSF,RCSE5U657CBY5ZBRB,BATG4DZDSCDZL63CD,,,,,,,,Mini 4 Pro,SYNMZ33A9BQ4SU4PD,,,,DJI Fly,,1.13.5,466048C3-8E61-5950-9405-6158B9C4AA69,,,,,,,,,,
1773827474,3m 14.0s,194.0,51.18243859,-1.82203612,111.5,124.7,30.0,291.5,1069.5,8.948,9.395,-0.826,,-8.910,,-0.000,,1.40,0.00,264.7,264.7,,SMART_RTH,,,18,4,TRUE,,Mini 4 Pro,,,,,,FALSE,TRUE,,,,,,,,,,,,,,,,,,,,,,,,,,,,,,,,,,,,,,,,,,,,,,,,86.6,,,,8.143,,,,,,,6.796,,,,,,,,,,,,,,,,,,,,,,,,,,,,,,,,51.18240000,-1.82270000,152.5,,,,,,,,,,,,,,,,,,,,,,,,,,,,Mini 4 Pro,SYNMZ33A9BQ4SU4PD,CAMA4QJPCCFZHDZSF,RCSE5U657CBY5ZBRB,BATG4DZDSCDZL63CD,,,,,,,,Mini 4 Pro,SYNMZ33A9BQ4SU4PD,,,,DJI Fly,,1.13.5,466048C3-8E61-5950-9405-6158B9C4AA69,,,,,,,,,,
1773827475,3m 15.0s,195.0,51.18243527,-1.82209327,111.5,124.7,30.0,291.5,1082.7,8.948,9.395,-0.826,,-8.910,,-0.000,,1.40,0.00,264.7,264.7,,SMART_RTH,,,18,4,TRUE,,Mini 4 Pro,,,,,,FALSE,TRUE,,,,,,,,,,,,,,,,,,,,,,,,,,,,,,,,,,,,,,,,,,,,,,,,86.6,,,,8.143,,,,,,,6.796,,,,,,,,,,,,,,,,,,,,,,,,,,,,,,,,51.18240000,-1.82270000,139.3,,,,,,,,,,,,,,,,,,,,,,,,,,,,Mini 4 Pro,SYNMZ33A9BQ4SU4PD,CAMA4QJPCCFZHDZSF,RCSE5U657CBY5ZBRB,BATG4DZDSCDZL63CD,,,,,,,,Mini 4 Pro,SYNMZ33A9BQ4SU4PD,,,,DJI Fly,,1.13.5,466048C3-8E61-5950-9405-6158B9C4AA69,,,,,,,,,,
1773827476,3m 16.0s,196.0,51.18243195,-1.82215041,111.5,124.7,30.0,291.5,1095.8,8.948,9.395,-0.826,,-8.910,,-0.000,,1.40,0.00,264.7,264.7,,SMART_RTH,,,18,4,TRUE,,Mini 4 Pro,,,,,,FALSE,TRUE,,,,,,,,,,,,,,,,,,,,,,,,,,,,,,,,,,,,,,,,,,,,,,,,86.6,,,,8.142,,,,,,,6.796,,,,,,,,,,,,,,,,,,,,,,,,,,,,,,,,51.18240000,-1.82270000,126.2,,,,,,,,,,,,,,,,,,,,,,,,,,,,Mini 4 Pro,SYNMZ33A9BQ4SU4PD,CAMA4QJPCCFZHDZSF,RCSE5U657CBY5ZBRB,BATG4DZDSCDZL63CD,,,,,,,,Mini 4 Pro,SYNMZ33A9BQ4SU4PD,,,,DJI Fly,,1.13.5,466048C3-8E61-5950-9405-6158B9C4AA69,,,,,,,,,,
1773827477,3m 17.0s,197.0,51.18242862,-1.82220755,111.5,124.7,30.0,291.5,1108.9,8.948,9.395,-0.826,,-8.910,,-0.000,,1.40,0.00,264.7,264.7,,SMART_RTH,,,18,4,TRUE,,Mini 4 Pro,,,,,,FALSE,TRUE,,,,,,,,,,,,,,,,,,,,,,,,,,,,,,,,,,,,,,,,,,,,,,,,86.6,,,,8.142,,,,,,,6.796,,,,,,,,,,,,,,,,,,,,,,,,,,,,,,,,51.18240000,-1.82270000,113.1,,,,,,,,,,,,,,,,,,,,,,,,,,,,Mini 4 Pro,SYNMZ33A9BQ4SU4PD,CAMA4QJPCCFZHDZSF,RCSE5U657CBY5ZBRB,BATG4DZDSCDZL63CD,,,,,,,,Mini 4 Pro,SYNMZ33A9BQ4SU4PD,,,,DJI Fly,,1.13.5,466048C3-8E61-5950-9405-6158B9C4AA69,,,,,,,,,,
1773827478,3m 18.0s,198.0,51.18242530,-1.82226469,111.5,124.7,30.0,291.5,1122.0,8.948,9.395,-0.826,,-8.910,,-0.000,,1.40,0.00,264.7,264.7,,SMART_RTH,,,18,4,TRUE,,Mini 4 Pro,,,,,,FALSE,TRUE,,,,,,,,,,,,,,,,,,,,,,,,,,,,,,,,,,,,,,,,,,,,,,,,86.6,,,,8.142,,,,,,,6.796,,,,,,,,,,,,,,,,,,,,,,,,,,,,,,,,51.18240000,-1.82270000,100.0,,,,,,,,,,,,,,,,,,,,,,,,,,,,Mini 4 Pro,SYNMZ33A9BQ4SU4PD,CAMA4QJPCCFZHDZSF,RCSE5U657CBY5ZBRB,BATG4DZDSCDZL63CD,,,,,,,,Mini 4 Pro,SYNMZ33A9BQ4SU4PD,,,,DJI Fly,,1.13.5,466048C3-8E61-5950-9405-6158B9C4AA69,,,,,,,,,,
1773827479,3m 19.0s,199.0,51.18242198,-1.82232183,111.5,124.7,30.0,291.5,1135.2,8.948,9.395,-0.826,,-8.910,,-0.000,,1.40,0.00,264.7,264.7,,SMART_RTH,,,18,4,TRUE,,Mini 4 Pro,,,,,,FALSE,TRUE,,,,,,,,,,,,,,,,,,,,,,,,,,,,,,,,,,,,,,,,,,,,,,,,86.6,,,,8.142,,,,,,,6.796,,,,,,,,,,,,,,,,,,,,,,,,,,,,,,,,51.18240000,-1.82270000,86.9,,,,,,,,,,,,,,,,,,,,,,,,,,,,Mini 4 Pro,SYNMZ33A9BQ4SU4PD,CAMA4QJPCCFZHDZSF,RCSE5U657CBY5ZBRB,BATG4DZDSCDZL63CD,,,,,,,,Mini 4 Pro,SYNMZ33A9BQ4SU4PD,,,,DJI Fly,,1.13.5,466048C3-8E61-5950-9405-6158B9C4AA69,,,,,,,,,,
1773827480,3m 20.0s,200.0,51.18241866,-1.82237898,111.5,124.7,30.0,291.5,1148.3,8.948,9.395,-0.826,,-8.910,,-0.000,,1.40,0.00,264.7,264.7,,SMART_RTH,,,18,4,TRUE,,Mini 4 Pro,,,,,,FALSE,TRUE,,,,,,,,,,,,,,,,,,,,,,,,,,,,,,,,,,,,,,,,,,,,,,,,86.6,,,,8.142,,,,,,,6.796,,,,,,,,,,,,,,,,,,,,,,,,,,,,,,,,51.18240000,-1.82270000,73.7,,,,,,,,,,,,,,,,,,,,,,,,,,,,Mini 4 Pro,SYNMZ33A9BQ4SU4PD,CAMA4QJPCCFZHDZSF,RCSE5U657CBY5ZBRB,BATG4DZDSCDZL63CD,,,,,,,,Mini 4 Pro,SYNMZ33A9BQ4SU4PD,,,,DJI Fly,,1.13.5,466048C3-8E61-5950-9405-6158B9C4AA69,,,,,,,,,,
1773827481,3m 21.0s,201.0,51.18241534,-1.82243612,111.5,124.7,30.0,291.5,1161.4,8.948,9.395,-0.826,,-8.910,,-0.000,,1.40,0.00,264.7,264.7,,SMART_RTH,,,18,4,TRUE,,Mini 4 Pro,,,,,,FALSE,TRUE,,,,,,,,,,,,,,,,,,,,,,,,,,,,,,,,,,,,,,,,,,,,,,,,86.6,,,,8.142,,,,,,,6.796,,,,,,,,,,,,,,,,,,,,,,,,,,,,,,,,51.18240000,-1.82270000,60.6,,,,,,,,,,,,,,,,,,,,,,,,,,,,Mini 4 Pro,SYNMZ33A9BQ4SU4PD,CAMA4QJPCCFZHDZSF,RCSE5U657CBY5ZBRB,BATG4DZDSCDZL63CD,,,,,,,,Mini 4 Pro,SYNMZ33A9BQ4SU4PD,,,,DJI Fly,,1.13.5,466048C3-8E61-5950-9405-6158B9C4AA69,,,,,,,,,,
1773827482,3m 22.0s,202.0,51.18241202,-1.82249326,111.5,124.7,30.0,291.5,1174.5,8.948,9.395,-0.826,,-8.910,,-0.000,,1.40,0.00,264.7,264.7,,SMART_RTH,,,18,4,TRUE,,Mini 4 Pro,,,,,,FALSE,TRUE,,,,,,,,,,,,,,,,,,,,,,,,,,,,,,,,,,,,,,,,,,,,,,,,86.6,,,,8.142,,,,,,,6.796,,,,,,,,,,,,,,,,,,,,,,,,,,,,,,,,51.18240000,-1.82270000,47.5,,,,,,,,,,,,,,,,,,,,,,,,,,,,Mini 4 Pro,SYNMZ33A9BQ4SU4PD,CAMA4QJPCCFZHDZSF,RCSE5U657CBY5ZBRB,BATG4DZDSCDZL63CD,,,,,,,,Mini 4 Pro,SYNMZ33A9BQ4SU4PD,,,,DJI Fly,,1.13.5,466048C3-8E61-5950-9405-6158B9C4AA69,,,,,,,,,,
1773827483,3m 23.0s,203.0,51.18240870,-1.82255040,111.5,124.7,30.0,291.5,1187.6,8.948,9.395,-0.826,,-8.910,,-0.000,,1.40,0.00,264.7,264.7,,SMART_RTH,,,18,4,TRUE,,Mini 4 Pro,,,,,,FALSE,TRUE,,,,,,,,,,,,,,,,,,,,,,,,,,,,,,,,,,,,,,,,,,,,,,,,86.6,,,,8.142,,,,,,,6.796,,,,,,,,,,,,,,,,,,,,,,,,,,,,,,,,51.18240000,-1.82270000,34.4,,,,,,,,,,,,,,,,,,,,,,,,,,,,Mini 4 Pro,SYNMZ33A9BQ4SU4PD,CAMA4QJPCCFZHDZSF,RCSE5U657CBY5ZBRB,BATG4DZDSCDZL63CD,,,,,,,,Mini 4 Pro,SYNMZ33A9BQ4SU4PD,,,,DJI Fly,,1.13.5,466048C3-8E61-5950-9405-6158B9C4AA69,,,,,,,,,,
1773827484,3m 24.0s,204.0,51.18240537,-1.82260755,111.5,124.7,30.0,291.5,1200.8,8.948,9.395,-0.826,,-8.910,,-0.000,,1.40,0.00,264.7,264.7,,SMART_RTH,,,18,4,TRUE,,Mini 4 Pro,,,,,,FALSE,TRUE,,,,,,,,,,,,,,,,,,,,,,,,,,,,,,,,,,,,,,,,,,,,,,,,86.5,,,,8.141,,,,,,,6.796,,,,,,,,,,,,,,,,,,,,,,,,,,,,,,,,51.18240000,-1.82270000,21.2,,,,,,,,,,,,,,,,,,,,,,,,,,,,Mini 4 Pro,SYNMZ33A9BQ4SU4PD,CAMA4QJPCCFZHDZSF,RCSE5U657CBY5ZBRB,BATG4DZDSCDZL63CD,,,,,,,,Mini 4 Pro,SYNMZ33A9BQ4SU4PD,,,,DJI Fly,,1.13.5,466048C3-8E61-5950-9405-6158B9C4AA69,,,,,,,,,,
1773827485,3m 25.0s,205.0,51.18240205,-1.82266469,111.5,124.7,30.0,291.5,1213.9,8.948,9.395,-0.826,,-8.910,,-0.000,,1.40,0.00,264.7,264.7,,SMART_RTH,,,18,4,TRUE,,Mini 4 Pro,,,,,,FALSE,TRUE,,,,,,,,,,,,,,,,,,,,,,,,,,,,,,,,,,,,,,,,,,,,,,,,86.5,,,,8.141,,,,,,,6.796,,,,,,,,,,,,,,,,,,,,,,,,,,,,,,,,51.18240000,-1.82270000,8.1,,,,,,,,,,,,,,,,,,,,,,,,,,,,Mini 4 Pro,SYNMZ33A9BQ4SU4PD,CAMA4QJPCCFZHDZSF,RCSE5U657CBY5ZBRB,BATG4DZDSCDZL63CD,,,,,,,,Mini 4 Pro,SYNMZ33A9BQ4SU4PD,,,,DJI Fly,,1.13.5,466048C3-8E61-5950-9405-6158B9C4AA69,,,,,,,,,,
1773827486,3m 26.0s,206.0,51.18240000,-1.82270000,111.5,124.7,30.0,291.5,1222.0,5.529,9.395,-0.511,,-5.506,,-0.000,,0.87,0.00,264.7,264.7,,SMART_RTH,,,18,4,TRUE,,Mini 4 Pro,,,,,,FALSE,TRUE,,,,,,,,,,,,,,,,,,,,,,,,,,,,,,,,,,,,,,,,,,,,,,,,86.5,,,,8.141,,,,,,,5.956,,,,,,,,,,,,,,,,,,,,,,,,,,,,,,,,51.18240000,-1.82270000,0.0,,,,,,,,,,,,,,,,,,,,,,,,,,,,Mini 4 Pro,SYNMZ33A9BQ4SU4PD,CAMA4QJPCCFZHDZSF,RCSE5U657CBY5ZBRB,BATG4DZDSCDZL63CD,,,,,,,,Mini 4 Pro,SYNMZ33A9BQ4SU4PD,,,,DJI Fly,,1.13.5,466048C3-8E61-5950-9405-6158B9C4AA69,,,,,,,,,,
1773827487,3m 27.0s,207.0,51.18240000,-1.82270000,111.5,124.7,30.0,291.5,1222.0,0.000,9.395,0.000,,0.000,,-0.000,,0.00,0.00,264.7,264.7,,SMART_RTH,,,18,4,TRUE,,Mini 4 Pro,,,,,,FALSE,TRUE,,,,,,,,,,,,,,,,,,,,,,,,,,,,,,,,,,,,,,,,,,,,,,,,86.5,,,,8.141,,,,,,,4.596,,,,,,,,,,,,,,,,,,,,,,,,,,,,,,,,51.18240000,-1.82270000,0.0,,,,,,,,,,,,,,,,,,,,,,,,,,,,Mini 4 Pro,SYNMZ33A9BQ4SU4PD,CAMA4QJPCCFZHDZSF,RCSE5U657CBY5ZBRB,BATG4DZDSCDZL63CD,,,,,,,,Mini 4 Pro,SYNMZ33A9BQ4SU4PD,,,,DJI Fly,,1.13.5,466048C3-8E61-5950-9405-6158B9C4AA69,,,,,,,,,,
1773827488,3m 28.0s,208.0,51.18240000,-1.82270000,111.5,124.7,30.0,291.5,1222.0,0.000,9.395,0.000,,0.000,,-0.000,,0.00,0.00,264.7,264.7,,SMART_RTH,,,18,4,TRUE,,Mini 4 Pro,,,,,,FALSE,TRUE,,,,,,,,,,,,,,,,,,,,,,,,,,,,,,,,,,,,,,,,,,,,,,,,86.5,,,,8.141,,,,,,,4.596,,,,,,,,,,,,,,,,,,,,,,,,,,,,,,,,51.18240000,-1.82270000,0.0,,,,,,,,,,,,,,,,,,,,,,,,,,,,Mini 4 Pro,SYNMZ33A9BQ4SU4PD,CAMA4QJPCCFZHDZSF,RCSE5U657CBY5ZBRB,BATG4DZDSCDZL63CD,,,,,,,,Mini 4 Pro,SYNMZ33A9BQ4SU4PD,,,,DJI Fly,,1.13.5,466048C3-8E61-5950-9405-6158B9C4AA69,,,,,,,,,,
1773827489,3m 29.0s,209.0,51.18240000,-1.82270000,111.5,124.7,30.0,291.5,1222.0,0.000,9.395,0.000,,0.000,,-0.000,,0.00,0.00,264.7,264.7,,SMART_RTH,,,18,4,TRUE,,Mini 4 Pro,,,,,,FALSE,TRUE,,,,,,,,,,,,,,,,,,,,,,,,,,,,,,,,,,,,,,,,,,,,,,,,86.5,,,,8.141,,,,,,,4.596,,,,,,,,,,,,,,,,,,,,,,,,,,,,,,,,51.18240000,-1.82270000,0.0,,,,,,,,,,,,,,,,,,,,,,,,,,,,Mini 4 Pro,SYNMZ33A9BQ4SU4PD,CAMA4QJPCCFZHDZSF,RCSE5U657CBY5ZBRB,BATG4DZDSCDZL63CD,,,,,,,,Mini 4 Pro,SYNMZ33A9BQ4SU4PD,,,,DJI Fly,,1.13.5,466048C3-8E61-5950-9405-6158B9C4AA69,,,,,,,,,,
1773827490,3m 30.0s,210.0,51.18240000,-1.82270000,111.5,124.7,30.0,291.5,1222.0,0.000,9.395,0.000,,0.000,,-0.000,,0.00,0.00,264.7,264.7,,SMART_RTH,,,18,4,TRUE,,Mini 4 Pro,,,,,,FALSE,TRUE,,,,,,,,,,,,,,,,,,,,,,,,,,,,,,,,,,,,,,,,,,,,,,,,86.5,,,,8.141,,,,,,,4.596,,,,,,,,,,,,,,,,,,,,,,,,,,,,,,,,51.18240000,-1.82270000,0.0,,,,,,,,,,,,,,,,,,,,,,,,,,,,Mini 4 Pro,SYNMZ33A9BQ4SU4PD,CAMA4QJPCCFZHDZSF,RCSE5U657CBY5ZBRB,BATG4DZDSCDZL63CD,,,,,,,,Mini 4 Pro,SYNMZ33A9BQ4SU4PD,,,,DJI Fly,,1.13.5,466048C3-8E61-5950-9405-6158B9C4AA69,,,,,,,,,,
1773827491,3m 31.0s,211.0,51.18240000,-1.82270000,111.5,124.7,30.0,291.5,1222.0,0.000,9.395,0.000,,0.000,,-0.000,,0.00,0.00,264.7,264.7,,SMART_RTH,,,18,4,TRUE,,Mini 4 Pro,,,,,,FALSE,TRUE,,,,,,,,,,,,,,,,,,,,,,,,,,,,,,,,,,,,,,,,,,,,,,,,86.5,,,,8.141,,,,,,,4.596,,,,,,,,,,,,,,,,,,,,,,,,,,,,,,,,51.18240000,-1.82270000,0.0,,,,,,,,,,,,,,,,,,,,,,,,,,,,Mini 4 Pro,SYNMZ33A9BQ4SU4PD,CAMA4QJPCCFZHDZSF,RCSE5U657CBY5ZBRB,BATG4DZDSCDZL63CD,,,,,,,,Mini 4 Pro,SYNMZ33A9BQ4SU4PD,,,,DJI Fly,,1.13.5,466048C3-8E61-5950-9405-6158B9C4AA69,,,,,,,,,,
1773827492,3m 32.0s,212.0,51.18240000,-1.82270000,111.5,124.7,30.0,291.5,1222.0,0.000,9.395,0.000,,0.000,,-0.000,,0.00,0.00,264.7,264.7,,SMART_RTH,,,18,4,TRUE,,Mini 4 Pro,,,,,,FALSE,TRUE,,,,,,,,,,,,,,,,,,,,,,,,,,,,,,,,,,,,,,,,,,,,,,,,86.5,,,,8.141,,,,,,,4.596,,,,,,,,,,,,,,,,,,,,,,,,,,,,,,,,51.18240000,-1.82270000,0.0,,,,,,,,,,,,,,,,,,,,,,,,,,,,Mini 4 Pro,SYNMZ33A9BQ4SU4PD,CAMA4QJPCCFZHDZSF,RCSE5U657CBY5ZBRB,BATG4DZDSCDZL63CD,,,,,,,,Mini 4 Pro,SYNMZ33A9BQ4SU4PD,,,,DJI Fly,,1.13.5,466048C3-8E61-5950-9405-6158B9C4AA69,,,,,,,,,,
1773827493,3m 33.0s,213.0,51.18240000,-1.82270000,111.5,124.7,30.0,291.5,1222.0,0.000,9.395,0.000,,0.000,,-0.000,,0.00,0.00,264.7,264.7,,SMART_RTH,,,18,4,TRUE,,Mini 4 Pro,,,,,,FALSE,TRUE,,,,,,,,,,,,,,,,,,,,,,,,,,,,,,,,,,,,,,,,,,,,,,,,86.5,,,,8.141,,,,,,,4.596,,,,,,,,,,,,,,,,,,,,,,,,,,,,,,,,51.18240000,-1.82270000,0.0,,,,,,,,,,,,,,,,,,,,,,,,,,,,Mini 4 Pro,SYNMZ33A9BQ4SU4PD,CAMA4QJPCCFZHDZSF,RCSE5U657CBY5ZBRB,BATG4DZDSCDZL63CD,,,,,,,,Mini 4 Pro,SYNMZ33A9BQ4SU4PD,,,,DJI Fly,,1.13.5,466048C3-8E61-5950-9405-6158B9C4AA69,,,,,,,,,,
1773827494,3m 34.0s,214.0,51.18240000,-1.82270000,111.5,124.7,30.0,291.5,1222.0,0.000,9.395,0.000,,0.000,,-0.000,,0.00,0.00,264.7,264.7,,SMART_RTH,,,18,4,TRUE,,Mini 4 Pro,,,,,,FALSE,TRUE,,,,,,,,,,,,,,,,,,,,,,,,,,,,,,,,,,,,,,,,,,,,,,,,86.5,,,,8.140,,,,,,,4.596,,,,,,,,,,,,,,,,,,,,,,,,,,,,,,,,51.18240000,-1.82270000,0.0,,,,,,,,,,,,,,,,,,,,,,,,,,,,Mini 4 Pro,SYNMZ33A9BQ4SU4PD,CAMA4QJPCCFZHDZSF,RCSE5U657CBY5ZBRB,BATG4DZDSCDZL63CD,,,,,,,,Mini 4 Pro,SYNMZ33A9BQ4SU4PD,,,,DJI Fly,,1.13.5,466048C3-8E61-5950-9405-6158B9C4AA69,,,,,,,,,,
1773827495,3m 35.0s,215.0,51.18240000,-1.82270000,111.5,124.7,30.0,291.5,1222.0,0.000,9.395,0.000,,0.000,,-0.000,,0.00,0.00,264.7,264.7,,SMART_RTH,,,18,4,TRUE,,Mini 4 Pro,,,,,,FALSE,TRUE,,,,,,,,,,,,,,,,,,,,,,,,,,,,,,,,,,,,,,,,,,,,,,,,86.5,,,,8.140,,,,,,,4.596,,,,,,,,,,,,,,,,,,,,,,,,,,,,,,,,51.18240000,-1.82270000,0.0,,,,,,,,,,,,,,,,,,,,,,,,,,,,Mini 4 Pro,SYNMZ33A9BQ4SU4PD,CAMA4QJPCCFZHDZSF,RCSE5U657CBY5ZBRB,BATG4DZDSCDZL63CD,,,,,,,,Mini 4 Pro,SYNMZ33A9BQ4SU4PD,,,,DJI Fly,,1.13.5,466048C3-8E61-5950-9405-6158B9C4AA69,,,,,,,,,,
1773827496,3m 36.0s,216.0,51.18240000,-1.82270000,111.5,124.7,30.0,291.5,1222.0,0.000,9.395,0.000,,0.000,,-0.000,,0.00,0.00,264.7,264.7,,SMART_RTH,,,18,4,TRUE,,Mini 4 Pro,,,,,,FALSE,TRUE,,,,,,,,,,,,,,,,,,,,,,,,,,,,,,,,,,,,,,,,,,,,,,,,86.5,,,,8.140,,,,,,,4.596,,,,,,,,,,,,,,,,,,,,,,,,,,,,,,,,51.18240000,-1.82270000,0.0,,,,,,,,,,,,,,,,,,,,,,,,,,,,Mini 4 Pro,SYNMZ33A9BQ4SU4PD,CAMA4QJPCCFZHDZSF,RCSE5U657CBY5ZBRB,BATG4DZDSCDZL63CD,,,,,,,,Mini 4 Pro,SYNMZ33A9BQ4SU4PD,,,,DJI Fly,,1.13.5,466048C3-8E61-5950-9405-6158B9C4AA69,,,,,,,,,,
1773827497,3m 37.0s,217.0,51.18240000,-1.82270000,111.5,124.7,30.0,291.5,1222.0,0.000,9.395,0.000,,0.000,,-0.000,,0.00,0.00,264.7,264.7,,SMART_RTH,,,18,4,TRUE,,Mini 4 Pro,,,,,,FALSE,TRUE,,,,,,,,,,,,,,,,,,,,,,,,,,,,,,,,,,,,,,,,,,,,,,,,86.5,,,,8.140,,,,,,,4.596,,,,,,,,,,,,,,,,,,,,,,,,,,,,,,,,51.18240000,-1.82270000,0.0,,,,,,,,,,,,,,,,,,,,,,,,,,,,Mini 4 Pro,SYNMZ33A9BQ4SU4PD,CAMA4QJPCCFZHDZSF,RCSE5U657CBY5ZBRB,BATG4DZDSCDZL63CD,,,,,,,,Mini 4 Pro,SYNMZ33A9BQ4SU4PD,,,,DJI Fly,,1.13.5,466048C3-8E61-5950-9405-6158B9C4AA69,,,,,,,,,,
1773827498,3m 38.0s,218.0,51.18240000,-1.82270000,111.5,124.7,30.0,291.5,1222.0,0.000,9.395,0.000,,0.000,,-0.000,,0.00,0.00,264.7,264.7,,SMART_RTH,,,18,4,TRUE,,Mini 4 Pro,,,,,,FALSE,TRUE,,,,,,,,,,,,,,,,,,,,,,,,,,,,,,,,,,,,,,,,,,,,,,,,86.5,,,,8.140,,,,,,,4.596,,,,,,,,,,,,,,,,,,,,,,,,,,,,,,,,51.18240000,-1.82270000,0.0,,,,,,,,,,,,,,,,,,,,,,,,,,,,Mini 4 Pro,SYNMZ33A9BQ4SU4PD,CAMA4QJPCCFZHDZSF,RCSE5U657CBY5ZBRB,BATG4DZDSCDZL63CD,,,,,,,,Mini 4 Pro,SYNMZ33A9BQ4SU4PD,,,,DJI Fly,,1.13.5,466048C3-8E61-5950-9405-6158B9C4AA69,,,,,,,,,,
1773827499,3m 39.0s,219.0,51.18240000,-1.82270000,106.3,124.7,30.0,286.3,1222.0,0.000,9.395,0.000,,0.000,,3.579,,-6.40,0.00,264.7,264.7,,LANDING,,,18,4,TRUE,,Mini 4 Pro,,,,,,FALSE,TRUE,,,,,,,,,,,,,,,,,,,,,,,,,,,,,,,,,,,,,,,,,,,,,,,,86.5,,,,8.140,,,,,,,4.596,,,,,,,,,,,,,,,,,,,,,,,,,,,,,,,,51.18240000,-1.82270000,0.0,,,,,,,,,,,,,,,,,,,,,,,,,,,,Mini 4 Pro,SYNMZ33A9BQ4SU4PD,CAMA4QJPCCFZHDZSF,RCSE5U657CBY5ZBRB,BATG4DZDSCDZL63CD,,,,,,,,Mini 4 Pro,SYNMZ33A9BQ4SU4PD,,,,DJI Fly,,1.13.5,466048C3-8E61-5950-9405-6158B9C4AA69,,,,,,,,,,
1773827500,3m 40.0s,220.0,51.18240000,-1.82270000,101.0,124.7,30.0,281.0,1222.0,0.000,9.395,0.000,,0.000,,3.579,,-6.40,0.00,264.7,264.7,,LANDING,,,18,4,TRUE,,Mini 4 Pro,,,,,,FALSE,TRUE,,,,,,,,,,,,,,,,,,,,,,,,,,,,,,,,,,,,,,,,,,,,,,,,86.4,,,,8.140,,,,,,,4.596,,,,,,,,,,,,,,,,,,,,,,,,,,,,,,,,51.18240000,-1.82270000,0.0,,,,,,,,,,,,,,,,,,,,,,,,,,,,Mini 4 Pro,SYNMZ33A9BQ4SU4PD,CAMA4QJPCCFZHDZSF,RCSE5U657CBY5ZBRB,BATG4DZDSCDZL63CD,,,,,,,,Mini 4 Pro,SYNMZ33A9BQ4SU4PD,,,,DJI Fly,,1.13.5,466048C3-8E61-5950-9405-6158B9C4AA69,,,,,,,,,,
1773827501,3m 41.0s,221.0,51.18240000,-1.82270000,95.8,124.7,30.0,275.8,1222.0,0.000,9.395,0.000,,0.000,,3.579,,-6.40,0.00,264.7,264.7,,LANDING,,,18,4,TRUE,,Mini 4 Pro,,,,,,FALSE,TRUE,,,,,,,,,,,,,,,,,,,,,,,,,,,,,,,,,,,,,,,,,,,,,,,,86.4,,,,8.140,,,,,,,4.596,,,,,,,,,,,,,,,,,,,,,,,,,,,,,,,,51.18240000,-1.82270000,0.0,,,,,,,,,,,,,,,,,,,,,,,,,,,,Mini 4 Pro,SYNMZ33A9BQ4SU4PD,CAMA4QJPCCFZHDZSF,RCSE5U657CBY5ZBRB,BATG4DZDSCDZL63CD,,,,,,,,Mini 4 Pro,SYNMZ33A9BQ4SU4PD,,,,DJI Fly,,1.13.5,466048C3-8E61-5950-9405-6158B9C4AA69,,,,,,,,,,
1773827502,3m 42.0s,222.0,51.18240000,-1.82270000,90.6,124.7,30.0,270.6,1222.0,0.000,9.395,0.000,,0.000,,3.579,,-6.40,0.00,264.7,264.7,,LANDING,,,18,4,TRUE,,Mini 4 Pro,,,,,,FALSE,TRUE,,,,,,,,,,,,,,,,,,,,,,,,,,,,,,,,,,,,,,,,,,,,,,,,86.4,,,,8.140,,,,,,,4.596,,,,,,,,,,,,,,,,,,,,,,,,,,,,,,,,51.18240000,-1.82270000,0.0,,,,,,,,,,,,,,,,,,,,,,,,,,,,Mini 4 Pro,SYNMZ33A9BQ4SU4PD,CAMA4QJPCCFZHDZSF,RCSE5U657CBY5ZBRB,BATG4DZDSCDZL63CD,,,,,,,,Mini 4 Pro,SYNMZ33A9BQ4SU4PD,,,,DJI Fly,,1.13.5,466048C3-8E61-5950-9405-6158B9C4AA69,,,,,,,,,,
1773827503,3m 43.0s,223.0,51.18240000,-1.82270000,85.3,124.7,30.0,265.3,1222.0,0.000,9.395,0.000,,0.000,,3.579,,-6.40,0.00,264.7,264.7,,LANDING,,,18,4,TRUE,,Mini 4 Pro,,,,,,FALSE,TRUE,,,,,,,,,,,,,,,,,,,,,,,,,,,,,,,,,,,,,,,,,,,,,,,,86.4,,,,8.140,,,,,,,4.596,,,,,,,,,,,,,,,,,,,,,,,,,,,,,,,,51.18240000,-1.82270000,0.0,,,,,,,,,,,,,,,,,,,,,,,,,,,,Mini 4 Pro,SYNMZ33A9BQ4SU4PD,CAMA4QJPCCFZHDZSF,RCSE5U657CBY5ZBRB,BATG4DZDSCDZL63CD,,,,,,,,Mini 4 Pro,SYNMZ33A9BQ4SU4PD,,,,DJI Fly,,1.13.5,466048C3-8E61-5950-9405-6158B9C4AA69,,,,,,,,,,
1773827504,3m 44.0s,224.0,51.18240000,-1.82270000,80.1,124.7,30.0,260.1,1222.0,0.000,9.395,0.000,,0.000,,3.579,,-6.40,0.00,264.7,264.7,,LANDING,,,18,4,TRUE,,Mini 4 Pro,,,,,,FALSE,TRUE,,,,,,,,,,,,,,,,,,,,,,,,,,,,,,,,,,,,,,,,,,,,,,,,86.4,,,,8.140,,,,,,,4.596,,,,,,,,,,,,,,,,,,,,,,,,,,,,,,,,51.18240000,-1.82270000,0.0,,,,,,,,,,,,,,,,,,,,,,,,,,,,Mini 4 Pro,SYNMZ33A9BQ4SU4PD,CAMA4QJPCCFZHDZSF,RCSE5U657CBY5ZBRB,BATG4DZDSCDZL63CD,,,,,,,,Mini 4 Pro,SYNMZ33A9BQ4SU4PD,,,,DJI Fly,,1.13.5,466048C3-8E61-5950-9405-6158B9C4AA69,,,,,,,,,,
1773827505,3m 45.0s,225.0,51.18240000,-1.82270000,74.8,124.7,30.0,254.8,1222.0,0.000,9.395,0.000,,0.000,,3.579,,-6.40,0.00,264.7,264.7,,LANDING,,,18,4,TRUE,,Mini 4 Pro,,,,,,FALSE,TRUE,,,,,,,,,,,,,,,,,,,,,,,,,,,,,,,,,,,,,,,,,,,,,,,,86.4,,,,8.140,,,,,,,4.596,,,,,,,,,,,,,,,,,,,,,,,,,,,,,,,,51.18240000,-1.82270000,0.0,,,,,,,,,,,,,,,,,,,,,,,,,,,,Mini 4 Pro,SYNMZ33A9BQ4SU4PD,CAMA4QJPCCFZHDZSF,RCSE5U657CBY5ZBRB,BATG4DZDSCDZL63CD,,,,,,,,Mini 4 Pro,SYNMZ33A9BQ4SU4PD,,,,DJI Fly,,1.13.5,466048C3-8E61-5950-9405-6158B9C4AA69,,,,,,,,,,
1773827506,3m 46.0s,226.0,51.18240000,-1.82270000,69.6,124.7,30.0,249.6,1222.0,0.000,9.395,0.000,,0.000,,3.579,,-6.40,0.00,264.7,264.7,,LANDING,,,18,4,TRUE,,Mini 4 Pro,,,,,,FALSE,TRUE,,,,,,,,,,,,,,,,,,,,,,,,,,,,,,,,,,,,,,,,,,,,,,,,86.4,,,,8.139,,,,,,,4.596,,,,,,,,,,,,,,,,,,,,,,,,,,,,,,,,51.18240000,-1.82270000,0.0,,,,,,,,,,,,,,,,,,,,,,,,,,,,Mini 4 Pro,SYNMZ33A9BQ4SU4PD,CAMA4QJPCCFZHDZSF,RCSE5U657CBY5ZBRB,BATG4DZDSCDZL63CD,,,,,,,,Mini 4 Pro,SYNMZ33A9BQ4SU4PD,,,,DJI Fly,,1.13.5,466048C3-8E61-5950-9405-6158B9C4AA69,,,,,,,,,,
1773827507,3m 47.0s,227.0,51.18240000,-1.82270000,64.3,124.7,30.0,244.3,1222.0,0.000,9.395,0.000,,0.000,,3.579,,-6.40,0.00,264.7,264.7,,LANDING,,,18,4,TRUE,,Mini 4 Pro,,,,,,FALSE,TRUE,,,,,,,,,,,,,,,,,,,,,,,,,,,,,,,,,,,,,,,,,,,,,,,,86.4,,,,8.139,,,,,,,4.596,,,,,,,,,,,,,,,,,,,,,,,,,,,,,,,,51.18240000,-1.82270000,0.0,,,,,,,,,,,,,,,,,,,,,,,,,,,,Mini 4 Pro,SYNMZ33A9BQ4SU4PD,CAMA4QJPCCFZHDZSF,RCSE5U657CBY5ZBRB,BATG4DZDSCDZL63CD,,,,,,,,Mini 4 Pro,SYNMZ33A9BQ4SU4PD,,,,DJI Fly,,1.13.5,466048C3-8E61-5950-9405-6158B9C4AA69,,,,,,,,,,
1773827508,3m 48.0s,228.0,51.18240000,-1.82270000,59.1,124.7,30.0,239.1,1222.0,0.000,9.395,0.000,,0.000,,3.579,,-6.40,0.00,264.7,264.7,,LANDING,,,18,4,TRUE,,Mini 4 Pro,,,,,,FALSE,TRUE,,,,,,,,,,,,,,,,,,,,,,,,,,,,,,,,,,,,,,,,,,,,,,,,86.4,,,,8.139,,,,,,,4.596,,,,,,,,,,,,,,,,,,,,,,,,,,,,,,,,51.18240000,-1.82270000,0.0,,,,,,,,,,,,,,,,,,,,,,,,,,,,Mini 4 Pro,SYNMZ33A9BQ4SU4PD,CAMA4QJPCCFZHDZSF,RCSE5U657CBY5ZBRB,BATG4DZDSCDZL63CD,,,,,,,,Mini 4 Pro,SYNMZ33A9BQ4SU4PD,,,,DJI Fly,,1.13.5,466048C3-8E61-5950-9405-6158B9C4AA69,,,,,,,,,,
1773827509,3m 49.0s,229.0,51.18240000,-1.82270000,53.8,124.7,30.0,233.8,1222.0,0.000,9.395,0.000,,0.000,,3.579,,-6.40,0.00,264.7,264.7,,LANDING,,,18,4,TRUE,,Mini 4 Pro,,,,,,FALSE,TRUE,,,,,,,,,,,,,,,,,,,,,,,,,,,,,,,,,,,,,,,,,,,,,,,,86.4,,,,8.139,,,,,,,4.596,,,,,,,,,,,,,,,,,,,,,,,,,,,,,,,,51.18240000,-1.82270000,0.0,,,,,,,,,,,,,,,,,,,,,,,,,,,,Mini 4 Pro,SYNMZ33A9BQ4SU4PD,CAMA4QJPCCFZHDZSF,RCSE5U657CBY5ZBRB,BATG4DZDSCDZL63CD,,,,,,,,Mini 4 Pro,SYNMZ33A9BQ4SU4PD,,,,DJI Fly,,1.13.5,466048C3-8E61-5950-9405-6158B9C4AA69,,,,,,,,,,
1773827510,3m 50.0s,230.0,51.18240000,-1.82270000,48.6,124.7,30.0,228.6,1222.0,0.000,9.395,0.000,,0.000,,3.579,,-6.40,0.00,264.7,264.7,,LANDING,,,18,4,TRUE,,Mini 4 Pro,,,,,,FALSE,TRUE,,,,,,,,,,,,,,,,,,,,,,,,,,,,,,,,,,,,,,,,,,,,,,,,86.4,,,,8.139,,,,,,,4.596,,,,,,,,,,,,,,,,,,,,,,,,,,,,,,,,51.18240000,-1.82270000,0.0,,,,,,,,,,,,,,,,,,,,,,,,,,,,Mini 4 Pro,SYNMZ33A9BQ4SU4PD,CAMA4QJPCCFZHDZSF,RCSE5U657CBY5ZBRB,BATG4DZDSCDZL63CD,,,,,,,,Mini 4 Pro,SYNMZ33A9BQ4SU4PD,,,,DJI Fly,,1.13.5,466048C3-8E61-5950-9405-6158B9C4AA69,,,,,,,,,,
1773827511,3m 51.0s,231.0,51.18240000,-1.82270000,43.3,124.7,30.0,223.3,1222.0,0.000,9.395,0.000,,0.000,,3.579,,-6.40,0.00,264.7,264.7,,LANDING,,,18,4,TRUE,,Mini 4 Pro,,,,,,FALSE,TRUE,,,,,,,,,,,,,,,,,,,,,,,,,,,,,,,,,,,,,,,,,,,,,,,,86.4,,,,8.139,,,,,,,4.596,,,,,,,,,,,,,,,,,,,,,,,,,,,,,,,,51.18240000,-1.82270000,0.0,,,,,,,,,,,,,,,,,,,,,,,,,,,,Mini 4 Pro,SYNMZ33A9BQ4SU4PD,CAMA4QJPCCFZHDZSF,RCSE5U657CBY5ZBRB,BATG4DZDSCDZL63CD,,,,,,,,Mini 4 Pro,SYNMZ33A9BQ4SU4PD,,,,DJI Fly,,1.13.5,466048C3-8E61-5950-9405-6158B9C4AA69,,,,,,,,,,
1773827512,3m 52.0s,232.0,51.18240000,-1.82270000,38.1,124.7,30.0,218.1,1222.0,0.000,9.395,0.000,,0.000,,3.579,,-6.40,0.00,264.7,264.7,,LANDING,,,18,4,TRUE,,Mini 4 Pro,,,,,,FALSE,TRUE,,,,,,,,,,,,,,,,,,,,,,,,,,,,,,,,,,,,,,,,,,,,,,,,86.4,,,,8.139,,,,,,,4.596,,,,,,,,,,,,,,,,,,,,,,,,,,,,,,,,51.18240000,-1.82270000,0.0,,,,,,,,,,,,,,,,,,,,,,,,,,,,Mini 4 Pro,SYNMZ33A9BQ4SU4PD,CAMA4QJPCCFZHDZSF,RCSE5U657CBY5ZBRB,BATG4DZDSCDZL63CD,,,,,,,,Mini 4 Pro,SYNMZ33A9BQ4SU4PD,,,,DJI Fly,,1.13.5,466048C3-8E61-5950-9405-6158B9C4AA69,,,,,,,,,,
1773827513,3m 53.0s,233.0,51.18240000,-1.82270000,32.8,124.7,30.0,212.8,1222.0,0.000,9.395,0.000,,0.000,,3.579,,-6.40,0.00,264.7,264.7,,LANDING,,,18,4,TRUE,,Mini 4 Pro,,,,,,FALSE,TRUE,,,,,,,,,,,,,,,,,,,,,,,,,,,,,,,,,,,,,,,,,,,,,,,,86.4,,,,8.139,,,,,,,4.596,,,,,,,,,,,,,,,,,,,,,,,,,,,,,,,,51.18240000,-1.82270000,0.0,,,,,,,,,,,,,,,,,,,,,,,,,,,,Mini 4 Pro,SYNMZ33A9BQ4SU4PD,CAMA4QJPCCFZHDZSF,RCSE5U657CBY5ZBRB,BATG4DZDSCDZL63CD,,,,,,,,Mini 4 Pro,SYNMZ33A9BQ4SU4PD,,,,DJI Fly,,1.13.5,466048C3-8E61-5950-9405-6158B9C4AA69,,,,,,,,,,
1773827514,3m 54.0s,234.0,51.18240000,-1.82270000,27.6,124.7,27.6,207.6,1222.0,0.000,9.395,0.000,,0.000,,3.579,,-6.40,0.00,264.7,264.7,,LANDING,,,18,4,TRUE,,Mini 4 Pro,,,,,,FALSE,TRUE,,,,,,,,,,,,,,,,,,,,,,,,,,,,,,,,,,,,,,,,,,,,,,,,86.4,,,,8.139,,,,,,,4.596,,,,,,,,,,,,,,,,,,,,,,,,,,,,,,,,51.18240000,-1.82270000,0.0,,,,,,,,,,,,,,,,,,,,,,,,,,,,Mini 4 Pro,SYNMZ33A9BQ4SU4PD,CAMA4QJPCCFZHDZSF,RCSE5U657CBY5ZBRB,BATG4DZDSCDZL63CD,,,,,,,,Mini 4 Pro,SYNMZ33A9BQ4SU4PD,,,,DJI Fly,,1.13.5,466048C3-8E61-5950-9405-6158B9C4AA69,,,,,,,,,,
1773827515,3m 55.0s,235.0,51.18240000,-1.82270000,22.3,124.7,22.3,202.3,1222.0,0.000,9.395,0.000,,0.000,,3.579,,-6.40,0.00,264.7,264.7,,LANDING,,,18,4,TRUE,,Mini 4 Pro,,,,,,FALSE,TRUE,,,,,,,,,,,,,,,,,,,,,,,,,,,,,,,,,,,,,,,,,,,,,,,,86.4,,,,8.139,,,,,,,4.596,,,,,,,,,,,,,,,,,,,,,,,,,,,,,,,,51.18240000,-1.82270000,0.0,,,,,,,,,,,,,,,,,,,,,,,,,,,,Mini 4 Pro,SYNMZ33A9BQ4SU4PD,CAMA4QJPCCFZHDZSF,RCSE5U657CBY5ZBRB,BATG4DZDSCDZL63CD,,,,,,,,Mini 4 Pro,SYNMZ33A9BQ4SU4PD,,,,DJI Fly,,1.13.5,466048C3-8E61-5950-9405-6158B9C4AA69,,,,,,,,,,
1773827516,3m 56.0s,236.0,51.18240000,-1.82270000,17.1,124.7,17.1,197.1,1222.0,0.000,9.395,0.000,,0.000,,3.579,,-6.40,0.00,264.7,264.7,,LANDING,,,18,4,TRUE,,Mini 4 Pro,,,,,,FALSE,TRUE,,,,,,,,,,,,,,,,,,,,,,,,,,,,,,,,,,,,,,,,,,,,,,,,86.4,,,,8.139,,,,,,,4.596,,,,,,,,,,,,,,,,,,,,,,,,,,,,,,,,51.18240000,-1.82270000,0.0,,,,,,,,,,,,,,,,,,,,,,,,,,,,Mini 4 Pro,SYNMZ33A9BQ4SU4PD,CAMA4QJPCCFZHDZSF,RCSE5U657CBY5ZBRB,BATG4DZDSCDZL63CD,,,,,,,,Mini 4 Pro,SYNMZ33A9BQ4SU4PD,,,,DJI Fly,,1.13.5,466048C3-8E61-5950-9405-6158B9C4AA69,,,,,,,,,,
1773827517,3m 57.0s,237.0,51.18240000,-1.82270000,11.8,124.7,11.8,191.8,1222.0,0.000,9.395,0.000,,0.000,,3.579,,-6.40,0.00,264.7,264.7,,LANDING,,,18,4,TRUE,,Mini 4 Pro,,,,,,FALSE,TRUE,,,,,,,,,,,,,,,,,,,,,,,,,,,,,,,,,,,,,,,,,,,,,,,,86.4,,,,8.138,,,,,,,4.596,,,,,,,,,,,,,,,,,,,,,,,,,,,,,,,,51.18240000,-1.82270000,0.0,,,,,,,,,,,,,,,,,,,,,,,,,,,,Mini 4 Pro,SYNMZ33A9BQ4SU4PD,CAMA4QJPCCFZHDZSF,RCSE5U657CBY5ZBRB,BATG4DZDSCDZL63CD,,,,,,,,Mini 4 Pro,SYNMZ33A9BQ4SU4PD,,,,DJI Fly,,1.13.5,466048C3-8E61-5950-9405-6158B9C4AA69,,,,,,,,,,
1773827518,3m 58.0s,238.0,51.18240000,-1.82270000,6.6,124.7,6.6,186.6,1222.0,0.000,9.395,0.000,,0.000,,3.579,,-6.40,0.00,264.7,264.7,,LANDING,,,18,4,TRUE,,Mini 4 Pro,,,,,,FALSE,TRUE,,,,,,,,,,,,,,,,,,,,,,,,,,,,,,,,,,,,,,,,,,,,,,,,86.3,,,,8.138,,,,,,,4.596,,,,,,,,,,,,,,,,,,,,,,,,,,,,,,,,51.18240000,-1.82270000,0.0,,,,,,,,,,,,,,,,,,,,,,,,,,,,Mini 4 Pro,SYNMZ33A9BQ4SU4PD,CAMA4QJPCCFZHDZSF,RCSE5U657CBY5ZBRB,BATG4DZDSCDZL63CD,,,,,,,,Mini 4 Pro,SYNMZ33A9BQ4SU4PD,,,,DJI Fly,,1.13.5,466048C3-8E61-5950-9405-6158B9C4AA69,,,,,,,,,,
1773827519,3m 59.0s,239.0,51.18240000,-1.82270000,1.3,124.7,1.3,181.3,1222.0,0.000,9.395,0.000,,0.000,,3.579,,-6.40,0.00,264.7,264.7,,LANDING,,,18,4,TRUE,,Mini 4 Pro,,,,,,FALSE,TRUE,,,,,,,,,,,,,,,,,,,,,,,,,,,,,,,,,,,,,,,,,,,,,,,,86.3,,,,8.138,,,,,,,4.596,,,,,,,,,,,,,,,,,,,,,,,,,,,,,,,,51.18240000,-1.82270000,0.0,,,,,,,,,,,,,,,,,,,,,,,,,,,,Mini 4 Pro,SYNMZ33A9BQ4SU4PD,CAMA4QJPCCFZHDZSF,RCSE5U657CBY5ZBRB,BATG4DZDSCDZL63CD,,,,,,,,Mini 4 Pro,SYNMZ33A9BQ4SU4PD,,,,DJI Fly,,1.13.5,466048C3-8E61-5950-9405-6158B9C4AA69,,,,,,,,,,
1773827520,4m 0.0s,240.0,51.18240000,-1.82270000,0.0,124.7,0.0,180.0,1222.0,0.000,9.395,0.000,,0.000,,-0.000,,0.20,0.10,264.7,264.7,,LAND,,,18,4,TRUE,,Mini 4 Pro,,,,,,TRUE,TRUE,,,,,,,,,,,,,,,,,,,,,,,,,,,,,,,,,,,,,,,,,,,,,,,,86.3,,,,8.138,,,,,,,4.596,,,,,,,,,,,,,,,,,,,,,,,,,,,,,,,,51.18240000,-1.82270000,0.0,,,,,,,,,,,,,,,,,,,,,,,,,,,,Mini 4 Pro,SYNMZ33A9BQ4SU4PD,CAMA4QJPCCFZHDZSF,RCSE5U657CBY5ZBRB,BATG4DZDSCDZL63CD,,,,,,,,Mini 4 Pro,SYNMZ33A9BQ4SU4PD,,,,DJI Fly,,1.13.5,466048C3-8E61-5950-9405-6158B9C4AA69,,,,,,,,,,
