timestamps,OSD.flyTime,OSD.flyTime [s],OSD.latitude,OSD.longitude,OSD.height [ft],OSD.heightMax [ft],OSD.vpsHeight [ft],OSD.altitude [ft],OSD.mileage [ft],OSD.hSpeed [MPH],OSD.hSpeedMax [MPH],OSD.xSpeed [MPH],OSD.xSpeedMax [MPH],OSD.ySpeed [MPH],OSD.ySpeedMax [MPH],OSD.zSpeed [MPH],OSD.zSpeedMax [MPH],OSD.pitch,OSD.roll,OSD.yaw,OSD.yaw [360],OSD.directionOfTravel,OSD.flycState,OSD.flycCommand,OSD.flightAction,OSD.gpsNum,OSD.gpsLevel,OSD.isGPSUsed,OSD.nonGPSCause,OSD.droneType,OSD.isSwaveWork,OSD.waveError,OSD.goHomeStatus,OSD.batteryType,OSD.ctrlDevice,OSD.isOnGround,OSD.isMotorOn,OSD.isMotorBlocked,OSD.motorStartFailedCause,OSD.motorFailReason,OSD.isImuPreheated,OSD.imuInitFailReason,OSD.isAcceletorOverRange,OSD.isBarometerDeadInAir,OSD.isCompassError,OSD.isGoHomeHeightModified,OSD.canIOCWork,OSD.isNotEnoughForce,OSD.isOutOfLimit,OSD.isPropellerCatapult,OSD.isVibrating,OSD.isVisionUsed,OSD.voltageWarning,GIMBAL.mode,GIMBAL.pitch,GIMBAL.roll,GIMBAL.yaw,GIMBAL.yaw [360],GIMBAL.isPitchAtLimit,GIMBAL.isRollAtLimit,GIMBAL.isYawAtLimit,GIMBAL.isStuck,CAMERA.isPhoto,CAMERA.isVideo,CAMERA.filename,CAMERA.sdCardIsInserted,CAMERA.sdCardState,RC.downlinkSignal,RC.uplinkSignal,RC.aileron,RC.elevator,RC.throttle,RC.rudder,RC.mode,RC.goHomeDepressed,RC.recordDepressed,RC.shutterDepressed,RC.playbackDepressed,RC.wheelDepressed,RC.wheelOffset,RC.custom1Depressed,RC.custom2Depressed,RC.custom3Depressed,RC.custom4Depressed,BATTERY.chargeLevel,BATTERY.currentPV [V],BATTERY.currentCapacity [mAh],BATTERY.fullCapacity [mAh],BATTERY.voltage [V],BATTERY.isCellVoltageEstimated,BATTERY.cellVoltage1 [V],BATTERY.cellVoltage2 [V],BATTERY.maxCellVoltageDeviation,BATTERY.isCellVoltageDeviationHigh,BATTERY.isVoltageLow,BATTERY.current [A],BATTERY.temperature [F],BATTERY.minTemperature [F],BATTERY.maxTemperature [F],BATTERY.usefulTime [s],BATTERY.goHomeTime [s],BATTERY.landTime [s],BATTERY.goHomeBattery,BATTERY.landBattery,BATTERY.safeFlyRadius,BATTERY.volumeConsume,BATTERY.status,BATTERY.goHomeStatus,BATTERY.goHomeCountdown,BATTERY.lowWarning,BATTERY.lowWarningGoHome,BATTERY.seriousLowWarning,BATTERY.seriousLowWarningLanding,BATTERY.timesCharged,MC.failSafeAction,MC.isObstacleAvoidanceEnabled,MC.isCollisionAvoidanceEnabled,MC.isRthObstacleAvoidanceEnabled,MC.isBraking,MC.isAvoidingObstacle,MC.isAvoidingActiveObstacle,MC.isAscentLimitedByObstacle,MC.isLandingConfirmationNeeded,MC.atLowAltitudeLimit,MC.atDistanceLimit,MC.atAirportAltitudeLimit,MC.atAirportBoundary,HOME.latitude,HOME.longitude,HOME.distance [ft],HOME.height [ft],HOME.heightLimit [ft],HOME.isHomeRecord,HOME.goHomeMode,HOME.aircraftHeadDirection,HOME.isDynamicHomePointEnabled,HOME.isReachedLimitDistance,HOME.isReachedLimitHeight,HOME.isCompassCalibrating,HOME.compassCalibrationState,HOME.isMultipleFlightModeEnabled,HOME.isBeginnerMode,HOME.isIOCEnabled,HOME.iocMode,HOME.goHomeHeight [ft],HOME.courseLockAngle,HOME.forceLandingHeight [ft],HOME.dataRecorderFileIndex,WEATHER.windDirection,WEATHER.windRelativeDirection,WEATHER.windSpeed [MPH],WEATHER.maxWindSpeed [MPH],WEATHER.windStrength,WEATHER.isFacingWind,WEATHER.isFlyingIntoWind,RECOVER.appType,RECOVER.appVersion,RECOVER.aircraftName,RECOVER.aircraftSerial,RECOVER.cameraSerial,RECOVER.rcSerial,RECOVER.batterySerial,DETAILS.totalTime [s],DETAILS.totalDistance [ft],DETAILS.maxHeight [ft],DETAILS.maxHorizontalSpeed [MPH],DETAILS.maxVerticalSpeed [MPH],DETAILS.photoNum,DETAILS.videoTime [s],DETAILS.aircraftName,DETAILS.aircraftSerial,DETAILS.cameraSerial,DETAILS.rcSerial,DETAILS.batterySerial,DETAILS.appName,DETAILS.appType,DETAILS.appVersion,DETAILS.guid,SERIAL.flightController,SERIAL.camera,SERIAL.gimbal,SERIAL.rc,SERIAL.battery,APPGPS.latitude,APPGPS.longitude,APPGPS.accuracy,APP.tip,APP.warning
1773942420,0m 0.0s,0.0,51.19688643,-1.82620000,0.0,0.0,0.0,180.0,0.0,0.000,0.000,0.000,,0.000,,-0.000,,0.20,0.10,45.0,45.0,,Starting Motors,,,18,4,TRUE,,Mini 4 Pro,,,,,,TRUE,TRUE,,,,,,,,,,,,,,,,,,,,,,,,,,,,,,,,,,,,,,,,,,,,,,,,88.0,,,,8.164,,,,,,,1.100,,,,,,,,,,,,,,,,,,,,,,,,,,,,,,,,51.19688643,-1.82620000,0.0,,,,,,,,,,,,,,,,,,,,,,,,,,,,Mini 4 Pro,SYN76Y4B42T9T5JC2,CAMU9MKQ7ZUCCWRCZ,RCSYQ6VFRVDX297CV,BAT29A2EMB7UKV83D,,,,,,,,Mini 4 Pro,SYN76Y4B42T9T5JC2,,,,DJI Fly,,1.13.5,701C83BC-DD66-520C-92F0-10A9F690EF5F,,,,,,,,,,
1773942421,0m 1.0s,1.0,51.19688643,-1.82620000,0.0,0.0,0.0,180.0,0.0,0.000,0.000,0.000,,0.000,,-0.000,,0.20,0.10,45.0,45.0,,Starting Motors,,,18,4,TRUE,,Mini 4 Pro,,,,,,TRUE,TRUE,,,,,,,,,,,,,,,,,,,,,,,,,,,,,,,,,,,,,,,,,,,,,,,,88.0,,,,8.164,,,,,,,1.100,,,,,,,,,,,,,,,,,,,,,,,,,,,,,,,,51.19688643,-1.82620000,0.0,,,,,,,,,,,,,,,,,,,,,,,,,,,,Mini 4 Pro,SYN76Y4B42T9T5JC2,CAMU9MKQ7ZUCCWRCZ,RCSYQ6VFRVDX297CV,BAT29A2EMB7UKV83D,,,,,,,,Mini 4 Pro,SYN76Y4B42T9T5JC2,,,,DJI Fly,,1.13.5,701C83BC-DD66-520C-92F0-10A9F690EF5F,,,,,,,,,,
1773942422,0m 2.0s,2.0,51.19688643,-1.82620000,0.0,0.0,0.0,180.0,0.0,0.000,0.000,0.000,,0.000,,-0.000,,0.20,0.10,45.0,45.0,,Starting Motors,,,18,4,TRUE,,Mini 4 Pro,,,,,,TRUE,TRUE,,,,,,,,,,,,,,,,,,,,,,,,,,,,,,,,,,,,,,,,,,,,,,,,88.0,,,,8.164,,,,,,,1.100,,,,,,,,,,,,,,,,,,,,,,,,,,,,,,,,51.19688643,-1.82620000,0.0,,,,,,,,,,,,,,,,,,,,,,,,,,,,Mini 4 Pro,SYN76Y4B42T9T5JC2,CAMU9MKQ7ZUCCWRCZ,RCSYQ6VFRVDX297CV,BAT29A2EMB7UKV83D,,,,,,,,Mini 4 Pro,SYN76Y4B42T9T5JC2,,,,DJI Fly,,1.13.5,701C83BC-DD66-520C-92F0-10A9F690EF5F,,,,,,,,,,
1773942424,0m 4.0s,4.0,51.19688643,-1.82620000,0.0,0.0,0.0,180.0,0.0,0.000,0.000,0.000,,0.000,,-0.000,,0.20,0.10,45.0,45.0,,Starting Motors,,,18,4,TRUE,,Mini 4 Pro,,,,,,TRUE,TRUE,,,,,,,,,,,,,,,,,,,,,,,,,,,,,,,,,,,,,,,,,,,,,,,,88.0,,,,8.164,,,,,,,1.100,,,,,,,,,,,,,,,,,,,,,,,,,,,,,,,,51.19688643,-1.82620000,0.0,,,,,,,,,,,,,,,,,,,,,,,,,,,,Mini 4 Pro,SYN76Y4B42T9T5JC2,CAMU9MKQ7ZUCCWRCZ,RCSYQ6VFRVDX297CV,BAT29A2EMB7UKV83D,,,,,,,,Mini 4 Pro,SYN76Y4B42T9T5JC2,,,,DJI Fly,,1.13.5,701C83BC-DD66-520C-92F0-10A9F690EF5F,,,,,,,,,,
1773942425,0m 5.0s,5.0,51.19688643,-1.82620000,0.0,0.0,0.0,180.0,0.0,0.000,0.000,0.000,,0.000,,-0.000,,0.20,0.10,45.0,45.0,,Starting Motors,,,18,4,TRUE,,Mini 4 Pro,,,,,,TRUE,TRUE,,,,,,,,,,,,,,,,,,,,,,,,,,,,,,,,,,,,,,,,,,,,,,,,88.0,,,,8.163,,,,,,,1.100,,,,,,,,,,,,,,,,,,,,,,,,,,,,,,,,51.19688643,-1.82620000,0.0,,,,,,,,,,,,,,,,,,,,,,,,,,,,Mini 4 Pro,SYN76Y4B42T9T5JC2,CAMU9MKQ7ZUCCWRCZ,RCSYQ6VFRVDX297CV,BAT29A2EMB7UKV83D,,,,,,,,Mini 4 Pro,SYN76Y4B42T9T5JC2,,,,DJI Fly,,1.13.5,701C83BC-DD66-520C-92F0-10A9F690EF5F,,,,,,,,,,
1773942426,0m 6.0s,6.0,51.19688643,-1.82620000,0.0,0.0,0.0,180.0,0.0,0.000,0.000,0.000,,0.000,,-0.000,,0.20,0.10,45.0,45.0,,Starting Motors,,,18,4,TRUE,,Mini 4 Pro,,,,,,TRUE,TRUE,,,,,,,,,,,,,,,,,,,,,,,,,,,,,,,,,,,,,,,,,,,,,,,,88.0,,,,8.163,,,,,,,1.100,,,,,,,,,,,,,,,,,,,,,,,,,,,,,,,,51.19688643,-1.82620000,0.0,,,,,,,,,,,,,,,,,,,,,,,,,,,,Mini 4 Pro,SYN76Y4B42T9T5JC2,CAMU9MKQ7ZUCCWRCZ,RCSYQ6VFRVDX297CV,BAT29A2EMB7UKV83D,,,,,,,,Mini 4 Pro,SYN76Y4B42T9T5JC2,,,,DJI Fly,,1.13.5,701C83BC-DD66-520C-92F0-10A9F690EF5F,,,,,,,,,,
1773942427,0m 7.0s,7.0,51.19688643,-1.82620000,0.0,0.0,0.0,180.0,0.0,0.000,0.000,0.000,,0.000,,-0.000,,0.20,0.10,45.0,45.0,,Starting Motors,,,18,4,TRUE,,Mini 4 Pro,,,,,,TRUE,TRUE,,,,,,,,,,,,,,,,,,,,,,,,,,,,,,,,,,,,,,,,,,,,,,,,88.0,,,,8.163,,,,,,,1.100,,,,,,,,,,,,,,,,,,,,,,,,,,,,,,,,51.19688643,-1.82620000,0.0,,,,,,,,,,,,,,,,,,,,,,,,,,,,Mini 4 Pro,SYN76Y4B42T9T5JC2,CAMU9MKQ7ZUCCWRCZ,RCSYQ6VFRVDX297CV,BAT29A2EMB7UKV83D,,,,,,,,Mini 4 Pro,SYN76Y4B42T9T5JC2,,,,DJI Fly,,1.13.5,701C83BC-DD66-520C-92F0-10A9F690EF5F,,,,,,,,,,
1773942428,0m 8.0s,8.0,51.19688643,-1.82620000,7.9,7.9,7.9,187.9,0.0,0.000,0.000,0.000,,0.000,,-5.369,,9.60,0.00,45.0,45.0,,Auto Takeoff,,,18,4,TRUE,,Mini 4 Pro,,,,,,FALSE,TRUE,,,,,,,,,,,,,,,,,,,,,,,,,,,,,,,,,,,,,,,,,,,,,,,,87.9,,,,8.163,,,,,,,12.276,,,,,,,,,,,,,,,,,,,,,,,,,,,,,,,,51.19688643,-1.82620000,0.0,,,,,,,,,,,,,,,,,,,,,,,,,,,,Mini 4 Pro,SYN76Y4B42T9T5JC2,CAMU9MKQ7ZUCCWRCZ,RCSYQ6VFRVDX297CV,BAT29A2EMB7UKV83D,,,,,,,,Mini 4 Pro,SYN76Y4B42T9T5JC2,,,,DJI Fly,,1.13.5,701C83BC-DD66-520C-92F0-10A9F690EF5F,,,,,,,,,,
1773942429,0m 9.0s,9.0,51.19688643,-1.82620000,15.7,15.7,15.7,195.7,0.0,0.000,0.000,0.000,,0.000,,-5.369,,9.60,0.00,45.0,45.0,,Auto Takeoff,,,18,4,TRUE,,Mini 4 Pro,,,,,,FALSE,TRUE,,,,,,,,,,,,,,,,,,,,,,,,,,,,,,,,,,,,,,,,,,,,,,,,87.9,,,,8.163,,,,,,,12.276,,,,,,,,,,,,,,,,,,,,,,,,,,,,,,,,51.19688643,-1.82620000,0.0,,,,,,,,,,,,,,,,,,,,,,,,,,,,Mini 4 Pro,SYN76Y4B42T9T5JC2,CAMU9MKQ7ZUCCWRCZ,RCSYQ6VFRVDX297CV,BAT29A2EMB7UKV83D,,,,,,,,Mini 4 Pro,SYN76Y4B42T9T5JC2,,,,DJI Fly,,1.13.5,701C83BC-DD66-520C-92F0-10A9F690EF5F,,,,,,,,,,
1773942430,0m 10.0s,10.0,51.19688643,-1.82620000,23.6,23.6,23.6,203.6,0.0,0.000,0.000,0.000,,0.000,,-5.369,,9.60,0.00,45.0,45.0,,Auto Takeoff,,,18,4,TRUE,,Mini 4 Pro,,,,,,FALSE,TRUE,,,,,,,,,,,,,,,,,,,,,,,,,,,,,,,,,,,,,,,,,,,,,,,,87.9,,,,8.163,,,,,,,12.276,,,,,,,,,,,,,,,,,,,,,,,,,,,,,,,,51.19688643,-1.82620000,0.0,,,,,,,,,,,,,,,,,,,,,,,,,,,,Mini 4 Pro,SYN76Y4B42T9T5JC2,CAMU9MKQ7ZUCCWRCZ,RCSYQ6VFRVDX297CV,BAT29A2EMB7UKV83D,,,,,,,,Mini 4 Pro,SYN76Y4B42T9T5JC2,,,,DJI Fly,,1.13.5,701C83BC-DD66-520C-92F0-10A9F690EF5F,,,,,,,,,,
1773942431,0m 11.0s,11.0,51.19688643,-1.82620000,31.5,31.5,30.0,211.5,0.0,0.000,0.000,0.000,,0.000,,-5.369,,9.60,0.00,45.0,45.0,,Auto Takeoff,,,18,4,TRUE,,Mini 4 Pro,,,,,,FALSE,TRUE,,,,,,,,,,,,,,,,,,,,,,,,,,,,,,,,,,,,,,,,,,,,,,,,87.9,,,,8.162,,,,,,,12.276,,,,,,,,,,,,,,,,,,,,,,,,,,,,,,,,51.19688643,-1.82620000,0.0,,,,,,,,,,,,,,,,,,,,,,,,,,,,Mini 4 Pro,SYN76Y4B42T9T5JC2,CAMU9MKQ7ZUCCWRCZ,RCSYQ6VFRVDX297CV,BAT29A2EMB7UKV83D,,,,,,,,Mini 4 Pro,SYN76Y4B42T9T5JC2,,,,DJI Fly,,1.13.5,701C83BC-DD66-520C-92F0-10A9F690EF5F,,,,,,,,,,
1773942433,0m 13.0s,13.0,51.19688643,-1.82620000,47.2,47.2,30.0,227.2,0.0,0.000,0.000,0.000,,0.000,,-5.369,,9.60,0.00,45.0,45.0,,Auto Takeoff,,,18,4,TRUE,,Mini 4 Pro,,,,,,FALSE,TRUE,,,,,,,,,,,,,,,,,,,,,,,,,,,,,,,,,,,,,,,,,,,,,,,,87.9,,,,8.162,,,,,,,12.276,,,,,,,,,,,,,,,,,,,,,,,,,,,,,,,,51.19688643,-1.82620000,0.0,,,,,,,,,,,,,,,,,,,,,,,,,,,,Mini 4 Pro,SYN76Y4B42T9T5JC2,CAMU9MKQ7ZUCCWRCZ,RCSYQ6VFRVDX297CV,BAT29A2EMB7UKV83D,,,,,,,,Mini 4 Pro,SYN76Y4B42T9T5JC2,,,,DJI Fly,,1.13.5,701C83BC-DD66-520C-92F0-10A9F690EF5F,,,,,,,,,,
1773942434,0m 14.0s,14.0,51.19688643,-1.82620000,55.1,55.1,30.0,235.1,0.0,0.000,0.000,0.000,,0.000,,-5.369,,9.60,0.00,45.0,45.0,,Auto Takeoff,,,18,4,TRUE,,Mini 4 Pro,,,,,,FALSE,TRUE,,,,,,,,,,,,,,,,,,,,,,,,,,,,,,,,,,,,,,,,,,,,,,,,87.9,,,,8.162,,,,,,,12.276,,,,,,,,,,,,,,,,,,,,,,,,,,,,,,,,51.19688643,-1.82620000,0.0,,,,,,,,,,,,,,,,,,,,,,,,,,,,Mini 4 Pro,SYN76Y4B42T9T5JC2,CAMU9MKQ7ZUCCWRCZ,RCSYQ6VFRVDX297CV,BAT29A2EMB7UKV83D,,,,,,,,Mini 4 Pro,SYN76Y4B42T9T5JC2,,,,DJI Fly,,1.13.5,701C83BC-DD66-520C-92F0-10A9F690EF5F,,,,,,,,,,
1773942435,0m 15.0s,15.0,51.19688643,-1.82620000,63.0,63.0,30.0,243.0,0.0,0.000,0.000,0.000,,0.000,,-5.369,,9.60,0.00,45.0,45.0,,Auto Takeoff,,,18,4,TRUE,,Mini 4 Pro,,,,,,FALSE,TRUE,,,,,,,,,,,,,,,,,,,,,,,,,,,,,,,,,,,,,,,,,,,,,,,,87.8,,,,8.161,,,,,,,12.276,,,,,,,,,,,,,,,,,,,,,,,,,,,,,,,,51.19688643,-1.82620000,0.0,,,,,,,,,,,,,,,,,,,,,,,,,,,,Mini 4 Pro,SYN76Y4B42T9T5JC2,CAMU9MKQ7ZUCCWRCZ,RCSYQ6VFRVDX297CV,BAT29A2EMB7UKV83D,,,,,,,,Mini 4 Pro,SYN76Y4B42T9T5JC2,,,,DJI Fly,,1.13.5,701C83BC-DD66-520C-92F0-10A9F690EF5F,,,,,,,,,,
1773942436,0m 16.0s,16.0,51.19688643,-1.82620000,70.9,70.9,30.0,250.9,0.0,0.000,0.000,0.000,,0.000,,-5.369,,9.60,0.00,45.0,45.0,,Auto Takeoff,,,18,4,TRUE,,Mini 4 Pro,,,,,,FALSE,TRUE,,,,,,,,,,,,,,,,,,,,,,,,,,,,,,,,,,,,,,,,,,,,,,,,87.8,,,,8.161,,,,,,,12.276,,,,,,,,,,,,,,,,,,,,,,,,,,,,,,,,51.19688643,-1.82620000,0.0,,,,,,,,,,,,,,,,,,,,,,,,,,,,Mini 4 Pro,SYN76Y4B42T9T5JC2,CAMU9MKQ7ZUCCWRCZ,RCSYQ6VFRVDX297CV,BAT29A2EMB7UKV83D,,,,,,,,Mini 4 Pro,SYN76Y4B42T9T5JC2,,,,DJI Fly,,1.13.5,701C83BC-DD66-520C-92F0-10A9F690EF5F,,,,,,,,,,
1773942437,0m 17.0s,17.0,51.19688643,-1.82620000,78.7,78.7,30.0,258.7,0.0,0.000,0.000,0.000,,0.000,,-5.369,,9.60,0.00,45.0,45.0,,Auto Takeoff,,,18,4,TRUE,,Mini 4 Pro,,,,,,FALSE,TRUE,,,,,,,,,,,,,,,,,,,,,,,,,,,,,,,,,,,,,,,,,,,,,,,,87.8,,,,8.161,,,,,,,12.276,,,,,,,,,,,,,,,,,,,,,,,,,,,,,,,,51.19688643,-1.82620000,0.0,,,,,,,,,,,,,,,,,,,,,,,,,,,,Mini 4 Pro,SYN76Y4B42T9T5JC2,CAMU9MKQ7ZUCCWRCZ,RCSYQ6VFRVDX297CV,BAT29A2EMB7UKV83D,,,,,,,,Mini 4 Pro,SYN76Y4B42T9T5JC2,,,,DJI Fly,,1.13.5,701C83BC-DD66-520C-92F0-10A9F690EF5F,,,,,,,,,,
1773942438,0m 18.0s,18.0,51.19688643,-1.82620000,86.6,86.6,30.0,266.6,0.0,0.000,0.000,0.000,,0.000,,-5.369,,9.60,0.00,45.0,45.0,,Auto Takeoff,,,18,4,TRUE,,Mini 4 Pro,,,,,,FALSE,TRUE,,,,,,,,,,,,,,,,,,,,,,,,,,,,,,,,,,,,,,,,,,,,,,,,87.8,,,,8.161,,,,,,,12.276,,,,,,,,,,,,,,,,,,,,,,,,,,,,,,,,51.19688643,-1.82620000,0.0,,,,,,,,,,,,,,,,,,,,,,,,,,,,Mini 4 Pro,SYN76Y4B42T9T5JC2,CAMU9MKQ7ZUCCWRCZ,RCSYQ6VFRVDX297CV,BAT29A2EMB7UKV83D,,,,,,,,Mini 4 Pro,SYN76Y4B42T9T5JC2,,,,DJI Fly,,1.13.5,701C83BC-DD66-520C-92F0-10A9F690EF5F,,,,,,,,,,
1773942439,0m 19.0s,19.0,51.19688643,-1.82620000,94.5,94.5,30.0,274.5,0.0,0.000,0.000,0.000,,0.000,,-5.369,,9.60,0.00,45.0,45.0,,Auto Takeoff,,,18,4,TRUE,,Mini 4 Pro,,,,,,FALSE,TRUE,,,,,,,,,,,,,,,,,,,,,,,,,,,,,,,,,,,,,,,,,,,,,,,,87.8,,,,8.161,,,,,,,12.276,,,,,,,,,,,,,,,,,,,,,,,,,,,,,,,,51.19688643,-1.82620000,0.0,,,,,,,,,,,,,,,,,,,,,,,,,,,,Mini 4 Pro,SYN76Y4B42T9T5JC2,CAMU9MKQ7ZUCCWRCZ,RCSYQ6VFRVDX297CV,BAT29A2EMB7UKV83D,,,,,,,,Mini 4 Pro,SYN76Y4B42T9T5JC2,,,,DJI Fly,,1.13.5,701C83BC-DD66-520C-92F0-10A9F690EF5F,,,,,,,,,,
1773942440,0m 20.0s,20.0,51.19688643,-1.82620000,102.4,102.4,30.0,282.4,0.0,0.000,0.000,0.000,,0.000,,-5.369,,9.60,0.00,45.0,45.0,,Auto Takeoff,,,18,4,TRUE,,Mini 4 Pro,,,,,,FALSE,TRUE,,,,,,,,,,,,,,,,,,,,,,,,,,,,,,,,,,,,,,,,,,,,,,,,87.8,,,,8.160,,,,,,,12.276,,,,,,,,,,,,,,,,,,,,,,,,,,,,,,,,51.19688643,-1.82620000,0.0,,,,,,,,,,,,,,,,,,,,,,,,,,,,Mini 4 Pro,SYN76Y4B42T9T5JC2,CAMU9MKQ7ZUCCWRCZ,RCSYQ6VFRVDX297CV,BAT29A2EMB7UKV83D,,,,,,,,Mini 4 Pro,SYN76Y4B42T9T5JC2,,,,DJI Fly,,1.13.5,701C83BC-DD66-520C-92F0-10A9F690EF5F,,,,,,,,,,
1773942441,0m 21.0s,21.0,51.19688643,-1.82620000,110.2,110.2,30.0,290.2,0.0,0.000,0.000,0.000,,0.000,,-5.369,,9.60,0.00,45.0,45.0,,Auto Takeoff,,,18,4,TRUE,,Mini 4 Pro,,,,,,FALSE,TRUE,,,,,,,,,,,,,,,,,,,,,,,,,,,,,,,,,,,,,,,,,,,,,,,,87.7,,,,8.160,,,,,,,12.276,,,,,,,,,,,,,,,,,,,,,,,,,,,,,,,,51.19688643,-1.82620000,0.0,,,,,,,,,,,,,,,,,,,,,,,,,,,,Mini 4 Pro,SYN76Y4B42T9T5JC2,CAMU9MKQ7ZUCCWRCZ,RCSYQ6VFRVDX297CV,BAT29A2EMB7UKV83D,,,,,,,,Mini 4 Pro,SYN76Y4B42T9T5JC2,,,,DJI Fly,,1.13.5,701C83BC-DD66-520C-92F0-10A9F690EF5F,,,,,,,,,,
1773942442,0m 22.0s,22.0,51.19688643,-1.82620000,118.1,118.1,30.0,298.1,0.0,0.000,0.000,0.000,,0.000,,-5.369,,9.60,0.00,45.0,45.0,,Auto Takeoff,,,18,4,TRUE,,Mini 4 Pro,,,,,,FALSE,TRUE,,,,,,,,,,,,,,,,,,,,,,,,,,,,,,,,,,,,,,,,,,,,,,,,87.7,,,,8.160,,,,,,,12.276,,,,,,,,,,,,,,,,,,,,,,,,,,,,,,,,51.19688643,-1.82620000,0.0,,,,,,,,,,,,,,,,,,,,,,,,,,,,Mini 4 Pro,SYN76Y4B42T9T5JC2,CAMU9MKQ7ZUCCWRCZ,RCSYQ6VFRVDX297CV,BAT29A2EMB7UKV83D,,,,,,,,Mini 4 Pro,SYN76Y4B42T9T5JC2,,,,DJI Fly,,1.13.5,701C83BC-DD66-520C-92F0-10A9F690EF5F,,,,,,,,,,
1773942443,0m 23.0s,23.0,51.19688643,-1.82620000,118.1,118.1,30.0,298.1,0.0,0.000,0.000,0.000,,0.000,,-0.000,,0.00,0.00,45.0,45.0,,Auto Takeoff,,,18,4,TRUE,,Mini 4 Pro,,,,,,FALSE,TRUE,,,,,,,,,,,,,,,,,,,,,,,,,,,,,,,,,,,,,,,,,,,,,,,,87.7,,,,8.160,,,,,,,4.596,,,,,,,,,,,,,,,,,,,,,,,,,,,,,,,,51.19688643,-1.82620000,0.0,,,,,,,,,,,,,,,,,,,,,,,,,,,,Mini 4 Pro,SYN76Y4B42T9T5JC2,CAMU9MKQ7ZUCCWRCZ,RCSYQ6VFRVDX297CV,BAT29A2EMB7UKV83D,,,,,,,,Mini 4 Pro,SYN76Y4B42T9T5JC2,,,,DJI Fly,,1.13.5,701C83BC-DD66-520C-92F0-10A9F690EF5F,,,,,,,,,,
1773942444,0m 24.0s,24.0,51.19688643,-1.82620000,118.1,118.1,30.0,298.1,0.0,0.000,0.000,0.000,,0.000,,-0.000,,0.00,0.00,45.0,45.0,,Auto Takeoff,,,18,4,TRUE,,Mini 4 Pro,,,,,,FALSE,TRUE,,,,,,,,,,,,,,,,,,,,,,,,,,,,,,,,,,,,,,,,,,,,,,,,87.7,,,,8.160,,,,,,,4.596,,,,,,,,,,,,,,,,,,,,,,,,,,,,,,,,51.19688643,-1.82620000,0.0,,,,,,,,,,,,,,,,,,,,,,,,,,,,Mini 4 Pro,SYN76Y4B42T9T5JC2,CAMU9MKQ7ZUCCWRCZ,RCSYQ6VFRVDX297CV,BAT29A2EMB7UKV83D,,,,,,,,Mini 4 Pro,SYN76Y4B42T9T5JC2,,,,DJI Fly,,1.13.5,701C83BC-DD66-520C-92F0-10A9F690EF5F,,,,,,,,,,
1773942445,0m 25.0s,25.0,51.19688643,-1.82620000,118.1,118.1,30.0,298.1,0.0,0.000,0.000,0.000,,0.000,,-0.000,,0.00,0.00,45.0,45.0,,Auto Takeoff,,,18,4,TRUE,,Mini 4 Pro,,,,,,FALSE,TRUE,,,,,,,,,,,,,,,,,,,,,,,,,,,,,,,,,,,,,,,,,,,,,,,,87.7,,,,8.160,,,,,,,4.596,,,,,,,,,,,,,,,,,,,,,,,,,,,,,,,,51.19688643,-1.82620000,0.0,,,,,,,,,,,,,,,,,,,,,,,,,,,,Mini 4 Pro,SYN76Y4B42T9T5JC2,CAMU9MKQ7ZUCCWRCZ,RCSYQ6VFRVDX297CV,BAT29A2EMB7UKV83D,,,,,,,,Mini 4 Pro,SYN76Y4B42T9T5JC2,,,,DJI Fly,,1.13.5,701C83BC-DD66-520C-92F0-10A9F690EF5F,,,,,,,,,,
1773942446,0m 26.0s,26.0,51.19688643,-1.82620000,118.1,118.1,30.0,298.1,0.0,0.000,0.000,0.000,,0.000,,-0.000,,0.00,0.00,45.0,45.0,,Auto Takeoff,,,18,4,TRUE,,Mini 4 Pro,,,,,,FALSE,TRUE,,,,,,,,,,,,,,,,,,,,,,,,,,,,,,,,,,,,,,,,,,,,,,,,87.7,,,,8.159,,,,,,,4.596,,,,,,,,,,,,,,,,,,,,,,,,,,,,,,,,51.19688643,-1.82620000,0.0,,,,,,,,,,,,,,,,,,,,,,,,,,,,Mini 4 Pro,SYN76Y4B42T9T5JC2,CAMU9MKQ7ZUCCWRCZ,RCSYQ6VFRVDX297CV,BAT29A2EMB7UKV83D,,,,,,,,Mini 4 Pro,SYN76Y4B42T9T5JC2,,,,DJI Fly,,1.13.5,701C83BC-DD66-520C-92F0-10A9F690EF5F,,,,,,,,,,
1773942447,0m 27.0s,27.0,51.19688643,-1.82620000,118.1,118.1,30.0,298.1,0.0,0.000,0.000,0.000,,0.000,,-0.000,,0.00,0.00,45.0,45.0,,Auto Takeoff,,,18,4,TRUE,,Mini 4 Pro,,,,,,FALSE,TRUE,,,,,,,,,,,,,,,,,,,,,,,,,,,,,,,,,,,,,,,,,,,,,,,,87.7,,,,8.159,,,,,,,4.596,,,,,,,,,,,,,,,,,,,,,,,,,,,,,,,,51.19688643,-1.82620000,0.0,,,,,,,,,,,,,,,,,,,,,,,,,,,,Mini 4 Pro,SYN76Y4B42T9T5JC2,CAMU9MKQ7ZUCCWRCZ,RCSYQ6VFRVDX297CV,BAT29A2EMB7UKV83D,,,,,,,,Mini 4 Pro,SYN76Y4B42T9T5JC2,,,,DJI Fly,,1.13.5,701C83BC-DD66-520C-92F0-10A9F690EF5F,,,,,,,,,,
1773942448,0m 28.0s,28.0,51.19688643,-1.82620000,118.1,118.1,30.0,298.1,0.0,0.000,0.000,0.000,,0.000,,-0.000,,0.00,0.00,45.0,45.0,,Auto Takeoff,,,18,4,TRUE,,Mini 4 Pro,,,,,,FALSE,TRUE,,,,,,,,,,,,,,,,,,,,,,,,,,,,,,,,,,,,,,,,,,,,,,,,87.7,,,,8.159,,,,,,,4.596,,,,,,,,,,,,,,,,,,,,,,,,,,,,,,,,51.19688643,-1.82620000,0.0,,,,,,,,,,,,,,,,,,,,,,,,,,,,Mini 4 Pro,SYN76Y4B42T9T5JC2,CAMU9MKQ7ZUCCWRCZ,RCSYQ6VFRVDX297CV,BAT29A2EMB7UKV83D,,,,,,,,Mini 4 Pro,SYN76Y4B42T9T5JC2,,,,DJI Fly,,1.13.5,701C83BC-DD66-520C-92F0-10A9F690EF5F,,,,,,,,,,
1773942449,0m 29.0s,29.0,51.19688643,-1.82620000,118.1,118.1,30.0,298.1,0.0,0.000,0.000,0.000,,0.000,,-0.000,,0.00,0.00,45.0,45.0,,Auto Takeoff,,,18,4,TRUE,,Mini 4 Pro,,,,,,FALSE,TRUE,,,,,,,,,,,,,,,,,,,,,,,,,,,,,,,,,,,,,,,,,,,,,,,,87.7,,,,8.159,,,,,,,4.596,,,,,,,,,,,,,,,,,,,,,,,,,,,,,,,,51.19688643,-1.82620000,0.0,,,,,,,,,,,,,,,,,,,,,,,,,,,,Mini 4 Pro,SYN76Y4B42T9T5JC2,CAMU9MKQ7ZUCCWRCZ,RCSYQ6VFRVDX297CV,BAT29A2EMB7UKV83D,,,,,,,,Mini 4 Pro,SYN76Y4B42T9T5JC2,,,,DJI Fly,,1.13.5,701C83BC-DD66-520C-92F0-10A9F690EF5F,,,,,,,,,,
1773942450,0m 30.0s,30.0,51.19692330,-1.82618692,118.1,118.1,30.0,298.1,13.8,9.395,9.395,9.171,,2.038,,-0.000,,1.47,-25.00,12.5,12.5,,P-GPS,,,18,4,TRUE,,Mini 4 Pro,,,,,,FALSE,TRUE,,,,,,,,,,,,,,,,,,,,,,,,,,,,,,,,,,,,,,,,,,,,,,,,87.7,,,,8.159,,,,,,,6.906,,,,,,,,,,,,,,,,,,,,,,,,,,,,,,,,51.19688643,-1.82620000,13.8,,,,,,,,,,,,,,,,,,,,,,,,,,,,Mini 4 Pro,SYN76Y4B42T9T5JC2,CAMU9MKQ7ZUCCWRCZ,RCSYQ6VFRVDX297CV,BAT29A2EMB7UKV83D,,,,,,,,Mini 4 Pro,SYN76Y4B42T9T5JC2,,,,DJI Fly,,1.13.5,701C83BC-DD66-520C-92F0-10A9F690EF5F,,,,,,,,,,
1773942451,0m 31.0s,31.0,51.19696018,-1.82617385,118.1,118.1,30.0,298.1,27.6,9.395,9.395,9.171,,2.038,,-0.000,,1.47,0.00,12.5,12.5,,P-GPS,,,18,4,TRUE,,Mini 4 Pro,,,,,,FALSE,TRUE,,,,,,,,,,,,,,,,,,,,,,,,,,,,,,,,,,,,,,,,,,,,,,,,87.7,,,,8.159,,,,,,,6.906,,,,,,,,,,,,,,,,,,,,,,,,,,,,,,,,51.19688643,-1.82620000,27.6,,,,,,,,,,,,,,,,,,,,,,,,,,,,Mini 4 Pro,SYN76Y4B42T9T5JC2,CAMU9MKQ7ZUCCWRCZ,RCSYQ6VFRVDX297CV,BAT29A2EMB7UKV83D,,,,,,,,Mini 4 Pro,SYN76Y4B42T9T5JC2,,,,DJI Fly,,1.13.5,701C83BC-DD66-520C-92F0-10A9F690EF5F,,,,,,,,,,
1773942452,0m 32.0s,32.0,51.19699705,-1.82616077,118.1,118.1,30.0,298.1,41.3,9.395,9.395,9.171,,2.038,,-0.000,,1.47,0.00,12.5,12.5,,P-GPS,,,18,4,TRUE,,Mini 4 Pro,,,,,,FALSE,TRUE,,,,,,,,,,,,,,,,,,,,,,,,,,,,,,,,,,,,,,,,,,,,,,,,87.7,,,,8.159,,,,,,,6.906,,,,,,,,,,,,,,,,,,,,,,,,,,,,,,,,51.19688643,-1.82620000,41.3,,,,,,,,,,,,,,,,,,,,,,,,,,,,Mini 4 Pro,SYN76Y4B42T9T5JC2,CAMU9MKQ7ZUCCWRCZ,RCSYQ6VFRVDX297CV,BAT29A2EMB7UKV83D,,,,,,,,Mini 4 Pro,SYN76Y4B42T9T5JC2,,,,DJI Fly,,1.13.5,701C83BC-DD66-520C-92F0-10A9F690EF5F,,,,,,,,,,
1773942453,0m 33.0s,33.0,51.19703392,-1.82614770,118.1,118.1,30.0,298.1,55.1,9.395,9.395,9.171,,2.038,,-0.000,,1.47,0.00,12.5,12.5,,P-GPS,,,18,4,TRUE,,Mini 4 Pro,,,,,,FALSE,TRUE,,,,,,,,,,,,,,,,,,,,,,,,,,,,,,,,,,,,,,,,,,,,,,,,87.7,,,,8.159,,,,,,,6.906,,,,,,,,,,,,,,,,,,,,,,,,,,,,,,,,51.19688643,-1.82620000,55.1,,,,,,,,,,,,,,,,,,,,,,,,,,,,Mini 4 Pro,SYN76Y4B42T9T5JC2,CAMU9MKQ7ZUCCWRCZ,RCSYQ6VFRVDX297CV,BAT29A2EMB7UKV83D,,,,,,,,Mini 4 Pro,SYN76Y4B42T9T5JC2,,,,DJI Fly,,1.13.5,701C83BC-DD66-520C-92F0-10A9F690EF5F,,,,,,,,,,
1773942454,0m 34.0s,34.0,51.19707079,-1.82613462,118.1,118.1,30.0,298.1,68.9,9.395,9.395,9.171,,2.038,,-0.000,,1.47,0.00,12.5,12.5,,P-GPS,,,18,4,TRUE,,Mini 4 Pro,,,,,,FALSE,TRUE,,,,,,,,,,,,,,,,,,,,,,,,,,,,,,,,,,,,,,,,,,,,,,,,87.6,,,,8.159,,,,,,,6.906,,,,,,,,,,,,,,,,,,,,,,,,,,,,,,,,51.19688643,-1.82620000,68.9,,,,,,,,,,,,,,,,,,,,,,,,,,,,Mini 4 Pro,SYN76Y4B42T9T5JC2,CAMU9MKQ7ZUCCWRCZ,RCSYQ6VFRVDX297CV,BAT29A2EMB7UKV83D,,,,,,,,Mini 4 Pro,SYN76Y4B42T9T5JC2,,,,DJI Fly,,1.13.5,701C83BC-DD66-520C-92F0-10A9F690EF5F,,,,,,,,,,
1773942456,0m 36.0s,36.0,51.19714454,-1.82610847,118.1,118.1,30.0,298.1,96.5,9.395,9.395,9.171,,2.038,,-0.000,,1.47,0.00,12.5,12.5,,P-GPS,,,18,4,TRUE,,Mini 4 Pro,,,,,,FALSE,TRUE,,,,,,,,,,,,,,,,,,,,,,,,,,,,,,,,,,,,,,,,,,,,,,,,87.6,,,,8.158,,,,,,,6.906,,,,,,,,,,,,,,,,,,,,,,,,,,,,,,,,51.19688643,-1.82620000,96.5,,,,,,,,,,,,,,,,,,,,,,,,,,,,Mini 4 Pro,SYN76Y4B42T9T5JC2,CAMU9MKQ7ZUCCWRCZ,RCSYQ6VFRVDX297CV,BAT29A2EMB7UKV83D,,,,,,,,Mini 4 Pro,SYN76Y4B42T9T5JC2,,,,DJI Fly,,1.13.5,701C83BC-DD66-520C-92F0-10A9F690EF5F,,,,,,,,,,
1773942457,0m 37.0s,37.0,51.19718141,-1.82609539,118.1,118.1,30.0,298.1,110.2,9.395,9.395,9.171,,2.038,,-0.000,,1.47,0.00,12.5,12.5,,P-GPS,,,18,4,TRUE,,Mini 4 Pro,,,,,,FALSE,TRUE,,,,,,,,,,,,,,,,,,,,,,,,,,,,,,,,,,,,,,,,,,,,,,,,87.6,,,,8.158,,,,,,,6.906,,,,,,,,,,,,,,,,,,,,,,,,,,,,,,,,51.19688643,-1.82620000,110.2,,,,,,,,,,,,,,,,,,,,,,,,,,,,Mini 4 Pro,SYN76Y4B42T9T5JC2,CAMU9MKQ7ZUCCWRCZ,RCSYQ6VFRVDX297CV,BAT29A2EMB7UKV83D,,,,,,,,Mini 4 Pro,SYN76Y4B42T9T5JC2,,,,DJI Fly,,1.13.5,701C83BC-DD66-520C-92F0-10A9F690EF5F,,,,,,,,,,
1773942458,0m 38.0s,38.0,51.19721828,-1.82608232,118.1,118.1,30.0,298.1,124.0,9.395,9.395,9.171,,2.038,,-0.000,,1.47,0.00,12.5,12.5,,P-GPS,,,18,4,TRUE,,Mini 4 Pro,,,,,,FALSE,TRUE,,,,,,,,,,,,,,,,,,,,,,,,,,,,,,,,,,,,,,,,,,,,,,,,87.6,,,,8.158,,,,,,,6.906,,,,,,,,,,,,,,,,,,,,,,,,,,,,,,,,51.19688643,-1.82620000,124.0,,,,,,,,,,,,,,,,,,,,,,,,,,,,Mini 4 Pro,SYN76Y4B42T9T5JC2,CAMU9MKQ7ZUCCWRCZ,RCSYQ6VFRVDX297CV,BAT29A2EMB7UKV83D,,,,,,,,Mini 4 Pro,SYN76Y4B42T9T5JC2,,,,DJI Fly,,1.13.5,701C83BC-DD66-520C-92F0-10A9F690EF5F,,,,,,,,,,
1773942459,0m 39.0s,39.0,51.19725515,-1.82606924,118.1,118.1,30.0,298.1,137.8,9.395,9.395,9.171,,2.038,,-0.000,,1.47,0.00,12.5,12.5,,P-GPS,,,18,4,TRUE,,Mini 4 Pro,,,,,,FALSE,TRUE,,,,,,,,,,,,,,,,,,,,,,,,,,,,,,,,,,,,,,,,,,,,,,,,87.6,,,,8.158,,,,,,,6.906,,,,,,,,,,,,,,,,,,,,,,,,,,,,,,,,51.19688643,-1.82620000,137.8,,,,,,,,,,,,,,,,,,,,,,,,,,,,Mini 4 Pro,SYN76Y4B42T9T5JC2,CAMU9MKQ7ZUCCWRCZ,RCSYQ6VFRVDX297CV,BAT29A2EMB7UKV83D,,,,,,,,Mini 4 Pro,SYN76Y4B42T9T5JC2,,,,DJI Fly,,1.13.5,701C83BC-DD66-520C-92F0-10A9F690EF5F,,,,,,,,,,
1773942460,0m 40.0s,40.0,51.19729202,-1.82605617,118.1,118.1,30.0,298.1,151.6,9.395,9.395,9.171,,2.038,,-0.000,,1.47,0.00,12.5,12.5,,P-GPS,,,18,4,TRUE,,Mini 4 Pro,,,,,,FALSE,TRUE,,,,,,,,,,,,,,,,,,,,,,,,,,,,,,,,,,,,,,,,,,,,,,,,87.6,,,,8.158,,,,,,,6.906,,,,,,,,,,,,,,,,,,,,,,,,,,,,,,,,51.19688643,-1.82620000,151.6,,,,,,,,,,,,,,,,,,,,,,,,,,,,Mini 4 Pro,SYN76Y4B42T9T5JC2,CAMU9MKQ7ZUCCWRCZ,RCSYQ6VFRVDX297CV,BAT29A2EMB7UKV83D,,,,,,,,Mini 4 Pro,SYN76Y4B42T9T5JC2,,,,DJI Fly,,1.13.5,701C83BC-DD66-520C-92F0-10A9F690EF5F,,,,,,,,,,
1773942461,0m 41.0s,41.0,51.19732890,-1.82604309,118.1,118.1,30.0,298.1,165.4,9.395,9.395,9.171,,2.038,,-0.000,,1.47,0.00,12.5,12.5,,P-GPS,,,18,4,TRUE,,Mini 4 Pro,,,,,,FALSE,TRUE,,,,,,,,,,,,,,,,,,,,,,,,,,,,,,,,,,,,,,,,,,,,,,,,87.6,,,,8.158,,,,,,,6.906,,,,,,,,,,,,,,,,,,,,,,,,,,,,,,,,51.19688643,-1.82620000,165.4,,,,,,,,,,,,,,,,,,,,,,,,,,,,Mini 4 Pro,SYN76Y4B42T9T5JC2,CAMU9MKQ7ZUCCWRCZ,RCSYQ6VFRVDX297CV,BAT29A2EMB7UKV83D,,,,,,,,Mini 4 Pro,SYN76Y4B42T9T5JC2,,,,DJI Fly,,1.13.5,701C83BC-DD66-520C-92F0-10A9F690EF5F,,,,,,,,,,
1773942462,0m 42.0s,42.0,51.19736577,-1.82603002,118.1,118.1,30.0,298.1,179.1,9.395,9.395,9.171,,2.038,,-0.000,,1.47,0.00,12.5,12.5,,P-GPS,,,18,4,TRUE,,Mini 4 Pro,,,,,,FALSE,TRUE,,,,,,,,,,,,,,,,,,,,,,,,,,,,,,,,,,,,,,,,,,,,,,,,87.6,,,,8.158,,,,,,,6.906,,,,,,,,,,,,,,,,,,,,,,,,,,,,,,,,51.19688643,-1.82620000,179.1,,,,,,,,,,,,,,,,,,,,,,,,,,,,Mini 4 Pro,SYN76Y4B42T9T5JC2,CAMU9MKQ7ZUCCWRCZ,RCSYQ6VFRVDX297CV,BAT29A2EMB7UKV83D,,,,,,,,Mini 4 Pro,SYN76Y4B42T9T5JC2,,,,DJI Fly,,1.13.5,701C83BC-DD66-520C-92F0-10A9F690EF5F,,,,,,,,,,
1773942463,0m 43.0s,43.0,51.19740264,-1.82601694,118.1,118.1,30.0,298.1,192.9,9.395,9.395,9.171,,2.038,,-0.000,,1.47,0.00,12.5,12.5,,P-GPS,,,18,4,TRUE,,Mini 4 Pro,,,,,,FALSE,TRUE,,,,,,,,,,,,,,,,,,,,,,,,,,,,,,,,,,,,,,,,,,,,,,,,87.6,,,,8.157,,,,,,,6.906,,,,,,,,,,,,,,,,,,,,,,,,,,,,,,,,51.19688643,-1.82620000,192.9,,,,,,,,,,,,,,,,,,,,,,,,,,,,Mini 4 Pro,SYN76Y4B42T9T5JC2,CAMU9MKQ7ZUCCWRCZ,RCSYQ6VFRVDX297CV,BAT29A2EMB7UKV83D,,,,,,,,Mini 4 Pro,SYN76Y4B42T9T5JC2,,,,DJI Fly,,1.13.5,701C83BC-DD66-520C-92F0-10A9F690EF5F,,,,,,,,,,
1773942465,0m 45.0s,45.0,51.19747639,-1.82599079,118.1,118.1,30.0,298.1,220.5,9.395,9.395,9.171,,2.038,,-0.000,,1.47,0.00,12.5,12.5,,P-GPS,,,18,4,TRUE,,Mini 4 Pro,,,,,,FALSE,TRUE,,,,,,,,,,,,,,,,,,,,,,,,,,,,,,,,,,,,,,,,,,,,,,,,87.6,,,,8.157,,,,,,,6.906,,,,,,,,,,,,,,,,,,,,,,,,,,,,,,,,51.19688643,-1.82620000,220.5,,,,,,,,,,,,,,,,,,,,,,,,,,,,Mini 4 Pro,SYN76Y4B42T9T5JC2,CAMU9MKQ7ZUCCWRCZ,RCSYQ6VFRVDX297CV,BAT29A2EMB7UKV83D,,,,,,,,Mini 4 Pro,SYN76Y4B42T9T5JC2,,,,DJI Fly,,1.13.5,701C83BC-DD66-520C-92F0-10A9F690EF5F,,,,,,,,,,
1773942466,0m 46.0s,46.0,51.19751326,-1.82597771,118.1,118.1,30.0,298.1,234.3,9.395,9.395,9.171,,2.038,,-0.000,,1.47,0.00,12.5,12.5,,P-GPS,,,18,4,TRUE,,Mini 4 Pro,,,,,,FALSE,TRUE,,,,,,,,,,,,,,,,,,,,,,,,,,,,,,,,,,,,,,,,,,,,,,,,87.5,,,,8.157,,,,,,,6.906,,,,,,,,,,,,,,,,,,,,,,,,,,,,,,,,51.19688643,-1.82620000,234.3,,,,,,,,,,,,,,,,,,,,,,,,,,,,Mini 4 Pro,SYN76Y4B42T9T5JC2,CAMU9MKQ7ZUCCWRCZ,RCSYQ6VFRVDX297CV,BAT29A2EMB7UKV83D,,,,,,,,Mini 4 Pro,SYN76Y4B42T9T5JC2,,,,DJI Fly,,1.13.5,701C83BC-DD66-520C-92F0-10A9F690EF5F,,,,,,,,,,
1773942467,0m 47.0s,47.0,51.19755013,-1.82596464,118.1,118.1,30.0,298.1,248.0,9.395,9.395,9.171,,2.038,,-0.000,,1.47,0.00,12.5,12.5,,P-GPS,,,18,4,TRUE,,Mini 4 Pro,,,,,,FALSE,TRUE,,,,,,,,,,,,,,,,,,,,,,,,,,,,,,,,,,,,,,,,,,,,,,,,87.5,,,,8.157,,,,,,,6.906,,,,,,,,,,,,,,,,,,,,,,,,,,,,,,,,51.19688643,-1.82620000,248.0,,,,,,,,,,,,,,,,,,,,,,,,,,,,Mini 4 Pro,SYN76Y4B42T9T5JC2,CAMU9MKQ7ZUCCWRCZ,RCSYQ6VFRVDX297CV,BAT29A2EMB7UKV83D,,,,,,,,Mini 4 Pro,SYN76Y4B42T9T5JC2,,,,DJI Fly,,1.13.5,701C83BC-DD66-520C-92F0-10A9F690EF5F,,,,,,,,,,
1773942468,0m 48.0s,48.0,51.19758700,-1.82595156,118.1,118.1,30.0,298.1,261.8,9.395,9.395,9.171,,2.038,,-0.000,,1.47,0.00,12.5,12.5,,P-GPS,,,18,4,TRUE,,Mini 4 Pro,,,,,,FALSE,TRUE,,,,,,,,,,,,,,,,,,,,,,,,,,,,,,,,,,,,,,,,,,,,,,,,87.5,,,,8.157,,,,,,,6.906,,,,,,,,,,,,,,,,,,,,,,,,,,,,,,,,51.19688643,-1.82620000,261.8,,,,,,,,,,,,,,,,,,,,,,,,,,,,Mini 4 Pro,SYN76Y4B42T9T5JC2,CAMU9MKQ7ZUCCWRCZ,RCSYQ6VFRVDX297CV,BAT29A2EMB7UKV83D,,,,,,,,Mini 4 Pro,SYN76Y4B42T9T5JC2,,,,DJI Fly,,1.13.5,701C83BC-DD66-520C-92F0-10A9F690EF5F,,,,,,,,,,
1773942470,0m 50.0s,50.0,51.19766075,-1.82592541,118.1,118.1,30.0,298.1,289.4,9.395,9.395,9.171,,2.038,,-0.000,,1.47,0.00,12.5,12.5,,P-GPS,,,18,4,TRUE,,Mini 4 Pro,,,,,,FALSE,TRUE,,,,,,,,,,,,,,,,,,,,,,,,,,,,,,,,,,,,,,,,,,,,,,,,87.5,,,,8.156,,,,,,,6.906,,,,,,,,,,,,,,,,,,,,,,,,,,,,,,,,51.19688643,-1.82620000,289.4,,,,,,,,,,,,,,,,,,,,,,,,,,,,Mini 4 Pro,SYN76Y4B42T9T5JC2,CAMU9MKQ7ZUCCWRCZ,RCSYQ6VFRVDX297CV,BAT29A2EMB7UKV83D,,,,,,,,Mini 4 Pro,SYN76Y4B42T9T5JC2,,,,DJI Fly,,1.13.5,701C83BC-DD66-520C-92F0-10A9F690EF5F,,,,,,,,,,
1773942472,0m 52.0s,52.0,51.19769582,-1.82591297,118.1,118.1,30.0,298.1,302.5,0.000,9.395,0.000,,0.000,,-0.000,,0.00,0.00,12.5,12.5,,P-GPS,,,18,4,TRUE,,Mini 4 Pro,,,,,,FALSE,TRUE,,,,,,,,,,,,,,,,,,,,,,,,,,,,,,,,,,,,,,,,,,,,,,,,87.5,,,,8.156,,,,,,,4.596,,,,,,,,,,,,,,,,,,,,,,,,,,,,,,,,51.19688643,-1.82620000,302.5,,,,,,,,,,,,,,,,,,,,,,,,,,,,Mini 4 Pro,SYN76Y4B42T9T5JC2,CAMU9MKQ7ZUCCWRCZ,RCSYQ6VFRVDX297CV,BAT29A2EMB7UKV83D,,,,,,,,Mini 4 Pro,SYN76Y4B42T9T5JC2,,,,DJI Fly,,1.13.5,701C83BC-DD66-520C-92F0-10A9F690EF5F,,,,,,,,,,
1773942473,0m 53.0s,53.0,51.19769582,-1.82591297,118.1,118.1,30.0,298.1,302.5,0.000,9.395,0.000,,0.000,,-0.000,,0.00,0.00,12.5,12.5,,P-GPS,,,18,4,TRUE,,Mini 4 Pro,,,,,,FALSE,TRUE,,,,,,,,,,,,,,,,,,,,,,,,,,,,,,,,,,,,,,,,,,,,,,,,87.5,,,,8.156,,,,,,,4.596,,,,,,,,,,,,,,,,,,,,,,,,,,,,,,,,51.19688643,-1.82620000,302.5,,,,,,,,,,,,,,,,,,,,,,,,,,,,Mini 4 Pro,SYN76Y4B42T9T5JC2,CAMU9MKQ7ZUCCWRCZ,RCSYQ6VFRVDX297CV,BAT29A2EMB7UKV83D,,,,,,,,Mini 4 Pro,SYN76Y4B42T9T5JC2,,,,DJI Fly,,1.13.5,701C83BC-DD66-520C-92F0-10A9F690EF5F,,,,,,,,,,
1773942474,0m 54.0s,54.0,51.19769582,-1.82591297,118.1,118.1,30.0,298.1,302.5,0.000,9.395,0.000,,0.000,,-0.000,,0.00,0.00,12.5,12.5,,P-GPS,,,18,4,TRUE,,Mini 4 Pro,,,,,,FALSE,TRUE,,,,,,,,,,,,,,,,,,,,,,,,,,,,,,,,,,,,,,,,,,,,,,,,87.5,,,,8.156,,,,,,,4.596,,,,,,,,,,,,,,,,,,,,,,,,,,,,,,,,51.19688643,-1.82620000,302.5,,,,,,,,,,,,,,,,,,,,,,,,,,,,Mini 4 Pro,SYN76Y4B42T9T5JC2,CAMU9MKQ7ZUCCWRCZ,RCSYQ6VFRVDX297CV,BAT29A2EMB7UKV83D,,,,,,,,Mini 4 Pro,SYN76Y4B42T9T5JC2,,,,DJI Fly,,1.13.5,701C83BC-DD66-520C-92F0-10A9F690EF5F,,,,,,,,,,
1773942477,0m 57.0s,57.0,51.19769582,-1.82591297,118.1,118.1,30.0,298.1,302.5,0.000,9.395,0.000,,0.000,,-0.000,,0.00,0.00,12.5,12.5,,P-GPS,,,18,4,TRUE,,Mini 4 Pro,,,,,,FALSE,TRUE,,,,,,,,,,,,,,,,,,,,,,,,,,,,,,,,,,,,,,,,,,,,,,,,87.5,,,,8.156,,,,,,,4.596,,,,,,,,,,,,,,,,,,,,,,,,,,,,,,,,51.19688643,-1.82620000,302.5,,,,,,,,,,,,,,,,,,,,,,,,,,,,Mini 4 Pro,SYN76Y4B42T9T5JC2,CAMU9MKQ7ZUCCWRCZ,RCSYQ6VFRVDX297CV,BAT29A2EMB7UKV83D,,,,,,,,Mini 4 Pro,SYN76Y4B42T9T5JC2,,,,DJI Fly,,1.13.5,701C83BC-DD66-520C-92F0-10A9F690EF5F,,,,,,,,,,
1773942478,0m 58.0s,58.0,51.19769582,-1.82591297,118.1,118.1,30.0,298.1,302.5,0.000,9.395,0.000,,0.000,,-0.000,,0.00,0.00,12.5,12.5,,P-GPS,,,18,4,TRUE,,Mini 4 Pro,,,,,,FALSE,TRUE,,,,,,,,,,,,,,,,,,,,,,,,,,,,,,,,,,,,,,,,,,,,,,,,87.5,,,,8.156,,,,,,,4.596,,,,,,,,,,,,,,,,,,,,,,,,,,,,,,,,51.19688643,-1.82620000,302.5,,,,,,,,,,,,,,,,,,,,,,,,,,,,Mini 4 Pro,SYN76Y4B42T9T5JC2,CAMU9MKQ7ZUCCWRCZ,RCSYQ6VFRVDX297CV,BAT29A2EMB7UKV83D,,,,,,,,Mini 4 Pro,SYN76Y4B42T9T5JC2,,,,DJI Fly,,1.13.5,701C83BC-DD66-520C-92F0-10A9F690EF5F,,,,,,,,,,
1773942479,0m 59.0s,59.0,51.19769582,-1.82591297,118.1,118.1,30.0,298.1,302.5,0.000,9.395,0.000,,0.000,,-0.000,,0.00,0.00,12.5,12.5,,P-GPS,,,18,4,TRUE,,Mini 4 Pro,,,,,,FALSE,TRUE,,,,,,,,,,,,,,,,,,,,,,,,,,,,,,,,,,,,,,,,,,,,,,,,87.5,,,,8.156,,,,,,,4.596,,,,,,,,,,,,,,,,,,,,,,,,,,,,,,,,51.19688643,-1.82620000,302.5,,,,,,,,,,,,,,,,,,,,,,,,,,,,Mini 4 Pro,SYN76Y4B42T9T5JC2,CAMU9MKQ7ZUCCWRCZ,RCSYQ6VFRVDX297CV,BAT29A2EMB7UKV83D,,,,,,,,Mini 4 Pro,SYN76Y4B42T9T5JC2,,,,DJI Fly,,1.13.5,701C83BC-DD66-520C-92F0-10A9F690EF5F,,,,,,,,,,
1773942482,1m 2.0s,62.0,51.19769582,-1.82591297,118.1,118.1,30.0,298.1,302.5,0.000,9.395,0.000,,0.000,,-0.000,,0.00,0.00,12.5,12.5,,P-GPS,,,18,4,TRUE,,Mini 4 Pro,,,,,,FALSE,TRUE,,,,,,,,,,,,,,,,,,,,,,,,,,,,,,,,,,,,,,,,,,,,,,,,87.4,,,,8.155,,,,,,,4.596,,,,,,,,,,,,,,,,,,,,,,,,,,,,,,,,51.19688643,-1.82620000,302.5,,,,,,,,,,,,,,,,,,,,,,,,,,,,Mini 4 Pro,SYN76Y4B42T9T5JC2,CAMU9MKQ7ZUCCWRCZ,RCSYQ6VFRVDX297CV,BAT29A2EMB7UKV83D,,,,,,,,Mini 4 Pro,SYN76Y4B42T9T5JC2,,,,DJI Fly,,1.13.5,701C83BC-DD66-520C-92F0-10A9F690EF5F,,,,,,,,,,
1773942483,1m 3.0s,63.0,51.19769582,-1.82591297,118.1,118.1,30.0,298.1,302.5,0.000,9.395,0.000,,0.000,,-0.000,,0.00,0.00,12.5,12.5,,P-GPS,,,18,4,TRUE,,Mini 4 Pro,,,,,,FALSE,TRUE,,,,,,,,,,,,,,,,,,,,,,,,,,,,,,,,,,,,,,,,,,,,,,,,87.4,,,,8.155,,,,,,,4.596,,,,,,,,,,,,,,,,,,,,,,,,,,,,,,,,51.19688643,-1.82620000,302.5,,,,,,,,,,,,,,,,,,,,,,,,,,,,Mini 4 Pro,SYN76Y4B42T9T5JC2,CAMU9MKQ7ZUCCWRCZ,RCSYQ6VFRVDX297CV,BAT29A2EMB7UKV83D,,,,,,,,Mini 4 Pro,SYN76Y4B42T9T5JC2,,,,DJI Fly,,1.13.5,701C83BC-DD66-520C-92F0-10A9F690EF5F,,,,,,,,,,
1773942484,1m 4.0s,64.0,51.19769582,-1.82591297,118.1,118.1,30.0,298.1,302.5,0.000,9.395,0.000,,0.000,,-0.000,,0.00,0.00,12.5,12.5,,P-GPS,,,18,4,TRUE,,Mini 4 Pro,,,,,,FALSE,TRUE,,,,,,,,,,,,,,,,,,,,,,,,,,,,,,,,,,,,,,,,,,,,,,,,87.4,,,,8.155,,,,,,,4.596,,,,,,,,,,,,,,,,,,,,,,,,,,,,,,,,51.19688643,-1.82620000,302.5,,,,,,,,,,,,,,,,,,,,,,,,,,,,Mini 4 Pro,SYN76Y4B42T9T5JC2,CAMU9MKQ7ZUCCWRCZ,RCSYQ6VFRVDX297CV,BAT29A2EMB7UKV83D,,,,,,,,Mini 4 Pro,SYN76Y4B42T9T5JC2,,,,DJI Fly,,1.13.5,701C83BC-DD66-520C-92F0-10A9F690EF5F,,,,,,,,,,
1773942485,1m 5.0s,65.0,51.19769582,-1.82591297,118.1,118.1,30.0,298.1,302.5,0.000,9.395,0.000,,0.000,,-0.000,,0.00,0.00,12.5,12.5,,P-GPS,,,18,4,TRUE,,Mini 4 Pro,,,,,,FALSE,TRUE,,,,,,,,,,,,,,,,,,,,,,,,,,,,,,,,,,,,,,,,,,,,,,,,87.4,,,,8.155,,,,,,,4.596,,,,,,,,,,,,,,,,,,,,,,,,,,,,,,,,51.19688643,-1.82620000,302.5,,,,,,,,,,,,,,,,,,,,,,,,,,,,Mini 4 Pro,SYN76Y4B42T9T5JC2,CAMU9MKQ7ZUCCWRCZ,RCSYQ6VFRVDX297CV,BAT29A2EMB7UKV83D,,,,,,,,Mini 4 Pro,SYN76Y4B42T9T5JC2,,,,DJI Fly,,1.13.5,701C83BC-DD66-520C-92F0-10A9F690EF5F,,,,,,,,,,
1773942486,1m 6.0s,66.0,51.19769582,-1.82591297,118.1,118.1,30.0,298.1,302.5,0.000,9.395,0.000,,0.000,,-0.000,,0.00,0.00,12.5,12.5,,P-GPS,,,18,4,TRUE,,Mini 4 Pro,,,,,,FALSE,TRUE,,,,,,,,,,,,,,,,,,,,,,,,,,,,,,,,,,,,,,,,,,,,,,,,87.4,,,,8.155,,,,,,,4.596,,,,,,,,,,,,,,,,,,,,,,,,,,,,,,,,51.19688643,-1.82620000,302.5,,,,,,,,,,,,,,,,,,,,,,,,,,,,Mini 4 Pro,SYN76Y4B42T9T5JC2,CAMU9MKQ7ZUCCWRCZ,RCSYQ6VFRVDX297CV,BAT29A2EMB7UKV83D,,,,,,,,Mini 4 Pro,SYN76Y4B42T9T5JC2,,,,DJI Fly,,1.13.5,701C83BC-DD66-520C-92F0-10A9F690EF5F,,,,,,,,,,
1773942487,1m 7.0s,67.0,51.19769582,-1.82591297,118.1,118.1,30.0,298.1,302.5,0.000,9.395,0.000,,0.000,,-0.000,,0.00,0.00,12.5,12.5,,P-GPS,,,18,4,TRUE,,Mini 4 Pro,,,,,,FALSE,TRUE,,,,,,,,,,,,,,,,,,,,,,,,,,,,,,,,,,,,,,,,,,,,,,,,87.4,,,,8.155,,,,,,,4.596,,,,,,,,,,,,,,,,,,,,,,,,,,,,,,,,51.19688643,-1.82620000,302.5,,,,,,,,,,,,,,,,,,,,,,,,,,,,Mini 4 Pro,SYN76Y4B42T9T5JC2,CAMU9MKQ7ZUCCWRCZ,RCSYQ6VFRVDX297CV,BAT29A2EMB7UKV83D,,,,,,,,Mini 4 Pro,SYN76Y4B42T9T5JC2,,,,DJI Fly,,1.13.5,701C83BC-DD66-520C-92F0-10A9F690EF5F,,,,,,,,,,
1773942488,1m 8.0s,68.0,51.19769582,-1.82591297,118.1,118.1,30.0,298.1,302.5,0.000,9.395,0.000,,0.000,,-0.000,,0.00,0.00,12.5,12.5,,P-GPS,,,18,4,TRUE,,Mini 4 Pro,,,,,,FALSE,TRUE,,,,,,,,,,,,,,,,,,,,,,,,,,,,,,,,,,,,,,,,,,,,,,,,87.4,,,,8.155,,,,,,,4.596,,,,,,,,,,,,,,,,,,,,,,,,,,,,,,,,51.19688643,-1.82620000,302.5,,,,,,,,,,,,,,,,,,,,,,,,,,,,Mini 4 Pro,SYN76Y4B42T9T5JC2,CAMU9MKQ7ZUCCWRCZ,RCSYQ6VFRVDX297CV,BAT29A2EMB7UKV83D,,,,,,,,Mini 4 Pro,SYN76Y4B42T9T5JC2,,,,DJI Fly,,1.13.5,701C83BC-DD66-520C-92F0-10A9F690EF5F,,,,,,,,,,
1773942489,1m 9.0s,69.0,51.19769582,-1.82591297,118.1,118.1,30.0,298.1,302.5,0.000,9.395,0.000,,0.000,,-0.000,,0.00,0.00,12.5,12.5,,P-GPS,,,18,4,TRUE,,Mini 4 Pro,,,,,,FALSE,TRUE,,,,,,,,,,,,,,,,,,,,,,,,,,,,,,,,,,,,,,,,,,,,,,,,87.4,,,,8.155,,,,,,,4.596,,,,,,,,,,,,,,,,,,,,,,,,,,,,,,,,51.19688643,-1.82620000,302.5,,,,,,,,,,,,,,,,,,,,,,,,,,,,Mini 4 Pro,SYN76Y4B42T9T5JC2,CAMU9MKQ7ZUCCWRCZ,RCSYQ6VFRVDX297CV,BAT29A2EMB7UKV83D,,,,,,,,Mini 4 Pro,SYN76Y4B42T9T5JC2,,,,DJI Fly,,1.13.5,701C83BC-DD66-520C-92F0-10A9F690EF5F,,,,,,,,,,
1773942490,1m 10.0s,70.0,51.19769582,-1.82585557,124.0,124.0,30.0,304.0,315.6,8.948,9.395,0.000,,8.948,,-4.026,,8.60,25.00,90.0,90.0,,P-GPS,,,18,4,TRUE,,Mini 4 Pro,,,,,,FALSE,TRUE,,,,,,,,,,,,,,,,,,,,,,,,,,,,,,,,,,,,,,,,,,,,,,,,87.4,,,,8.155,,,,,,,12.556,,,,,,,,,,,,,,,,,,,,,,,,,,,,,,,,51.19688643,-1.82620000,305.6,,,,,,,,,,,,,,,,,,,,,,,,,,,,Mini 4 Pro,SYN76Y4B42T9T5JC2,CAMU9MKQ7ZUCCWRCZ,RCSYQ6VFRVDX297CV,BAT29A2EMB7UKV83D,,,,,,,,Mini 4 Pro,SYN76Y4B42T9T5JC2,,,,DJI Fly,,1.13.5,701C83BC-DD66-520C-92F0-10A9F690EF5F,,,,,,,,,,
1773942491,1m 11.0s,71.0,51.19769582,-1.82579816,124.7,124.7,30.0,304.7,328.7,8.948,9.395,0.000,,8.948,,-0.447,,2.20,0.00,90.0,90.0,,P-GPS,,,18,4,TRUE,,Mini 4 Pro,,,,,,FALSE,TRUE,,,,,,,,,,,,,,,,,,,,,,,,,,,,,,,,,,,,,,,,,,,,,,,,87.4,,,,8.154,,,,,,,7.436,,,,,,,,,,,,,,,,,,,,,,,,,,,,,,,,51.19688643,-1.82620000,309.2,,,,,,,,,,,,,,,,,,,,,,,,,,,,Mini 4 Pro,SYN76Y4B42T9T5JC2,CAMU9MKQ7ZUCCWRCZ,RCSYQ6VFRVDX297CV,BAT29A2EMB7UKV83D,,,,,,,,Mini 4 Pro,SYN76Y4B42T9T5JC2,,,,DJI Fly,,1.13.5,701C83BC-DD66-520C-92F0-10A9F690EF5F,,,,,,,,,,
1773942492,1m 12.0s,72.0,51.19769582,-1.82574076,124.7,124.7,30.0,304.7,341.8,8.948,9.395,0.000,,8.948,,-0.000,,1.40,0.00,90.0,90.0,,P-GPS,,,18,4,TRUE,,Mini 4 Pro,,,,,,FALSE,TRUE,,,,,,,,,,,,,,,,,,,,,,,,,,,,,,,,,,,,,,,,,,,,,,,,87.4,,,,8.154,,,,,,,6.796,,,,,,,,,,,,,,,,,,,,,,,,,,,,,,,,51.19688643,-1.82620000,313.4,,,,,,,,,,,,,,,,,,,,,,,,,,,,Mini 4 Pro,SYN76Y4B42T9T5JC2,CAMU9MKQ7ZUCCWRCZ,RCSYQ6VFRVDX297CV,BAT29A2EMB7UKV83D,,,,,,,,Mini 4 Pro,SYN76Y4B42T9T5JC2,,,,DJI Fly,,1.13.5,701C83BC-DD66-520C-92F0-10A9F690EF5F,,,,,,,,,,
1773942494,1m 14.0s,74.0,51.19769582,-1.82562595,124.7,124.7,30.0,304.7,368.1,8.948,9.395,0.000,,8.948,,-0.000,,1.40,0.00,90.0,90.0,,P-GPS,,,18,4,TRUE,,Mini 4 Pro,,,,,,FALSE,TRUE,,,,,,,,,,,,,,,,,,,,,,,,,,,,,,,,,,,,,,,,,,,,,,,,87.4,,,,8.154,,,,,,,6.796,,,,,,,,,,,,,,,,,,,,,,,,,,,,,,,,51.19688643,-1.82620000,323.1,,,,,,,,,,,,,,,,,,,,,,,,,,,,Mini 4 Pro,SYN76Y4B42T9T5JC2,CAMU9MKQ7ZUCCWRCZ,RCSYQ6VFRVDX297CV,BAT29A2EMB7UKV83D,,,,,,,,Mini 4 Pro,SYN76Y4B42T9T5JC2,,,,DJI Fly,,1.13.5,701C83BC-DD66-520C-92F0-10A9F690EF5F,,,,,,,,,,
1773942495,1m 15.0s,75.0,51.19769582,-1.82556854,124.7,124.7,30.0,304.7,381.2,8.948,9.395,0.000,,8.948,,-0.000,,1.40,0.00,90.0,90.0,,P-GPS,,,18,4,TRUE,,Mini 4 Pro,,,,,,FALSE,TRUE,,,,,,,,,,,,,,,,,,,,,,,,,,,,,,,,,,,,,,,,,,,,,,,,87.3,,,,8.154,,,,,,,6.796,,,,,,,,,,,,,,,,,,,,,,,,,,,,,,,,51.19688643,-1.82620000,328.7,,,,,,,,,,,,,,,,,,,,,,,,,,,,Mini 4 Pro,SYN76Y4B42T9T5JC2,CAMU9MKQ7ZUCCWRCZ,RCSYQ6VFRVDX297CV,BAT29A2EMB7UKV83D,,,,,,,,Mini 4 Pro,SYN76Y4B42T9T5JC2,,,,DJI Fly,,1.13.5,701C83BC-DD66-520C-92F0-10A9F690EF5F,,,,,,,,,,
1773942496,1m 16.0s,76.0,51.19769582,-1.82551114,124.7,124.7,30.0,304.7,394.3,8.948,9.395,0.000,,8.948,,-0.000,,1.40,0.00,90.0,90.0,,P-GPS,,,18,4,TRUE,,Mini 4 Pro,,,,,,FALSE,TRUE,,,,,,,,,,,,,,,,,,,,,,,,,,,,,,,,,,,,,,,,,,,,,,,,87.3,,,,8.154,,,,,,,6.796,,,,,,,,,,,,,,,,,,,,,,,,,,,,,,,,51.19688643,-1.82620000,334.6,,,,,,,,,,,,,,,,,,,,,,,,,,,,Mini 4 Pro,SYN76Y4B42T9T5JC2,CAMU9MKQ7ZUCCWRCZ,RCSYQ6VFRVDX297CV,BAT29A2EMB7UKV83D,,,,,,,,Mini 4 Pro,SYN76Y4B42T9T5JC2,,,,DJI Fly,,1.13.5,701C83BC-DD66-520C-92F0-10A9F690EF5F,,,,,,,,,,
1773942497,1m 17.0s,77.0,51.19769582,-1.82545373,124.7,124.7,30.0,304.7,407.5,8.948,9.395,0.000,,8.948,,-0.000,,1.40,0.00,90.0,90.0,,P-GPS,,,18,4,TRUE,,Mini 4 Pro,,,,,,FALSE,TRUE,,,,,,,,,,,,,,,,,,,,,,,,,,,,,,,,,,,,,,,,,,,,,,,,87.3,,,,8.154,,,,,,,6.796,,,,,,,,,,,,,,,,,,,,,,,,,,,,,,,,51.19688643,-1.82620000,341.0,,,,,,,,,,,,,,,,,,,,,,,,,,,,Mini 4 Pro,SYN76Y4B42T9T5JC2,CAMU9MKQ7ZUCCWRCZ,RCSYQ6VFRVDX297CV,BAT29A2EMB7UKV83D,,,,,,,,Mini 4 Pro,SYN76Y4B42T9T5JC2,,,,DJI Fly,,1.13.5,701C83BC-DD66-520C-92F0-10A9F690EF5F,,,,,,,,,,
1773942498,1m 18.0s,78.0,51.19769582,-1.82539632,124.7,124.7,30.0,304.7,420.6,8.948,9.395,0.000,,8.948,,-0.000,,1.40,0.00,90.0,90.0,,P-GPS,,,18,4,TRUE,,Mini 4 Pro,,,,,,FALSE,TRUE,,,,,,,,,,,,,,,,,,,,,,,,,,,,,,,,,,,,,,,,,,,,,,,,87.3,,,,8.153,,,,,,,6.796,,,,,,,,,,,,,,,,,,,,,,,,,,,,,,,,51.19688643,-1.82620000,347.8,,,,,,,,,,,,,,,,,,,,,,,,,,,,Mini 4 Pro,SYN76Y4B42T9T5JC2,CAMU9MKQ7ZUCCWRCZ,RCSYQ6VFRVDX297CV,BAT29A2EMB7UKV83D,,,,,,,,Mini 4 Pro,SYN76Y4B42T9T5JC2,,,,DJI Fly,,1.13.5,701C83BC-DD66-520C-92F0-10A9F690EF5F,,,,,,,,,,
1773942499,1m 19.0s,79.0,51.19769582,-1.82533892,124.7,124.7,30.0,304.7,433.7,8.948,9.395,0.000,,8.948,,-0.000,,1.40,0.00,90.0,90.0,,P-GPS,,,18,4,TRUE,,Mini 4 Pro,,,,,,FALSE,TRUE,,,,,,,,,,,,,,,,,,,,,,,,,,,,,,,,,,,,,,,,,,,,,,,,87.3,,,,8.153,,,,,,,6.796,,,,,,,,,,,,,,,,,,,,,,,,,,,,,,,,51.19688643,-1.82620000,354.9,,,,,,,,,,,,,,,,,,,,,,,,,,,,Mini 4 Pro,SYN76Y4B42T9T5JC2,CAMU9MKQ7ZUCCWRCZ,RCSYQ6VFRVDX297CV,BAT29A2EMB7UKV83D,,,,,,,,Mini 4 Pro,SYN76Y4B42T9T5JC2,,,,DJI Fly,,1.13.5,701C83BC-DD66-520C-92F0-10A9F690EF5F,,,,,,,,,,
1773942500,1m 20.0s,80.0,51.19769582,-1.82528151,124.7,124.7,30.0,304.7,446.8,8.948,9.395,0.000,,8.948,,-0.000,,1.40,0.00,90.0,90.0,,P-GPS,,,18,4,TRUE,,Mini 4 Pro,,,,,,FALSE,TRUE,,,,,,,,,,,,,,,,,,,,,,,,,,,,,,,,,,,,,,,,,,,,,,,,87.3,,,,8.153,,,,,,,6.796,,,,,,,,,,,,,,,,,,,,,,,,,,,,,,,,51.19688643,-1.82620000,362.3,,,,,,,,,,,,,,,,,,,,,,,,,,,,Mini 4 Pro,SYN76Y4B42T9T5JC2,CAMU9MKQ7ZUCCWRCZ,RCSYQ6VFRVDX297CV,BAT29A2EMB7UKV83D,,,,,,,,Mini 4 Pro,SYN76Y4B42T9T5JC2,,,,DJI Fly,,1.13.5,701C83BC-DD66-520C-92F0-10A9F690EF5F,,,,,,,,,,
1773942501,1m 21.0s,81.0,51.19769582,-1.82522411,124.7,124.7,30.0,304.7,460.0,8.948,9.395,0.000,,8.948,,-0.000,,1.40,0.00,90.0,90.0,,P-GPS,,,18,4,TRUE,,Mini 4 Pro,,,,,,FALSE,TRUE,,,,,,,,,,,,,,,,,,,,,,,,,,,,,,,,,,,,,,,,,,,,,,,,87.3,,,,8.153,,,,,,,6.796,,,,,,,,,,,,,,,,,,,,,,,,,,,,,,,,51.19688643,-1.82620000,370.1,,,,,,,,,,,,,,,,,,,,,,,,,,,,Mini 4 Pro,SYN76Y4B42T9T5JC2,CAMU9MKQ7ZUCCWRCZ,RCSYQ6VFRVDX297CV,BAT29A2EMB7UKV83D,,,,,,,,Mini 4 Pro,SYN76Y4B42T9T5JC2,,,,DJI Fly,,1.13.5,701C83BC-DD66-520C-92F0-10A9F690EF5F,,,,,,,,,,
1773942502,1m 22.0s,82.0,51.19769582,-1.82516670,124.7,124.7,30.0,304.7,473.1,8.948,9.395,0.000,,8.948,,-0.000,,1.40,0.00,90.0,90.0,,P-GPS,,,18,4,TRUE,,Mini 4 Pro,,,,,,FALSE,TRUE,,,,,,,,,,,,,,,,,,,,,,,,,,,,,,,,,,,,,,,,,,,,,,,,87.3,,,,8.153,,,,,,,6.796,,,,,,,,,,,,,,,,,,,,,,,,,,,,,,,,51.19688643,-1.82620000,378.1,,,,,,,,,,,,,,,,,,,,,,,,,,,,Mini 4 Pro,SYN76Y4B42T9T5JC2,CAMU9MKQ7ZUCCWRCZ,RCSYQ6VFRVDX297CV,BAT29A2EMB7UKV83D,,,,,,,,Mini 4 Pro,SYN76Y4B42T9T5JC2,,,,DJI Fly,,1.13.5,701C83BC-DD66-520C-92F0-10A9F690EF5F,,,,,,,,,,
1773942503,1m 23.0s,83.0,51.19769582,-1.82510930,124.7,124.7,30.0,304.7,486.2,8.948,9.395,0.000,,8.948,,-0.000,,1.40,0.00,90.0,90.0,,P-GPS,,,18,4,TRUE,,Mini 4 Pro,,,,,,FALSE,TRUE,,,,,,,,,,,,,,,,,,,,,,,,,,,,,,,,,,,,,,,,,,,,,,,,87.3,,,,8.153,,,,,,,6.796,,,,,,,,,,,,,,,,,,,,,,,,,,,,,,,,51.19688643,-1.82620000,386.5,,,,,,,,,,,,,,,,,,,,,,,,,,,,Mini 4 Pro,SYN76Y4B42T9T5JC2,CAMU9MKQ7ZUCCWRCZ,RCSYQ6VFRVDX297CV,BAT29A2EMB7UKV83D,,,,,,,,Mini 4 Pro,SYN76Y4B42T9T5JC2,,,,DJI Fly,,1.13.5,701C83BC-DD66-520C-92F0-10A9F690EF5F,,,,,,,,,,
1773942504,1m 24.0s,84.0,51.19769582,-1.82505189,124.7,124.7,30.0,304.7,499.3,8.948,9.395,0.000,,8.948,,-0.000,,1.40,0.00,90.0,90.0,,P-GPS,,,18,4,TRUE,,Mini 4 Pro,,,,,,FALSE,TRUE,,,,,,,,,,,,,,,,,,,,,,,,,,,,,,,,,,,,,,,,,,,,,,,,87.3,,,,8.153,,,,,,,6.796,,,,,,,,,,,,,,,,,,,,,,,,,,,,,,,,51.19688643,-1.82620000,395.1,,,,,,,,,,,,,,,,,,,,,,,,,,,,Mini 4 Pro,SYN76Y4B42T9T5JC2,CAMU9MKQ7ZUCCWRCZ,RCSYQ6VFRVDX297CV,BAT29A2EMB7UKV83D,,,,,,,,Mini 4 Pro,SYN76Y4B42T9T5JC2,,,,DJI Fly,,1.13.5,701C83BC-DD66-520C-92F0-10A9F690EF5F,,,,,,,,,,
1773942505,1m 25.0s,85.0,51.19769582,-1.82499449,124.7,124.7,30.0,304.7,512.5,8.948,9.395,0.000,,8.948,,-0.000,,1.40,0.00,90.0,90.0,,P-GPS,,,18,4,TRUE,,Mini 4 Pro,,,,,,FALSE,TRUE,,,,,,,,,,,,,,,,,,,,,,,,,,,,,,,,,,,,,,,,,,,,,,,,87.3,,,,8.153,,,,,,,6.796,,,,,,,,,,,,,,,,,,,,,,,,,,,,,,,,51.19688643,-1.82620000,403.9,,,,,,,,,,,,,,,,,,,,,,,,,,,,Mini 4 Pro,SYN76Y4B42T9T5JC2,CAMU9MKQ7ZUCCWRCZ,RCSYQ6VFRVDX297CV,BAT29A2EMB7UKV83D,,,,,,,,Mini 4 Pro,SYN76Y4B42T9T5JC2,,,,DJI Fly,,1.13.5,701C83BC-DD66-520C-92F0-10A9F690EF5F,,,,,,,,,,
1773942506,1m 26.0s,86.0,51.19769582,-1.82493708,124.7,124.7,30.0,304.7,525.6,8.948,9.395,0.000,,8.948,,-0.000,,1.40,0.00,90.0,90.0,,P-GPS,,,18,4,TRUE,,Mini 4 Pro,,,,,,FALSE,TRUE,,,,,,,,,,,,,,,,,,,,,,,,,,,,,,,,,,,,,,,,,,,,,,,,87.3,,,,8.152,,,,,,,6.796,,,,,,,,,,,,,,,,,,,,,,,,,,,,,,,,51.19688643,-1.82620000,413.0,,,,,,,,,,,,,,,,,,,,,,,,,,,,Mini 4 Pro,SYN76Y4B42T9T5JC2,CAMU9MKQ7ZUCCWRCZ,RCSYQ6VFRVDX297CV,BAT29A2EMB7UKV83D,,,,,,,,Mini 4 Pro,SYN76Y4B42T9T5JC2,,,,DJI Fly,,1.13.5,701C83BC-DD66-520C-92F0-10A9F690EF5F,,,,,,,,,,
1773942507,1m 27.0s,87.0,51.19769582,-1.82487968,124.7,124.7,30.0,304.7,538.7,8.948,9.395,0.000,,8.948,,-0.000,,1.40,0.00,90.0,90.0,,P-GPS,,,18,4,TRUE,,Mini 4 Pro,,,,,,FALSE,TRUE,,,,,,,,,,,,,,,,,,,,,,,,,,,,,,,,,,,,,,,,,,,,,,,,87.2,,,,8.152,,,,,,,6.796,,,,,,,,,,,,,,,,,,,,,,,,,,,,,,,,51.19688643,-1.82620000,422.2,,,,,,,,,,,,,,,,,,,,,,,,,,,,Mini 4 Pro,SYN76Y4B42T9T5JC2,CAMU9MKQ7ZUCCWRCZ,RCSYQ6VFRVDX297CV,BAT29A2EMB7UKV83D,,,,,,,,Mini 4 Pro,SYN76Y4B42T9T5JC2,,,,DJI Fly,,1.13.5,701C83BC-DD66-520C-92F0-10A9F690EF5F,,,,,,,,,,
1773942508,1m 28.0s,88.0,51.19769582,-1.82482227,124.7,124.7,30.0,304.7,551.8,8.948,9.395,0.000,,8.948,,-0.000,,1.40,0.00,90.0,90.0,,P-GPS,,,18,4,TRUE,,Mini 4 Pro,,,,,,FALSE,TRUE,,,,,,,,,,,,,,,,,,,,,,,,,,,,,,,,,,,,,,,,,,,,,,,,87.2,,,,8.152,,,,,,,6.796,,,,,,,,,,,,,,,,,,,,,,,,,,,,,,,,51.19688643,-1.82620000,431.7,,,,,,,,,,,,,,,,,,,,,,,,,,,,Mini 4 Pro,SYN76Y4B42T9T5JC2,CAMU9MKQ7ZUCCWRCZ,RCSYQ6VFRVDX297CV,BAT29A2EMB7UKV83D,,,,,,,,Mini 4 Pro,SYN76Y4B42T9T5JC2,,,,DJI Fly,,1.13.5,701C83BC-DD66-520C-92F0-10A9F690EF5F,,,,,,,,,,
1773942509,1m 29.0s,89.0,51.19769582,-1.82476487,124.7,124.7,30.0,304.7,564.9,8.948,9.395,0.000,,8.948,,-0.000,,1.40,0.00,90.0,90.0,,P-GPS,,,18,4,TRUE,,Mini 4 Pro,,,,,,FALSE,TRUE,,,,,,,,,,,,,,,,,,,,,,,,,,,,,,,,,,,,,,,,,,,,,,,,87.2,,,,8.152,,,,,,,6.796,,,,,,,,,,,,,,,,,,,,,,,,,,,,,,,,51.19688643,-1.82620000,441.4,,,,,,,,,,,,,,,,,,,,,,,,,,,,Mini 4 Pro,SYN76Y4B42T9T5JC2,CAMU9MKQ7ZUCCWRCZ,RCSYQ6VFRVDX297CV,BAT29A2EMB7UKV83D,,,,,,,,Mini 4 Pro,SYN76Y4B42T9T5JC2,,,,DJI Fly,,1.13.5,701C83BC-DD66-520C-92F0-10A9F690EF5F,,,,,,,,,,
1773942510,1m 30.0s,90.0,51.19769582,-1.82470746,124.7,124.7,30.0,304.7,578.1,8.948,9.395,0.000,,8.948,,-0.000,,1.40,0.00,90.0,90.0,,P-GPS,,,8,2,FALSE,,Mini 4 Pro,,,,,,FALSE,TRUE,,,,,,,,,,,,,,,,,,,,,,,,,,,,,,,,,,,,,,,,,,,,,,,,87.2,,,,8.152,,,,,,,6.796,,,,,,,,,,,,,,,,,,,,,,,,,,,,,,,,51.19688643,-1.82620000,451.2,,,,,,,,,,,,,,,,,,,,,,,,,,,,Mini 4 Pro,SYN76Y4B42T9T5JC2,CAMU9MKQ7ZUCCWRCZ,RCSYQ6VFRVDX297CV,BAT29A2EMB7UKV83D,,,,,,,,Mini 4 Pro,SYN76Y4B42T9T5JC2,,,,DJI Fly,,1.13.5,701C83BC-DD66-520C-92F0-10A9F690EF5F,,,,,,,,,,GPS signal weak. Hovering unstable. Fly with caution (Code: 30008).
1773942511,1m 31.0s,91.0,51.19769582,-1.82465005,124.7,124.7,30.0,304.7,591.2,8.948,9.395,0.000,,8.948,,-0.000,,1.40,0.00,90.0,90.0,,P-GPS,,,8,2,FALSE,,Mini 4 Pro,,,,,,FALSE,TRUE,,,,,,,,,,,,,,,,,,,,,,,,,,,,,,,,,,,,,,,,,,,,,,,,87.2,,,,8.152,,,,,,,6.796,,,,,,,,,,,,,,,,,,,,,,,,,,,,,,,,51.19688643,-1.82620000,461.2,,,,,,,,,,,,,,,,,,,,,,,,,,,,Mini 4 Pro,SYN76Y4B42T9T5JC2,CAMU9MKQ7ZUCCWRCZ,RCSYQ6VFRVDX297CV,BAT29A2EMB7UKV83D,,,,,,,,Mini 4 Pro,SYN76Y4B42T9T5JC2,,,,DJI Fly,,1.13.5,701C83BC-DD66-520C-92F0-10A9F690EF5F,,,,,,,,,,GPS signal weak. Hovering unstable. Fly with caution (Code: 30008).
1773942512,1m 32.0s,92.0,51.19769582,-1.82462135,124.7,124.7,30.0,304.7,597.8,4.474,9.395,0.000,,4.474,,-0.000,,0.70,0.00,90.0,90.0,,P-GPS,,,8,2,FALSE,,Mini 4 Pro,,,,,,FALSE,TRUE,,,,,,,,,,,,,,,,,,,,,,,,,,,,,,,,,,,,,,,,,,,,,,,,87.2,,,,8.152,,,,,,,5.696,,,,,,,,,,,,,,,,,,,,,,,,,,,,,,,,51.19688643,-1.82620000,466.3,,,,,,,,,,,,,,,,,,,,,,,,,,,,Mini 4 Pro,SYN76Y4B42T9T5JC2,CAMU9MKQ7ZUCCWRCZ,RCSYQ6VFRVDX297CV,BAT29A2EMB7UKV83D,,,,,,,,Mini 4 Pro,SYN76Y4B42T9T5JC2,,,,DJI Fly,,1.13.5,701C83BC-DD66-520C-92F0-10A9F690EF5F,,,,,,,,,,GPS signal weak. Hovering unstable. Fly with caution (Code: 30008).
1773942513,1m 33.0s,93.0,51.19769582,-1.82462135,124.7,124.7,30.0,304.7,597.8,0.000,9.395,0.000,,0.000,,-0.000,,0.00,0.00,90.0,90.0,,P-GPS,,,8,2,FALSE,,Mini 4 Pro,,,,,,FALSE,TRUE,,,,,,,,,,,,,,,,,,,,,,,,,,,,,,,,,,,,,,,,,,,,,,,,87.2,,,,8.152,,,,,,,4.596,,,,,,,,,,,,,,,,,,,,,,,,,,,,,,,,51.19688643,-1.82620000,466.3,,,,,,,,,,,,,,,,,,,,,,,,,,,,Mini 4 Pro,SYN76Y4B42T9T5JC2,CAMU9MKQ7ZUCCWRCZ,RCSYQ6VFRVDX297CV,BAT29A2EMB7UKV83D,,,,,,,,Mini 4 Pro,SYN76Y4B42T9T5JC2,,,,DJI Fly,,1.13.5,701C83BC-DD66-520C-92F0-10A9F690EF5F,,,,,,,,,,GPS signal weak. Hovering unstable. Fly with caution (Code: 30008).
1773942514,1m 34.0s,94.0,51.19769582,-1.82462135,124.7,124.7,30.0,304.7,597.8,0.000,9.395,0.000,,0.000,,-0.000,,0.00,0.00,90.0,90.0,,P-GPS,,,8,2,FALSE,,Mini 4 Pro,,,,,,FALSE,TRUE,,,,,,,,,,,,,,,,,,,,,,,,,,,,,,,,,,,,,,,,,,,,,,,,87.2,,,,8.152,,,,,,,4.596,,,,,,,,,,,,,,,,,,,,,,,,,,,,,,,,51.19688643,-1.82620000,466.3,,,,,,,,,,,,,,,,,,,,,,,,,,,,Mini 4 Pro,SYN76Y4B42T9T5JC2,CAMU9MKQ7ZUCCWRCZ,RCSYQ6VFRVDX297CV,BAT29A2EMB7UKV83D,,,,,,,,Mini 4 Pro,SYN76Y4B42T9T5JC2,,,,DJI Fly,,1.13.5,701C83BC-DD66-520C-92F0-10A9F690EF5F,,,,,,,,,,GPS signal weak. Hovering unstable. Fly with caution (Code: 30008).
1773942515,1m 35.0s,95.0,51.19769582,-1.82462135,124.7,124.7,30.0,304.7,597.8,0.000,9.395,0.000,,0.000,,-0.000,,0.00,0.00,90.0,90.0,,P-GPS,,,8,2,FALSE,,Mini 4 Pro,,,,,,FALSE,TRUE,,,,,,,,,,,,,,,,,,,,,,,,,,,,,,,,,,,,,,,,,,,,,,,,87.2,,,,8.151,,,,,,,4.596,,,,,,,,,,,,,,,,,,,,,,,,,,,,,,,,51.19688643,-1.82620000,466.3,,,,,,,,,,,,,,,,,,,,,,,,,,,,Mini 4 Pro,SYN76Y4B42T9T5JC2,CAMU9MKQ7ZUCCWRCZ,RCSYQ6VFRVDX297CV,BAT29A2EMB7UKV83D,,,,,,,,Mini 4 Pro,SYN76Y4B42T9T5JC2,,,,DJI Fly,,1.13.5,701C83BC-DD66-520C-92F0-10A9F690EF5F,,,,,,,,,,GPS signal weak. Hovering unstable. Fly with caution (Code: 30008).
1773942516,1m 36.0s,96.0,51.19769582,-1.82462135,124.7,124.7,30.0,304.7,597.8,0.000,9.395,0.000,,0.000,,-0.000,,0.00,0.00,90.0,90.0,,P-GPS,,,8,2,FALSE,,Mini 4 Pro,,,,,,FALSE,TRUE,,,,,,,,,,,,,,,,,,,,,,,,,,,,,,,,,,,,,,,,,,,,,,,,87.2,,,,8.151,,,,,,,4.596,,,,,,,,,,,,,,,,,,,,,,,,,,,,,,,,51.19688643,-1.82620000,466.3,,,,,,,,,,,,,,,,,,,,,,,,,,,,Mini 4 Pro,SYN76Y4B42T9T5JC2,CAMU9MKQ7ZUCCWRCZ,RCSYQ6VFRVDX297CV,BAT29A2EMB7UKV83D,,,,,,,,Mini 4 Pro,SYN76Y4B42T9T5JC2,,,,DJI Fly,,1.13.5,701C83BC-DD66-520C-92F0-10A9F690EF5F,,,,,,,,,,GPS signal weak. Hovering unstable. Fly with caution (Code: 30008).
1773942517,1m 37.0s,97.0,51.19769582,-1.82462135,124.7,124.7,30.0,304.7,597.8,0.000,9.395,0.000,,0.000,,-0.000,,0.00,0.00,90.0,90.0,,P-GPS,,,8,2,FALSE,,Mini 4 Pro,,,,,,FALSE,TRUE,,,,,,,,,,,,,,,,,,,,,,,,,,,,,,,,,,,,,,,,,,,,,,,,87.2,,,,8.151,,,,,,,4.596,,,,,,,,,,,,,,,,,,,,,,,,,,,,,,,,51.19688643,-1.82620000,466.3,,,,,,,,,,,,,,,,,,,,,,,,,,,,Mini 4 Pro,SYN76Y4B42T9T5JC2,CAMU9MKQ7ZUCCWRCZ,RCSYQ6VFRVDX297CV,BAT29A2EMB7UKV83D,,,,,,,,Mini 4 Pro,SYN76Y4B42T9T5JC2,,,,DJI Fly,,1.13.5,701C83BC-DD66-520C-92F0-10A9F690EF5F,,,,,,,,,,GPS signal weak. Hovering unstable. Fly with caution (Code: 30008).
1773942518,1m 38.0s,98.0,51.19769582,-1.82462135,124.7,124.7,30.0,304.7,597.8,0.000,9.395,0.000,,0.000,,-0.000,,0.00,0.00,90.0,90.0,,P-GPS,,,8,2,FALSE,,Mini 4 Pro,,,,,,FALSE,TRUE,,,,,,,,,,,,,,,,,,,,,,,,,,,,,,,,,,,,,,,,,,,,,,,,87.2,,,,8.151,,,,,,,4.596,,,,,,,,,,,,,,,,,,,,,,,,,,,,,,,,51.19688643,-1.82620000,466.3,,,,,,,,,,,,,,,,,,,,,,,,,,,,Mini 4 Pro,SYN76Y4B42T9T5JC2,CAMU9MKQ7ZUCCWRCZ,RCSYQ6VFRVDX297CV,BAT29A2EMB7UKV83D,,,,,,,,Mini 4 Pro,SYN76Y4B42T9T5JC2,,,,DJI Fly,,1.13.5,701C83BC-DD66-520C-92F0-10A9F690EF5F,,,,,,,,,,GPS signal weak. Hovering unstable. Fly with caution (Code: 30008).
1773942519,1m 39.0s,99.0,51.19769582,-1.82462135,124.7,124.7,30.0,304.7,597.8,0.000,9.395,0.000,,0.000,,-0.000,,0.00,0.00,90.0,90.0,,P-GPS,,,8,2,FALSE,,Mini 4 Pro,,,,,,FALSE,TRUE,,,,,,,,,,,,,,,,,,,,,,,,,,,,,,,,,,,,,,,,,,,,,,,,87.2,,,,8.151,,,,,,,4.596,,,,,,,,,,,,,,,,,,,,,,,,,,,,,,,,51.19688643,-1.82620000,466.3,,,,,,,,,,,,,,,,,,,,,,,,,,,,Mini 4 Pro,SYN76Y4B42T9T5JC2,CAMU9MKQ7ZUCCWRCZ,RCSYQ6VFRVDX297CV,BAT29A2EMB7UKV83D,,,,,,,,Mini 4 Pro,SYN76Y4B42T9T5JC2,,,,DJI Fly,,1.13.5,701C83BC-DD66-520C-92F0-10A9F690EF5F,,,,,,,,,,GPS signal weak. Hovering unstable. Fly with caution (Code: 30008).
1773942520,1m 40.0s,100.0,51.19769582,-1.82462135,124.7,124.7,30.0,304.7,597.8,0.000,9.395,0.000,,0.000,,-0.000,,0.00,0.00,90.0,90.0,,P-GPS,,,8,2,FALSE,,Mini 4 Pro,,,,,,FALSE,TRUE,,,,,,,,,,,,,,,,,,,,,,,,,,,,,,,,,,,,,,,,,,,,,,,,87.2,,,,8.151,,,,,,,4.596,,,,,,,,,,,,,,,,,,,,,,,,,,,,,,,,51.19688643,-1.82620000,466.3,,,,,,,,,,,,,,,,,,,,,,,,,,,,Mini 4 Pro,SYN76Y4B42T9T5JC2,CAMU9MKQ7ZUCCWRCZ,RCSYQ6VFRVDX297CV,BAT29A2EMB7UKV83D,,,,,,,,Mini 4 Pro,SYN76Y4B42T9T5JC2,,,,DJI Fly,,1.13.5,701C83BC-DD66-520C-92F0-10A9F690EF5F,,,,,,,,,,GPS signal weak. Hovering unstable. Fly with caution (Code: 30008).
1773942521,1m 41.0s,101.0,51.19769582,-1.82462135,124.7,124.7,30.0,304.7,597.8,0.000,9.395,0.000,,0.000,,-0.000,,0.00,0.00,90.0,90.0,,P-GPS,,,8,2,FALSE,,Mini 4 Pro,,,,,,FALSE,TRUE,,,,,,,,,,,,,,,,,,,,,,,,,,,,,,,,,,,,,,,,,,,,,,,,87.2,,,,8.151,,,,,,,4.596,,,,,,,,,,,,,,,,,,,,,,,,,,,,,,,,51.19688643,-1.82620000,466.3,,,,,,,,,,,,,,,,,,,,,,,,,,,,Mini 4 Pro,SYN76Y4B42T9T5JC2,CAMU9MKQ7ZUCCWRCZ,RCSYQ6VFRVDX297CV,BAT29A2EMB7UKV83D,,,,,,,,Mini 4 Pro,SYN76Y4B42T9T5JC2,,,,DJI Fly,,1.13.5,701C83BC-DD66-520C-92F0-10A9F690EF5F,,,,,,,,,,GPS signal weak. Hovering unstable. Fly with caution (Code: 30008).
1773942522,1m 42.0s,102.0,51.19769582,-1.82462135,124.7,124.7,30.0,304.7,597.8,0.000,9.395,0.000,,0.000,,-0.000,,0.00,0.00,90.0,90.0,,P-GPS,,,8,2,FALSE,,Mini 4 Pro,,,,,,FALSE,TRUE,,,,,,,,,,,,,,,,,,,,,,,,,,,,,,,,,,,,,,,,,,,,,,,,87.2,,,,8.151,,,,,,,4.596,,,,,,,,,,,,,,,,,,,,,,,,,,,,,,,,51.19688643,-1.82620000,466.3,,,,,,,,,,,,,,,,,,,,,,,,,,,,Mini 4 Pro,SYN76Y4B42T9T5JC2,CAMU9MKQ7ZUCCWRCZ,RCSYQ6VFRVDX297CV,BAT29A2EMB7UKV83D,,,,,,,,Mini 4 Pro,SYN76Y4B42T9T5JC2,,,,DJI Fly,,1.13.5,701C83BC-DD66-520C-92F0-10A9F690EF5F,,,,,,,,,,GPS signal weak. Hovering unstable. Fly with caution (Code: 30008).
1773942523,1m 43.0s,103.0,51.19769582,-1.82462135,124.7,124.7,30.0,304.7,597.8,0.000,9.395,0.000,,0.000,,-0.000,,0.00,0.00,90.0,90.0,,P-GPS,,,8,2,FALSE,,Mini 4 Pro,,,,,,FALSE,TRUE,,,,,,,,,,,,,,,,,,,,,,,,,,,,,,,,,,,,,,,,,,,,,,,,87.1,,,,8.151,,,,,,,4.596,,,,,,,,,,,,,,,,,,,,,,,,,,,,,,,,51.19688643,-1.82620000,466.3,,,,,,,,,,,,,,,,,,,,,,,,,,,,Mini 4 Pro,SYN76Y4B42T9T5JC2,CAMU9MKQ7ZUCCWRCZ,RCSYQ6VFRVDX297CV,BAT29A2EMB7UKV83D,,,,,,,,Mini 4 Pro,SYN76Y4B42T9T5JC2,,,,DJI Fly,,1.13.5,701C83BC-DD66-520C-92F0-10A9F690EF5F,,,,,,,,,,GPS signal weak. Hovering unstable. Fly with caution (Code: 30008).
1773942524,1m 44.0s,104.0,51.19769582,-1.82462135,124.7,124.7,30.0,304.7,597.8,0.000,9.395,0.000,,0.000,,-0.000,,0.00,0.00,90.0,90.0,,P-GPS,,,8,2,FALSE,,Mini 4 Pro,,,,,,FALSE,TRUE,,,,,,,,,,,,,,,,,,,,,,,,,,,,,,,,,,,,,,,,,,,,,,,,87.1,,,,8.151,,,,,,,4.596,,,,,,,,,,,,,,,,,,,,,,,,,,,,,,,,51.19688643,-1.82620000,466.3,,,,,,,,,,,,,,,,,,,,,,,,,,,,Mini 4 Pro,SYN76Y4B42T9T5JC2,CAMU9MKQ7ZUCCWRCZ,RCSYQ6VFRVDX297CV,BAT29A2EMB7UKV83D,,,,,,,,Mini 4 Pro,SYN76Y4B42T9T5JC2,,,,DJI Fly,,1.13.5,701C83BC-DD66-520C-92F0-10A9F690EF5F,,,,,,,,,,GPS signal weak. Hovering unstable. Fly with caution (Code: 30008).
1773942525,1m 45.0s,105.0,51.19769582,-1.82462135,124.7,124.7,30.0,304.7,597.8,0.000,9.395,0.000,,0.000,,-0.000,,0.00,0.00,90.0,90.0,,P-GPS,,,8,2,FALSE,,Mini 4 Pro,,,,,,FALSE,TRUE,,,,,,,,,,,,,,,,,,,,,,,,,,,,,,,,,,,,,,,,,,,,,,,,87.1,,,,8.151,,,,,,,4.596,,,,,,,,,,,,,,,,,,,,,,,,,,,,,,,,51.19688643,-1.82620000,466.3,,,,,,,,,,,,,,,,,,,,,,,,,,,,Mini 4 Pro,SYN76Y4B42T9T5JC2,CAMU9MKQ7ZUCCWRCZ,RCSYQ6VFRVDX297CV,BAT29A2EMB7UKV83D,,,,,,,,Mini 4 Pro,SYN76Y4B42T9T5JC2,,,,DJI Fly,,1.13.5,701C83BC-DD66-520C-92F0-10A9F690EF5F,,,,,,,,,,GPS signal weak. Hovering unstable. Fly with caution (Code: 30008).
1773942526,1m 46.0s,106.0,51.19769582,-1.82462135,124.7,124.7,30.0,304.7,597.8,0.000,9.395,0.000,,0.000,,-0.000,,0.00,0.00,90.0,90.0,,P-GPS,,,8,2,FALSE,,Mini 4 Pro,,,,,,FALSE,TRUE,,,,,,,,,,,,,,,,,,,,,,,,,,,,,,,,,,,,,,,,,,,,,,,,87.1,,,,8.150,,,,,,,4.596,,,,,,,,,,,,,,,,,,,,,,,,,,,,,,,,51.19688643,-1.82620000,466.3,,,,,,,,,,,,,,,,,,,,,,,,,,,,Mini 4 Pro,SYN76Y4B42T9T5JC2,CAMU9MKQ7ZUCCWRCZ,RCSYQ6VFRVDX297CV,BAT29A2EMB7UKV83D,,,,,,,,Mini 4 Pro,SYN76Y4B42T9T5JC2,,,,DJI Fly,,1.13.5,701C83BC-DD66-520C-92F0-10A9F690EF5F,,,,,,,,,,GPS signal weak. Hovering unstable. Fly with caution (Code: 30008).
1773942527,1m 47.0s,107.0,51.19769582,-1.82462135,124.7,124.7,30.0,304.7,597.8,0.000,9.395,0.000,,0.000,,-0.000,,0.00,0.00,90.0,90.0,,P-GPS,,,8,2,FALSE,,Mini 4 Pro,,,,,,FALSE,TRUE,,,,,,,,,,,,,,,,,,,,,,,,,,,,,,,,,,,,,,,,,,,,,,,,87.1,,,,8.150,,,,,,,4.596,,,,,,,,,,,,,,,,,,,,,,,,,,,,,,,,51.19688643,-1.82620000,466.3,,,,,,,,,,,,,,,,,,,,,,,,,,,,Mini 4 Pro,SYN76Y4B42T9T5JC2,CAMU9MKQ7ZUCCWRCZ,RCSYQ6VFRVDX297CV,BAT29A2EMB7UKV83D,,,,,,,,Mini 4 Pro,SYN76Y4B42T9T5JC2,,,,DJI Fly,,1.13.5,701C83BC-DD66-520C-92F0-10A9F690EF5F,,,,,,,,,,GPS signal weak. Hovering unstable. Fly with caution (Code: 30008).
1773942528,1m 48.0s,108.0,51.19769582,-1.82462135,124.7,124.7,30.0,304.7,597.8,0.000,9.395,0.000,,0.000,,-0.000,,0.00,0.00,90.0,90.0,,P-GPS,,,8,2,FALSE,,Mini 4 Pro,,,,,,FALSE,TRUE,,,,,,,,,,,,,,,,,,,,,,,,,,,,,,,,,,,,,,,,,,,,,,,,87.1,,,,8.150,,,,,,,4.596,,,,,,,,,,,,,,,,,,,,,,,,,,,,,,,,51.19688643,-1.82620000,466.3,,,,,,,,,,,,,,,,,,,,,,,,,,,,Mini 4 Pro,SYN76Y4B42T9T5JC2,CAMU9MKQ7ZUCCWRCZ,RCSYQ6VFRVDX297CV,BAT29A2EMB7UKV83D,,,,,,,,Mini 4 Pro,SYN76Y4B42T9T5JC2,,,,DJI Fly,,1.13.5,701C83BC-DD66-520C-92F0-10A9F690EF5F,,,,,,,,,,GPS signal weak. Hovering unstable. Fly with caution (Code: 30008).
1773942529,1m 49.0s,109.0,51.19769582,-1.82462135,124.7,124.7,30.0,304.7,597.8,0.000,9.395,0.000,,0.000,,-0.000,,0.00,0.00,90.0,90.0,,P-GPS,,,8,2,FALSE,,Mini 4 Pro,,,,,,FALSE,TRUE,,,,,,,,,,,,,,,,,,,,,,,,,,,,,,,,,,,,,,,,,,,,,,,,87.1,,,,8.150,,,,,,,4.596,,,,,,,,,,,,,,,,,,,,,,,,,,,,,,,,51.19688643,-1.82620000,466.3,,,,,,,,,,,,,,,,,,,,,,,,,,,,Mini 4 Pro,SYN76Y4B42T9T5JC2,CAMU9MKQ7ZUCCWRCZ,RCSYQ6VFRVDX297CV,BAT29A2EMB7UKV83D,,,,,,,,Mini 4 Pro,SYN76Y4B42T9T5JC2,,,,DJI Fly,,1.13.5,701C83BC-DD66-520C-92F0-10A9F690EF5F,,,,,,,,,,GPS signal weak. Hovering unstable. Fly with caution (Code: 30008).
1773942530,1m 50.0s,110.0,51.19769582,-1.82462135,124.7,124.7,30.0,304.7,597.8,0.000,9.395,0.000,,0.000,,-0.000,,0.00,0.00,90.0,90.0,,P-GPS,,,8,2,FALSE,,Mini 4 Pro,,,,,,FALSE,TRUE,,,,,,,,,,,,,,,,,,,,,,,,,,,,,,,,,,,,,,,,,,,,,,,,87.1,,,,8.150,,,,,,,4.596,,,,,,,,,,,,,,,,,,,,,,,,,,,,,,,,51.19688643,-1.82620000,466.3,,,,,,,,,,,,,,,,,,,,,,,,,,,,Mini 4 Pro,SYN76Y4B42T9T5JC2,CAMU9MKQ7ZUCCWRCZ,RCSYQ6VFRVDX297CV,BAT29A2EMB7UKV83D,,,,,,,,Mini 4 Pro,SYN76Y4B42T9T5JC2,,,,DJI Fly,,1.13.5,701C83BC-DD66-520C-92F0-10A9F690EF5F,,,,,,,,,,GPS signal weak. Hovering unstable. Fly with caution (Code: 30008).
1773942531,1m 51.0s,111.0,51.19769582,-1.82462135,124.7,124.7,30.0,304.7,597.8,0.000,9.395,0.000,,0.000,,-0.000,,0.00,0.00,90.0,90.0,,P-GPS,,,8,2,FALSE,,Mini 4 Pro,,,,,,FALSE,TRUE,,,,,,,,,,,,,,,,,,,,,,,,,,,,,,,,,,,,,,,,,,,,,,,,87.1,,,,8.150,,,,,,,4.596,,,,,,,,,,,,,,,,,,,,,,,,,,,,,,,,51.19688643,-1.82620000,466.3,,,,,,,,,,,,,,,,,,,,,,,,,,,,Mini 4 Pro,SYN76Y4B42T9T5JC2,CAMU9MKQ7ZUCCWRCZ,RCSYQ6VFRVDX297CV,BAT29A2EMB7UKV83D,,,,,,,,Mini 4 Pro,SYN76Y4B42T9T5JC2,,,,DJI Fly,,1.13.5,701C83BC-DD66-520C-92F0-10A9F690EF5F,,,,,,,,,,GPS signal weak. Hovering unstable. Fly with caution (Code: 30008).
1773942532,1m 52.0s,112.0,51.19769582,-1.82462135,124.7,124.7,30.0,304.7,597.8,0.000,9.395,0.000,,0.000,,-0.000,,0.00,0.00,90.0,90.0,,P-GPS,,,8,2,FALSE,,Mini 4 Pro,,,,,,FALSE,TRUE,,,,,,,,,,,,,,,,,,,,,,,,,,,,,,,,,,,,,,,,,,,,,,,,87.1,,,,8.150,,,,,,,4.596,,,,,,,,,,,,,,,,,,,,,,,,,,,,,,,,51.19688643,-1.82620000,466.3,,,,,,,,,,,,,,,,,,,,,,,,,,,,Mini 4 Pro,SYN76Y4B42T9T5JC2,CAMU9MKQ7ZUCCWRCZ,RCSYQ6VFRVDX297CV,BAT29A2EMB7UKV83D,,,,,,,,Mini 4 Pro,SYN76Y4B42T9T5JC2,,,,DJI Fly,,1.13.5,701C83BC-DD66-520C-92F0-10A9F690EF5F,,,,,,,,,,GPS signal weak. Hovering unstable. Fly with caution (Code: 30008).
1773942533,1m 53.0s,113.0,51.19769582,-1.82462135,124.7,124.7,30.0,304.7,597.8,0.000,9.395,0.000,,0.000,,-0.000,,0.00,0.00,90.0,90.0,,P-GPS,,,8,2,FALSE,,Mini 4 Pro,,,,,,FALSE,TRUE,,,,,,,,,,,,,,,,,,,,,,,,,,,,,,,,,,,,,,,,,,,,,,,,87.1,,,,8.150,,,,,,,4.596,,,,,,,,,,,,,,,,,,,,,,,,,,,,,,,,51.19688643,-1.82620000,466.3,,,,,,,,,,,,,,,,,,,,,,,,,,,,Mini 4 Pro,SYN76Y4B42T9T5JC2,CAMU9MKQ7ZUCCWRCZ,RCSYQ6VFRVDX297CV,BAT29A2EMB7UKV83D,,,,,,,,Mini 4 Pro,SYN76Y4B42T9T5JC2,,,,DJI Fly,,1.13.5,701C83BC-DD66-520C-92F0-10A9F690EF5F,,,,,,,,,,GPS signal weak. Hovering unstable. Fly with caution (Code: 30008).
1773942535,1m 55.0s,115.0,51.19769582,-1.82462135,124.7,124.7,30.0,304.7,597.8,0.000,9.395,0.000,,0.000,,-0.000,,0.00,0.00,90.0,90.0,,P-GPS,,,8,2,FALSE,,Mini 4 Pro,,,,,,FALSE,TRUE,,,,,,,,,,,,,,,,,,,,,,,,,,,,,,,,,,,,,,,,,,,,,,,,87.1,,,,8.150,,,,,,,4.596,,,,,,,,,,,,,,,,,,,,,,,,,,,,,,,,51.19688643,-1.82620000,466.3,,,,,,,,,,,,,,,,,,,,,,,,,,,,Mini 4 Pro,SYN76Y4B42T9T5JC2,CAMU9MKQ7ZUCCWRCZ,RCSYQ6VFRVDX297CV,BAT29A2EMB7UKV83D,,,,,,,,Mini 4 Pro,SYN76Y4B42T9T5JC2,,,,DJI Fly,,1.13.5,701C83BC-DD66-520C-92F0-10A9F690EF5F,,,,,,,,,,GPS signal weak. Hovering unstable. Fly with caution (Code: 30008).
1773942536,1m 56.0s,116.0,51.19769582,-1.82462135,124.7,124.7,30.0,304.7,597.8,0.000,9.395,0.000,,0.000,,-0.000,,0.00,0.00,90.0,90.0,,P-GPS,,,8,2,FALSE,,Mini 4 Pro,,,,,,FALSE,TRUE,,,,,,,,,,,,,,,,,,,,,,,,,,,,,,,,,,,,,,,,,,,,,,,,87.1,,,,8.150,,,,,,,4.596,,,,,,,,,,,,,,,,,,,,,,,,,,,,,,,,51.19688643,-1.82620000,466.3,,,,,,,,,,,,,,,,,,,,,,,,,,,,Mini 4 Pro,SYN76Y4B42T9T5JC2,CAMU9MKQ7ZUCCWRCZ,RCSYQ6VFRVDX297CV,BAT29A2EMB7UKV83D,,,,,,,,Mini 4 Pro,SYN76Y4B42T9T5JC2,,,,DJI Fly,,1.13.5,701C83BC-DD66-520C-92F0-10A9F690EF5F,,,,,,,,,,GPS signal weak. Hovering unstable. Fly with caution (Code: 30008).
1773942537,1m 57.0s,117.0,51.19769582,-1.82462135,124.7,124.7,30.0,304.7,597.8,0.000,9.395,0.000,,0.000,,-0.000,,0.00,0.00,90.0,90.0,,P-GPS,,,8,2,FALSE,,Mini 4 Pro,,,,,,FALSE,TRUE,,,,,,,,,,,,,,,,,,,,,,,,,,,,,,,,,,,,,,,,,,,,,,,,87.1,,,,8.150,,,,,,,4.596,,,,,,,,,,,,,,,,,,,,,,,,,,,,,,,,51.19688643,-1.82620000,466.3,,,,,,,,,,,,,,,,,,,,,,,,,,,,Mini 4 Pro,SYN76Y4B42T9T5JC2,CAMU9MKQ7ZUCCWRCZ,RCSYQ6VFRVDX297CV,BAT29A2EMB7UKV83D,,,,,,,,Mini 4 Pro,SYN76Y4B42T9T5JC2,,,,DJI Fly,,1.13.5,701C83BC-DD66-520C-92F0-10A9F690EF5F,,,,,,,,,,GPS signal weak. Hovering unstable. Fly with caution (Code: 30008).
1773942538,1m 58.0s,118.0,51.19769582,-1.82462135,124.7,124.7,30.0,304.7,597.8,0.000,9.395,0.000,,0.000,,-0.000,,0.00,0.00,90.0,90.0,,P-GPS,,,18,4,TRUE,,Mini 4 Pro,,,,,,FALSE,TRUE,,,,,,,,,,,,,,,,,,,,,,,,,,,,,,,,,,,,,,,,,,,,,,,,87.1,,,,8.149,,,,,,,4.596,,,,,,,,,,,,,,,,,,,,,,,,,,,,,,,,51.19688643,-1.82620000,466.3,,,,,,,,,,,,,,,,,,,,,,,,,,,,Mini 4 Pro,SYN76Y4B42T9T5JC2,CAMU9MKQ7ZUCCWRCZ,RCSYQ6VFRVDX297CV,BAT29A2EMB7UKV83D,,,,,,,,Mini 4 Pro,SYN76Y4B42T9T5JC2,,,,DJI Fly,,1.13.5,701C83BC-DD66-520C-92F0-10A9F690EF5F,,,,,,,,,,
1773942539,1m 59.0s,119.0,51.19769582,-1.82462135,124.7,124.7,30.0,304.7,597.8,0.000,9.395,0.000,,0.000,,-0.000,,0.00,0.00,90.0,90.0,,P-GPS,,,18,4,TRUE,,Mini 4 Pro,,,,,,FALSE,TRUE,,,,,,,,,,,,,,,,,,,,,,,,,,,,,,,,,,,,,,,,,,,,,,,,87.1,,,,8.149,,,,,,,4.596,,,,,,,,,,,,,,,,,,,,,,,,,,,,,,,,51.19688643,-1.82620000,466.3,,,,,,,,,,,,,,,,,,,,,,,,,,,,Mini 4 Pro,SYN76Y4B42T9T5JC2,CAMU9MKQ7ZUCCWRCZ,RCSYQ6VFRVDX297CV,BAT29A2EMB7UKV83D,,,,,,,,Mini 4 Pro,SYN76Y4B42T9T5JC2,,,,DJI Fly,,1.13.5,701C83BC-DD66-520C-92F0-10A9F690EF5F,,,,,,,,,,
1773942540,2m 0.0s,120.0,51.19769582,-1.82462135,124.7,124.7,30.0,304.7,597.8,0.000,9.395,0.000,,0.000,,-0.000,,0.00,0.00,90.0,90.0,,P-GPS,,,18,4,TRUE,,Mini 4 Pro,,,,,,FALSE,TRUE,,,,,,,,,,,,,,,,,,,,,,,,,,,,,,,,,,,,,,,,,,,,,,,,87.0,,,,8.149,,,,,,,4.596,,,,,,,,,,,,,,,,,,,,,,,,,,,,,,,,51.19688643,-1.82620000,466.3,,,,,,,,,,,,,,,,,,,,,,,,,,,,Mini 4 Pro,SYN76Y4B42T9T5JC2,CAMU9MKQ7ZUCCWRCZ,RCSYQ6VFRVDX297CV,BAT29A2EMB7UKV83D,,,,,,,,Mini 4 Pro,SYN76Y4B42T9T5JC2,,,,DJI Fly,,1.13.5,701C83BC-DD66-520C-92F0-10A9F690EF5F,,,,,,,,,,
1773942541,2m 1.0s,121.0,51.19769582,-1.82462135,124.7,124.7,30.0,304.7,597.8,0.000,9.395,0.000,,0.000,,-0.000,,0.00,0.00,90.0,90.0,,P-GPS,,,18,4,TRUE,,Mini 4 Pro,,,,,,FALSE,TRUE,,,,,,,,,,,,,,,,,,,,,,,,,,,,,,,,,,,,,,,,,,,,,,,,87.0,,,,8.149,,,,,,,4.596,,,,,,,,,,,,,,,,,,,,,,,,,,,,,,,,51.19688643,-1.82620000,466.3,,,,,,,,,,,,,,,,,,,,,,,,,,,,Mini 4 Pro,SYN76Y4B42T9T5JC2,CAMU9MKQ7ZUCCWRCZ,RCSYQ6VFRVDX297CV,BAT29A2EMB7UKV83D,,,,,,,,Mini 4 Pro,SYN76Y4B42T9T5JC2,,,,DJI Fly,,1.13.5,701C83BC-DD66-520C-92F0-10A9F690EF5F,,,,,,,,,,
1773942542,2m 2.0s,122.0,51.19769582,-1.82462135,124.7,124.7,30.0,304.7,597.8,0.000,9.395,0.000,,0.000,,-0.000,,0.00,0.00,90.0,90.0,,P-GPS,,,18,4,TRUE,,Mini 4 Pro,,,,,,FALSE,TRUE,,,,,,,,,,,,,,,,,,,,,,,,,,,,,,,,,,,,,,,,,,,,,,,,87.0,,,,8.149,,,,,,,4.596,,,,,,,,,,,,,,,,,,,,,,,,,,,,,,,,51.19688643,-1.82620000,466.3,,,,,,,,,,,,,,,,,,,,,,,,,,,,Mini 4 Pro,SYN76Y4B42T9T5JC2,CAMU9MKQ7ZUCCWRCZ,RCSYQ6VFRVDX297CV,BAT29A2EMB7UKV83D,,,,,,,,Mini 4 Pro,SYN76Y4B42T9T5JC2,,,,DJI Fly,,1.13.5,701C83BC-DD66-520C-92F0-10A9F690EF5F,,,,,,,,,,
1773942543,2m 3.0s,123.0,51.19769582,-1.82462135,124.7,124.7,30.0,304.7,597.8,0.000,9.395,0.000,,0.000,,-0.000,,0.00,0.00,90.0,90.0,,P-GPS,,,18,4,TRUE,,Mini 4 Pro,,,,,,FALSE,TRUE,,,,,,,,,,,,,,,,,,,,,,,,,,,,,,,,,,,,,,,,,,,,,,,,87.0,,,,8.149,,,,,,,4.596,,,,,,,,,,,,,,,,,,,,,,,,,,,,,,,,51.19688643,-1.82620000,466.3,,,,,,,,,,,,,,,,,,,,,,,,,,,,Mini 4 Pro,SYN76Y4B42T9T5JC2,CAMU9MKQ7ZUCCWRCZ,RCSYQ6VFRVDX297CV,BAT29A2EMB7UKV83D,,,,,,,,Mini 4 Pro,SYN76Y4B42T9T5JC2,,,,DJI Fly,,1.13.5,701C83BC-DD66-520C-92F0-10A9F690EF5F,,,,,,,,,,
1773942545,2m 5.0s,125.0,51.19769582,-1.82462135,124.7,124.7,30.0,304.7,597.8,0.000,9.395,0.000,,0.000,,-0.000,,0.00,0.00,90.0,90.0,,P-GPS,,,18,4,TRUE,,Mini 4 Pro,,,,,,FALSE,TRUE,,,,,,,,,,,,,,,,,,,,,,,,,,,,,,,,,,,,,,,,,,,,,,,,87.0,,,,8.149,,,,,,,4.596,,,,,,,,,,,,,,,,,,,,,,,,,,,,,,,,51.19688643,-1.82620000,466.3,,,,,,,,,,,,,,,,,,,,,,,,,,,,Mini 4 Pro,SYN76Y4B42T9T5JC2,CAMU9MKQ7ZUCCWRCZ,RCSYQ6VFRVDX297CV,BAT29A2EMB7UKV83D,,,,,,,,Mini 4 Pro,SYN76Y4B42T9T5JC2,,,,DJI Fly,,1.13.5,701C83BC-DD66-520C-92F0-10A9F690EF5F,,,,,,,,,,
1773942546,2m 6.0s,126.0,51.19769582,-1.82462135,124.7,124.7,30.0,304.7,597.8,0.000,9.395,0.000,,0.000,,-0.000,,0.00,0.00,90.0,90.0,,P-GPS,,,18,4,TRUE,,Mini 4 Pro,,,,,,FALSE,TRUE,,,,,,,,,,,,,,,,,,,,,,,,,,,,,,,,,,,,,,,,,,,,,,,,87.0,,,,8.149,,,,,,,4.596,,,,,,,,,,,,,,,,,,,,,,,,,,,,,,,,51.19688643,-1.82620000,466.3,,,,,,,,,,,,,,,,,,,,,,,,,,,,Mini 4 Pro,SYN76Y4B42T9T5JC2,CAMU9MKQ7ZUCCWRCZ,RCSYQ6VFRVDX297CV,BAT29A2EMB7UKV83D,,,,,,,,Mini 4 Pro,SYN76Y4B42T9T5JC2,,,,DJI Fly,,1.13.5,701C83BC-DD66-520C-92F0-10A9F690EF5F,,,,,,,,,,
1773942548,2m 8.0s,128.0,51.19766165,-1.82462135,118.8,124.7,30.0,298.8,610.2,8.500,9.395,-8.500,,0.000,,4.026,,-5.87,25.00,180.0,180.0,,P-GPS,,,18,4,TRUE,,Mini 4 Pro,,,,,,FALSE,TRUE,,,,,,,,,,,,,,,,,,,,,,,,,,,,,,,,,,,,,,,,,,,,,,,,87.0,,,,8.149,,,,,,,6.686,,,,,,,,,,,,,,,,,,,,,,,,,,,,,,,,51.19688643,-1.82620000,458.5,,,,,,,,,,,,,,,,,,,,,,,,,,,,Mini 4 Pro,SYN76Y4B42T9T5JC2,CAMU9MKQ7ZUCCWRCZ,RCSYQ6VFRVDX297CV,BAT29A2EMB7UKV83D,,,,,,,,Mini 4 Pro,SYN76Y4B42T9T5JC2,,,,DJI Fly,,1.13.5,701C83BC-DD66-520C-92F0-10A9F690EF5F,,,,,,,,,,
1773942549,2m 9.0s,129.0,51.19762747,-1.82462135,112.9,124.7,30.0,292.9,622.7,8.500,9.395,-8.500,,0.000,,4.026,,-5.87,0.00,180.0,180.0,,P-GPS,,,18,4,TRUE,,Mini 4 Pro,,,,,,FALSE,TRUE,,,,,,,,,,,,,,,,,,,,,,,,,,,,,,,,,,,,,,,,,,,,,,,,87.0,,,,8.148,,,,,,,6.686,,,,,,,,,,,,,,,,,,,,,,,,,,,,,,,,51.19688643,-1.82620000,450.9,,,,,,,,,,,,,,,,,,,,,,,,,,,,Mini 4 Pro,SYN76Y4B42T9T5JC2,CAMU9MKQ7ZUCCWRCZ,RCSYQ6VFRVDX297CV,BAT29A2EMB7UKV83D,,,,,,,,Mini 4 Pro,SYN76Y4B42T9T5JC2,,,,DJI Fly,,1.13.5,701C83BC-DD66-520C-92F0-10A9F690EF5F,,,,,,,,,,
1773942550,2m 10.0s,130.0,51.19759330,-1.82462135,111.5,124.7,30.0,291.5,635.2,8.500,9.395,-8.500,,0.000,,0.895,,-0.27,0.00,180.0,180.0,,P-GPS,,,18,4,TRUE,,Mini 4 Pro,,,,,,FALSE,TRUE,,,,,,,,,,,,,,,,,,,,,,,,,,,,,,,,,,,,,,,,,,,,,,,,87.0,,,,8.148,,,,,,,6.686,,,,,,,,,,,,,,,,,,,,,,,,,,,,,,,,51.19688643,-1.82620000,443.6,,,,,,,,,,,,,,,,,,,,,,,,,,,,Mini 4 Pro,SYN76Y4B42T9T5JC2,CAMU9MKQ7ZUCCWRCZ,RCSYQ6VFRVDX297CV,BAT29A2EMB7UKV83D,,,,,,,,Mini 4 Pro,SYN76Y4B42T9T5JC2,,,,DJI Fly,,1.13.5,701C83BC-DD66-520C-92F0-10A9F690EF5F,,,,,,,,,,
1773942551,2m 11.0s,131.0,51.19755912,-1.82462135,111.5,124.7,30.0,291.5,647.6,8.500,9.395,-8.500,,0.000,,-0.000,,1.33,0.00,180.0,180.0,,P-GPS,,,18,4,TRUE,,Mini 4 Pro,,,,,,FALSE,TRUE,,,,,,,,,,,,,,,,,,,,,,,,,,,,,,,,,,,,,,,,,,,,,,,,87.0,,,,8.148,,,,,,,6.686,,,,,,,,,,,,,,,,,,,,,,,,,,,,,,,,51.19688643,-1.82620000,436.4,,,,,,,,,,,,,,,,,,,,,,,,,,,,Mini 4 Pro,SYN76Y4B42T9T5JC2,CAMU9MKQ7ZUCCWRCZ,RCSYQ6VFRVDX297CV,BAT29A2EMB7UKV83D,,,,,,,,Mini 4 Pro,SYN76Y4B42T9T5JC2,,,,DJI Fly,,1.13.5,701C83BC-DD66-520C-92F0-10A9F690EF5F,,,,,,,,,,
1773942552,2m 12.0s,132.0,51.19752495,-1.82462135,111.5,124.7,30.0,291.5,660.1,8.500,9.395,-8.500,,0.000,,-0.000,,1.33,0.00,180.0,180.0,,P-GPS,,,18,4,TRUE,,Mini 4 Pro,,,,,,FALSE,TRUE,,,,,,,,,,,,,,,,,,,,,,,,,,,,,,,,,,,,,,,,,,,,,,,,87.0,,,,8.148,,,,,,,6.686,,,,,,,,,,,,,,,,,,,,,,,,,,,,,,,,51.19688643,-1.82620000,429.5,,,,,,,,,,,,,,,,,,,,,,,,,,,,Mini 4 Pro,SYN76Y4B42T9T5JC2,CAMU9MKQ7ZUCCWRCZ,RCSYQ6VFRVDX297CV,BAT29A2EMB7UKV83D,,,,,,,,Mini 4 Pro,SYN76Y4B42T9T5JC2,,,,DJI Fly,,1.13.5,701C83BC-DD66-520C-92F0-10A9F690EF5F,,,,,,,,,,
1773942553,2m 13.0s,133.0,51.19749078,-1.82462135,111.5,124.7,30.0,291.5,672.6,8.500,9.395,-8.500,,0.000,,-0.000,,1.33,0.00,180.0,180.0,,P-GPS,,,18,4,TRUE,,Mini 4 Pro,,,,,,FALSE,TRUE,,,,,,,,,,,,,,,,,,,,,,,,,,,,,,,,,,,,,,,,,,,,,,,,87.0,,,,8.148,,,,,,,6.686,,,,,,,,,,,,,,,,,,,,,,,,,,,,,,,,51.19688643,-1.82620000,422.9,,,,,,,,,,,,,,,,,,,,,,,,,,,,Mini 4 Pro,SYN76Y4B42T9T5JC2,CAMU9MKQ7ZUCCWRCZ,RCSYQ6VFRVDX297CV,BAT29A2EMB7UKV83D,,,,,,,,Mini 4 Pro,SYN76Y4B42T9T5JC2,,,,DJI Fly,,1.13.5,701C83BC-DD66-520C-92F0-10A9F690EF5F,,,,,,,,,,
1773942554,2m 14.0s,134.0,51.19745660,-1.82462135,111.5,124.7,30.0,291.5,685.0,8.500,9.395,-8.500,,0.000,,-0.000,,1.33,0.00,180.0,180.0,,P-GPS,,,18,4,TRUE,,Mini 4 Pro,,,,,,FALSE,TRUE,,,,,,,,,,,,,,,,,,,,,,,,,,,,,,,,,,,,,,,,,,,,,,,,87.0,,,,8.148,,,,,,,6.686,,,,,,,,,,,,,,,,,,,,,,,,,,,,,,,,51.19688643,-1.82620000,416.5,,,,,,,,,,,,,,,,,,,,,,,,,,,,Mini 4 Pro,SYN76Y4B42T9T5JC2,CAMU9MKQ7ZUCCWRCZ,RCSYQ6VFRVDX297CV,BAT29A2EMB7UKV83D,,,,,,,,Mini 4 Pro,SYN76Y4B42T9T5JC2,,,,DJI Fly,,1.13.5,701C83BC-DD66-520C-92F0-10A9F690EF5F,,,,,,,,,,
1773942555,2m 15.0s,135.0,51.19742243,-1.82462135,111.5,124.7,30.0,291.5,697.5,8.500,9.395,-8.500,,0.000,,-0.000,,1.33,0.00,180.0,180.0,,P-GPS,,,18,4,TRUE,,Mini 4 Pro,,,,,,FALSE,TRUE,,,,,,,,,,,,,,,,,,,,,,,,,,,,,,,,,,,,,,,,,,,,,,,,86.9,,,,8.148,,,,,,,6.686,,,,,,,,,,,,,,,,,,,,,,,,,,,,,,,,51.19688643,-1.82620000,410.5,,,,,,,,,,,,,,,,,,,,,,,,,,,,Mini 4 Pro,SYN76Y4B42T9T5JC2,CAMU9MKQ7ZUCCWRCZ,RCSYQ6VFRVDX297CV,BAT29A2EMB7UKV83D,,,,,,,,Mini 4 Pro,SYN76Y4B42T9T5JC2,,,,DJI Fly,,1.13.5,701C83BC-DD66-520C-92F0-10A9F690EF5F,,,,,,,,,,
1773942556,2m 16.0s,136.0,51.19738825,-1.82462135,111.5,124.7,30.0,291.5,710.0,8.500,9.395,-8.500,,0.000,,-0.000,,1.33,0.00,180.0,180.0,,P-GPS,,,18,4,TRUE,,Mini 4 Pro,,,,,,FALSE,TRUE,,,,,,,,,,,,,,,,,,,,,,,,,,,,,,,,,,,,,,,,,,,,,,,,86.9,,,,8.148,,,,,,,6.686,,,,,,,,,,,,,,,,,,,,,,,,,,,,,,,,51.19688643,-1.82620000,404.7,,,,,,,,,,,,,,,,,,,,,,,,,,,,Mini 4 Pro,SYN76Y4B42T9T5JC2,CAMU9MKQ7ZUCCWRCZ,RCSYQ6VFRVDX297CV,BAT29A2EMB7UKV83D,,,,,,,,Mini 4 Pro,SYN76Y4B42T9T5JC2,,,,DJI Fly,,1.13.5,701C83BC-DD66-520C-92F0-10A9F690EF5F,,,,,,,,,,
1773942557,2m 17.0s,137.0,51.19735408,-1.82462135,111.5,124.7,30.0,291.5,722.4,8.500,9.395,-8.500,,0.000,,-0.000,,1.33,0.00,180.0,180.0,,P-GPS,,,18,4,TRUE,,Mini 4 Pro,,,,,,FALSE,TRUE,,,,,,,,,,,,,,,,,,,,,,,,,,,,,,,,,,,,,,,,,,,,,,,,86.9,,,,8.147,,,,,,,6.686,,,,,,,,,,,,,,,,,,,,,,,,,,,,,,,,51.19688643,-1.82620000,399.2,,,,,,,,,,,,,,,,,,,,,,,,,,,,Mini 4 Pro,SYN76Y4B42T9T5JC2,CAMU9MKQ7ZUCCWRCZ,RCSYQ6VFRVDX297CV,BAT29A2EMB7UKV83D,,,,,,,,Mini 4 Pro,SYN76Y4B42T9T5JC2,,,,DJI Fly,,1.13.5,701C83BC-DD66-520C-92F0-10A9F690EF5F,,,,,,,,,,
1773942558,2m 18.0s,138.0,51.19731991,-1.82462135,111.5,124.7,30.0,291.5,734.9,8.500,9.395,-8.500,,0.000,,-0.000,,1.33,0.00,180.0,180.0,,P-GPS,,,18,4,TRUE,,Mini 4 Pro,,,,,,FALSE,TRUE,,,,,,,,,,,,,,,,,,,,,,,,,,,,,,,,,,,,,,,,,,,,,,,,86.9,,,,8.147,,,,,,,6.686,,,,,,,,,,,,,,,,,,,,,,,,,,,,,,,,51.19688643,-1.82620000,394.0,,,,,,,,,,,,,,,,,,,,,,,,,,,,Mini 4 Pro,SYN76Y4B42T9T5JC2,CAMU9MKQ7ZUCCWRCZ,RCSYQ6VFRVDX297CV,BAT29A2EMB7UKV83D,,,,,,,,Mini 4 Pro,SYN76Y4B42T9T5JC2,,,,DJI Fly,,1.13.5,701C83BC-DD66-520C-92F0-10A9F690EF5F,,,,,,,,,,
1773942559,2m 19.0s,139.0,51.19728573,-1.82462135,111.5,124.7,30.0,291.5,747.4,8.500,9.395,-8.500,,0.000,,-0.000,,1.33,0.00,180.0,180.0,,P-GPS,,,18,4,TRUE,,Mini 4 Pro,,,,,,FALSE,TRUE,,,,,,,,,,,,,,,,,,,,,,,,,,,,,,,,,,,,,,,,,,,,,,,,86.9,,,,8.147,,,,,,,6.686,,,,,,,,,,,,,,,,,,,,,,,,,,,,,,,,51.19688643,-1.82620000,389.2,,,,,,,,,,,,,,,,,,,,,,,,,,,,Mini 4 Pro,SYN76Y4B42T9T5JC2,CAMU9MKQ7ZUCCWRCZ,RCSYQ6VFRVDX297CV,BAT29A2EMB7UKV83D,,,,,,,,Mini 4 Pro,SYN76Y4B42T9T5JC2,,,,DJI Fly,,1.13.5,701C83BC-DD66-520C-92F0-10A9F690EF5F,,,,,,,,,,
1773942560,2m 20.0s,140.0,51.19725156,-1.82462135,111.5,124.7,30.0,291.5,759.8,8.500,9.395,-8.500,,0.000,,-0.000,,1.33,0.00,180.0,180.0,,P-GPS,,,18,4,TRUE,,Mini 4 Pro,,,,,,FALSE,TRUE,,,,,,,,,,,,,,,,,,,,,,,,,,,,,,,,,,,,,,,,,,,,,,,,86.9,,,,8.147,,,,,,,6.686,,,,,,,,,,,,,,,,,,,,,,,,,,,,,,,,51.19688643,-1.82620000,384.7,,,,,,,,,,,,,,,,,,,,,,,,,,,,Mini 4 Pro,SYN76Y4B42T9T5JC2,CAMU9MKQ7ZUCCWRCZ,RCSYQ6VFRVDX297CV,BAT29A2EMB7UKV83D,,,,,,,,Mini 4 Pro,SYN76Y4B42T9T5JC2,,,,DJI Fly,,1.13.5,701C83BC-DD66-520C-92F0-10A9F690EF5F,,,,,,,,,,
1773942561,2m 21.0s,141.0,51.19721738,-1.82462135,111.5,124.7,30.0,291.5,772.3,8.500,9.395,-8.500,,0.000,,-0.000,,1.33,0.00,180.0,180.0,,P-GPS,,,18,4,TRUE,,Mini 4 Pro,,,,,,FALSE,TRUE,,,,,,,,,,,,,,,,,,,,,,,,,,,,,,,,,,,,,,,,,,,,,,,,86.9,,,,8.147,,,,,,,6.686,,,,,,,,,,,,,,,,,,,,,,,,,,,,,,,,51.19688643,-1.82620000,380.6,,,,,,,,,,,,,,,,,,,,,,,,,,,,Mini 4 Pro,SYN76Y4B42T9T5JC2,CAMU9MKQ7ZUCCWRCZ,RCSYQ6VFRVDX297CV,BAT29A2EMB7UKV83D,,,,,,,,Mini 4 Pro,SYN76Y4B42T9T5JC2,,,,DJI Fly,,1.13.5,701C83BC-DD66-520C-92F0-10A9F690EF5F,,,,,,,,,,
1773942562,2m 22.0s,142.0,51.19718321,-1.82462135,111.5,124.7,30.0,291.5,784.8,8.500,9.395,-8.500,,0.000,,-0.000,,1.33,0.00,180.0,180.0,,P-GPS,,,18,4,TRUE,,Mini 4 Pro,,,,,,FALSE,TRUE,,,,,,,,,,,,,,,,,,,,,,,,,,,,,,,,,,,,,,,,,,,,,,,,86.9,,,,8.147,,,,,,,6.686,,,,,,,,,,,,,,,,,,,,,,,,,,,,,,,,51.19688643,-1.82620000,376.8,,,,,,,,,,,,,,,,,,,,,,,,,,,,Mini 4 Pro,SYN76Y4B42T9T5JC2,CAMU9MKQ7ZUCCWRCZ,RCSYQ6VFRVDX297CV,BAT29A2EMB7UKV83D,,,,,,,,Mini 4 Pro,SYN76Y4B42T9T5JC2,,,,DJI Fly,,1.13.5,701C83BC-DD66-520C-92F0-10A9F690EF5F,,,,,,,,,,
1773942563,2m 23.0s,143.0,51.19714903,-1.82462135,111.5,124.7,30.0,291.5,797.2,8.500,9.395,-8.500,,0.000,,-0.000,,1.33,0.00,180.0,180.0,,P-GPS,,,18,4,TRUE,,Mini 4 Pro,,,,,,FALSE,TRUE,,,,,,,,,,,,,,,,,,,,,,,,,,,,,,,,,,,,,,,,,,,,,,,,86.9,,,,8.147,,,,,,,6.686,,,,,,,,,,,,,,,,,,,,,,,,,,,,,,,,51.19688643,-1.82620000,373.4,,,,,,,,,,,,,,,,,,,,,,,,,,,,Mini 4 Pro,SYN76Y4B42T9T5JC2,CAMU9MKQ7ZUCCWRCZ,RCSYQ6VFRVDX297CV,BAT29A2EMB7UKV83D,,,,,,,,Mini 4 Pro,SYN76Y4B42T9T5JC2,,,,DJI Fly,,1.13.5,701C83BC-DD66-520C-92F0-10A9F690EF5F,,,,,,,,,,
1773942564,2m 24.0s,144.0,51.19711486,-1.82462135,111.5,124.7,30.0,291.5,809.7,8.500,9.395,-8.500,,0.000,,-0.000,,1.33,0.00,180.0,180.0,,P-GPS,,,18,4,TRUE,,Mini 4 Pro,,,,,,FALSE,TRUE,,,,,,,,,,,,,,,,,,,,,,,,,,,,,,,,,,,,,,,,,,,,,,,,86.9,,,,8.146,,,,,,,6.686,,,,,,,,,,,,,,,,,,,,,,,,,,,,,,,,51.19688643,-1.82620000,370.4,,,,,,,,,,,,,,,,,,,,,,,,,,,,Mini 4 Pro,SYN76Y4B42T9T5JC2,CAMU9MKQ7ZUCCWRCZ,RCSYQ6VFRVDX297CV,BAT29A2EMB7UKV83D,,,,,,,,Mini 4 Pro,SYN76Y4B42T9T5JC2,,,,DJI Fly,,1.13.5,701C83BC-DD66-520C-92F0-10A9F690EF5F,,,,,,,,,,
1773942565,2m 25.0s,145.0,51.19708069,-1.82462135,111.5,124.7,30.0,291.5,822.2,8.500,9.395,-8.500,,0.000,,-0.000,,1.33,0.00,180.0,180.0,,P-GPS,,,18,4,TRUE,,Mini 4 Pro,,,,,,FALSE,TRUE,,,,,,,,,,,,,,,,,,,,,,,,,,,,,,,,,,,,,,,,,,,,,,,,86.9,,,,8.146,,,,,,,6.686,,,,,,,,,,,,,,,,,,,,,,,,,,,,,,,,51.19688643,-1.82620000,367.8,,,,,,,,,,,,,,,,,,,,,,,,,,,,Mini 4 Pro,SYN76Y4B42T9T5JC2,CAMU9MKQ7ZUCCWRCZ,RCSYQ6VFRVDX297CV,BAT29A2EMB7UKV83D,,,,,,,,Mini 4 Pro,SYN76Y4B42T9T5JC2,,,,DJI Fly,,1.13.5,701C83BC-DD66-520C-92F0-10A9F690EF5F,,,,,,,,,,
1773942567,2m 27.0s,147.0,51.19701234,-1.82462135,111.5,124.7,30.0,291.5,847.1,8.500,9.395,-8.500,,0.000,,-0.000,,1.33,0.00,180.0,180.0,,P-GPS,,,18,4,TRUE,,Mini 4 Pro,,,,,,FALSE,TRUE,,,,,,,,,,,,,,,,,,,,,,,,,,,,,,,,,,,,,,,,,,,,,,,,86.8,,,,8.146,,,,,,,6.686,,,,,,,,,,,,,,,,,,,,,,,,,,,,,,,,51.19688643,-1.82620000,363.8,,,,,,,,,,,,,,,,,,,,,,,,,,,,Mini 4 Pro,SYN76Y4B42T9T5JC2,CAMU9MKQ7ZUCCWRCZ,RCSYQ6VFRVDX297CV,BAT29A2EMB7UKV83D,,,,,,,,Mini 4 Pro,SYN76Y4B42T9T5JC2,,,,DJI Fly,,1.13.5,701C83BC-DD66-520C-92F0-10A9F690EF5F,,,,,,,,,,
1773942568,2m 28.0s,148.0,51.19697816,-1.82462135,111.5,124.7,30.0,291.5,859.6,8.500,9.395,-8.500,,0.000,,-0.000,,1.33,0.00,180.0,180.0,,P-GPS,,,18,4,TRUE,,Mini 4 Pro,,,,,,FALSE,TRUE,,,,,,,,,,,,,,,,,,,,,,,,,,,,,,,,,,,,,,,,,,,,,,,,86.8,,,,8.146,,,,,,,6.686,,,,,,,,,,,,,,,,,,,,,,,,,,,,,,,,51.19688643,-1.82620000,362.4,,,,,,,,,,,,,,,,,,,,,,,,,,,,Mini 4 Pro,SYN76Y4B42T9T5JC2,CAMU9MKQ7ZUCCWRCZ,RCSYQ6VFRVDX297CV,BAT29A2EMB7UKV83D,,,,,,,,Mini 4 Pro,SYN76Y4B42T9T5JC2,,,,DJI Fly,,1.13.5,701C83BC-DD66-520C-92F0-10A9F690EF5F,,,,,,,,,,
1773942570,2m 30.0s,150.0,51.19697816,-1.82462135,111.5,124.7,30.0,291.5,859.6,0.000,9.395,0.000,,0.000,,-0.000,,0.00,0.00,180.0,180.0,,P-GPS,,,18,4,TRUE,,Mini 4 Pro,,,,,,FALSE,TRUE,,,,,,,,,,,,,,,,,,,,,,,,,,,,,,,,,,,,,,,,,,,,,,,,86.8,,,,8.146,,,,,,,4.596,,,,,,,,,,,,,,,,,,,,,,,,,,,,,,,,51.19688643,-1.82620000,362.4,,,,,,,,,,,,,,,,,,,,,,,,,,,,Mini 4 Pro,SYN76Y4B42T9T5JC2,CAMU9MKQ7ZUCCWRCZ,RCSYQ6VFRVDX297CV,BAT29A2EMB7UKV83D,,,,,,,,Mini 4 Pro,SYN76Y4B42T9T5JC2,,,,DJI Fly,,1.13.5,701C83BC-DD66-520C-92F0-10A9F690EF5F,,,,,,,,,,
1773942571,2m 31.0s,151.0,51.19697816,-1.82462135,111.5,124.7,30.0,291.5,859.6,0.000,9.395,0.000,,0.000,,-0.000,,0.00,0.00,180.0,180.0,,P-GPS,,,18,4,TRUE,,Mini 4 Pro,,,,,,FALSE,TRUE,,,,,,,,,,,,,,,,,,,,,,,,,,,,,,,,,,,,,,,,,,,,,,,,86.8,,,,8.146,,,,,,,4.596,,,,,,,,,,,,,,,,,,,,,,,,,,,,,,,,51.19688643,-1.82620000,362.4,,,,,,,,,,,,,,,,,,,,,,,,,,,,Mini 4 Pro,SYN76Y4B42T9T5JC2,CAMU9MKQ7ZUCCWRCZ,RCSYQ6VFRVDX297CV,BAT29A2EMB7UKV83D,,,,,,,,Mini 4 Pro,SYN76Y4B42T9T5JC2,,,,DJI Fly,,1.13.5,701C83BC-DD66-520C-92F0-10A9F690EF5F,,,,,,,,,,
1773942572,2m 32.0s,152.0,51.19697816,-1.82462135,111.5,124.7,30.0,291.5,859.6,0.000,9.395,0.000,,0.000,,-0.000,,0.00,0.00,180.0,180.0,,P-GPS,,,18,4,TRUE,,Mini 4 Pro,,,,,,FALSE,TRUE,,,,,,,,,,,,,,,,,,,,,,,,,,,,,,,,,,,,,,,,,,,,,,,,86.8,,,,8.146,,,,,,,4.596,,,,,,,,,,,,,,,,,,,,,,,,,,,,,,,,51.19688643,-1.82620000,362.4,,,,,,,,,,,,,,,,,,,,,,,,,,,,Mini 4 Pro,SYN76Y4B42T9T5JC2,CAMU9MKQ7ZUCCWRCZ,RCSYQ6VFRVDX297CV,BAT29A2EMB7UKV83D,,,,,,,,Mini 4 Pro,SYN76Y4B42T9T5JC2,,,,DJI Fly,,1.13.5,701C83BC-DD66-520C-92F0-10A9F690EF5F,,,,,,,,,,
1773942573,2m 33.0s,153.0,51.19697816,-1.82462135,111.5,124.7,30.0,291.5,859.6,0.000,9.395,0.000,,0.000,,-0.000,,0.00,0.00,180.0,180.0,,P-GPS,,,18,4,TRUE,,Mini 4 Pro,,,,,,FALSE,TRUE,,,,,,,,,,,,,,,,,,,,,,,,,,,,,,,,,,,,,,,,,,,,,,,,86.8,,,,8.146,,,,,,,4.596,,,,,,,,,,,,,,,,,,,,,,,,,,,,,,,,51.19688643,-1.82620000,362.4,,,,,,,,,,,,,,,,,,,,,,,,,,,,Mini 4 Pro,SYN76Y4B42T9T5JC2,CAMU9MKQ7ZUCCWRCZ,RCSYQ6VFRVDX297CV,BAT29A2EMB7UKV83D,,,,,,,,Mini 4 Pro,SYN76Y4B42T9T5JC2,,,,DJI Fly,,1.13.5,701C83BC-DD66-520C-92F0-10A9F690EF5F,,,,,,,,,,
1773942574,2m 34.0s,154.0,51.19697816,-1.82462135,111.5,124.7,30.0,291.5,859.6,0.000,9.395,0.000,,0.000,,-0.000,,0.00,0.00,180.0,180.0,,P-GPS,,,18,4,TRUE,,Mini 4 Pro,,,,,,FALSE,TRUE,,,,,,,,,,,,,,,,,,,,,,,,,,,,,,,,,,,,,,,,,,,,,,,,86.8,,,,8.145,,,,,,,4.596,,,,,,,,,,,,,,,,,,,,,,,,,,,,,,,,51.19688643,-1.82620000,362.4,,,,,,,,,,,,,,,,,,,,,,,,,,,,Mini 4 Pro,SYN76Y4B42T9T5JC2,CAMU9MKQ7ZUCCWRCZ,RCSYQ6VFRVDX297CV,BAT29A2EMB7UKV83D,,,,,,,,Mini 4 Pro,SYN76Y4B42T9T5JC2,,,,DJI Fly,,1.13.5,701C83BC-DD66-520C-92F0-10A9F690EF5F,,,,,,,,,,
1773942575,2m 35.0s,155.0,51.19697816,-1.82462135,111.5,124.7,30.0,291.5,859.6,0.000,9.395,0.000,,0.000,,-0.000,,0.00,0.00,180.0,180.0,,P-GPS,,,18,4,TRUE,,Mini 4 Pro,,,,,,FALSE,TRUE,,,,,,,,,,,,,,,,,,,,,,,,,,,,,,,,,,,,,,,,,,,,,,,,86.8,,,,8.145,,,,,,,4.596,,,,,,,,,,,,,,,,,,,,,,,,,,,,,,,,51.19688643,-1.82620000,362.4,,,,,,,,,,,,,,,,,,,,,,,,,,,,Mini 4 Pro,SYN76Y4B42T9T5JC2,CAMU9MKQ7ZUCCWRCZ,RCSYQ6VFRVDX297CV,BAT29A2EMB7UKV83D,,,,,,,,Mini 4 Pro,SYN76Y4B42T9T5JC2,,,,DJI Fly,,1.13.5,701C83BC-DD66-520C-92F0-10A9F690EF5F,,,,,,,,,,
1773942576,2m 36.0s,156.0,51.19697816,-1.82462135,111.5,124.7,30.0,291.5,859.6,0.000,9.395,0.000,,0.000,,-0.000,,0.00,0.00,180.0,180.0,,P-GPS,,,18,4,TRUE,,Mini 4 Pro,,,,,,FALSE,TRUE,,,,,,,,,,,,,,,,,,,,,,,,,,,,,,,,,,,,,,,,,,,,,,,,86.8,,,,8.145,,,,,,,4.596,,,,,,,,,,,,,,,,,,,,,,,,,,,,,,,,51.19688643,-1.82620000,362.4,,,,,,,,,,,,,,,,,,,,,,,,,,,,Mini 4 Pro,SYN76Y4B42T9T5JC2,CAMU9MKQ7ZUCCWRCZ,RCSYQ6VFRVDX297CV,BAT29A2EMB7UKV83D,,,,,,,,Mini 4 Pro,SYN76Y4B42T9T5JC2,,,,DJI Fly,,1.13.5,701C83BC-DD66-520C-92F0-10A9F690EF5F,,,,,,,,,,
1773942577,2m 37.0s,157.0,51.19697816,-1.82462135,111.5,124.7,30.0,291.5,859.6,0.000,9.395,0.000,,0.000,,-0.000,,0.00,0.00,180.0,180.0,,P-GPS,,,18,4,TRUE,,Mini 4 Pro,,,,,,FALSE,TRUE,,,,,,,,,,,,,,,,,,,,,,,,,,,,,,,,,,,,,,,,,,,,,,,,86.8,,,,8.145,,,,,,,4.596,,,,,,,,,,,,,,,,,,,,,,,,,,,,,,,,51.19688643,-1.82620000,362.4,,,,,,,,,,,,,,,,,,,,,,,,,,,,Mini 4 Pro,SYN76Y4B42T9T5JC2,CAMU9MKQ7ZUCCWRCZ,RCSYQ6VFRVDX297CV,BAT29A2EMB7UKV83D,,,,,,,,Mini 4 Pro,SYN76Y4B42T9T5JC2,,,,DJI Fly,,1.13.5,701C83BC-DD66-520C-92F0-10A9F690EF5F,,,,,,,,,,
1773942578,2m 38.0s,158.0,51.19697816,-1.82462135,111.5,124.7,30.0,291.5,859.6,0.000,9.395,0.000,,0.000,,-0.000,,0.00,0.00,180.0,180.0,,P-GPS,,,18,4,TRUE,,Mini 4 Pro,,,,,,FALSE,TRUE,,,,,,,,,,,,,,,,,,,,,,,,,,,,,,,,,,,,,,,,,,,,,,,,86.8,,,,8.145,,,,,,,4.596,,,,,,,,,,,,,,,,,,,,,,,,,,,,,,,,51.19688643,-1.82620000,362.4,,,,,,,,,,,,,,,,,,,,,,,,,,,,Mini 4 Pro,SYN76Y4B42T9T5JC2,CAMU9MKQ7ZUCCWRCZ,RCSYQ6VFRVDX297CV,BAT29A2EMB7UKV83D,,,,,,,,Mini 4 Pro,SYN76Y4B42T9T5JC2,,,,DJI Fly,,1.13.5,701C83BC-DD66-520C-92F0-10A9F690EF5F,,,,,,,,,,
1773942579,2m 39.0s,159.0,51.19697816,-1.82462135,111.5,124.7,30.0,291.5,859.6,0.000,9.395,0.000,,0.000,,-0.000,,0.00,0.00,180.0,180.0,,P-GPS,,,18,4,TRUE,,Mini 4 Pro,,,,,,FALSE,TRUE,,,,,,,,,,,,,,,,,,,,,,,,,,,,,,,,,,,,,,,,,,,,,,,,86.8,,,,8.145,,,,,,,4.596,,,,,,,,,,,,,,,,,,,,,,,,,,,,,,,,51.19688643,-1.82620000,362.4,,,,,,,,,,,,,,,,,,,,,,,,,,,,Mini 4 Pro,SYN76Y4B42T9T5JC2,CAMU9MKQ7ZUCCWRCZ,RCSYQ6VFRVDX297CV,BAT29A2EMB7UKV83D,,,,,,,,Mini 4 Pro,SYN76Y4B42T9T5JC2,,,,DJI Fly,,1.13.5,701C83BC-DD66-520C-92F0-10A9F690EF5F,,,,,,,,,,
1773942581,2m 41.0s,161.0,51.19697816,-1.82462135,111.5,124.7,30.0,291.5,859.6,0.000,9.395,0.000,,0.000,,-0.000,,0.00,0.00,180.0,180.0,,P-GPS,,,18,4,TRUE,,Mini 4 Pro,,,,,,FALSE,TRUE,,,,,,,,,,,,,,,,,,,,,,,,,,,,,,,,,,,,,,,,,,,,,,,,86.8,,,,8.145,,,,,,,4.596,,,,,,,,,,,,,,,,,,,,,,,,,,,,,,,,51.19688643,-1.82620000,362.4,,,,,,,,,,,,,,,,,,,,,,,,,,,,Mini 4 Pro,SYN76Y4B42T9T5JC2,CAMU9MKQ7ZUCCWRCZ,RCSYQ6VFRVDX297CV,BAT29A2EMB7UKV83D,,,,,,,,Mini 4 Pro,SYN76Y4B42T9T5JC2,,,,DJI Fly,,1.13.5,701C83BC-DD66-520C-92F0-10A9F690EF5F,,,,,,,,,,
1773942582,2m 42.0s,162.0,51.19697816,-1.82462135,111.5,124.7,30.0,291.5,859.6,0.000,9.395,0.000,,0.000,,-0.000,,0.00,0.00,180.0,180.0,,P-GPS,,,18,4,TRUE,,Mini 4 Pro,,,,,,FALSE,TRUE,,,,,,,,,,,,,,,,,,,,,,,,,,,,,,,,,,,,,,,,,,,,,,,,86.8,,,,8.145,,,,,,,4.596,,,,,,,,,,,,,,,,,,,,,,,,,,,,,,,,51.19688643,-1.82620000,362.4,,,,,,,,,,,,,,,,,,,,,,,,,,,,Mini 4 Pro,SYN76Y4B42T9T5JC2,CAMU9MKQ7ZUCCWRCZ,RCSYQ6VFRVDX297CV,BAT29A2EMB7UKV83D,,,,,,,,Mini 4 Pro,SYN76Y4B42T9T5JC2,,,,DJI Fly,,1.13.5,701C83BC-DD66-520C-92F0-10A9F690EF5F,,,,,,,,,,
1773942583,2m 43.0s,163.0,51.19697484,-1.82467851,111.5,124.7,30.0,291.5,872.7,8.948,9.395,-0.826,,-8.910,,-0.000,,1.40,25.00,264.7,264.7,,SMART_RTH,,,18,4,TRUE,,Mini 4 Pro,,,,,,FALSE,TRUE,,,,,,,,,,,,,,,,,,,,,,,,,,,,,,,,,,,,,,,,,,,,,,,,86.8,,,,8.145,,,,,,,6.796,,,,,,,,,,,,,,,,,,,,,,,,,,,,,,,,51.19688643,-1.82620000,349.3,,,,,,,,,,,,,,,,,,,,,,,,,,,,Mini 4 Pro,SYN76Y4B42T9T5JC2,CAMU9MKQ7ZUCCWRCZ,RCSYQ6VFRVDX297CV,BAT29A2EMB7UKV83D,,,,,,,,Mini 4 Pro,SYN76Y4B42T9T5JC2,,,,DJI Fly,,1.13.5,701C83BC-DD66-520C-92F0-10A9F690EF5F,,,,,,,,,,
1773942584,2m 44.0s,164.0,51.19697152,-1.82473567,111.5,124.7,30.0,291.5,885.8,8.948,9.395,-0.826,,-8.910,,-0.000,,1.40,0.00,264.7,264.7,,SMART_RTH,,,18,4,TRUE,,Mini 4 Pro,,,,,,FALSE,TRUE,,,,,,,,,,,,,,,,,,,,,,,,,,,,,,,,,,,,,,,,,,,,,,,,86.7,,,,8.145,,,,,,,6.796,,,,,,,,,,,,,,,,,,,,,,,,,,,,,,,,51.19688643,-1.82620000,336.2,,,,,,,,,,,,,,,,,,,,,,,,,,,,Mini 4 Pro,SYN76Y4B42T9T5JC2,CAMU9MKQ7ZUCCWRCZ,RCSYQ6VFRVDX297CV,BAT29A2EMB7UKV83D,,,,,,,,Mini 4 Pro,SYN76Y4B42T9T5JC2,,,,DJI Fly,,1.13.5,701C83BC-DD66-520C-92F0-10A9F690EF5F,,,,,,,,,,
1773942585,2m 45.0s,165.0,51.19696820,-1.82479283,111.5,124.7,30.0,291.5,898.9,8.948,9.395,-0.826,,-8.910,,-0.000,,1.40,0.00,264.7,264.7,,SMART_RTH,,,18,4,TRUE,,Mini 4 Pro,,,,,,FALSE,TRUE,,,,,,,,,,,,,,,,,,,,,,,,,,,,,,,,,,,,,,,,,,,,,,,,86.7,,,,8.144,,,,,,,6.796,,,,,,,,,,,,,,,,,,,,,,,,,,,,,,,,51.19688643,-1.82620000,323.1,,,,,,,,,,,,,,,,,,,,,,,,,,,,Mini 4 Pro,SYN76Y4B42T9T5JC2,CAMU9MKQ7ZUCCWRCZ,RCSYQ6VFRVDX297CV,BAT29A2EMB7UKV83D,,,,,,,,Mini 4 Pro,SYN76Y4B42T9T5JC2,,,,DJI Fly,,1.13.5,701C83BC-DD66-520C-92F0-10A9F690EF5F,,,,,,,,,,
1773942587,2m 47.0s,167.0,51.19696156,-1.82490715,111.5,124.7,30.0,291.5,925.2,8.948,9.395,-0.826,,-8.910,,-0.000,,1.40,0.00,264.7,264.7,,SMART_RTH,,,18,4,TRUE,,Mini 4 Pro,,,,,,FALSE,TRUE,,,,,,,,,,,,,,,,,,,,,,,,,,,,,,,,,,,,,,,,,,,,,,,,86.7,,,,8.144,,,,,,,6.796,,,,,,,,,,,,,,,,,,,,,,,,,,,,,,,,51.19688643,-1.82620000,296.8,,,,,,,,,,,,,,,,,,,,,,,,,,,,Mini 4 Pro,SYN76Y4B42T9T5JC2,CAMU9MKQ7ZUCCWRCZ,RCSYQ6VFRVDX297CV,BAT29A2EMB7UKV83D,,,,,,,,Mini 4 Pro,SYN76Y4B42T9T5JC2,,,,DJI Fly,,1.13.5,701C83BC-DD66-520C-92F0-10A9F690EF5F,,,,,,,,,,
1773942588,2m 48.0s,168.0,51.19695823,-1.82496431,111.5,124.7,30.0,291.5,938.3,8.948,9.395,-0.826,,-8.910,,-0.000,,1.40,0.00,264.7,264.7,,SMART_RTH,,,18,4,TRUE,,Mini 4 Pro,,,,,,FALSE,TRUE,,,,,,,,,,,,,,,,,,,,,,,,,,,,,,,,,,,,,,,,,,,,,,,,86.7,,,,8.144,,,,,,,6.796,,,,,,,,,,,,,,,,,,,,,,,,,,,,,,,,51.19688643,-1.82620000,283.7,,,,,,,,,,,,,,,,,,,,,,,,,,,,Mini 4 Pro,SYN76Y4B42T9T5JC2,CAMU9MKQ7ZUCCWRCZ,RCSYQ6VFRVDX297CV,BAT29A2EMB7UKV83D,,,,,,,,Mini 4 Pro,SYN76Y4B42T9T5JC2,,,,DJI Fly,,1.13.5,701C83BC-DD66-520C-92F0-10A9F690EF5F,,,,,,,,,,
1773942589,2m 49.0s,169.0,51.19695491,-1.82502147,111.5,124.7,30.0,291.5,951.4,8.948,9.395,-0.826,,-8.910,,-0.000,,1.40,0.00,264.7,264.7,,SMART_RTH,,,18,4,TRUE,,Mini 4 Pro,,,,,,FALSE,TRUE,,,,,,,,,,,,,,,,,,,,,,,,,,,,,,,,,,,,,,,,,,,,,,,,86.7,,,,8.144,,,,,,,6.796,,,,,,,,,,,,,,,,,,,,,,,,,,,,,,,,51.19688643,-1.82620000,270.6,,,,,,,,,,,,,,,,,,,,,,,,,,,,Mini 4 Pro,SYN76Y4B42T9T5JC2,CAMU9MKQ7ZUCCWRCZ,RCSYQ6VFRVDX297CV,BAT29A2EMB7UKV83D,,,,,,,,Mini 4 Pro,SYN76Y4B42T9T5JC2,,,,DJI Fly,,1.13.5,701C83BC-DD66-520C-92F0-10A9F690EF5F,,,,,,,,,,
1773942590,2m 50.0s,170.0,51.19695159,-1.82507863,111.5,124.7,30.0,291.5,964.6,8.948,9.395,-0.826,,-8.910,,-0.000,,1.40,0.00,264.7,264.7,,SMART_RTH,,,18,4,TRUE,,Mini 4 Pro,,,,,,FALSE,TRUE,,,,,,,,,,,,,,,,,,,,,,,,,,,,,,,,,,,,,,,,,,,,,,,,86.7,,,,8.144,,,,,,,6.796,,,,,,,,,,,,,,,,,,,,,,,,,,,,,,,,51.19688643,-1.82620000,257.5,,,,,,,,,,,,,,,,,,,,,,,,,,,,Mini 4 Pro,SYN76Y4B42T9T5JC2,CAMU9MKQ7ZUCCWRCZ,RCSYQ6VFRVDX297CV,BAT29A2EMB7UKV83D,,,,,,,,Mini 4 Pro,SYN76Y4B42T9T5JC2,,,,DJI Fly,,1.13.5,701C83BC-DD66-520C-92F0-10A9F690EF5F,,,,,,,,,,
1773942592,2m 52.0s,172.0,51.19694495,-1.82519295,111.5,124.7,30.0,291.5,990.8,8.948,9.395,-0.826,,-8.910,,-0.000,,1.40,0.00,264.7,264.7,,SMART_RTH,,,18,4,TRUE,,Mini 4 Pro,,,,,,FALSE,TRUE,,,,,,,,,,,,,,,,,,,,,,,,,,,,,,,,,,,,,,,,,,,,,,,,86.7,,,,8.143,,,,,,,6.796,,,,,,,,,,,,,,,,,,,,,,,,,,,,,,,,51.19688643,-1.82620000,231.2,,,,,,,,,,,,,,,,,,,,,,,,,,,,Mini 4 Pro,SYN76Y4B42T9T5JC2,CAMU9MKQ7ZUCCWRCZ,RCSYQ6VFRVDX297CV,BAT29A2EMB7UKV83D,,,,,,,,Mini 4 Pro,SYN76Y4B42T9T5JC2,,,,DJI Fly,,1.13.5,701C83BC-DD66-520C-92F0-10A9F690EF5F,,,,,,,,,,
1773942593,2m 53.0s,173.0,51.19694163,-1.82525011,111.5,124.7,30.0,291.5,1003.9,8.948,9.395,-0.826,,-8.910,,-0.000,,1.40,0.00,264.7,264.7,,SMART_RTH,,,18,4,TRUE,,Mini 4 Pro,,,,,,FALSE,TRUE,,,,,,,,,,,,,,,,,,,,,,,,,,,,,,,,,,,,,,,,,,,,,,,,86.7,,,,8.143,,,,,,,6.796,,,,,,,,,,,,,,,,,,,,,,,,,,,,,,,,51.19688643,-1.82620000,218.1,,,,,,,,,,,,,,,,,,,,,,,,,,,,Mini 4 Pro,SYN76Y4B42T9T5JC2,CAMU9MKQ7ZUCCWRCZ,RCSYQ6VFRVDX297CV,BAT29A2EMB7UKV83D,,,,,,,,Mini 4 Pro,SYN76Y4B42T9T5JC2,,,,DJI Fly,,1.13.5,701C83BC-DD66-520C-92F0-10A9F690EF5F,,,,,,,,,,
1773942594,2m 54.0s,174.0,51.19693831,-1.82530727,111.5,124.7,30.0,291.5,1017.0,8.948,9.395,-0.826,,-8.910,,-0.000,,1.40,0.00,264.7,264.7,,SMART_RTH,,,18,4,TRUE,,Mini 4 Pro,,,,,,FALSE,TRUE,,,,,,,,,,,,,,,,,,,,,,,,,,,,,,,,,,,,,,,,,,,,,,,,86.7,,,,8.143,,,,,,,6.796,,,,,,,,,,,,,,,,,,,,,,,,,,,,,,,,51.19688643,-1.82620000,205.0,,,,,,,,,,,,,,,,,,,,,,,,,,,,Mini 4 Pro,SYN76Y4B42T9T5JC2,CAMU9MKQ7ZUCCWRCZ,RCSYQ6VFRVDX297CV,BAT29A2EMB7UKV83D,,,,,,,,Mini 4 Pro,SYN76Y4B42T9T5JC2,,,,DJI Fly,,1.13.5,701C83BC-DD66-520C-92F0-10A9F690EF5F,,,,,,,,,,
1773942596,2m 56.0s,176.0,51.19693166,-1.82542159,111.5,124.7,30.0,291.5,1043.3,8.948,9.395,-0.826,,-8.910,,-0.000,,1.40,0.00,264.7,264.7,,SMART_RTH,,,18,4,TRUE,,Mini 4 Pro,,,,,,FALSE,TRUE,,,,,,,,,,,,,,,,,,,,,,,,,,,,,,,,,,,,,,,,,,,,,,,,86.6,,,,8.143,,,,,,,6.796,,,,,,,,,,,,,,,,,,,,,,,,,,,,,,,,51.19688643,-1.82620000,178.7,,,,,,,,,,,,,,,,,,,,,,,,,,,,Mini 4 Pro,SYN76Y4B42T9T5JC2,CAMU9MKQ7ZUCCWRCZ,RCSYQ6VFRVDX297CV,BAT29A2EMB7UKV83D,,,,,,,,Mini 4 Pro,SYN76Y4B42T9T5JC2,,,,DJI Fly,,1.13.5,701C83BC-DD66-520C-92F0-10A9F690EF5F,,,,,,,,,,
1773942597,2m 57.0s,177.0,51.19692834,-1.82547875,111.5,124.7,30.0,291.5,1056.4,8.948,9.395,-0.826,,-8.910,,-0.000,,1.40,0.00,264.7,264.7,,SMART_RTH,,,18,4,TRUE,,Mini 4 Pro,,,,,,FALSE,TRUE,,,,,,,,,,,,,,,,,,,,,,,,,,,,,,,,,,,,,,,,,,,,,,,,86.6,,,,8.143,,,,,,,6.796,,,,,,,,,,,,,,,,,,,,,,,,,,,,,,,,51.19688643,-1.82620000,165.6,,,,,,,,,,,,,,,,,,,,,,,,,,,,Mini 4 Pro,SYN76Y4B42T9T5JC2,CAMU9MKQ7ZUCCWRCZ,RCSYQ6VFRVDX297CV,BAT29A2EMB7UKV83D,,,,,,,,Mini 4 Pro,SYN76Y4B42T9T5JC2,,,,DJI Fly,,1.13.5,701C83BC-DD66-520C-92F0-10A9F690EF5F,,,,,,,,,,
1773942598,2m 58.0s,178.0,51.19692502,-1.82553591,111.5,124.7,30.0,291.5,1069.5,8.948,9.395,-0.826,,-8.910,,-0.000,,1.40,0.00,264.7,264.7,,SMART_RTH,,,18,4,TRUE,,Mini 4 Pro,,,,,,FALSE,TRUE,,,,,,,,,,,,,,,,,,,,,,,,,,,,,,,,,,,,,,,,,,,,,,,,86.6,,,,8.143,,,,,,,6.796,,,,,,,,,,,,,,,,,,,,,,,,,,,,,,,,51.19688643,-1.82620000,152.5,,,,,,,,,,,,,,,,,,,,,,,,,,,,Mini 4 Pro,SYN76Y4B42T9T5JC2,CAMU9MKQ7ZUCCWRCZ,RCSYQ6VFRVDX297CV,BAT29A2EMB7UKV83D,,,,,,,,Mini 4 Pro,SYN76Y4B42T9T5JC2,,,,DJI Fly,,1.13.5,701C83BC-DD66-520C-92F0-10A9F690EF5F,,,,,,,,,,
1773942599,2m 59.0s,179.0,51.19692170,-1.82559307,111.5,124.7,30.0,291.5,1082.7,8.948,9.395,-0.826,,-8.910,,-0.000,,1.40,0.00,264.7,264.7,,SMART_RTH,,,18,4,TRUE,,Mini 4 Pro,,,,,,FALSE,TRUE,,,,,,,,,,,,,,,,,,,,,,,,,,,,,,,,,,,,,,,,,,,,,,,,86.6,,,,8.143,,,,,,,6.796,,,,,,,,,,,,,,,,,,,,,,,,,,,,,,,,51.19688643,-1.82620000,139.3,,,,,,,,,,,,,,,,,,,,,,,,,,,,Mini 4 Pro,SYN76Y4B42T9T5JC2,CAMU9MKQ7ZUCCWRCZ,RCSYQ6VFRVDX297CV,BAT29A2EMB7UKV83D,,,,,,,,Mini 4 Pro,SYN76Y4B42T9T5JC2,,,,DJI Fly,,1.13.5,701C83BC-DD66-520C-92F0-10A9F690EF5F,,,,,,,,,,
1773942600,3m 0.0s,180.0,51.19691838,-1.82565023,111.5,124.7,30.0,291.5,1095.8,8.948,9.395,-0.826,,-8.910,,-0.000,,1.40,0.00,264.7,264.7,,SMART_RTH,,,18,4,TRUE,,Mini 4 Pro,,,,,,FALSE,TRUE,,,,,,,,,,,,,,,,,,,,,,,,,,,,,,,,,,,,,,,,,,,,,,,,86.6,,,,8.142,,,,,,,6.796,,,,,,,,,,,,,,,,,,,,,,,,,,,,,,,,51.19688643,-1.82620000,126.2,,,,,,,,,,,,,,,,,,,,,,,,,,,,Mini 4 Pro,SYN76Y4B42T9T5JC2,CAMU9MKQ7ZUCCWRCZ,RCSYQ6VFRVDX297CV,BAT29A2EMB7UKV83D,,,,,,,,Mini 4 Pro,SYN76Y4B42T9T5JC2,,,,DJI Fly,,1.13.5,701C83BC-DD66-520C-92F0-10A9F690EF5F,,,,,,,,,,
1773942602,3m 2.0s,182.0,51.19691173,-1.82576456,111.5,124.7,30.0,291.5,1122.0,8.948,9.395,-0.826,,-8.910,,-0.000,,1.40,0.00,264.7,264.7,,SMART_RTH,,,18,4,TRUE,,Mini 4 Pro,,,,,,FALSE,TRUE,,,,,,,,,,,,,,,,,,,,,,,,,,,,,,,,,,,,,,,,,,,,,,,,86.6,,,,8.142,,,,,,,6.796,,,,,,,,,,,,,,,,,,,,,,,,,,,,,,,,51.19688643,-1.82620000,100.0,,,,,,,,,,,,,,,,,,,,,,,,,,,,Mini 4 Pro,SYN76Y4B42T9T5JC2,CAMU9MKQ7ZUCCWRCZ,RCSYQ6VFRVDX297CV,BAT29A2EMB7UKV83D,,,,,,,,Mini 4 Pro,SYN76Y4B42T9T5JC2,,,,DJI Fly,,1.13.5,701C83BC-DD66-520C-92F0-10A9F690EF5F,,,,,,,,,,
1773942603,3m 3.0s,183.0,51.19690841,-1.82582172,111.5,124.7,30.0,291.5,1135.2,8.948,9.395,-0.826,,-8.910,,-0.000,,1.40,0.00,264.7,264.7,,SMART_RTH,,,18,4,TRUE,,Mini 4 Pro,,,,,,FALSE,TRUE,,,,,,,,,,,,,,,,,,,,,,,,,,,,,,,,,,,,,,,,,,,,,,,,86.6,,,,8.142,,,,,,,6.796,,,,,,,,,,,,,,,,,,,,,,,,,,,,,,,,51.19688643,-1.82620000,86.9,,,,,,,,,,,,,,,,,,,,,,,,,,,,Mini 4 Pro,SYN76Y4B42T9T5JC2,CAMU9MKQ7ZUCCWRCZ,RCSYQ6VFRVDX297CV,BAT29A2EMB7UKV83D,,,,,,,,Mini 4 Pro,SYN76Y4B42T9T5JC2,,,,DJI Fly,,1.13.5,701C83BC-DD66-520C-92F0-10A9F690EF5F,,,,,,,,,,
1773942604,3m 4.0s,184.0,51.19690509,-1.82587888,111.5,124.7,30.0,291.5,1148.3,8.948,9.395,-0.826,,-8.910,,-0.000,,1.40,0.00,264.7,264.7,,SMART_RTH,,,18,4,TRUE,,Mini 4 Pro,,,,,,FALSE,TRUE,,,,,,,,,,,,,,,,,,,,,,,,,,,,,,,,,,,,,,,,,,,,,,,,86.6,,,,8.142,,,,,,,6.796,,,,,,,,,,,,,,,,,,,,,,,,,,,,,,,,51.19688643,-1.82620000,73.7,,,,,,,,,,,,,,,,,,,,,,,,,,,,Mini 4 Pro,SYN76Y4B42T9T5JC2,CAMU9MKQ7ZUCCWRCZ,RCSYQ6VFRVDX297CV,BAT29A2EMB7UKV83D,,,,,,,,Mini 4 Pro,SYN76Y4B42T9T5JC2,,,,DJI Fly,,1.13.5,701C83BC-DD66-520C-92F0-10A9F690EF5F,,,,,,,,,,
1773942605,3m 5.0s,185.0,51.19690177,-1.82593604,111.5,124.7,30.0,291.5,1161.4,8.948,9.395,-0.826,,-8.910,,-0.000,,1.40,0.00,264.7,264.7,,SMART_RTH,,,18,4,TRUE,,Mini 4 Pro,,,,,,FALSE,TRUE,,,,,,,,,,,,,,,,,,,,,,,,,,,,,,,,,,,,,,,,,,,,,,,,86.6,,,,8.142,,,,,,,6.796,,,,,,,,,,,,,,,,,,,,,,,,,,,,,,,,51.19688643,-1.82620000,60.6,,,,,,,,,,,,,,,,,,,,,,,,,,,,Mini 4 Pro,SYN76Y4B42T9T5JC2,CAMU9MKQ7ZUCCWRCZ,RCSYQ6VFRVDX297CV,BAT29A2EMB7UKV83D,,,,,,,,Mini 4 Pro,SYN76Y4B42T9T5JC2,,,,DJI Fly,,1.13.5,701C83BC-DD66-520C-92F0-10A9F690EF5F,,,,,,,,,,
1773942606,3m 6.0s,186.0,51.19689845,-1.82599320,111.5,124.7,30.0,291.5,1174.5,8.948,9.395,-0.826,,-8.910,,-0.000,,1.40,0.00,264.7,264.7,,SMART_RTH,,,18,4,TRUE,,Mini 4 Pro,,,,,,FALSE,TRUE,,,,,,,,,,,,,,,,,,,,,,,,,,,,,,,,,,,,,,,,,,,,,,,,86.6,,,,8.142,,,,,,,6.796,,,,,,,,,,,,,,,,,,,,,,,,,,,,,,,,51.19688643,-1.82620000,47.5,,,,,,,,,,,,,,,,,,,,,,,,,,,,Mini 4 Pro,SYN76Y4B42T9T5JC2,CAMU9MKQ7ZUCCWRCZ,RCSYQ6VFRVDX297CV,BAT29A2EMB7UKV83D,,,,,,,,Mini 4 Pro,SYN76Y4B42T9T5JC2,,,,DJI Fly,,1.13.5,701C83BC-DD66-520C-92F0-10A9F690EF5F,,,,,,,,,,
1773942607,3m 7.0s,187.0,51.19689513,-1.82605036,111.5,124.7,30.0,291.5,1187.6,8.948,9.395,-0.826,,-8.910,,-0.000,,1.40,0.00,264.7,264.7,,SMART_RTH,,,18,4,TRUE,,Mini 4 Pro,,,,,,FALSE,TRUE,,,,,,,,,,,,,,,,,,,,,,,,,,,,,,,,,,,,,,,,,,,,,,,,86.6,,,,8.142,,,,,,,6.796,,,,,,,,,,,,,,,,,,,,,,,,,,,,,,,,51.19688643,-1.82620000,34.4,,,,,,,,,,,,,,,,,,,,,,,,,,,,Mini 4 Pro,SYN76Y4B42T9T5JC2,CAMU9MKQ7ZUCCWRCZ,RCSYQ6VFRVDX297CV,BAT29A2EMB7UKV83D,,,,,,,,Mini 4 Pro,SYN76Y4B42T9T5JC2,,,,DJI Fly,,1.13.5,701C83BC-DD66-520C-92F0-10A9F690EF5F,,,,,,,,,,
1773942608,3m 8.0s,188.0,51.19689181,-1.82610752,111.5,124.7,30.0,291.5,1200.8,8.948,9.395,-0.826,,-8.910,,-0.000,,1.40,0.00,264.7,264.7,,SMART_RTH,,,18,4,TRUE,,Mini 4 Pro,,,,,,FALSE,TRUE,,,,,,,,,,,,,,,,,,,,,,,,,,,,,,,,,,,,,,,,,,,,,,,,86.5,,,,8.141,,,,,,,6.796,,,,,,,,,,,,,,,,,,,,,,,,,,,,,,,,51.19688643,-1.82620000,21.2,,,,,,,,,,,,,,,,,,,,,,,,,,,,Mini 4 Pro,SYN76Y4B42T9T5JC2,CAMU9MKQ7ZUCCWRCZ,RCSYQ6VFRVDX297CV,BAT29A2EMB7UKV83D,,,,,,,,Mini 4 Pro,SYN76Y4B42T9T5JC2,,,,DJI Fly,,1.13.5,701C83BC-DD66-520C-92F0-10A9F690EF5F,,,,,,,,,,
1773942609,3m 9.0s,189.0,51.19688848,-1.82616468,111.5,124.7,30.0,291.5,1213.9,8.948,9.395,-0.826,,-8.910,,-0.000,,1.40,0.00,264.7,264.7,,SMART_RTH,,,18,4,TRUE,,Mini 4 Pro,,,,,,FALSE,TRUE,,,,,,,,,,,,,,,,,,,,,,,,,,,,,,,,,,,,,,,,,,,,,,,,86.5,,,,8.141,,,,,,,6.796,,,,,,,,,,,,,,,,,,,,,,,,,,,,,,,,51.19688643,-1.82620000,8.1,,,,,,,,,,,,,,,,,,,,,,,,,,,,Mini 4 Pro,SYN76Y4B42T9T5JC2,CAMU9MKQ7ZUCCWRCZ,RCSYQ6VFRVDX297CV,BAT29A2EMB7UKV83D,,,,,,,,Mini 4 Pro,SYN76Y4B42T9T5JC2,,,,DJI Fly,,1.13.5,701C83BC-DD66-520C-92F0-10A9F690EF5F,,,,,,,,,,
1773942610,3m 10.0s,190.0,51.19688643,-1.82620000,111.5,124.7,30.0,291.5,1222.0,5.529,9.395,-0.511,,-5.506,,-0.000,,0.87,0.00,264.7,264.7,,SMART_RTH,,,18,4,TRUE,,Mini 4 Pro,,,,,,FALSE,TRUE,,,,,,,,,,,,,,,,,,,,,,,,,,,,,,,,,,,,,,,,,,,,,,,,86.5,,,,8.141,,,,,,,5.956,,,,,,,,,,,,,,,,,,,,,,,,,,,,,,,,51.19688643,-1.82620000,0.0,,,,,,,,,,,,,,,,,,,,,,,,,,,,Mini 4 Pro,SYN76Y4B42T9T5JC2,CAMU9MKQ7ZUCCWRCZ,RCSYQ6VFRVDX297CV,BAT29A2EMB7UKV83D,,,,,,,,Mini 4 Pro,SYN76Y4B42T9T5JC2,,,,DJI Fly,,1.13.5,701C83BC-DD66-520C-92F0-10A9F690EF5F,,,,,,,,,,
1773942611,3m 11.0s,191.0,51.19688643,-1.82620000,111.5,124.7,30.0,291.5,1222.0,0.000,9.395,0.000,,0.000,,-0.000,,0.00,0.00,264.7,264.7,,SMART_RTH,,,18,4,TRUE,,Mini 4 Pro,,,,,,FALSE,TRUE,,,,,,,,,,,,,,,,,,,,,,,,,,,,,,,,,,,,,,,,,,,,,,,,86.5,,,,8.141,,,,,,,4.596,,,,,,,,,,,,,,,,,,,,,,,,,,,,,,,,51.19688643,-1.82620000,0.0,,,,,,,,,,,,,,,,,,,,,,,,,,,,Mini 4 Pro,SYN76Y4B42T9T5JC2,CAMU9MKQ7ZUCCWRCZ,RCSYQ6VFRVDX297CV,BAT29A2EMB7UKV83D,,,,,,,,Mini 4 Pro,SYN76Y4B42T9T5JC2,,,,DJI Fly,,1.13.5,701C83BC-DD66-520C-92F0-10A9F690EF5F,,,,,,,,,,
1773942612,3m 12.0s,192.0,51.19688643,-1.82620000,111.5,124.7,30.0,291.5,1222.0,0.000,9.395,0.000,,0.000,,-0.000,,0.00,0.00,264.7,264.7,,SMART_RTH,,,18,4,TRUE,,Mini 4 Pro,,,,,,FALSE,TRUE,,,,,,,,,,,,,,,,,,,,,,,,,,,,,,,,,,,,,,,,,,,,,,,,86.5,,,,8.141,,,,,,,4.596,,,,,,,,,,,,,,,,,,,,,,,,,,,,,,,,51.19688643,-1.82620000,0.0,,,,,,,,,,,,,,,,,,,,,,,,,,,,Mini 4 Pro,SYN76Y4B42T9T5JC2,CAMU9MKQ7ZUCCWRCZ,RCSYQ6VFRVDX297CV,BAT29A2EMB7UKV83D,,,,,,,,Mini 4 Pro,SYN76Y4B42T9T5JC2,,,,DJI Fly,,1.13.5,701C83BC-DD66-520C-92F0-10A9F690EF5F,,,,,,,,,,
1773942613,3m 13.0s,193.0,51.19688643,-1.82620000,111.5,124.7,30.0,291.5,1222.0,0.000,9.395,0.000,,0.000,,-0.000,,0.00,0.00,264.7,264.7,,SMART_RTH,,,18,4,TRUE,,Mini 4 Pro,,,,,,FALSE,TRUE,,,,,,,,,,,,,,,,,,,,,,,,,,,,,,,,,,,,,,,,,,,,,,,,86.5,,,,8.141,,,,,,,4.596,,,,,,,,,,,,,,,,,,,,,,,,,,,,,,,,51.19688643,-1.82620000,0.0,,,,,,,,,,,,,,,,,,,,,,,,,,,,Mini 4 Pro,SYN76Y4B42T9T5JC2,CAMU9MKQ7ZUCCWRCZ,RCSYQ6VFRVDX297CV,BAT29A2EMB7UKV83D,,,,,,,,Mini 4 Pro,SYN76Y4B42T9T5JC2,,,,DJI Fly,,1.13.5,701C83BC-DD66-520C-92F0-10A9F690EF5F,,,,,,,,,,
1773942614,3m 14.0s,194.0,51.19688643,-1.82620000,111.5,124.7,30.0,291.5,1222.0,0.000,9.395,0.000,,0.000,,-0.000,,0.00,0.00,264.7,264.7,,SMART_RTH,,,18,4,TRUE,,Mini 4 Pro,,,,,,FALSE,TRUE,,,,,,,,,,,,,,,,,,,,,,,,,,,,,,,,,,,,,,,,,,,,,,,,86.5,,,,8.141,,,,,,,4.596,,,,,,,,,,,,,,,,,,,,,,,,,,,,,,,,51.19688643,-1.82620000,0.0,,,,,,,,,,,,,,,,,,,,,,,,,,,,Mini 4 Pro,SYN76Y4B42T9T5JC2,CAMU9MKQ7ZUCCWRCZ,RCSYQ6VFRVDX297CV,BAT29A2EMB7UKV83D,,,,,,,,Mini 4 Pro,SYN76Y4B42T9T5JC2,,,,DJI Fly,,1.13.5,701C83BC-DD66-520C-92F0-10A9F690EF5F,,,,,,,,,,
1773942615,3m 15.0s,195.0,51.19688643,-1.82620000,111.5,124.7,30.0,291.5,1222.0,0.000,9.395,0.000,,0.000,,-0.000,,0.00,0.00,264.7,264.7,,SMART_RTH,,,18,4,TRUE,,Mini 4 Pro,,,,,,FALSE,TRUE,,,,,,,,,,,,,,,,,,,,,,,,,,,,,,,,,,,,,,,,,,,,,,,,86.5,,,,8.141,,,,,,,4.596,,,,,,,,,,,,,,,,,,,,,,,,,,,,,,,,51.19688643,-1.82620000,0.0,,,,,,,,,,,,,,,,,,,,,,,,,,,,Mini 4 Pro,SYN76Y4B42T9T5JC2,CAMU9MKQ7ZUCCWRCZ,RCSYQ6VFRVDX297CV,BAT29A2EMB7UKV83D,,,,,,,,Mini 4 Pro,SYN76Y4B42T9T5JC2,,,,DJI Fly,,1.13.5,701C83BC-DD66-520C-92F0-10A9F690EF5F,,,,,,,,,,
1773942616,3m 16.0s,196.0,51.19688643,-1.82620000,111.5,124.7,30.0,291.5,1222.0,0.000,9.395,0.000,,0.000,,-0.000,,0.00,0.00,264.7,264.7,,SMART_RTH,,,18,4,TRUE,,Mini 4 Pro,,,,,,FALSE,TRUE,,,,,,,,,,,,,,,,,,,,,,,,,,,,,,,,,,,,,,,,,,,,,,,,86.5,,,,8.141,,,,,,,4.596,,,,,,,,,,,,,,,,,,,,,,,,,,,,,,,,51.19688643,-1.82620000,0.0,,,,,,,,,,,,,,,,,,,,,,,,,,,,Mini 4 Pro,SYN76Y4B42T9T5JC2,CAMU9MKQ7ZUCCWRCZ,RCSYQ6VFRVDX297CV,BAT29A2EMB7UKV83D,,,,,,,,Mini 4 Pro,SYN76Y4B42T9T5JC2,,,,DJI Fly,,1.13.5,701C83BC-DD66-520C-92F0-10A9F690EF5F,,,,,,,,,,
1773942617,3m 17.0s,197.0,51.19688643,-1.82620000,111.5,124.7,30.0,291.5,1222.0,0.000,9.395,0.000,,0.000,,-0.000,,0.00,0.00,264.7,264.7,,SMART_RTH,,,18,4,TRUE,,Mini 4 Pro,,,,,,FALSE,TRUE,,,,,,,,,,,,,,,,,,,,,,,,,,,,,,,,,,,,,,,,,,,,,,,,86.5,,,,8.141,,,,,,,4.596,,,,,,,,,,,,,,,,,,,,,,,,,,,,,,,,51.19688643,-1.82620000,0.0,,,,,,,,,,,,,,,,,,,,,,,,,,,,Mini 4 Pro,SYN76Y4B42T9T5JC2,CAMU9MKQ7ZUCCWRCZ,RCSYQ6VFRVDX297CV,BAT29A2EMB7UKV83D,,,,,,,,Mini 4 Pro,SYN76Y4B42T9T5JC2,,,,DJI Fly,,1.13.5,701C83BC-DD66-520C-92F0-10A9F690EF5F,,,,,,,,,,
1773942619,3m 19.0s,199.0,51.19688643,-1.82620000,111.5,124.7,30.0,291.5,1222.0,0.000,9.395,0.000,,0.000,,-0.000,,0.00,0.00,264.7,264.7,,SMART_RTH,,,18,4,TRUE,,Mini 4 Pro,,,,,,FALSE,TRUE,,,,,,,,,,,,,,,,,,,,,,,,,,,,,,,,,,,,,,,,,,,,,,,,86.5,,,,8.140,,,,,,,4.596,,,,,,,,,,,,,,,,,,,,,,,,,,,,,,,,51.19688643,-1.82620000,0.0,,,,,,,,,,,,,,,,,,,,,,,,,,,,Mini 4 Pro,SYN76Y4B42T9T5JC2,CAMU9MKQ7ZUCCWRCZ,RCSYQ6VFRVDX297CV,BAT29A2EMB7UKV83D,,,,,,,,Mini 4 Pro,SYN76Y4B42T9T5JC2,,,,DJI Fly,,1.13.5,701C83BC-DD66-520C-92F0-10A9F690EF5F,,,,,,,,,,
1773942620,3m 20.0s,200.0,51.19688643,-1.82620000,111.5,124.7,30.0,291.5,1222.0,0.000,9.395,0.000,,0.000,,-0.000,,0.00,0.00,264.7,264.7,,SMART_RTH,,,18,4,TRUE,,Mini 4 Pro,,,,,,FALSE,TRUE,,,,,,,,,,,,,,,,,,,,,,,,,,,,,,,,,,,,,,,,,,,,,,,,86.5,,,,8.140,,,,,,,4.596,,,,,,,,,,,,,,,,,,,,,,,,,,,,,,,,51.19688643,-1.82620000,0.0,,,,,,,,,,,,,,,,,,,,,,,,,,,,Mini 4 Pro,SYN76Y4B42T9T5JC2,CAMU9MKQ7ZUCCWRCZ,RCSYQ6VFRVDX297CV,BAT29A2EMB7UKV83D,,,,,,,,Mini 4 Pro,SYN76Y4B42T9T5JC2,,,,DJI Fly,,1.13.5,701C83BC-DD66-520C-92F0-10A9F690EF5F,,,,,,,,,,
1773942621,3m 21.0s,201.0,51.19688643,-1.82620000,111.5,124.7,30.0,291.5,1222.0,0.000,9.395,0.000,,0.000,,-0.000,,0.00,0.00,264.7,264.7,,SMART_RTH,,,18,4,TRUE,,Mini 4 Pro,,,,,,FALSE,TRUE,,,,,,,,,,,,,,,,,,,,,,,,,,,,,,,,,,,,,,,,,,,,,,,,86.5,,,,8.140,,,,,,,4.596,,,,,,,,,,,,,,,,,,,,,,,,,,,,,,,,51.19688643,-1.82620000,0.0,,,,,,,,,,,,,,,,,,,,,,,,,,,,Mini 4 Pro,SYN76Y4B42T9T5JC2,CAMU9MKQ7ZUCCWRCZ,RCSYQ6VFRVDX297CV,BAT29A2EMB7UKV83D,,,,,,,,Mini 4 Pro,SYN76Y4B42T9T5JC2,,,,DJI Fly,,1.13.5,701C83BC-DD66-520C-92F0-10A9F690EF5F,,,,,,,,,,
1773942622,3m 22.0s,202.0,51.19688643,-1.82620000,111.5,124.7,30.0,291.5,1222.0,0.000,9.395,0.000,,0.000,,-0.000,,0.00,0.00,264.7,264.7,,SMART_RTH,,,18,4,TRUE,,Mini 4 Pro,,,,,,FALSE,TRUE,,,,,,,,,,,,,,,,,,,,,,,,,,,,,,,,,,,,,,,,,,,,,,,,86.5,,,,8.140,,,,,,,4.596,,,,,,,,,,,,,,,,,,,,,,,,,,,,,,,,51.19688643,-1.82620000,0.0,,,,,,,,,,,,,,,,,,,,,,,,,,,,Mini 4 Pro,SYN76Y4B42T9T5JC2,CAMU9MKQ7ZUCCWRCZ,RCSYQ6VFRVDX297CV,BAT29A2EMB7UKV83D,,,,,,,,Mini 4 Pro,SYN76Y4B42T9T5JC2,,,,DJI Fly,,1.13.5,701C83BC-DD66-520C-92F0-10A9F690EF5F,,,,,,,,,,
1773942623,3m 23.0s,203.0,51.19688643,-1.82620000,106.3,124.7,30.0,286.3,1222.0,0.000,9.395,0.000,,0.000,,3.579,,-6.40,0.00,264.7,264.7,,LANDING,,,18,4,TRUE,,Mini 4 Pro,,,,,,FALSE,TRUE,,,,,,,,,,,,,,,,,,,,,,,,,,,,,,,,,,,,,,,,,,,,,,,,86.5,,,,8.140,,,,,,,4.596,,,,,,,,,,,,,,,,,,,,,,,,,,,,,,,,51.19688643,-1.82620000,0.0,,,,,,,,,,,,,,,,,,,,,,,,,,,,Mini 4 Pro,SYN76Y4B42T9T5JC2,CAMU9MKQ7ZUCCWRCZ,RCSYQ6VFRVDX297CV,BAT29A2EMB7UKV83D,,,,,,,,Mini 4 Pro,SYN76Y4B42T9T5JC2,,,,DJI Fly,,1.13.5,701C83BC-DD66-520C-92F0-10A9F690EF5F,,,,,,,,,,
1773942624,3m 24.0s,204.0,51.19688643,-1.82620000,101.0,124.7,30.0,281.0,1222.0,0.000,9.395,0.000,,0.000,,3.579,,-6.40,0.00,264.7,264.7,,LANDING,,,18,4,TRUE,,Mini 4 Pro,,,,,,FALSE,TRUE,,,,,,,,,,,,,,,,,,,,,,,,,,,,,,,,,,,,,,,,,,,,,,,,86.4,,,,8.140,,,,,,,4.596,,,,,,,,,,,,,,,,,,,,,,,,,,,,,,,,51.19688643,-1.82620000,0.0,,,,,,,,,,,,,,,,,,,,,,,,,,,,Mini 4 Pro,SYN76Y4B42T9T5JC2,CAMU9MKQ7ZUCCWRCZ,RCSYQ6VFRVDX297CV,BAT29A2EMB7UKV83D,,,,,,,,Mini 4 Pro,SYN76Y4B42T9T5JC2,,,,DJI Fly,,1.13.5,701C83BC-DD66-520C-92F0-10A9F690EF5F,,,,,,,,,,
1773942625,3m 25.0s,205.0,51.19688643,-1.82620000,95.8,124.7,30.0,275.8,1222.0,0.000,9.395,0.000,,0.000,,3.579,,-6.40,0.00,264.7,264.7,,LANDING,,,18,4,TRUE,,Mini 4 Pro,,,,,,FALSE,TRUE,,,,,,,,,,,,,,,,,,,,,,,,,,,,,,,,,,,,,,,,,,,,,,,,86.4,,,,8.140,,,,,,,4.596,,,,,,,,,,,,,,,,,,,,,,,,,,,,,,,,51.19688643,-1.82620000,0.0,,,,,,,,,,,,,,,,,,,,,,,,,,,,Mini 4 Pro,SYN76Y4B42T9T5JC2,CAMU9MKQ7ZUCCWRCZ,RCSYQ6VFRVDX297CV,BAT29A2EMB7UKV83D,,,,,,,,Mini 4 Pro,SYN76Y4B42T9T5JC2,,,,DJI Fly,,1.13.5,701C83BC-DD66-520C-92F0-10A9F690EF5F,,,,,,,,,,
1773942626,3m 26.0s,206.0,51.19688643,-1.82620000,90.6,124.7,30.0,270.6,1222.0,0.000,9.395,0.000,,0.000,,3.579,,-6.40,0.00,264.7,264.7,,LANDING,,,18,4,TRUE,,Mini 4 Pro,,,,,,FALSE,TRUE,,,,,,,,,,,,,,,,,,,,,,,,,,,,,,,,,,,,,,,,,,,,,,,,86.4,,,,8.140,,,,,,,4.596,,,,,,,,,,,,,,,,,,,,,,,,,,,,,,,,51.19688643,-1.82620000,0.0,,,,,,,,,,,,,,,,,,,,,,,,,,,,Mini 4 Pro,SYN76Y4B42T9T5JC2,CAMU9MKQ7ZUCCWRCZ,RCSYQ6VFRVDX297CV,BAT29A2EMB7UKV83D,,,,,,,,Mini 4 Pro,SYN76Y4B42T9T5JC2,,,,DJI Fly,,1.13.5,701C83BC-DD66-520C-92F0-10A9F690EF5F,,,,,,,,,,
1773942627,3m 27.0s,207.0,51.19688643,-1.82620000,85.3,124.7,30.0,265.3,1222.0,0.000,9.395,0.000,,0.000,,3.579,,-6.40,0.00,264.7,264.7,,LANDING,,,18,4,TRUE,,Mini 4 Pro,,,,,,FALSE,TRUE,,,,,,,,,,,,,,,,,,,,,,,,,,,,,,,,,,,,,,,,,,,,,,,,86.4,,,,8.140,,,,,,,4.596,,,,,,,,,,,,,,,,,,,,,,,,,,,,,,,,51.19688643,-1.82620000,0.0,,,,,,,,,,,,,,,,,,,,,,,,,,,,Mini 4 Pro,SYN76Y4B42T9T5JC2,CAMU9MKQ7ZUCCWRCZ,RCSYQ6VFRVDX297CV,BAT29A2EMB7UKV83D,,,,,,,,Mini 4 Pro,SYN76Y4B42T9T5JC2,,,,DJI Fly,,1.13.5,701C83BC-DD66-520C-92F0-10A9F690EF5F,,,,,,,,,,
1773942628,3m 28.0s,208.0,51.19688643,-1.82620000,80.1,124.7,30.0,260.1,1222.0,0.000,9.395,0.000,,0.000,,3.579,,-6.40,0.00,264.7,264.7,,LANDING,,,18,4,TRUE,,Mini 4 Pro,,,,,,FALSE,TRUE,,,,,,,,,,,,,,,,,,,,,,,,,,,,,,,,,,,,,,,,,,,,,,,,86.4,,,,8.140,,,,,,,4.596,,,,,,,,,,,,,,,,,,,,,,,,,,,,,,,,51.19688643,-1.82620000,0.0,,,,,,,,,,,,,,,,,,,,,,,,,,,,Mini 4 Pro,SYN76Y4B42T9T5JC2,CAMU9MKQ7ZUCCWRCZ,RCSYQ6VFRVDX297CV,BAT29A2EMB7UKV83D,,,,,,,,Mini 4 Pro,SYN76Y4B42T9T5JC2,,,,DJI Fly,,1.13.5,701C83BC-DD66-520C-92F0-10A9F690EF5F,,,,,,,,,,
1773942629,3m 29.0s,209.0,51.19688643,-1.82620000,74.8,124.7,30.0,254.8,1222.0,0.000,9.395,0.000,,0.000,,3.579,,-6.40,0.00,264.7,264.7,,LANDING,,,18,4,TRUE,,Mini 4 Pro,,,,,,FALSE,TRUE,,,,,,,,,,,,,,,,,,,,,,,,,,,,,,,,,,,,,,,,,,,,,,,,86.4,,,,8.140,,,,,,,4.596,,,,,,,,,,,,,,,,,,,,,,,,,,,,,,,,51.19688643,-1.82620000,0.0,,,,,,,,,,,,,,,,,,,,,,,,,,,,Mini 4 Pro,SYN76Y4B42T9T5JC2,CAMU9MKQ7ZUCCWRCZ,RCSYQ6VFRVDX297CV,BAT29A2EMB7UKV83D,,,,,,,,Mini 4 Pro,SYN76Y4B42T9T5JC2,,,,DJI Fly,,1.13.5,701C83BC-DD66-520C-92F0-10A9F690EF5F,,,,,,,,,,
1773942630,3m 30.0s,210.0,51.19688643,-1.82620000,69.6,124.7,30.0,249.6,1222.0,0.000,9.395,0.000,,0.000,,3.579,,-6.40,0.00,264.7,264.7,,LANDING,,,18,4,TRUE,,Mini 4 Pro,,,,,,FALSE,TRUE,,,,,,,,,,,,,,,,,,,,,,,,,,,,,,,,,,,,,,,,,,,,,,,,86.4,,,,8.139,,,,,,,4.596,,,,,,,,,,,,,,,,,,,,,,,,,,,,,,,,51.19688643,-1.82620000,0.0,,,,,,,,,,,,,,,,,,,,,,,,,,,,Mini 4 Pro,SYN76Y4B42T9T5JC2,CAMU9MKQ7ZUCCWRCZ,RCSYQ6VFRVDX297CV,BAT29A2EMB7UKV83D,,,,,,,,Mini 4 Pro,SYN76Y4B42T9T5JC2,,,,DJI Fly,,1.13.5,701C83BC-DD66-520C-92F0-10A9F690EF5F,,,,,,,,,,
1773942631,3m 31.0s,211.0,51.19688643,-1.82620000,64.3,124.7,30.0,244.3,1222.0,0.000,9.395,0.000,,0.000,,3.579,,-6.40,0.00,264.7,264.7,,LANDING,,,18,4,TRUE,,Mini 4 Pro,,,,,,FALSE,TRUE,,,,,,,,,,,,,,,,,,,,,,,,,,,,,,,,,,,,,,,,,,,,,,,,86.4,,,,8.139,,,,,,,4.596,,,,,,,,,,,,,,,,,,,,,,,,,,,,,,,,51.19688643,-1.82620000,0.0,,,,,,,,,,,,,,,,,,,,,,,,,,,,Mini 4 Pro,SYN76Y4B42T9T5JC2,CAMU9MKQ7ZUCCWRCZ,RCSYQ6VFRVDX297CV,BAT29A2EMB7UKV83D,,,,,,,,Mini 4 Pro,SYN76Y4B42T9T5JC2,,,,DJI Fly,,1.13.5,701C83BC-DD66-520C-92F0-10A9F690EF5F,,,,,,,,,,
1773942632,3m 32.0s,212.0,51.19688643,-1.82620000,59.1,124.7,30.0,239.1,1222.0,0.000,9.395,0.000,,0.000,,3.579,,-6.40,0.00,264.7,264.7,,LANDING,,,18,4,TRUE,,Mini 4 Pro,,,,,,FALSE,TRUE,,,,,,,,,,,,,,,,,,,,,,,,,,,,,,,,,,,,,,,,,,,,,,,,86.4,,,,8.139,,,,,,,4.596,,,,,,,,,,,,,,,,,,,,,,,,,,,,,,,,51.19688643,-1.82620000,0.0,,,,,,,,,,,,,,,,,,,,,,,,,,,,Mini 4 Pro,SYN76Y4B42T9T5JC2,CAMU9MKQ7ZUCCWRCZ,RCSYQ6VFRVDX297CV,BAT29A2EMB7UKV83D,,,,,,,,Mini 4 Pro,SYN76Y4B42T9T5JC2,,,,DJI Fly,,1.13.5,701C83BC-DD66-520C-92F0-10A9F690EF5F,,,,,,,,,,
1773942633,3m 33.0s,213.0,51.19688643,-1.82620000,53.8,124.7,30.0,233.8,1222.0,0.000,9.395,0.000,,0.000,,3.579,,-6.40,0.00,264.7,264.7,,LANDING,,,18,4,TRUE,,Mini 4 Pro,,,,,,FALSE,TRUE,,,,,,,,,,,,,,,,,,,,,,,,,,,,,,,,,,,,,,,,,,,,,,,,86.4,,,,8.139,,,,,,,4.596,,,,,,,,,,,,,,,,,,,,,,,,,,,,,,,,51.19688643,-1.82620000,0.0,,,,,,,,,,,,,,,,,,,,,,,,,,,,Mini 4 Pro,SYN76Y4B42T9T5JC2,CAMU9MKQ7ZUCCWRCZ,RCSYQ6VFRVDX297CV,BAT29A2EMB7UKV83D,,,,,,,,Mini 4 Pro,SYN76Y4B42T9T5JC2,,,,DJI Fly,,1.13.5,701C83BC-DD66-520C-92F0-10A9F690EF5F,,,,,,,,,,
1773942634,3m 34.0s,214.0,51.19688643,-1.82620000,48.6,124.7,30.0,228.6,1222.0,0.000,9.395,0.000,,0.000,,3.579,,-6.40,0.00,264.7,264.7,,LANDING,,,18,4,TRUE,,Mini 4 Pro,,,,,,FALSE,TRUE,,,,,,,,,,,,,,,,,,,,,,,,,,,,,,,,,,,,,,,,,,,,,,,,86.4,,,,8.139,,,,,,,4.596,,,,,,,,,,,,,,,,,,,,,,,,,,,,,,,,51.19688643,-1.82620000,0.0,,,,,,,,,,,,,,,,,,,,,,,,,,,,Mini 4 Pro,SYN76Y4B42T9T5JC2,CAMU9MKQ7ZUCCWRCZ,RCSYQ6VFRVDX297CV,BAT29A2EMB7UKV83D,,,,,,,,Mini 4 Pro,SYN76Y4B42T9T5JC2,,,,DJI Fly,,1.13.5,701C83BC-DD66-520C-92F0-10A9F690EF5F,,,,,,,,,,
1773942635,3m 35.0s,215.0,51.19688643,-1.82620000,43.3,124.7,30.0,223.3,1222.0,0.000,9.395,0.000,,0.000,,3.579,,-6.40,0.00,264.7,264.7,,LANDING,,,18,4,TRUE,,Mini 4 Pro,,,,,,FALSE,TRUE,,,,,,,,,,,,,,,,,,,,,,,,,,,,,,,,,,,,,,,,,,,,,,,,86.4,,,,8.139,,,,,,,4.596,,,,,,,,,,,,,,,,,,,,,,,,,,,,,,,,51.19688643,-1.82620000,0.0,,,,,,,,,,,,,,,,,,,,,,,,,,,,Mini 4 Pro,SYN76Y4B42T9T5JC2,CAMU9MKQ7ZUCCWRCZ,RCSYQ6VFRVDX297CV,BAT29A2EMB7UKV83D,,,,,,,,Mini 4 Pro,SYN76Y4B42T9T5JC2,,,,DJI Fly,,1.13.5,701C83BC-DD66-520C-92F0-10A9F690EF5F,,,,,,,,,,
1773942636,3m 36.0s,216.0,51.19688643,-1.82620000,38.1,124.7,30.0,218.1,1222.0,0.000,9.395,0.000,,0.000,,3.579,,-6.40,0.00,264.7,264.7,,LANDING,,,18,4,TRUE,,Mini 4 Pro,,,,,,FALSE,TRUE,,,,,,,,,,,,,,,,,,,,,,,,,,,,,,,,,,,,,,,,,,,,,,,,86.4,,,,8.139,,,,,,,4.596,,,,,,,,,,,,,,,,,,,,,,,,,,,,,,,,51.19688643,-1.82620000,0.0,,,,,,,,,,,,,,,,,,,,,,,,,,,,Mini 4 Pro,SYN76Y4B42T9T5JC2,CAMU9MKQ7ZUCCWRCZ,RCSYQ6VFRVDX297CV,BAT29A2EMB7UKV83D,,,,,,,,Mini 4 Pro,SYN76Y4B42T9T5JC2,,,,DJI Fly,,1.13.5,701C83BC-DD66-520C-92F0-10A9F690EF5F,,,,,,,,,,
1773942637,3m 37.0s,217.0,51.19688643,-1.82620000,32.8,124.7,30.0,212.8,1222.0,0.000,9.395,0.000,,0.000,,3.579,,-6.40,0.00,264.7,264.7,,LANDING,,,18,4,TRUE,,Mini 4 Pro,,,,,,FALSE,TRUE,,,,,,,,,,,,,,,,,,,,,,,,,,,,,,,,,,,,,,,,,,,,,,,,86.4,,,,8.139,,,,,,,4.596,,,,,,,,,,,,,,,,,,,,,,,,,,,,,,,,51.19688643,-1.82620000,0.0,,,,,,,,,,,,,,,,,,,,,,,,,,,,Mini 4 Pro,SYN76Y4B42T9T5JC2,CAMU9MKQ7ZUCCWRCZ,RCSYQ6VFRVDX297CV,BAT29A2EMB7UKV83D,,,,,,,,Mini 4 Pro,SYN76Y4B42T9T5JC2,,,,DJI Fly,,1.13.5,701C83BC-DD66-520C-92F0-10A9F690EF5F,,,,,,,,,,
1773942639,3m 39.0s,219.0,51.19688643,-1.82620000,22.3,124.7,22.3,202.3,1222.0,0.000,9.395,0.000,,0.000,,3.579,,-6.40,0.00,264.7,264.7,,LANDING,,,18,4,TRUE,,Mini 4 Pro,,,,,,FALSE,TRUE,,,,,,,,,,,,,,,,,,,,,,,,,,,,,,,,,,,,,,,,,,,,,,,,86.4,,,,8.139,,,,,,,4.596,,,,,,,,,,,,,,,,,,,,,,,,,,,,,,,,51.19688643,-1.82620000,0.0,,,,,,,,,,,,,,,,,,,,,,,,,,,,Mini 4 Pro,SYN76Y4B42T9T5JC2,CAMU9MKQ7ZUCCWRCZ,RCSYQ6VFRVDX297CV,BAT29A2EMB7UKV83D,,,,,,,,Mini 4 Pro,SYN76Y4B42T9T5JC2,,,,DJI Fly,,1.13.5,701C83BC-DD66-520C-92F0-10A9F690EF5F,,,,,,,,,,
1773942640,3m 40.0s,220.0,51.19688643,-1.82620000,17.1,124.7,17.1,197.1,1222.0,0.000,9.395,0.000,,0.000,,3.579,,-6.40,0.00,264.7,264.7,,LANDING,,,18,4,TRUE,,Mini 4 Pro,,,,,,FALSE,TRUE,,,,,,,,,,,,,,,,,,,,,,,,,,,,,,,,,,,,,,,,,,,,,,,,86.4,,,,8.139,,,,,,,4.596,,,,,,,,,,,,,,,,,,,,,,,,,,,,,,,,51.19688643,-1.82620000,0.0,,,,,,,,,,,,,,,,,,,,,,,,,,,,Mini 4 Pro,SYN76Y4B42T9T5JC2,CAMU9MKQ7ZUCCWRCZ,RCSYQ6VFRVDX297CV,BAT29A2EMB7UKV83D,,,,,,,,Mini 4 Pro,SYN76Y4B42T9T5JC2,,,,DJI Fly,,1.13.5,701C83BC-DD66-520C-92F0-10A9F690EF5F,,,,,,,,,,
1773942641,3m 41.0s,221.0,51.19688643,-1.82620000,11.8,124.7,11.8,191.8,1222.0,0.000,9.395,0.000,,0.000,,3.579,,-6.40,0.00,264.7,264.7,,LANDING,,,18,4,TRUE,,Mini 4 Pro,,,,,,FALSE,TRUE,,,,,,,,,,,,,,,,,,,,,,,,,,,,,,,,,,,,,,,,,,,,,,,,86.4,,,,8.138,,,,,,,4.596,,,,,,,,,,,,,,,,,,,,,,,,,,,,,,,,51.19688643,-1.82620000,0.0,,,,,,,,,,,,,,,,,,,,,,,,,,,,Mini 4 Pro,SYN76Y4B42T9T5JC2,CAMU9MKQ7ZUCCWRCZ,RCSYQ6VFRVDX297CV,BAT29A2EMB7UKV83D,,,,,,,,Mini 4 Pro,SYN76Y4B42T9T5JC2,,,,DJI Fly,,1.13.5,701C83BC-DD66-520C-92F0-10A9F690EF5F,,,,,,,,,,
1773942642,3m 42.0s,222.0,51.19688643,-1.82620000,6.6,124.7,6.6,186.6,1222.0,0.000,9.395,0.000,,0.000,,3.579,,-6.40,0.00,264.7,264.7,,LANDING,,,18,4,TRUE,,Mini 4 Pro,,,,,,FALSE,TRUE,,,,,,,,,,,,,,,,,,,,,,,,,,,,,,,,,,,,,,,,,,,,,,,,86.3,,,,8.138,,,,,,,4.596,,,,,,,,,,,,,,,,,,,,,,,,,,,,,,,,51.19688643,-1.82620000,0.0,,,,,,,,,,,,,,,,,,,,,,,,,,,,Mini 4 Pro,SYN76Y4B42T9T5JC2,CAMU9MKQ7ZUCCWRCZ,RCSYQ6VFRVDX297CV,BAT29A2EMB7UKV83D,,,,,,,,Mini 4 Pro,SYN76Y4B42T9T5JC2,,,,DJI Fly,,1.13.5,701C83BC-DD66-520C-92F0-10A9F690EF5F,,,,,,,,,,
1773942643,3m 43.0s,223.0,51.19688643,-1.82620000,1.3,124.7,1.3,181.3,1222.0,0.000,9.395,0.000,,0.000,,3.579,,-6.40,0.00,264.7,264.7,,LANDING,,,18,4,TRUE,,Mini 4 Pro,,,,,,FALSE,TRUE,,,,,,,,,,,,,,,,,,,,,,,,,,,,,,,,,,,,,,,,,,,,,,,,86.3,,,,8.138,,,,,,,4.596,,,,,,,,,,,,,,,,,,,,,,,,,,,,,,,,51.19688643,-1.82620000,0.0,,,,,,,,,,,,,,,,,,,,,,,,,,,,Mini 4 Pro,SYN76Y4B42T9T5JC2,CAMU9MKQ7ZUCCWRCZ,RCSYQ6VFRVDX297CV,BAT29A2EMB7UKV83D,,,,,,,,Mini 4 Pro,SYN76Y4B42T9T5JC2,,,,DJI Fly,,1.13.5,701C83BC-DD66-520C-92F0-10A9F690EF5F,,,,,,,,,,
1773942644,3m 44.0s,224.0,51.19688643,-1.82620000,0.0,124.7,0.0,180.0,1222.0,0.000,9.395,0.000,,0.000,,-0.000,,0.20,0.10,264.7,264.7,,LAND,,,18,4,TRUE,,Mini 4 Pro,,,,,,TRUE,TRUE,,,,,,,,,,,,,,,,,,,,,,,,,,,,,,,,,,,,,,,,,,,,,,,,86.3,,,,8.138,,,,,,,4.596,,,,,,,,,,,,,,,,,,,,,,,,,,,,,,,,51.19688643,-1.82620000,0.0,,,,,,,,,,,,,,,,,,,,,,,,,,,,Mini 4 Pro,SYN76Y4B42T9T5JC2,CAMU9MKQ7ZUCCWRCZ,RCSYQ6VFRVDX297CV,BAT29A2EMB7UKV83D,,,,,,,,Mini 4 Pro,SYN76Y4B42T9T5JC2,,,,DJI Fly,,1.13.5,701C83BC-DD66-520C-92F0-10A9F690EF5F,,,,,,,,,,
