timestamps,OSD.flyTime,OSD.flyTime [s],OSD.latitude,OSD.longitude,OSD.height [ft],OSD.heightMax [ft],OSD.vpsHeight [ft],OSD.altitude [ft],OSD.mileage [ft],OSD.hSpeed [MPH],OSD.hSpeedMax [MPH],OSD.xSpeed [MPH],OSD.xSpeedMax [MPH],OSD.ySpeed [MPH],OSD.ySpeedMax [MPH],OSD.zSpeed [MPH],OSD.zSpeedMax [MPH],OSD.pitch,OSD.roll,OSD.yaw,OSD.yaw [360],OSD.directionOfTravel,OSD.flycState,OSD.flycCommand,OSD.flightAction,OSD.gpsNum,OSD.gpsLevel,OSD.isGPSUsed,OSD.nonGPSCause,OSD.droneType,OSD.isSwaveWork,OSD.waveError,OSD.goHomeStatus,OSD.batteryType,OSD.ctrlDevice,OSD.isOnGround,OSD.isMotorOn,OSD.isMotorBlocked,OSD.motorStartFailedCause,OSD.motorFailReason,OSD.isImuPreheated,OSD.imuInitFailReason,OSD.isAcceletorOverRange,OSD.isBarometerDeadInAir,OSD.isCompassError,OSD.isGoHomeHeightModified,OSD.canIOCWork,OSD.isNotEnoughForce,OSD.isOutOfLimit,OSD.isPropellerCatapult,OSD.isVibrating,OSD.isVisionUsed,OSD.voltageWarning,GIMBAL.mode,GIMBAL.pitch,GIMBAL.roll,GIMBAL.yaw,GIMBAL.yaw [360],GIMBAL.isPitchAtLimit,GIMBAL.isRollAtLimit,GIMBAL.isYawAtLimit,GIMBAL.isStuck,CAMERA.isPhoto,CAMERA.isVideo,CAMERA.filename,CAMERA.sdCardIsInserted,CAMERA.sdCardState,RC.downlinkSignal,RC.uplinkSignal,RC.aileron,RC.elevator,RC.throttle,RC.rudder,RC.mode,RC.goHomeDepressed,RC.recordDepressed,RC.shutterDepressed,RC.playbackDepressed,RC.wheelDepressed,RC.wheelOffset,RC.custom1Depressed,RC.custom2Depressed,RC.custom3Depressed,RC.custom4Depressed,BATTERY.chargeLevel,BATTERY.currentPV [V],BATTERY.currentCapacity [mAh],BATTERY.fullCapacity [mAh],BATTERY.voltage [V],BATTERY.isCellVoltageEstimated,BATTERY.cellVoltage1 [V],BATTERY.cellVoltage2 [V],BATTERY.maxCellVoltageDeviation,BATTERY.isCellVoltageDeviationHigh,BATTERY.isVoltageLow,BATTERY.current [A],BATTERY.temperature [F],BATTERY.minTemperature [F],BATTERY.maxTemperature [F],BATTERY.usefulTime [s],BATTERY.goHomeTime [s],BATTERY.landTime [s],BATTERY.goHomeBattery,BATTERY.landBattery,BATTERY.safeFlyRadius,BATTERY.volumeConsume,BATTERY.status,BATTERY.goHomeStatus,BATTERY.goHomeCountdown,BATTERY.lowWarning,BATTERY.lowWarningGoHome,BATTERY.seriousLowWarning,BATTERY.seriousLowWarningLanding,BATTERY.timesCharged,MC.failSafeAction,MC.isObstacleAvoidanceEnabled,MC.isCollisionAvoidanceEnabled,MC.isRthObstacleAvoidanceEnabled,MC.isBraking,MC.isAvoidingObstacle,MC.isAvoidingActiveObstacle,MC.isAscentLimitedByObstacle,MC.isLandingConfirmationNeeded,MC.atLowAltitudeLimit,MC.atDistanceLimit,MC.atAirportAltitudeLimit,MC.atAirportBoundary,HOME.latitude,HOME.longitude,HOME.distance [ft],HOME.height [ft],HOME.heightLimit [ft],HOME.isHomeRecord,HOME.goHomeMode,HOME.aircraftHeadDirection,HOME.isDynamicHomePointEnabled,HOME.isReachedLimitDistance,HOME.isReachedLimitHeight,HOME.isCompassCalibrating,HOME.compassCalibrationState,HOME.isMultipleFlightModeEnabled,HOME.isBeginnerMode,HOME.isIOCEnabled,HOME.iocMode,HOME.goHomeHeight [ft],HOME.courseLockAngle,HOME.forceLandingHeight [ft],HOME.dataRecorderFileIndex,WEATHER.windDirection,WEATHER.windRelativeDirection,WEATHER.windSpeed [MPH],WEATHER.maxWindSpeed [MPH],WEATHER.windStrength,WEATHER.isFacingWind,WEATHER.isFlyingIntoWind,RECOVER.appType,RECOVER.appVersion,RECOVER.aircraftName,RECOVER.aircraftSerial,RECOVER.cameraSerial,RECOVER.rcSerial,RECOVER.batterySerial,DETAILS.totalTime [s],DETAILS.totalDistance [ft],DETAILS.maxHeight [ft],DETAILS.maxHorizontalSpeed [MPH],DETAILS.maxVerticalSpeed [MPH],DETAILS.photoNum,DETAILS.videoTime [s],DETAILS.aircraftName,DETAILS.aircraftSerial,DETAILS.cameraSerial,DETAILS.rcSerial,DETAILS.batterySerial,DETAILS.appName,DETAILS.appType,DETAILS.appVersion,DETAILS.guid,SERIAL.flightController,SERIAL.camera,SERIAL.gimbal,SERIAL.rc,SERIAL.battery,APPGPS.latitude,APPGPS.longitude,APPGPS.accuracy,APP.tip,APP.warning
1773942360,0m 0.0s,0.0,52.43618643,-2.58460000,0.0,0.0,0.0,180.0,0.0,0.000,0.000,0.000,,0.000,,-0.000,,0.20,0.10,45.0,45.0,,Starting Motors,,,18,4,TRUE,,Mini 4 Pro,,,,,,TRUE,TRUE,,,,,,,,,,,,,,,,,,,,,,,,,,,,,,,,,,,,,,,,,,,,,,,,86.0,,,,8.133,,,,,,,1.100,,,,,,,,,,,,,,,,,,,,,,,,,,,,,,,,52.43618643,-2.58460000,0.0,,,,,,,,,,,,,,,,,,,,,,,,,,,,Mini 4 Pro,SYN6PPS8V3AE5EBC3,CAMTSC9LZW7MWSFCW,RCSXABFT7BSPJQMRD,BATZSZPBFBU78G5ZD,,,,,,,,Mini 4 Pro,SYN6PPS8V3AE5EBC3,,,,DJI Fly,,1.13.5,5B0F0CD6-9472-513B-8A0D-37D7D3B992E8,,,,,,,,,,
1773942361,0m 1.0s,1.0,52.43618643,-2.58460000,0.0,0.0,0.0,180.0,0.0,0.000,0.000,0.000,,0.000,,-0.000,,0.20,0.10,45.0,45.0,,Starting Motors,,,18,4,TRUE,,Mini 4 Pro,,,,,,TRUE,TRUE,,,,,,,,,,,,,,,,,,,,,,,,,,,,,,,,,,,,,,,,,,,,,,,,86.0,,,,8.132,,,,,,,1.100,,,,,,,,,,,,,,,,,,,,,,,,,,,,,,,,52.43618643,-2.58460000,0.0,,,,,,,,,,,,,,,,,,,,,,,,,,,,Mini 4 Pro,SYN6PPS8V3AE5EBC3,CAMTSC9LZW7MWSFCW,RCSXABFT7BSPJQMRD,BATZSZPBFBU78G5ZD,,,,,,,,Mini 4 Pro,SYN6PPS8V3AE5EBC3,,,,DJI Fly,,1.13.5,5B0F0CD6-9472-513B-8A0D-37D7D3B992E8,,,,,,,,,,
1773942362,0m 2.0s,2.0,52.43618643,-2.58460000,0.0,0.0,0.0,180.0,0.0,0.000,0.000,0.000,,0.000,,-0.000,,0.20,0.10,45.0,45.0,,Starting Motors,,,18,4,TRUE,,Mini 4 Pro,,,,,,TRUE,TRUE,,,,,,,,,,,,,,,,,,,,,,,,,,,,,,,,,,,,,,,,,,,,,,,,85.9,,,,8.132,,,,,,,1.100,,,,,,,,,,,,,,,,,,,,,,,,,,,,,,,,52.43618643,-2.58460000,0.0,,,,,,,,,,,,,,,,,,,,,,,,,,,,Mini 4 Pro,SYN6PPS8V3AE5EBC3,CAMTSC9LZW7MWSFCW,RCSXABFT7BSPJQMRD,BATZSZPBFBU78G5ZD,,,,,,,,Mini 4 Pro,SYN6PPS8V3AE5EBC3,,,,DJI Fly,,1.13.5,5B0F0CD6-9472-513B-8A0D-37D7D3B992E8,,,,,,,,,,
1773942363,0m 3.0s,3.0,52.43618643,-2.58460000,0.0,0.0,0.0,180.0,0.0,0.000,0.000,0.000,,0.000,,-0.000,,0.20,0.10,45.0,45.0,,Starting Motors,,,18,4,TRUE,,Mini 4 Pro,,,,,,TRUE,TRUE,,,,,,,,,,,,,,,,,,,,,,,,,,,,,,,,,,,,,,,,,,,,,,,,85.9,,,,8.131,,,,,,,1.100,,,,,,,,,,,,,,,,,,,,,,,,,,,,,,,,52.43618643,-2.58460000,0.0,,,,,,,,,,,,,,,,,,,,,,,,,,,,Mini 4 Pro,SYN6PPS8V3AE5EBC3,CAMTSC9LZW7MWSFCW,RCSXABFT7BSPJQMRD,BATZSZPBFBU78G5ZD,,,,,,,,Mini 4 Pro,SYN6PPS8V3AE5EBC3,,,,DJI Fly,,1.13.5,5B0F0CD6-9472-513B-8A0D-37D7D3B992E8,,,,,,,,,,
1773942364,0m 4.0s,4.0,52.43618643,-2.58460000,0.0,0.0,0.0,180.0,0.0,0.000,0.000,0.000,,0.000,,-0.000,,0.20,0.10,45.0,45.0,,Starting Motors,,,18,4,TRUE,,Mini 4 Pro,,,,,,TRUE,TRUE,,,,,,,,,,,,,,,,,,,,,,,,,,,,,,,,,,,,,,,,,,,,,,,,85.8,,,,8.130,,,,,,,1.100,,,,,,,,,,,,,,,,,,,,,,,,,,,,,,,,52.43618643,-2.58460000,0.0,,,,,,,,,,,,,,,,,,,,,,,,,,,,Mini 4 Pro,SYN6PPS8V3AE5EBC3,CAMTSC9LZW7MWSFCW,RCSXABFT7BSPJQMRD,BATZSZPBFBU78G5ZD,,,,,,,,Mini 4 Pro,SYN6PPS8V3AE5EBC3,,,,DJI Fly,,1.13.5,5B0F0CD6-9472-513B-8A0D-37D7D3B992E8,,,,,,,,,,
1773942365,0m 5.0s,5.0,52.43618643,-2.58460000,0.0,0.0,0.0,180.0,0.0,0.000,0.000,0.000,,0.000,,-0.000,,0.20,0.10,45.0,45.0,,Starting Motors,,,18,4,TRUE,,Mini 4 Pro,,,,,,TRUE,TRUE,,,,,,,,,,,,,,,,,,,,,,,,,,,,,,,,,,,,,,,,,,,,,,,,85.8,,,,8.130,,,,,,,1.100,,,,,,,,,,,,,,,,,,,,,,,,,,,,,,,,52.43618643,-2.58460000,0.0,,,,,,,,,,,,,,,,,,,,,,,,,,,,Mini 4 Pro,SYN6PPS8V3AE5EBC3,CAMTSC9LZW7MWSFCW,RCSXABFT7BSPJQMRD,BATZSZPBFBU78G5ZD,,,,,,,,Mini 4 Pro,SYN6PPS8V3AE5EBC3,,,,DJI Fly,,1.13.5,5B0F0CD6-9472-513B-8A0D-37D7D3B992E8,,,,,,,,,,
1773942366,0m 6.0s,6.0,52.43618643,-2.58460000,0.0,0.0,0.0,180.0,0.0,0.000,0.000,0.000,,0.000,,-0.000,,0.20,0.10,45.0,45.0,,Starting Motors,,,18,4,TRUE,,Mini 4 Pro,,,,,,TRUE,TRUE,,,,,,,,,,,,,,,,,,,,,,,,,,,,,,,,,,,,,,,,,,,,,,,,85.7,,,,8.129,,,,,,,1.100,,,,,,,,,,,,,,,,,,,,,,,,,,,,,,,,52.43618643,-2.58460000,0.0,,,,,,,,,,,,,,,,,,,,,,,,,,,,Mini 4 Pro,SYN6PPS8V3AE5EBC3,CAMTSC9LZW7MWSFCW,RCSXABFT7BSPJQMRD,BATZSZPBFBU78G5ZD,,,,,,,,Mini 4 Pro,SYN6PPS8V3AE5EBC3,,,,DJI Fly,,1.13.5,5B0F0CD6-9472-513B-8A0D-37D7D3B992E8,,,,,,,,,,
1773942367,0m 7.0s,7.0,52.43618643,-2.58460000,0.0,0.0,0.0,180.0,0.0,0.000,0.000,0.000,,0.000,,-0.000,,0.20,0.10,45.0,45.0,,Starting Motors,,,18,4,TRUE,,Mini 4 Pro,,,,,,TRUE,TRUE,,,,,,,,,,,,,,,,,,,,,,,,,,,,,,,,,,,,,,,,,,,,,,,,85.7,,,,8.128,,,,,,,1.100,,,,,,,,,,,,,,,,,,,,,,,,,,,,,,,,52.43618643,-2.58460000,0.0,,,,,,,,,,,,,,,,,,,,,,,,,,,,Mini 4 Pro,SYN6PPS8V3AE5EBC3,CAMTSC9LZW7MWSFCW,RCSXABFT7BSPJQMRD,BATZSZPBFBU78G5ZD,,,,,,,,Mini 4 Pro,SYN6PPS8V3AE5EBC3,,,,DJI Fly,,1.13.5,5B0F0CD6-9472-513B-8A0D-37D7D3B992E8,,,,,,,,,,
1773942368,0m 8.0s,8.0,52.43618643,-2.58460000,0.0,0.0,0.0,180.0,0.0,0.000,0.000,0.000,,0.000,,-0.000,,0.20,0.10,45.0,45.0,,Starting Motors,,,18,4,TRUE,,Mini 4 Pro,,,,,,TRUE,TRUE,,,,,,,,,,,,,,,,,,,,,,,,,,,,,,,,,,,,,,,,,,,,,,,,85.7,,,,8.128,,,,,,,1.100,,,,,,,,,,,,,,,,,,,,,,,,,,,,,,,,52.43618643,-2.58460000,0.0,,,,,,,,,,,,,,,,,,,,,,,,,,,,Mini 4 Pro,SYN6PPS8V3AE5EBC3,CAMTSC9LZW7MWSFCW,RCSXABFT7BSPJQMRD,BATZSZPBFBU78G5ZD,,,,,,,,Mini 4 Pro,SYN6PPS8V3AE5EBC3,,,,DJI Fly,,1.13.5,5B0F0CD6-9472-513B-8A0D-37D7D3B992E8,,,,,,,,,,
1773942369,0m 9.0s,9.0,52.43618643,-2.58460000,0.0,0.0,0.0,180.0,0.0,0.000,0.000,0.000,,0.000,,-0.000,,0.20,0.10,45.0,45.0,,Starting Motors,,,18,4,TRUE,,Mini 4 Pro,,,,,,TRUE,TRUE,,,,,,,,,,,,,,,,,,,,,,,,,,,,,,,,,,,,,,,,,,,,,,,,85.6,,,,8.127,,,,,,,1.100,,,,,,,,,,,,,,,,,,,,,,,,,,,,,,,,52.43618643,-2.58460000,0.0,,,,,,,,,,,,,,,,,,,,,,,,,,,,Mini 4 Pro,SYN6PPS8V3AE5EBC3,CAMTSC9LZW7MWSFCW,RCSXABFT7BSPJQMRD,BATZSZPBFBU78G5ZD,,,,,,,,Mini 4 Pro,SYN6PPS8V3AE5EBC3,,,,DJI Fly,,1.13.5,5B0F0CD6-9472-513B-8A0D-37D7D3B992E8,,,,,,,,,,
1773942370,0m 10.0s,10.0,52.43618643,-2.58460000,0.0,0.0,0.0,180.0,0.0,0.000,0.000,0.000,,0.000,,-0.000,,0.20,0.10,45.0,45.0,,Starting Motors,,,18,4,TRUE,,Mini 4 Pro,,,,,,TRUE,TRUE,,,,,,,,,,,,,,,,,,,,,,,,,,,,,,,,,,,,,,,,,,,,,,,,85.6,,,,8.127,,,,,,,1.100,,,,,,,,,,,,,,,,,,,,,,,,,,,,,,,,52.43618643,-2.58460000,0.0,,,,,,,,,,,,,,,,,,,,,,,,,,,,Mini 4 Pro,SYN6PPS8V3AE5EBC3,CAMTSC9LZW7MWSFCW,RCSXABFT7BSPJQMRD,BATZSZPBFBU78G5ZD,,,,,,,,Mini 4 Pro,SYN6PPS8V3AE5EBC3,,,,DJI Fly,,1.13.5,5B0F0CD6-9472-513B-8A0D-37D7D3B992E8,,,,,,,,,,
1773942371,0m 11.0s,11.0,52.43618643,-2.58460000,0.0,0.0,0.0,180.0,0.0,0.000,0.000,0.000,,0.000,,-0.000,,0.20,0.10,45.0,45.0,,Starting Motors,,,18,4,TRUE,,Mini 4 Pro,,,,,,TRUE,TRUE,,,,,,,,,,,,,,,,,,,,,,,,,,,,,,,,,,,,,,,,,,,,,,,,85.5,,,,8.126,,,,,,,1.100,,,,,,,,,,,,,,,,,,,,,,,,,,,,,,,,52.43618643,-2.58460000,0.0,,,,,,,,,,,,,,,,,,,,,,,,,,,,Mini 4 Pro,SYN6PPS8V3AE5EBC3,CAMTSC9LZW7MWSFCW,RCSXABFT7BSPJQMRD,BATZSZPBFBU78G5ZD,,,,,,,,Mini 4 Pro,SYN6PPS8V3AE5EBC3,,,,DJI Fly,,1.13.5,5B0F0CD6-9472-513B-8A0D-37D7D3B992E8,,,,,,,,,,
1773942372,0m 12.0s,12.0,52.43618643,-2.58460000,7.9,7.9,7.9,187.9,0.0,0.000,0.000,0.000,,0.000,,-5.369,,9.60,0.00,45.0,45.0,,Auto Takeoff,,,18,4,TRUE,,Mini 4 Pro,,,,,,FALSE,TRUE,,,,,,,,,,,,,,,,,,,,,,,,,,,,,,,,,,,,,,,,,,,,,,,,85.5,,,,8.125,,,,,,,12.248,,,,,,,,,,,,,,,,,,,,,,,,,,,,,,,,52.43618643,-2.58460000,0.0,,,,,,,,,,,,,,,,,,,,,,,,,,,,Mini 4 Pro,SYN6PPS8V3AE5EBC3,CAMTSC9LZW7MWSFCW,RCSXABFT7BSPJQMRD,BATZSZPBFBU78G5ZD,,,,,,,,Mini 4 Pro,SYN6PPS8V3AE5EBC3,,,,DJI Fly,,1.13.5,5B0F0CD6-9472-513B-8A0D-37D7D3B992E8,,,,,,,,,,
1773942373,0m 13.0s,13.0,52.43618643,-2.58460000,15.7,15.7,15.7,195.7,0.0,0.000,0.000,0.000,,0.000,,-5.369,,9.60,0.00,45.0,45.0,,Auto Takeoff,,,18,4,TRUE,,Mini 4 Pro,,,,,,FALSE,TRUE,,,,,,,,,,,,,,,,,,,,,,,,,,,,,,,,,,,,,,,,,,,,,,,,85.5,,,,8.125,,,,,,,12.248,,,,,,,,,,,,,,,,,,,,,,,,,,,,,,,,52.43618643,-2.58460000,0.0,,,,,,,,,,,,,,,,,,,,,,,,,,,,Mini 4 Pro,SYN6PPS8V3AE5EBC3,CAMTSC9LZW7MWSFCW,RCSXABFT7BSPJQMRD,BATZSZPBFBU78G5ZD,,,,,,,,Mini 4 Pro,SYN6PPS8V3AE5EBC3,,,,DJI Fly,,1.13.5,5B0F0CD6-9472-513B-8A0D-37D7D3B992E8,,,,,,,,,,
1773942374,0m 14.0s,14.0,52.43618643,-2.58460000,23.6,23.6,23.6,203.6,0.0,0.000,0.000,0.000,,0.000,,-5.369,,9.60,0.00,45.0,45.0,,Auto Takeoff,,,18,4,TRUE,,Mini 4 Pro,,,,,,FALSE,TRUE,,,,,,,,,,,,,,,,,,,,,,,,,,,,,,,,,,,,,,,,,,,,,,,,85.4,,,,8.124,,,,,,,12.248,,,,,,,,,,,,,,,,,,,,,,,,,,,,,,,,52.43618643,-2.58460000,0.0,,,,,,,,,,,,,,,,,,,,,,,,,,,,Mini 4 Pro,SYN6PPS8V3AE5EBC3,CAMTSC9LZW7MWSFCW,RCSXABFT7BSPJQMRD,BATZSZPBFBU78G5ZD,,,,,,,,Mini 4 Pro,SYN6PPS8V3AE5EBC3,,,,DJI Fly,,1.13.5,5B0F0CD6-9472-513B-8A0D-37D7D3B992E8,,,,,,,,,,
1773942375,0m 15.0s,15.0,52.43618643,-2.58460000,31.5,31.5,30.0,211.5,0.0,0.000,0.000,0.000,,0.000,,-5.369,,9.60,0.00,45.0,45.0,,Auto Takeoff,,,18,4,TRUE,,Mini 4 Pro,,,,,,FALSE,TRUE,,,,,,,,,,,,,,,,,,,,,,,,,,,,,,,,,,,,,,,,,,,,,,,,85.4,,,,8.123,,,,,,,12.248,,,,,,,,,,,,,,,,,,,,,,,,,,,,,,,,52.43618643,-2.58460000,0.0,,,,,,,,,,,,,,,,,,,,,,,,,,,,Mini 4 Pro,SYN6PPS8V3AE5EBC3,CAMTSC9LZW7MWSFCW,RCSXABFT7BSPJQMRD,BATZSZPBFBU78G5ZD,,,,,,,,Mini 4 Pro,SYN6PPS8V3AE5EBC3,,,,DJI Fly,,1.13.5,5B0F0CD6-9472-513B-8A0D-37D7D3B992E8,,,,,,,,,,
1773942376,0m 16.0s,16.0,52.43618643,-2.58460000,39.4,39.4,30.0,219.4,0.0,0.000,0.000,0.000,,0.000,,-5.369,,9.60,0.00,45.0,45.0,,Auto Takeoff,,,18,4,TRUE,,Mini 4 Pro,,,,,,FALSE,TRUE,,,,,,,,,,,,,,,,,,,,,,,,,,,,,,,,,,,,,,,,,,,,,,,,85.3,,,,8.123,,,,,,,12.248,,,,,,,,,,,,,,,,,,,,,,,,,,,,,,,,52.43618643,-2.58460000,0.0,,,,,,,,,,,,,,,,,,,,,,,,,,,,Mini 4 Pro,SYN6PPS8V3AE5EBC3,CAMTSC9LZW7MWSFCW,RCSXABFT7BSPJQMRD,BATZSZPBFBU78G5ZD,,,,,,,,Mini 4 Pro,SYN6PPS8V3AE5EBC3,,,,DJI Fly,,1.13.5,5B0F0CD6-9472-513B-8A0D-37D7D3B992E8,,,,,,,,,,
1773942377,0m 17.0s,17.0,52.43618643,-2.58460000,47.2,47.2,30.0,227.2,0.0,0.000,0.000,0.000,,0.000,,-5.369,,9.60,0.00,45.0,45.0,,Auto Takeoff,,,18,4,TRUE,,Mini 4 Pro,,,,,,FALSE,TRUE,,,,,,,,,,,,,,,,,,,,,,,,,,,,,,,,,,,,,,,,,,,,,,,,85.3,,,,8.122,,,,,,,12.248,,,,,,,,,,,,,,,,,,,,,,,,,,,,,,,,52.43618643,-2.58460000,0.0,,,,,,,,,,,,,,,,,,,,,,,,,,,,Mini 4 Pro,SYN6PPS8V3AE5EBC3,CAMTSC9LZW7MWSFCW,RCSXABFT7BSPJQMRD,BATZSZPBFBU78G5ZD,,,,,,,,Mini 4 Pro,SYN6PPS8V3AE5EBC3,,,,DJI Fly,,1.13.5,5B0F0CD6-9472-513B-8A0D-37D7D3B992E8,,,,,,,,,,
1773942378,0m 18.0s,18.0,52.43618643,-2.58460000,55.1,55.1,30.0,235.1,0.0,0.000,0.000,0.000,,0.000,,-5.369,,9.60,0.00,45.0,45.0,,Auto Takeoff,,,18,4,TRUE,,Mini 4 Pro,,,,,,FALSE,TRUE,,,,,,,,,,,,,,,,,,,,,,,,,,,,,,,,,,,,,,,,,,,,,,,,85.2,,,,8.121,,,,,,,12.248,,,,,,,,,,,,,,,,,,,,,,,,,,,,,,,,52.43618643,-2.58460000,0.0,,,,,,,,,,,,,,,,,,,,,,,,,,,,Mini 4 Pro,SYN6PPS8V3AE5EBC3,CAMTSC9LZW7MWSFCW,RCSXABFT7BSPJQMRD,BATZSZPBFBU78G5ZD,,,,,,,,Mini 4 Pro,SYN6PPS8V3AE5EBC3,,,,DJI Fly,,1.13.5,5B0F0CD6-9472-513B-8A0D-37D7D3B992E8,,,,,,,,,,
1773942379,0m 19.0s,19.0,52.43618643,-2.58460000,63.0,63.0,30.0,243.0,0.0,0.000,0.000,0.000,,0.000,,-5.369,,9.60,0.00,45.0,45.0,,Auto Takeoff,,,18,4,TRUE,,Mini 4 Pro,,,,,,FALSE,TRUE,,,,,,,,,,,,,,,,,,,,,,,,,,,,,,,,,,,,,,,,,,,,,,,,85.2,,,,8.121,,,,,,,12.248,,,,,,,,,,,,,,,,,,,,,,,,,,,,,,,,52.43618643,-2.58460000,0.0,,,,,,,,,,,,,,,,,,,,,,,,,,,,Mini 4 Pro,SYN6PPS8V3AE5EBC3,CAMTSC9LZW7MWSFCW,RCSXABFT7BSPJQMRD,BATZSZPBFBU78G5ZD,,,,,,,,Mini 4 Pro,SYN6PPS8V3AE5EBC3,,,,DJI Fly,,1.13.5,5B0F0CD6-9472-513B-8A0D-37D7D3B992E8,,,,,,,,,,
1773942380,0m 20.0s,20.0,52.43618643,-2.58460000,70.9,70.9,30.0,250.9,0.0,0.000,0.000,0.000,,0.000,,-5.369,,9.60,0.00,45.0,45.0,,Auto Takeoff,,,18,4,TRUE,,Mini 4 Pro,,,,,,FALSE,TRUE,,,,,,,,,,,,,,,,,,,,,,,,,,,,,,,,,,,,,,,,,,,,,,,,85.2,,,,8.120,,,,,,,12.248,,,,,,,,,,,,,,,,,,,,,,,,,,,,,,,,52.43618643,-2.58460000,0.0,,,,,,,,,,,,,,,,,,,,,,,,,,,,Mini 4 Pro,SYN6PPS8V3AE5EBC3,CAMTSC9LZW7MWSFCW,RCSXABFT7BSPJQMRD,BATZSZPBFBU78G5ZD,,,,,,,,Mini 4 Pro,SYN6PPS8V3AE5EBC3,,,,DJI Fly,,1.13.5,5B0F0CD6-9472-513B-8A0D-37D7D3B992E8,,,,,,,,,,
1773942381,0m 21.0s,21.0,52.43618643,-2.58460000,78.7,78.7,30.0,258.7,0.0,0.000,0.000,0.000,,0.000,,-5.369,,9.60,0.00,45.0,45.0,,Auto Takeoff,,,18,4,TRUE,,Mini 4 Pro,,,,,,FALSE,TRUE,,,,,,,,,,,,,,,,,,,,,,,,,,,,,,,,,,,,,,,,,,,,,,,,85.1,,,,8.119,,,,,,,12.248,,,,,,,,,,,,,,,,,,,,,,,,,,,,,,,,52.43618643,-2.58460000,0.0,,,,,,,,,,,,,,,,,,,,,,,,,,,,Mini 4 Pro,SYN6PPS8V3AE5EBC3,CAMTSC9LZW7MWSFCW,RCSXABFT7BSPJQMRD,BATZSZPBFBU78G5ZD,,,,,,,,Mini 4 Pro,SYN6PPS8V3AE5EBC3,,,,DJI Fly,,1.13.5,5B0F0CD6-9472-513B-8A0D-37D7D3B992E8,,,,,,,,,,
1773942382,0m 22.0s,22.0,52.43618643,-2.58460000,86.6,86.6,30.0,266.6,0.0,0.000,0.000,0.000,,0.000,,-5.369,,9.60,0.00,45.0,45.0,,Auto Takeoff,,,18,4,TRUE,,Mini 4 Pro,,,,,,FALSE,TRUE,,,,,,,,,,,,,,,,,,,,,,,,,,,,,,,,,,,,,,,,,,,,,,,,85.1,,,,8.119,,,,,,,12.248,,,,,,,,,,,,,,,,,,,,,,,,,,,,,,,,52.43618643,-2.58460000,0.0,,,,,,,,,,,,,,,,,,,,,,,,,,,,Mini 4 Pro,SYN6PPS8V3AE5EBC3,CAMTSC9LZW7MWSFCW,RCSXABFT7BSPJQMRD,BATZSZPBFBU78G5ZD,,,,,,,,Mini 4 Pro,SYN6PPS8V3AE5EBC3,,,,DJI Fly,,1.13.5,5B0F0CD6-9472-513B-8A0D-37D7D3B992E8,,,,,,,,,,
1773942383,0m 23.0s,23.0,52.43618643,-2.58460000,94.5,94.5,30.0,274.5,0.0,0.000,0.000,0.000,,0.000,,-5.369,,9.60,0.00,45.0,45.0,,Auto Takeoff,,,18,4,TRUE,,Mini 4 Pro,,,,,,FALSE,TRUE,,,,,,,,,,,,,,,,,,,,,,,,,,,,,,,,,,,,,,,,,,,,,,,,85.0,,,,8.118,,,,,,,12.248,,,,,,,,,,,,,,,,,,,,,,,,,,,,,,,,52.43618643,-2.58460000,0.0,,,,,,,,,,,,,,,,,,,,,,,,,,,,Mini 4 Pro,SYN6PPS8V3AE5EBC3,CAMTSC9LZW7MWSFCW,RCSXABFT7BSPJQMRD,BATZSZPBFBU78G5ZD,,,,,,,,Mini 4 Pro,SYN6PPS8V3AE5EBC3,,,,DJI Fly,,1.13.5,5B0F0CD6-9472-513B-8A0D-37D7D3B992E8,,,,,,,,,,
1773942384,0m 24.0s,24.0,52.43618643,-2.58460000,98.4,98.4,30.0,278.4,0.0,0.000,0.000,0.000,,0.000,,-2.684,,4.80,0.00,45.0,45.0,,Auto Takeoff,,,18,4,TRUE,,Mini 4 Pro,,,,,,FALSE,TRUE,,,,,,,,,,,,,,,,,,,,,,,,,,,,,,,,,,,,,,,,,,,,,,,,85.0,,,,8.117,,,,,,,8.408,,,,,,,,,,,,,,,,,,,,,,,,,,,,,,,,52.43618643,-2.58460000,0.0,,,,,,,,,,,,,,,,,,,,,,,,,,,,Mini 4 Pro,SYN6PPS8V3AE5EBC3,CAMTSC9LZW7MWSFCW,RCSXABFT7BSPJQMRD,BATZSZPBFBU78G5ZD,,,,,,,,Mini 4 Pro,SYN6PPS8V3AE5EBC3,,,,DJI Fly,,1.13.5,5B0F0CD6-9472-513B-8A0D-37D7D3B992E8,,,,,,,,,,
1773942385,0m 25.0s,25.0,52.43618643,-2.58460000,98.4,98.4,30.0,278.4,0.0,0.000,0.000,0.000,,0.000,,-0.000,,0.00,0.00,45.0,45.0,,Auto Takeoff,,,18,4,TRUE,,Mini 4 Pro,,,,,,FALSE,TRUE,,,,,,,,,,,,,,,,,,,,,,,,,,,,,,,,,,,,,,,,,,,,,,,,85.0,,,,8.117,,,,,,,4.568,,,,,,,,,,,,,,,,,,,,,,,,,,,,,,,,52.43618643,-2.58460000,0.0,,,,,,,,,,,,,,,,,,,,,,,,,,,,Mini 4 Pro,SYN6PPS8V3AE5EBC3,CAMTSC9LZW7MWSFCW,RCSXABFT7BSPJQMRD,BATZSZPBFBU78G5ZD,,,,,,,,Mini 4 Pro,SYN6PPS8V3AE5EBC3,,,,DJI Fly,,1.13.5,5B0F0CD6-9472-513B-8A0D-37D7D3B992E8,,,,,,,,,,
1773942386,0m 26.0s,26.0,52.43618643,-2.58460000,98.4,98.4,30.0,278.4,0.0,0.000,0.000,0.000,,0.000,,-0.000,,0.00,0.00,45.0,45.0,,Auto Takeoff,,,18,4,TRUE,,Mini 4 Pro,,,,,,FALSE,TRUE,,,,,,,,,,,,,,,,,,,,,,,,,,,,,,,,,,,,,,,,,,,,,,,,84.9,,,,8.116,,,,,,,4.568,,,,,,,,,,,,,,,,,,,,,,,,,,,,,,,,52.43618643,-2.58460000,0.0,,,,,,,,,,,,,,,,,,,,,,,,,,,,Mini 4 Pro,SYN6PPS8V3AE5EBC3,CAMTSC9LZW7MWSFCW,RCSXABFT7BSPJQMRD,BATZSZPBFBU78G5ZD,,,,,,,,Mini 4 Pro,SYN6PPS8V3AE5EBC3,,,,DJI Fly,,1.13.5,5B0F0CD6-9472-513B-8A0D-37D7D3B992E8,,,,,,,,,,
1773942387,0m 27.0s,27.0,52.43618643,-2.58460000,98.4,98.4,30.0,278.4,0.0,0.000,0.000,0.000,,0.000,,-0.000,,0.00,0.00,45.0,45.0,,Auto Takeoff,,,18,4,TRUE,,Mini 4 Pro,,,,,,FALSE,TRUE,,,,,,,,,,,,,,,,,,,,,,,,,,,,,,,,,,,,,,,,,,,,,,,,84.9,,,,8.115,,,,,,,4.568,,,,,,,,,,,,,,,,,,,,,,,,,,,,,,,,52.43618643,-2.58460000,0.0,,,,,,,,,,,,,,,,,,,,,,,,,,,,Mini 4 Pro,SYN6PPS8V3AE5EBC3,CAMTSC9LZW7MWSFCW,RCSXABFT7BSPJQMRD,BATZSZPBFBU78G5ZD,,,,,,,,Mini 4 Pro,SYN6PPS8V3AE5EBC3,,,,DJI Fly,,1.13.5,5B0F0CD6-9472-513B-8A0D-37D7D3B992E8,,,,,,,,,,
1773942388,0m 28.0s,28.0,52.43618643,-2.58460000,98.4,98.4,30.0,278.4,0.0,0.000,0.000,0.000,,0.000,,-0.000,,0.00,0.00,45.0,45.0,,Auto Takeoff,,,18,4,TRUE,,Mini 4 Pro,,,,,,FALSE,TRUE,,,,,,,,,,,,,,,,,,,,,,,,,,,,,,,,,,,,,,,,,,,,,,,,84.8,,,,8.115,,,,,,,4.568,,,,,,,,,,,,,,,,,,,,,,,,,,,,,,,,52.43618643,-2.58460000,0.0,,,,,,,,,,,,,,,,,,,,,,,,,,,,Mini 4 Pro,SYN6PPS8V3AE5EBC3,CAMTSC9LZW7MWSFCW,RCSXABFT7BSPJQMRD,BATZSZPBFBU78G5ZD,,,,,,,,Mini 4 Pro,SYN6PPS8V3AE5EBC3,,,,DJI Fly,,1.13.5,5B0F0CD6-9472-513B-8A0D-37D7D3B992E8,,,,,,,,,,
1773942389,0m 29.0s,29.0,52.43618643,-2.58460000,98.4,98.4,30.0,278.4,0.0,0.000,0.000,0.000,,0.000,,-0.000,,0.00,0.00,45.0,45.0,,Auto Takeoff,,,18,4,TRUE,,Mini 4 Pro,,,,,,FALSE,TRUE,,,,,,,,,,,,,,,,,,,,,,,,,,,,,,,,,,,,,,,,,,,,,,,,84.8,,,,8.114,,,,,,,4.568,,,,,,,,,,,,,,,,,,,,,,,,,,,,,,,,52.43618643,-2.58460000,0.0,,,,,,,,,,,,,,,,,,,,,,,,,,,,Mini 4 Pro,SYN6PPS8V3AE5EBC3,CAMTSC9LZW7MWSFCW,RCSXABFT7BSPJQMRD,BATZSZPBFBU78G5ZD,,,,,,,,Mini 4 Pro,SYN6PPS8V3AE5EBC3,,,,DJI Fly,,1.13.5,5B0F0CD6-9472-513B-8A0D-37D7D3B992E8,,,,,,,,,,
1773942391,0m 31.0s,31.0,52.43618643,-2.58460000,98.4,98.4,30.0,278.4,0.0,0.000,0.000,0.000,,0.000,,-0.000,,0.00,0.00,45.0,45.0,,Auto Takeoff,,,18,4,TRUE,,Mini 4 Pro,,,,,,FALSE,TRUE,,,,,,,,,,,,,,,,,,,,,,,,,,,,,,,,,,,,,,,,,,,,,,,,84.7,,,,8.113,,,,,,,4.568,,,,,,,,,,,,,,,,,,,,,,,,,,,,,,,,52.43618643,-2.58460000,0.0,,,,,,,,,,,,,,,,,,,,,,,,,,,,Mini 4 Pro,SYN6PPS8V3AE5EBC3,CAMTSC9LZW7MWSFCW,RCSXABFT7BSPJQMRD,BATZSZPBFBU78G5ZD,,,,,,,,Mini 4 Pro,SYN6PPS8V3AE5EBC3,,,,DJI Fly,,1.13.5,5B0F0CD6-9472-513B-8A0D-37D7D3B992E8,,,,,,,,,,
1773942392,0m 32.0s,32.0,52.43621973,-2.58458740,98.4,98.4,30.0,278.4,12.5,8.500,8.500,8.283,,1.911,,-0.000,,1.33,-25.00,13.0,13.0,,P-GPS,,,18,4,TRUE,,Mini 4 Pro,,,,,,FALSE,TRUE,,,,,,,,,,,,,,,,,,,,,,,,,,,,,,,,,,,,,,,,,,,,,,,,84.7,,,,8.112,,,,,,,6.658,,,,,,,,,,,,,,,,,,,,,,,,,,,,,,,,52.43618643,-2.58460000,12.5,,,,,,,,,,,,,,,,,,,,,,,,,,,,Mini 4 Pro,SYN6PPS8V3AE5EBC3,CAMTSC9LZW7MWSFCW,RCSXABFT7BSPJQMRD,BATZSZPBFBU78G5ZD,,,,,,,,Mini 4 Pro,SYN6PPS8V3AE5EBC3,,,,DJI Fly,,1.13.5,5B0F0CD6-9472-513B-8A0D-37D7D3B992E8,,,,,,,,,,
1773942393,0m 33.0s,33.0,52.43625303,-2.58457479,98.4,98.4,30.0,278.4,24.9,8.500,8.500,8.283,,1.911,,-0.000,,1.33,0.00,13.0,13.0,,P-GPS,,,18,4,TRUE,,Mini 4 Pro,,,,,,FALSE,TRUE,,,,,,,,,,,,,,,,,,,,,,,,,,,,,,,,,,,,,,,,,,,,,,,,84.6,,,,8.112,,,,,,,6.658,,,,,,,,,,,,,,,,,,,,,,,,,,,,,,,,52.43618643,-2.58460000,24.9,,,,,,,,,,,,,,,,,,,,,,,,,,,,Mini 4 Pro,SYN6PPS8V3AE5EBC3,CAMTSC9LZW7MWSFCW,RCSXABFT7BSPJQMRD,BATZSZPBFBU78G5ZD,,,,,,,,Mini 4 Pro,SYN6PPS8V3AE5EBC3,,,,DJI Fly,,1.13.5,5B0F0CD6-9472-513B-8A0D-37D7D3B992E8,,,,,,,,,,
1773942394,0m 34.0s,34.0,52.43628633,-2.58456219,98.4,98.4,30.0,278.4,37.4,8.500,8.500,8.283,,1.911,,-0.000,,1.33,0.00,13.0,13.0,,P-GPS,,,18,4,TRUE,,Mini 4 Pro,,,,,,FALSE,TRUE,,,,,,,,,,,,,,,,,,,,,,,,,,,,,,,,,,,,,,,,,,,,,,,,84.6,,,,8.111,,,,,,,6.658,,,,,,,,,,,,,,,,,,,,,,,,,,,,,,,,52.43618643,-2.58460000,37.4,,,,,,,,,,,,,,,,,,,,,,,,,,,,Mini 4 Pro,SYN6PPS8V3AE5EBC3,CAMTSC9LZW7MWSFCW,RCSXABFT7BSPJQMRD,BATZSZPBFBU78G5ZD,,,,,,,,Mini 4 Pro,SYN6PPS8V3AE5EBC3,,,,DJI Fly,,1.13.5,5B0F0CD6-9472-513B-8A0D-37D7D3B992E8,,,,,,,,,,
1773942395,0m 35.0s,35.0,52.43631963,-2.58454958,98.4,98.4,30.0,278.4,49.9,8.500,8.500,8.283,,1.911,,-0.000,,1.33,0.00,13.0,13.0,,P-GPS,,,18,4,TRUE,,Mini 4 Pro,,,,,,FALSE,TRUE,,,,,,,,,,,,,,,,,,,,,,,,,,,,,,,,,,,,,,,,,,,,,,,,84.5,,,,8.110,,,,,,,6.658,,,,,,,,,,,,,,,,,,,,,,,,,,,,,,,,52.43618643,-2.58460000,49.9,,,,,,,,,,,,,,,,,,,,,,,,,,,,Mini 4 Pro,SYN6PPS8V3AE5EBC3,CAMTSC9LZW7MWSFCW,RCSXABFT7BSPJQMRD,BATZSZPBFBU78G5ZD,,,,,,,,Mini 4 Pro,SYN6PPS8V3AE5EBC3,,,,DJI Fly,,1.13.5,5B0F0CD6-9472-513B-8A0D-37D7D3B992E8,,,,,,,,,,
1773942396,0m 36.0s,36.0,52.43635293,-2.58453698,98.4,98.4,30.0,278.4,62.3,8.500,8.500,8.283,,1.911,,-0.000,,1.33,0.00,13.0,13.0,,P-GPS,,,18,4,TRUE,,Mini 4 Pro,,,,,,FALSE,TRUE,,,,,,,,,,,,,,,,,,,,,,,,,,,,,,,,,,,,,,,,,,,,,,,,84.5,,,,8.110,,,,,,,6.658,,,,,,,,,,,,,,,,,,,,,,,,,,,,,,,,52.43618643,-2.58460000,62.3,,,,,,,,,,,,,,,,,,,,,,,,,,,,Mini 4 Pro,SYN6PPS8V3AE5EBC3,CAMTSC9LZW7MWSFCW,RCSXABFT7BSPJQMRD,BATZSZPBFBU78G5ZD,,,,,,,,Mini 4 Pro,SYN6PPS8V3AE5EBC3,,,,DJI Fly,,1.13.5,5B0F0CD6-9472-513B-8A0D-37D7D3B992E8,,,,,,,,,,
1773942397,0m 37.0s,37.0,52.43638623,-2.58452437,98.4,98.4,30.0,278.4,74.8,8.500,8.500,8.283,,1.911,,-0.000,,1.33,0.00,13.0,13.0,,P-GPS,,,18,4,TRUE,,Mini 4 Pro,,,,,,FALSE,TRUE,,,,,,,,,,,,,,,,,,,,,,,,,,,,,,,,,,,,,,,,,,,,,,,,84.5,,,,8.109,,,,,,,6.658,,,,,,,,,,,,,,,,,,,,,,,,,,,,,,,,52.43618643,-2.58460000,74.8,,,,,,,,,,,,,,,,,,,,,,,,,,,,Mini 4 Pro,SYN6PPS8V3AE5EBC3,CAMTSC9LZW7MWSFCW,RCSXABFT7BSPJQMRD,BATZSZPBFBU78G5ZD,,,,,,,,Mini 4 Pro,SYN6PPS8V3AE5EBC3,,,,DJI Fly,,1.13.5,5B0F0CD6-9472-513B-8A0D-37D7D3B992E8,,,,,,,,,,
1773942399,0m 39.0s,39.0,52.43645282,-2.58449916,98.4,98.4,30.0,278.4,99.7,8.500,8.500,8.283,,1.911,,-0.000,,1.33,0.00,13.0,13.0,,P-GPS,,,18,4,TRUE,,Mini 4 Pro,,,,,,FALSE,TRUE,,,,,,,,,,,,,,,,,,,,,,,,,,,,,,,,,,,,,,,,,,,,,,,,84.4,,,,8.108,,,,,,,6.658,,,,,,,,,,,,,,,,,,,,,,,,,,,,,,,,52.43618643,-2.58460000,99.7,,,,,,,,,,,,,,,,,,,,,,,,,,,,Mini 4 Pro,SYN6PPS8V3AE5EBC3,CAMTSC9LZW7MWSFCW,RCSXABFT7BSPJQMRD,BATZSZPBFBU78G5ZD,,,,,,,,Mini 4 Pro,SYN6PPS8V3AE5EBC3,,,,DJI Fly,,1.13.5,5B0F0CD6-9472-513B-8A0D-37D7D3B992E8,,,,,,,,,,
1773942400,0m 40.0s,40.0,52.43648612,-2.58448656,98.4,98.4,30.0,278.4,112.2,8.500,8.500,8.283,,1.911,,-0.000,,1.33,0.00,13.0,13.0,,P-GPS,,,18,4,TRUE,,Mini 4 Pro,,,,,,FALSE,TRUE,,,,,,,,,,,,,,,,,,,,,,,,,,,,,,,,,,,,,,,,,,,,,,,,84.3,,,,8.107,,,,,,,6.658,,,,,,,,,,,,,,,,,,,,,,,,,,,,,,,,52.43618643,-2.58460000,112.2,,,,,,,,,,,,,,,,,,,,,,,,,,,,Mini 4 Pro,SYN6PPS8V3AE5EBC3,CAMTSC9LZW7MWSFCW,RCSXABFT7BSPJQMRD,BATZSZPBFBU78G5ZD,,,,,,,,Mini 4 Pro,SYN6PPS8V3AE5EBC3,,,,DJI Fly,,1.13.5,5B0F0CD6-9472-513B-8A0D-37D7D3B992E8,,,,,,,,,,
1773942401,0m 41.0s,41.0,52.43651942,-2.58447395,98.4,98.4,30.0,278.4,124.7,8.500,8.500,8.283,,1.911,,-0.000,,1.33,0.00,13.0,13.0,,P-GPS,,,18,4,TRUE,,Mini 4 Pro,,,,,,FALSE,TRUE,,,,,,,,,,,,,,,,,,,,,,,,,,,,,,,,,,,,,,,,,,,,,,,,84.3,,,,8.106,,,,,,,6.658,,,,,,,,,,,,,,,,,,,,,,,,,,,,,,,,52.43618643,-2.58460000,124.7,,,,,,,,,,,,,,,,,,,,,,,,,,,,Mini 4 Pro,SYN6PPS8V3AE5EBC3,CAMTSC9LZW7MWSFCW,RCSXABFT7BSPJQMRD,BATZSZPBFBU78G5ZD,,,,,,,,Mini 4 Pro,SYN6PPS8V3AE5EBC3,,,,DJI Fly,,1.13.5,5B0F0CD6-9472-513B-8A0D-37D7D3B992E8,,,,,,,,,,
1773942402,0m 42.0s,42.0,52.43655272,-2.58446135,98.4,98.4,30.0,278.4,137.1,8.500,8.500,8.283,,1.911,,-0.000,,1.33,0.00,13.0,13.0,,P-GPS,,,18,4,TRUE,,Mini 4 Pro,,,,,,FALSE,TRUE,,,,,,,,,,,,,,,,,,,,,,,,,,,,,,,,,,,,,,,,,,,,,,,,84.2,,,,8.106,,,,,,,6.658,,,,,,,,,,,,,,,,,,,,,,,,,,,,,,,,52.43618643,-2.58460000,137.1,,,,,,,,,,,,,,,,,,,,,,,,,,,,Mini 4 Pro,SYN6PPS8V3AE5EBC3,CAMTSC9LZW7MWSFCW,RCSXABFT7BSPJQMRD,BATZSZPBFBU78G5ZD,,,,,,,,Mini 4 Pro,SYN6PPS8V3AE5EBC3,,,,DJI Fly,,1.13.5,5B0F0CD6-9472-513B-8A0D-37D7D3B992E8,,,,,,,,,,
1773942403,0m 43.0s,43.0,52.43658602,-2.58444874,98.4,98.4,30.0,278.4,149.6,8.500,8.500,8.283,,1.911,,-0.000,,1.33,0.00,13.0,13.0,,P-GPS,,,18,4,TRUE,,Mini 4 Pro,,,,,,FALSE,TRUE,,,,,,,,,,,,,,,,,,,,,,,,,,,,,,,,,,,,,,,,,,,,,,,,84.2,,,,8.105,,,,,,,6.658,,,,,,,,,,,,,,,,,,,,,,,,,,,,,,,,52.43618643,-2.58460000,149.6,,,,,,,,,,,,,,,,,,,,,,,,,,,,Mini 4 Pro,SYN6PPS8V3AE5EBC3,CAMTSC9LZW7MWSFCW,RCSXABFT7BSPJQMRD,BATZSZPBFBU78G5ZD,,,,,,,,Mini 4 Pro,SYN6PPS8V3AE5EBC3,,,,DJI Fly,,1.13.5,5B0F0CD6-9472-513B-8A0D-37D7D3B992E8,,,,,,,,,,
1773942404,0m 44.0s,44.0,52.43661932,-2.58443614,98.4,98.4,30.0,278.4,162.1,8.500,8.500,8.283,,1.911,,-0.000,,1.33,0.00,13.0,13.0,,P-GPS,,,18,4,TRUE,,Mini 4 Pro,,,,,,FALSE,TRUE,,,,,,,,,,,,,,,,,,,,,,,,,,,,,,,,,,,,,,,,,,,,,,,,84.2,,,,8.104,,,,,,,6.658,,,,,,,,,,,,,,,,,,,,,,,,,,,,,,,,52.43618643,-2.58460000,162.1,,,,,,,,,,,,,,,,,,,,,,,,,,,,Mini 4 Pro,SYN6PPS8V3AE5EBC3,CAMTSC9LZW7MWSFCW,RCSXABFT7BSPJQMRD,BATZSZPBFBU78G5ZD,,,,,,,,Mini 4 Pro,SYN6PPS8V3AE5EBC3,,,,DJI Fly,,1.13.5,5B0F0CD6-9472-513B-8A0D-37D7D3B992E8,,,,,,,,,,
1773942405,0m 45.0s,45.0,52.43665262,-2.58442353,98.4,98.4,30.0,278.4,174.5,8.500,8.500,8.283,,1.911,,-0.000,,1.33,0.00,13.0,13.0,,P-GPS,,,18,4,TRUE,,Mini 4 Pro,,,,,,FALSE,TRUE,,,,,,,,,,,,,,,,,,,,,,,,,,,,,,,,,,,,,,,,,,,,,,,,84.1,,,,8.104,,,,,,,6.658,,,,,,,,,,,,,,,,,,,,,,,,,,,,,,,,52.43618643,-2.58460000,174.5,,,,,,,,,,,,,,,,,,,,,,,,,,,,Mini 4 Pro,SYN6PPS8V3AE5EBC3,CAMTSC9LZW7MWSFCW,RCSXABFT7BSPJQMRD,BATZSZPBFBU78G5ZD,,,,,,,,Mini 4 Pro,SYN6PPS8V3AE5EBC3,,,,DJI Fly,,1.13.5,5B0F0CD6-9472-513B-8A0D-37D7D3B992E8,,,,,,,,,,
1773942406,0m 46.0s,46.0,52.43668592,-2.58441093,98.4,98.4,30.0,278.4,187.0,8.500,8.500,8.283,,1.911,,-0.000,,1.33,0.00,13.0,13.0,,P-GPS,,,18,4,TRUE,,Mini 4 Pro,,,,,,FALSE,TRUE,,,,,,,,,,,,,,,,,,,,,,,,,,,,,,,,,,,,,,,,,,,,,,,,84.1,,,,8.103,,,,,,,6.658,,,,,,,,,,,,,,,,,,,,,,,,,,,,,,,,52.43618643,-2.58460000,187.0,,,,,,,,,,,,,,,,,,,,,,,,,,,,Mini 4 Pro,SYN6PPS8V3AE5EBC3,CAMTSC9LZW7MWSFCW,RCSXABFT7BSPJQMRD,BATZSZPBFBU78G5ZD,,,,,,,,Mini 4 Pro,SYN6PPS8V3AE5EBC3,,,,DJI Fly,,1.13.5,5B0F0CD6-9472-513B-8A0D-37D7D3B992E8,,,,,,,,,,
1773942407,0m 47.0s,47.0,52.43671922,-2.58439832,98.4,98.4,30.0,278.4,199.5,8.500,8.500,8.283,,1.911,,-0.000,,1.33,0.00,13.0,13.0,,P-GPS,,,18,4,TRUE,,Mini 4 Pro,,,,,,FALSE,TRUE,,,,,,,,,,,,,,,,,,,,,,,,,,,,,,,,,,,,,,,,,,,,,,,,84.0,,,,8.103,,,,,,,6.658,,,,,,,,,,,,,,,,,,,,,,,,,,,,,,,,52.43618643,-2.58460000,199.5,,,,,,,,,,,,,,,,,,,,,,,,,,,,Mini 4 Pro,SYN6PPS8V3AE5EBC3,CAMTSC9LZW7MWSFCW,RCSXABFT7BSPJQMRD,BATZSZPBFBU78G5ZD,,,,,,,,Mini 4 Pro,SYN6PPS8V3AE5EBC3,,,,DJI Fly,,1.13.5,5B0F0CD6-9472-513B-8A0D-37D7D3B992E8,,,,,,,,,,
1773942408,0m 48.0s,48.0,52.43675252,-2.58438572,98.4,98.4,30.0,278.4,211.9,8.500,8.500,8.283,,1.911,,-0.000,,1.33,0.00,13.0,13.0,,P-GPS,,,18,4,TRUE,,Mini 4 Pro,,,,,,FALSE,TRUE,,,,,,,,,,,,,,,,,,,,,,,,,,,,,,,,,,,,,,,,,,,,,,,,84.0,,,,8.102,,,,,,,6.658,,,,,,,,,,,,,,,,,,,,,,,,,,,,,,,,52.43618643,-2.58460000,211.9,,,,,,,,,,,,,,,,,,,,,,,,,,,,Mini 4 Pro,SYN6PPS8V3AE5EBC3,CAMTSC9LZW7MWSFCW,RCSXABFT7BSPJQMRD,BATZSZPBFBU78G5ZD,,,,,,,,Mini 4 Pro,SYN6PPS8V3AE5EBC3,,,,DJI Fly,,1.13.5,5B0F0CD6-9472-513B-8A0D-37D7D3B992E8,,,,,,,,,,
1773942409,0m 49.0s,49.0,52.43678582,-2.58437312,98.4,98.4,30.0,278.4,224.4,8.500,8.500,8.283,,1.911,,-0.000,,1.33,0.00,13.0,13.0,,P-GPS,,,18,4,TRUE,,Mini 4 Pro,,,,,,FALSE,TRUE,,,,,,,,,,,,,,,,,,,,,,,,,,,,,,,,,,,,,,,,,,,,,,,,83.9,,,,8.101,,,,,,,6.658,,,,,,,,,,,,,,,,,,,,,,,,,,,,,,,,52.43618643,-2.58460000,224.4,,,,,,,,,,,,,,,,,,,,,,,,,,,,Mini 4 Pro,SYN6PPS8V3AE5EBC3,CAMTSC9LZW7MWSFCW,RCSXABFT7BSPJQMRD,BATZSZPBFBU78G5ZD,,,,,,,,Mini 4 Pro,SYN6PPS8V3AE5EBC3,,,,DJI Fly,,1.13.5,5B0F0CD6-9472-513B-8A0D-37D7D3B992E8,,,,,,,,,,
1773942410,0m 50.0s,50.0,52.43681911,-2.58436051,98.4,98.4,30.0,278.4,236.9,8.500,8.500,8.283,,1.911,,-0.000,,1.33,0.00,13.0,13.0,,P-GPS,,,18,4,TRUE,,Mini 4 Pro,,,,,,FALSE,TRUE,,,,,,,,,,,,,,,,,,,,,,,,,,,,,,,,,,,,,,,,,,,,,,,,83.9,,,,8.101,,,,,,,6.658,,,,,,,,,,,,,,,,,,,,,,,,,,,,,,,,52.43618643,-2.58460000,236.9,,,,,,,,,,,,,,,,,,,,,,,,,,,,Mini 4 Pro,SYN6PPS8V3AE5EBC3,CAMTSC9LZW7MWSFCW,RCSXABFT7BSPJQMRD,BATZSZPBFBU78G5ZD,,,,,,,,Mini 4 Pro,SYN6PPS8V3AE5EBC3,,,,DJI Fly,,1.13.5,5B0F0CD6-9472-513B-8A0D-37D7D3B992E8,,,,,,,,,,
1773942411,0m 51.0s,51.0,52.43685241,-2.58434791,98.4,98.4,30.0,278.4,249.3,8.500,8.500,8.283,,1.911,,-0.000,,1.33,0.00,13.0,13.0,,P-GPS,,,18,4,TRUE,,Mini 4 Pro,,,,,,FALSE,TRUE,,,,,,,,,,,,,,,,,,,,,,,,,,,,,,,,,,,,,,,,,,,,,,,,83.9,,,,8.100,,,,,,,6.658,,,,,,,,,,,,,,,,,,,,,,,,,,,,,,,,52.43618643,-2.58460000,249.3,,,,,,,,,,,,,,,,,,,,,,,,,,,,Mini 4 Pro,SYN6PPS8V3AE5EBC3,CAMTSC9LZW7MWSFCW,RCSXABFT7BSPJQMRD,BATZSZPBFBU78G5ZD,,,,,,,,Mini 4 Pro,SYN6PPS8V3AE5EBC3,,,,DJI Fly,,1.13.5,5B0F0CD6-9472-513B-8A0D-37D7D3B992E8,,,,,,,,,,
1773942412,0m 52.0s,52.0,52.43688571,-2.58433530,98.4,98.4,30.0,278.4,261.8,8.500,8.500,8.283,,1.911,,-0.000,,1.33,0.00,13.0,13.0,,P-GPS,,,18,4,TRUE,,Mini 4 Pro,,,,,,FALSE,TRUE,,,,,,,,,,,,,,,,,,,,,,,,,,,,,,,,,,,,,,,,,,,,,,,,83.8,,,,8.099,,,,,,,6.658,,,,,,,,,,,,,,,,,,,,,,,,,,,,,,,,52.43618643,-2.58460000,261.8,,,,,,,,,,,,,,,,,,,,,,,,,,,,Mini 4 Pro,SYN6PPS8V3AE5EBC3,CAMTSC9LZW7MWSFCW,RCSXABFT7BSPJQMRD,BATZSZPBFBU78G5ZD,,,,,,,,Mini 4 Pro,SYN6PPS8V3AE5EBC3,,,,DJI Fly,,1.13.5,5B0F0CD6-9472-513B-8A0D-37D7D3B992E8,,,,,,,,,,
1773942413,0m 53.0s,53.0,52.43691901,-2.58432270,98.4,98.4,30.0,278.4,274.3,8.500,8.500,8.283,,1.911,,-0.000,,1.33,0.00,13.0,13.0,,P-GPS,,,18,4,TRUE,,Mini 4 Pro,,,,,,FALSE,TRUE,,,,,,,,,,,,,,,,,,,,,,,,,,,,,,,,,,,,,,,,,,,,,,,,83.8,,,,8.099,,,,,,,6.658,,,,,,,,,,,,,,,,,,,,,,,,,,,,,,,,52.43618643,-2.58460000,274.3,,,,,,,,,,,,,,,,,,,,,,,,,,,,Mini 4 Pro,SYN6PPS8V3AE5EBC3,CAMTSC9LZW7MWSFCW,RCSXABFT7BSPJQMRD,BATZSZPBFBU78G5ZD,,,,,,,,Mini 4 Pro,SYN6PPS8V3AE5EBC3,,,,DJI Fly,,1.13.5,5B0F0CD6-9472-513B-8A0D-37D7D3B992E8,,,,,,,,,,
1773942414,0m 54.0s,54.0,52.43695231,-2.58431009,98.4,98.4,30.0,278.4,286.7,8.500,8.500,8.283,,1.911,,-0.000,,1.33,0.00,13.0,13.0,,P-GPS,,,18,4,TRUE,,Mini 4 Pro,,,,,,FALSE,TRUE,,,,,,,,,,,,,,,,,,,,,,,,,,,,,,,,,,,,,,,,,,,,,,,,83.7,,,,8.098,,,,,,,6.658,,,,,,,,,,,,,,,,,,,,,,,,,,,,,,,,52.43618643,-2.58460000,286.7,,,,,,,,,,,,,,,,,,,,,,,,,,,,Mini 4 Pro,SYN6PPS8V3AE5EBC3,CAMTSC9LZW7MWSFCW,RCSXABFT7BSPJQMRD,BATZSZPBFBU78G5ZD,,,,,,,,Mini 4 Pro,SYN6PPS8V3AE5EBC3,,,,DJI Fly,,1.13.5,5B0F0CD6-9472-513B-8A0D-37D7D3B992E8,,,,,,,,,,
1773942415,0m 55.0s,55.0,52.43698561,-2.58429749,98.4,98.4,30.0,278.4,299.2,8.500,8.500,8.283,,1.911,,-0.000,,1.33,0.00,13.0,13.0,,P-GPS,,,18,4,TRUE,,Mini 4 Pro,,,,,,FALSE,TRUE,,,,,,,,,,,,,,,,,,,,,,,,,,,,,,,,,,,,,,,,,,,,,,,,83.7,,,,8.097,,,,,,,6.658,,,,,,,,,,,,,,,,,,,,,,,,,,,,,,,,52.43618643,-2.58460000,299.2,,,,,,,,,,,,,,,,,,,,,,,,,,,,Mini 4 Pro,SYN6PPS8V3AE5EBC3,CAMTSC9LZW7MWSFCW,RCSXABFT7BSPJQMRD,BATZSZPBFBU78G5ZD,,,,,,,,Mini 4 Pro,SYN6PPS8V3AE5EBC3,,,,DJI Fly,,1.13.5,5B0F0CD6-9472-513B-8A0D-37D7D3B992E8,,,,,,,,,,
1773942417,0m 57.0s,57.0,52.43705221,-2.58427228,98.4,98.4,30.0,278.4,324.1,8.500,8.500,8.283,,1.911,,-0.000,,1.33,0.00,13.0,13.0,,P-GPS,,,18,4,TRUE,,Mini 4 Pro,,,,,,FALSE,TRUE,,,,,,,,,,,,,,,,,,,,,,,,,,,,,,,,,,,,,,,,,,,,,,,,83.6,,,,8.096,,,,,,,6.658,,,,,,,,,,,,,,,,,,,,,,,,,,,,,,,,52.43618643,-2.58460000,324.1,,,,,,,,,,,,,,,,,,,,,,,,,,,,Mini 4 Pro,SYN6PPS8V3AE5EBC3,CAMTSC9LZW7MWSFCW,RCSXABFT7BSPJQMRD,BATZSZPBFBU78G5ZD,,,,,,,,Mini 4 Pro,SYN6PPS8V3AE5EBC3,,,,DJI Fly,,1.13.5,5B0F0CD6-9472-513B-8A0D-37D7D3B992E8,,,,,,,,,,
1773942418,0m 58.0s,58.0,52.43708551,-2.58425967,98.4,98.4,30.0,278.4,336.6,8.500,8.500,8.283,,1.911,,-0.000,,1.33,0.00,13.0,13.0,,P-GPS,,,18,4,TRUE,,Mini 4 Pro,,,,,,FALSE,TRUE,,,,,,,,,,,,,,,,,,,,,,,,,,,,,,,,,,,,,,,,,,,,,,,,83.6,,,,8.095,,,,,,,6.658,,,,,,,,,,,,,,,,,,,,,,,,,,,,,,,,52.43618643,-2.58460000,336.6,,,,,,,,,,,,,,,,,,,,,,,,,,,,Mini 4 Pro,SYN6PPS8V3AE5EBC3,CAMTSC9LZW7MWSFCW,RCSXABFT7BSPJQMRD,BATZSZPBFBU78G5ZD,,,,,,,,Mini 4 Pro,SYN6PPS8V3AE5EBC3,,,,DJI Fly,,1.13.5,5B0F0CD6-9472-513B-8A0D-37D7D3B992E8,,,,,,,,,,
1773942420,1m 0.0s,60.0,52.43715210,-2.58423446,98.4,98.4,30.0,278.4,361.5,8.500,8.500,8.283,,1.911,,-0.000,,1.33,0.00,13.0,13.0,,P-GPS,,,18,4,TRUE,,Mini 4 Pro,,,,,,FALSE,TRUE,,,,,,,,,,,,,,,,,,,,,,,,,,,,,,,,,,,,,,,,,,,,,,,,83.5,,,,8.094,,,,,,,6.658,,,,,,,,,,,,,,,,,,,,,,,,,,,,,,,,52.43618643,-2.58460000,361.5,,,,,,,,,,,,,,,,,,,,,,,,,,,,Mini 4 Pro,SYN6PPS8V3AE5EBC3,CAMTSC9LZW7MWSFCW,RCSXABFT7BSPJQMRD,BATZSZPBFBU78G5ZD,,,,,,,,Mini 4 Pro,SYN6PPS8V3AE5EBC3,,,,DJI Fly,,1.13.5,5B0F0CD6-9472-513B-8A0D-37D7D3B992E8,,,,,,,,,,
1773942421,1m 1.0s,61.0,52.43718540,-2.58422186,98.4,98.4,30.0,278.4,374.0,8.500,8.500,8.283,,1.911,,-0.000,,1.33,0.00,13.0,13.0,,P-GPS,,,18,4,TRUE,,Mini 4 Pro,,,,,,FALSE,TRUE,,,,,,,,,,,,,,,,,,,,,,,,,,,,,,,,,,,,,,,,,,,,,,,,83.4,,,,8.093,,,,,,,6.658,,,,,,,,,,,,,,,,,,,,,,,,,,,,,,,,52.43618643,-2.58460000,374.0,,,,,,,,,,,,,,,,,,,,,,,,,,,,Mini 4 Pro,SYN6PPS8V3AE5EBC3,CAMTSC9LZW7MWSFCW,RCSXABFT7BSPJQMRD,BATZSZPBFBU78G5ZD,,,,,,,,Mini 4 Pro,SYN6PPS8V3AE5EBC3,,,,DJI Fly,,1.13.5,5B0F0CD6-9472-513B-8A0D-37D7D3B992E8,,,,,,,,,,
1773942422,1m 2.0s,62.0,52.43721870,-2.58420925,98.4,98.4,30.0,278.4,386.5,8.500,8.500,8.283,,1.911,,-0.000,,1.33,0.00,13.0,13.0,,P-GPS,,,18,4,TRUE,,Mini 4 Pro,,,,,,FALSE,TRUE,,,,,,,,,,,,,,,,,,,,,,,,,,,,,,,,,,,,,,,,,,,,,,,,83.4,,,,8.093,,,,,,,6.658,,,,,,,,,,,,,,,,,,,,,,,,,,,,,,,,52.43618643,-2.58460000,386.5,,,,,,,,,,,,,,,,,,,,,,,,,,,,Mini 4 Pro,SYN6PPS8V3AE5EBC3,CAMTSC9LZW7MWSFCW,RCSXABFT7BSPJQMRD,BATZSZPBFBU78G5ZD,,,,,,,,Mini 4 Pro,SYN6PPS8V3AE5EBC3,,,,DJI Fly,,1.13.5,5B0F0CD6-9472-513B-8A0D-37D7D3B992E8,,,,,,,,,,
1773942423,1m 3.0s,63.0,52.43725200,-2.58419665,98.4,98.4,30.0,278.4,399.0,8.500,8.500,8.283,,1.911,,-0.000,,1.33,0.00,13.0,13.0,,P-GPS,,,18,4,TRUE,,Mini 4 Pro,,,,,,FALSE,TRUE,,,,,,,,,,,,,,,,,,,,,,,,,,,,,,,,,,,,,,,,,,,,,,,,83.4,,,,8.092,,,,,,,6.658,,,,,,,,,,,,,,,,,,,,,,,,,,,,,,,,52.43618643,-2.58460000,399.0,,,,,,,,,,,,,,,,,,,,,,,,,,,,Mini 4 Pro,SYN6PPS8V3AE5EBC3,CAMTSC9LZW7MWSFCW,RCSXABFT7BSPJQMRD,BATZSZPBFBU78G5ZD,,,,,,,,Mini 4 Pro,SYN6PPS8V3AE5EBC3,,,,DJI Fly,,1.13.5,5B0F0CD6-9472-513B-8A0D-37D7D3B992E8,,,,,,,,,,
1773942424,1m 4.0s,64.0,52.43728530,-2.58418404,98.4,98.4,30.0,278.4,411.4,8.500,8.500,8.283,,1.911,,-0.000,,1.33,0.00,13.0,13.0,,P-GPS,,,18,4,TRUE,,Mini 4 Pro,,,,,,FALSE,TRUE,,,,,,,,,,,,,,,,,,,,,,,,,,,,,,,,,,,,,,,,,,,,,,,,83.3,,,,8.091,,,,,,,6.658,,,,,,,,,,,,,,,,,,,,,,,,,,,,,,,,52.43618643,-2.58460000,411.4,,,,,,,,,,,,,,,,,,,,,,,,,,,,Mini 4 Pro,SYN6PPS8V3AE5EBC3,CAMTSC9LZW7MWSFCW,RCSXABFT7BSPJQMRD,BATZSZPBFBU78G5ZD,,,,,,,,Mini 4 Pro,SYN6PPS8V3AE5EBC3,,,,DJI Fly,,1.13.5,5B0F0CD6-9472-513B-8A0D-37D7D3B992E8,,,,,,,,,,
1773942425,1m 5.0s,65.0,52.43731860,-2.58417144,98.4,98.4,30.0,278.4,423.9,8.500,8.500,8.283,,1.911,,-0.000,,1.33,0.00,13.0,13.0,,P-GPS,,,18,4,TRUE,,Mini 4 Pro,,,,,,FALSE,TRUE,,,,,,,,,,,,,,,,,,,,,,,,,,,,,,,,,,,,,,,,,,,,,,,,83.3,,,,8.091,,,,,,,6.658,,,,,,,,,,,,,,,,,,,,,,,,,,,,,,,,52.43618643,-2.58460000,423.9,,,,,,,,,,,,,,,,,,,,,,,,,,,,Mini 4 Pro,SYN6PPS8V3AE5EBC3,CAMTSC9LZW7MWSFCW,RCSXABFT7BSPJQMRD,BATZSZPBFBU78G5ZD,,,,,,,,Mini 4 Pro,SYN6PPS8V3AE5EBC3,,,,DJI Fly,,1.13.5,5B0F0CD6-9472-513B-8A0D-37D7D3B992E8,,,,,,,,,,
1773942426,1m 6.0s,66.0,52.43735190,-2.58415883,98.4,98.4,30.0,278.4,436.4,8.500,8.500,8.283,,1.911,,-0.000,,1.33,0.00,13.0,13.0,,P-GPS,,,18,4,TRUE,,Mini 4 Pro,,,,,,FALSE,TRUE,,,,,,,,,,,,,,,,,,,,,,,,,,,,,,,,,,,,,,,,,,,,,,,,83.2,,,,8.090,,,,,,,6.658,,,,,,,,,,,,,,,,,,,,,,,,,,,,,,,,52.43618643,-2.58460000,436.4,,,,,,,,,,,,,,,,,,,,,,,,,,,,Mini 4 Pro,SYN6PPS8V3AE5EBC3,CAMTSC9LZW7MWSFCW,RCSXABFT7BSPJQMRD,BATZSZPBFBU78G5ZD,,,,,,,,Mini 4 Pro,SYN6PPS8V3AE5EBC3,,,,DJI Fly,,1.13.5,5B0F0CD6-9472-513B-8A0D-37D7D3B992E8,,,,,,,,,,
1773942427,1m 7.0s,67.0,52.43735555,-2.58415745,98.4,98.4,30.0,278.4,437.7,0.932,8.500,0.908,,0.210,,-0.000,,0.15,-0.00,13.0,13.0,,P-GPS,,,18,4,TRUE,,Mini 4 Pro,,,,,,FALSE,TRUE,,,,,,,,,,,,,,,,,,,,,,,,,,,,,,,,,,,,,,,,,,,,,,,,83.2,,,,8.090,,,,,,,4.797,,,,,,,,,,,,,,,,,,,,,,,,,,,,,,,,52.43618643,-2.58460000,437.7,,,,,,,,,,,,,,,,,,,,,,,,,,,,Mini 4 Pro,SYN6PPS8V3AE5EBC3,CAMTSC9LZW7MWSFCW,RCSXABFT7BSPJQMRD,BATZSZPBFBU78G5ZD,,,,,,,,Mini 4 Pro,SYN6PPS8V3AE5EBC3,,,,DJI Fly,,1.13.5,5B0F0CD6-9472-513B-8A0D-37D7D3B992E8,,,,,,,,,,
1773942428,1m 8.0s,68.0,52.43735555,-2.58415745,98.4,98.4,30.0,278.4,437.7,0.000,8.500,0.000,,0.000,,-0.000,,0.00,0.00,13.0,13.0,,P-GPS,,,18,4,TRUE,,Mini 4 Pro,,,,,,FALSE,TRUE,,,,,,,,,,,,,,,,,,,,,,,,,,,,,,,,,,,,,,,,,,,,,,,,83.2,,,,8.089,,,,,,,4.568,,,,,,,,,,,,,,,,,,,,,,,,,,,,,,,,52.43618643,-2.58460000,437.7,,,,,,,,,,,,,,,,,,,,,,,,,,,,Mini 4 Pro,SYN6PPS8V3AE5EBC3,CAMTSC9LZW7MWSFCW,RCSXABFT7BSPJQMRD,BATZSZPBFBU78G5ZD,,,,,,,,Mini 4 Pro,SYN6PPS8V3AE5EBC3,,,,DJI Fly,,1.13.5,5B0F0CD6-9472-513B-8A0D-37D7D3B992E8,,,,,,,,,,
1773942429,1m 9.0s,69.0,52.43735555,-2.58415745,98.4,98.4,30.0,278.4,437.7,0.000,8.500,0.000,,0.000,,-0.000,,0.00,0.00,13.0,13.0,,P-GPS,,,18,4,TRUE,,Mini 4 Pro,,,,,,FALSE,TRUE,,,,,,,,,,,,,,,,,,,,,,,,,,,,,,,,,,,,,,,,,,,,,,,,83.1,,,,8.088,,,,,,,4.568,,,,,,,,,,,,,,,,,,,,,,,,,,,,,,,,52.43618643,-2.58460000,437.7,,,,,,,,,,,,,,,,,,,,,,,,,,,,Mini 4 Pro,SYN6PPS8V3AE5EBC3,CAMTSC9LZW7MWSFCW,RCSXABFT7BSPJQMRD,BATZSZPBFBU78G5ZD,,,,,,,,Mini 4 Pro,SYN6PPS8V3AE5EBC3,,,,DJI Fly,,1.13.5,5B0F0CD6-9472-513B-8A0D-37D7D3B992E8,,,,,,,,,,
1773942430,1m 10.0s,70.0,52.43735555,-2.58415745,98.4,98.4,30.0,278.4,437.7,0.000,8.500,0.000,,0.000,,-0.000,,0.00,0.00,13.0,13.0,,P-GPS,,,18,4,TRUE,,Mini 4 Pro,,,,,,FALSE,TRUE,,,,,,,,,,,,,,,,,,,,,,,,,,,,,,,,,,,,,,,,,,,,,,,,83.1,,,,8.088,,,,,,,4.568,,,,,,,,,,,,,,,,,,,,,,,,,,,,,,,,52.43618643,-2.58460000,437.7,,,,,,,,,,,,,,,,,,,,,,,,,,,,Mini 4 Pro,SYN6PPS8V3AE5EBC3,CAMTSC9LZW7MWSFCW,RCSXABFT7BSPJQMRD,BATZSZPBFBU78G5ZD,,,,,,,,Mini 4 Pro,SYN6PPS8V3AE5EBC3,,,,DJI Fly,,1.13.5,5B0F0CD6-9472-513B-8A0D-37D7D3B992E8,,,,,,,,,,
1773942431,1m 11.0s,71.0,52.43735555,-2.58415745,98.4,98.4,30.0,278.4,437.7,0.000,8.500,0.000,,0.000,,-0.000,,0.00,0.00,13.0,13.0,,P-GPS,,,18,4,TRUE,,Mini 4 Pro,,,,,,FALSE,TRUE,,,,,,,,,,,,,,,,,,,,,,,,,,,,,,,,,,,,,,,,,,,,,,,,83.0,,,,8.087,,,,,,,4.568,,,,,,,,,,,,,,,,,,,,,,,,,,,,,,,,52.43618643,-2.58460000,437.7,,,,,,,,,,,,,,,,,,,,,,,,,,,,Mini 4 Pro,SYN6PPS8V3AE5EBC3,CAMTSC9LZW7MWSFCW,RCSXABFT7BSPJQMRD,BATZSZPBFBU78G5ZD,,,,,,,,Mini 4 Pro,SYN6PPS8V3AE5EBC3,,,,DJI Fly,,1.13.5,5B0F0CD6-9472-513B-8A0D-37D7D3B992E8,,,,,,,,,,
1773942432,1m 12.0s,72.0,52.43735555,-2.58415745,98.4,98.4,30.0,278.4,437.7,0.000,8.500,0.000,,0.000,,-0.000,,0.00,0.00,13.0,13.0,,P-GPS,,,18,4,TRUE,,Mini 4 Pro,,,,,,FALSE,TRUE,,,,,,,,,,,,,,,,,,,,,,,,,,,,,,,,,,,,,,,,,,,,,,,,83.0,,,,8.086,,,,,,,4.568,,,,,,,,,,,,,,,,,,,,,,,,,,,,,,,,52.43618643,-2.58460000,437.7,,,,,,,,,,,,,,,,,,,,,,,,,,,,Mini 4 Pro,SYN6PPS8V3AE5EBC3,CAMTSC9LZW7MWSFCW,RCSXABFT7BSPJQMRD,BATZSZPBFBU78G5ZD,,,,,,,,Mini 4 Pro,SYN6PPS8V3AE5EBC3,,,,DJI Fly,,1.13.5,5B0F0CD6-9472-513B-8A0D-37D7D3B992E8,,,,,,,,,,
1773942433,1m 13.0s,73.0,52.43735555,-2.58415745,98.4,98.4,30.0,278.4,437.7,0.000,8.500,0.000,,0.000,,-0.000,,0.00,0.00,13.0,13.0,,P-GPS,,,18,4,TRUE,,Mini 4 Pro,,,,,,FALSE,TRUE,,,,,,,,,,,,,,,,,,,,,,,,,,,,,,,,,,,,,,,,,,,,,,,,82.9,,,,8.086,,,,,,,4.568,,,,,,,,,,,,,,,,,,,,,,,,,,,,,,,,52.43618643,-2.58460000,437.7,,,,,,,,,,,,,,,,,,,,,,,,,,,,Mini 4 Pro,SYN6PPS8V3AE5EBC3,CAMTSC9LZW7MWSFCW,RCSXABFT7BSPJQMRD,BATZSZPBFBU78G5ZD,,,,,,,,Mini 4 Pro,SYN6PPS8V3AE5EBC3,,,,DJI Fly,,1.13.5,5B0F0CD6-9472-513B-8A0D-37D7D3B992E8,,,,,,,,,,
1773942434,1m 14.0s,74.0,52.43735555,-2.58415745,98.4,98.4,30.0,278.4,437.7,0.000,8.500,0.000,,0.000,,-0.000,,0.00,0.00,13.0,13.0,,P-GPS,,,18,4,TRUE,,Mini 4 Pro,,,,,,FALSE,TRUE,,,,,,,,,,,,,,,,,,,,,,,,,,,,,,,,,,,,,,,,,,,,,,,,82.9,,,,8.085,,,,,,,4.568,,,,,,,,,,,,,,,,,,,,,,,,,,,,,,,,52.43618643,-2.58460000,437.7,,,,,,,,,,,,,,,,,,,,,,,,,,,,Mini 4 Pro,SYN6PPS8V3AE5EBC3,CAMTSC9LZW7MWSFCW,RCSXABFT7BSPJQMRD,BATZSZPBFBU78G5ZD,,,,,,,,Mini 4 Pro,SYN6PPS8V3AE5EBC3,,,,DJI Fly,,1.13.5,5B0F0CD6-9472-513B-8A0D-37D7D3B992E8,,,,,,,,,,
1773942435,1m 15.0s,75.0,52.43735555,-2.58415745,98.4,98.4,30.0,278.4,437.7,0.000,8.500,0.000,,0.000,,-0.000,,0.00,0.00,13.0,13.0,,P-GPS,,,18,4,TRUE,,Mini 4 Pro,,,,,,FALSE,TRUE,,,,,,,,,,,,,,,,,,,,,,,,,,,,,,,,,,,,,,,,,,,,,,,,82.9,,,,8.084,,,,,,,4.568,,,,,,,,,,,,,,,,,,,,,,,,,,,,,,,,52.43618643,-2.58460000,437.7,,,,,,,,,,,,,,,,,,,,,,,,,,,,Mini 4 Pro,SYN6PPS8V3AE5EBC3,CAMTSC9LZW7MWSFCW,RCSXABFT7BSPJQMRD,BATZSZPBFBU78G5ZD,,,,,,,,Mini 4 Pro,SYN6PPS8V3AE5EBC3,,,,DJI Fly,,1.13.5,5B0F0CD6-9472-513B-8A0D-37D7D3B992E8,,,,,,,,,,
1773942436,1m 16.0s,76.0,52.43735555,-2.58415745,98.4,98.4,30.0,278.4,437.7,0.000,8.500,0.000,,0.000,,-0.000,,0.00,0.00,13.0,13.0,,P-GPS,,,18,4,TRUE,,Mini 4 Pro,,,,,,FALSE,TRUE,,,,,,,,,,,,,,,,,,,,,,,,,,,,,,,,,,,,,,,,,,,,,,,,82.8,,,,8.084,,,,,,,4.568,,,,,,,,,,,,,,,,,,,,,,,,,,,,,,,,52.43618643,-2.58460000,437.7,,,,,,,,,,,,,,,,,,,,,,,,,,,,Mini 4 Pro,SYN6PPS8V3AE5EBC3,CAMTSC9LZW7MWSFCW,RCSXABFT7BSPJQMRD,BATZSZPBFBU78G5ZD,,,,,,,,Mini 4 Pro,SYN6PPS8V3AE5EBC3,,,,DJI Fly,,1.13.5,5B0F0CD6-9472-513B-8A0D-37D7D3B992E8,,,,,,,,,,
1773942437,1m 17.0s,77.0,52.43735555,-2.58415745,98.4,98.4,30.0,278.4,437.7,0.000,8.500,0.000,,0.000,,-0.000,,0.00,0.00,13.0,13.0,,P-GPS,,,18,4,TRUE,,Mini 4 Pro,,,,,,FALSE,TRUE,,,,,,,,,,,,,,,,,,,,,,,,,,,,,,,,,,,,,,,,,,,,,,,,82.8,,,,8.083,,,,,,,4.568,,,,,,,,,,,,,,,,,,,,,,,,,,,,,,,,52.43618643,-2.58460000,437.7,,,,,,,,,,,,,,,,,,,,,,,,,,,,Mini 4 Pro,SYN6PPS8V3AE5EBC3,CAMTSC9LZW7MWSFCW,RCSXABFT7BSPJQMRD,BATZSZPBFBU78G5ZD,,,,,,,,Mini 4 Pro,SYN6PPS8V3AE5EBC3,,,,DJI Fly,,1.13.5,5B0F0CD6-9472-513B-8A0D-37D7D3B992E8,,,,,,,,,,
1773942438,1m 18.0s,78.0,52.43735555,-2.58415745,98.4,98.4,30.0,278.4,437.7,0.000,8.500,0.000,,0.000,,-0.000,,0.00,0.00,13.0,13.0,,P-GPS,,,18,4,TRUE,,Mini 4 Pro,,,,,,FALSE,TRUE,,,,,,,,,,,,,,,,,,,,,,,,,,,,,,,,,,,,,,,,,,,,,,,,82.7,,,,8.082,,,,,,,4.568,,,,,,,,,,,,,,,,,,,,,,,,,,,,,,,,52.43618643,-2.58460000,437.7,,,,,,,,,,,,,,,,,,,,,,,,,,,,Mini 4 Pro,SYN6PPS8V3AE5EBC3,CAMTSC9LZW7MWSFCW,RCSXABFT7BSPJQMRD,BATZSZPBFBU78G5ZD,,,,,,,,Mini 4 Pro,SYN6PPS8V3AE5EBC3,,,,DJI Fly,,1.13.5,5B0F0CD6-9472-513B-8A0D-37D7D3B992E8,,,,,,,,,,
1773942439,1m 19.0s,79.0,52.43735555,-2.58415745,98.4,98.4,30.0,278.4,437.7,0.000,8.500,0.000,,0.000,,-0.000,,0.00,0.00,13.0,13.0,,P-GPS,,,18,4,TRUE,,Mini 4 Pro,,,,,,FALSE,TRUE,,,,,,,,,,,,,,,,,,,,,,,,,,,,,,,,,,,,,,,,,,,,,,,,82.7,,,,8.082,,,,,,,4.568,,,,,,,,,,,,,,,,,,,,,,,,,,,,,,,,52.43618643,-2.58460000,437.7,,,,,,,,,,,,,,,,,,,,,,,,,,,,Mini 4 Pro,SYN6PPS8V3AE5EBC3,CAMTSC9LZW7MWSFCW,RCSXABFT7BSPJQMRD,BATZSZPBFBU78G5ZD,,,,,,,,Mini 4 Pro,SYN6PPS8V3AE5EBC3,,,,DJI Fly,,1.13.5,5B0F0CD6-9472-513B-8A0D-37D7D3B992E8,,,,,,,,,,
1773942440,1m 20.0s,80.0,52.43735555,-2.58415745,98.4,98.4,30.0,278.4,437.7,0.000,8.500,0.000,,0.000,,-0.000,,0.00,0.00,13.0,13.0,,P-GPS,,,18,4,TRUE,,Mini 4 Pro,,,,,,FALSE,TRUE,,,,,,,,,,,,,,,,,,,,,,,,,,,,,,,,,,,,,,,,,,,,,,,,82.7,,,,8.081,,,,,,,4.568,,,,,,,,,,,,,,,,,,,,,,,,,,,,,,,,52.43618643,-2.58460000,437.7,,,,,,,,,,,,,,,,,,,,,,,,,,,,Mini 4 Pro,SYN6PPS8V3AE5EBC3,CAMTSC9LZW7MWSFCW,RCSXABFT7BSPJQMRD,BATZSZPBFBU78G5ZD,,,,,,,,Mini 4 Pro,SYN6PPS8V3AE5EBC3,,,,DJI Fly,,1.13.5,5B0F0CD6-9472-513B-8A0D-37D7D3B992E8,,,,,,,,,,
1773942441,1m 21.0s,81.0,52.43735555,-2.58415745,98.4,98.4,30.0,278.4,437.7,0.000,8.500,0.000,,0.000,,-0.000,,0.00,0.00,13.0,13.0,,P-GPS,,,18,4,TRUE,,Mini 4 Pro,,,,,,FALSE,TRUE,,,,,,,,,,,,,,,,,,,,,,,,,,,,,,,,,,,,,,,,,,,,,,,,82.6,,,,8.080,,,,,,,4.568,,,,,,,,,,,,,,,,,,,,,,,,,,,,,,,,52.43618643,-2.58460000,437.7,,,,,,,,,,,,,,,,,,,,,,,,,,,,Mini 4 Pro,SYN6PPS8V3AE5EBC3,CAMTSC9LZW7MWSFCW,RCSXABFT7BSPJQMRD,BATZSZPBFBU78G5ZD,,,,,,,,Mini 4 Pro,SYN6PPS8V3AE5EBC3,,,,DJI Fly,,1.13.5,5B0F0CD6-9472-513B-8A0D-37D7D3B992E8,,,,,,,,,,
1773942442,1m 22.0s,82.0,52.43735555,-2.58415745,98.4,98.4,30.0,278.4,437.7,0.000,8.500,0.000,,0.000,,-0.000,,0.00,0.00,13.0,13.0,,P-GPS,,,18,4,TRUE,,Mini 4 Pro,,,,,,FALSE,TRUE,,,,,,,,,,,,,,,,,,,,,,,,,,,,,,,,,,,,,,,,,,,,,,,,82.6,,,,8.080,,,,,,,4.568,,,,,,,,,,,,,,,,,,,,,,,,,,,,,,,,52.43618643,-2.58460000,437.7,,,,,,,,,,,,,,,,,,,,,,,,,,,,Mini 4 Pro,SYN6PPS8V3AE5EBC3,CAMTSC9LZW7MWSFCW,RCSXABFT7BSPJQMRD,BATZSZPBFBU78G5ZD,,,,,,,,Mini 4 Pro,SYN6PPS8V3AE5EBC3,,,,DJI Fly,,1.13.5,5B0F0CD6-9472-513B-8A0D-37D7D3B992E8,,,,,,,,,,
1773942443,1m 23.0s,83.0,52.43735555,-2.58415745,98.4,98.4,30.0,278.4,437.7,0.000,8.500,0.000,,0.000,,-0.000,,0.00,0.00,13.0,13.0,,P-GPS,,,18,4,TRUE,,Mini 4 Pro,,,,,,FALSE,TRUE,,,,,,,,,,,,,,,,,,,,,,,,,,,,,,,,,,,,,,,,,,,,,,,,82.5,,,,8.079,,,,,,,4.568,,,,,,,,,,,,,,,,,,,,,,,,,,,,,,,,52.43618643,-2.58460000,437.7,,,,,,,,,,,,,,,,,,,,,,,,,,,,Mini 4 Pro,SYN6PPS8V3AE5EBC3,CAMTSC9LZW7MWSFCW,RCSXABFT7BSPJQMRD,BATZSZPBFBU78G5ZD,,,,,,,,Mini 4 Pro,SYN6PPS8V3AE5EBC3,,,,DJI Fly,,1.13.5,5B0F0CD6-9472-513B-8A0D-37D7D3B992E8,,,,,,,,,,
1773942445,1m 25.0s,85.0,52.43735555,-2.58415745,98.4,98.4,30.0,278.4,437.7,0.000,8.500,0.000,,0.000,,-0.000,,0.00,0.00,13.0,13.0,,P-GPS,,,18,4,TRUE,,Mini 4 Pro,,,,,,FALSE,TRUE,,,,,,,,,,,,,,,,,,,,,,,,,,,,,,,,,,,,,,,,,,,,,,,,82.4,,,,8.078,,,,,,,4.568,,,,,,,,,,,,,,,,,,,,,,,,,,,,,,,,52.43618643,-2.58460000,437.7,,,,,,,,,,,,,,,,,,,,,,,,,,,,Mini 4 Pro,SYN6PPS8V3AE5EBC3,CAMTSC9LZW7MWSFCW,RCSXABFT7BSPJQMRD,BATZSZPBFBU78G5ZD,,,,,,,,Mini 4 Pro,SYN6PPS8V3AE5EBC3,,,,DJI Fly,,1.13.5,5B0F0CD6-9472-513B-8A0D-37D7D3B992E8,,,,,,,,,,
1773942446,1m 26.0s,86.0,52.43735555,-2.58415745,98.4,98.4,30.0,278.4,437.7,0.000,8.500,0.000,,0.000,,-0.000,,0.00,0.00,13.0,13.0,,P-GPS,,,18,4,TRUE,,Mini 4 Pro,,,,,,FALSE,TRUE,,,,,,,,,,,,,,,,,,,,,,,,,,,,,,,,,,,,,,,,,,,,,,,,82.4,,,,8.077,,,,,,,4.568,,,,,,,,,,,,,,,,,,,,,,,,,,,,,,,,52.43618643,-2.58460000,437.7,,,,,,,,,,,,,,,,,,,,,,,,,,,,Mini 4 Pro,SYN6PPS8V3AE5EBC3,CAMTSC9LZW7MWSFCW,RCSXABFT7BSPJQMRD,BATZSZPBFBU78G5ZD,,,,,,,,Mini 4 Pro,SYN6PPS8V3AE5EBC3,,,,DJI Fly,,1.13.5,5B0F0CD6-9472-513B-8A0D-37D7D3B992E8,,,,,,,,,,
1773942447,1m 27.0s,87.0,52.43735555,-2.58415745,98.4,98.4,30.0,278.4,437.7,0.000,8.500,0.000,,0.000,,-0.000,,0.00,0.00,13.0,13.0,,P-GPS,,,18,4,TRUE,,Mini 4 Pro,,,,,,FALSE,TRUE,,,,,,,,,,,,,,,,,,,,,,,,,,,,,,,,,,,,,,,,,,,,,,,,82.4,,,,8.077,,,,,,,4.568,,,,,,,,,,,,,,,,,,,,,,,,,,,,,,,,52.43618643,-2.58460000,437.7,,,,,,,,,,,,,,,,,,,,,,,,,,,,Mini 4 Pro,SYN6PPS8V3AE5EBC3,CAMTSC9LZW7MWSFCW,RCSXABFT7BSPJQMRD,BATZSZPBFBU78G5ZD,,,,,,,,Mini 4 Pro,SYN6PPS8V3AE5EBC3,,,,DJI Fly,,1.13.5,5B0F0CD6-9472-513B-8A0D-37D7D3B992E8,,,,,,,,,,
1773942448,1m 28.0s,88.0,52.43735555,-2.58415745,98.4,98.4,30.0,278.4,437.7,0.000,8.500,0.000,,0.000,,-0.000,,0.00,0.00,13.0,13.0,,P-GPS,,,18,4,TRUE,,Mini 4 Pro,,,,,,FALSE,TRUE,,,,,,,,,,,,,,,,,,,,,,,,,,,,,,,,,,,,,,,,,,,,,,,,82.3,,,,8.076,,,,,,,4.568,,,,,,,,,,,,,,,,,,,,,,,,,,,,,,,,52.43618643,-2.58460000,437.7,,,,,,,,,,,,,,,,,,,,,,,,,,,,Mini 4 Pro,SYN6PPS8V3AE5EBC3,CAMTSC9LZW7MWSFCW,RCSXABFT7BSPJQMRD,BATZSZPBFBU78G5ZD,,,,,,,,Mini 4 Pro,SYN6PPS8V3AE5EBC3,,,,DJI Fly,,1.13.5,5B0F0CD6-9472-513B-8A0D-37D7D3B992E8,,,,,,,,,,
1773942449,1m 29.0s,89.0,52.43735555,-2.58415745,98.4,98.4,30.0,278.4,437.7,0.000,8.500,0.000,,0.000,,-0.000,,0.00,0.00,13.0,13.0,,P-GPS,,,18,4,TRUE,,Mini 4 Pro,,,,,,FALSE,TRUE,,,,,,,,,,,,,,,,,,,,,,,,,,,,,,,,,,,,,,,,,,,,,,,,82.3,,,,8.075,,,,,,,4.568,,,,,,,,,,,,,,,,,,,,,,,,,,,,,,,,52.43618643,-2.58460000,437.7,,,,,,,,,,,,,,,,,,,,,,,,,,,,Mini 4 Pro,SYN6PPS8V3AE5EBC3,CAMTSC9LZW7MWSFCW,RCSXABFT7BSPJQMRD,BATZSZPBFBU78G5ZD,,,,,,,,Mini 4 Pro,SYN6PPS8V3AE5EBC3,,,,DJI Fly,,1.13.5,5B0F0CD6-9472-513B-8A0D-37D7D3B992E8,,,,,,,,,,
1773942450,1m 30.0s,90.0,52.43735555,-2.58415745,98.4,98.4,30.0,278.4,437.7,0.000,8.500,0.000,,0.000,,-0.000,,0.00,0.00,13.0,13.0,,P-GPS,,,18,4,TRUE,,Mini 4 Pro,,,,,,FALSE,TRUE,,,,,,,,,,,,,,,,,,,,,,,,,,,,,,,,,,,,,,,,,,,,,,,,82.2,,,,8.075,,,,,,,4.568,,,,,,,,,,,,,,,,,,,,,,,,,,,,,,,,52.43618643,-2.58460000,437.7,,,,,,,,,,,,,,,,,,,,,,,,,,,,Mini 4 Pro,SYN6PPS8V3AE5EBC3,CAMTSC9LZW7MWSFCW,RCSXABFT7BSPJQMRD,BATZSZPBFBU78G5ZD,,,,,,,,Mini 4 Pro,SYN6PPS8V3AE5EBC3,,,,DJI Fly,,1.13.5,5B0F0CD6-9472-513B-8A0D-37D7D3B992E8,,,,,,,,,,
1773942451,1m 31.0s,91.0,52.43735555,-2.58415745,98.4,98.4,30.0,278.4,437.7,0.000,8.500,0.000,,0.000,,-0.000,,0.00,0.00,13.0,13.0,,P-GPS,,,18,4,TRUE,,Mini 4 Pro,,,,,,FALSE,TRUE,,,,,,,,,,,,,,,,,,,,,,,,,,,,,,,,,,,,,,,,,,,,,,,,82.2,,,,8.074,,,,,,,4.568,,,,,,,,,,,,,,,,,,,,,,,,,,,,,,,,52.43618643,-2.58460000,437.7,,,,,,,,,,,,,,,,,,,,,,,,,,,,Mini 4 Pro,SYN6PPS8V3AE5EBC3,CAMTSC9LZW7MWSFCW,RCSXABFT7BSPJQMRD,BATZSZPBFBU78G5ZD,,,,,,,,Mini 4 Pro,SYN6PPS8V3AE5EBC3,,,,DJI Fly,,1.13.5,5B0F0CD6-9472-513B-8A0D-37D7D3B992E8,,,,,,,,,,
1773942452,1m 32.0s,92.0,52.43735555,-2.58415745,98.4,98.4,30.0,278.4,437.7,0.000,8.500,0.000,,0.000,,-0.000,,0.00,0.00,13.0,13.0,,P-GPS,,,18,4,TRUE,,Mini 4 Pro,,,,,,FALSE,TRUE,,,,,,,,,,,,,,,,,,,,,,,,,,,,,,,,,,,,,,,,,,,,,,,,82.1,,,,8.073,,,,,,,4.568,,,,,,,,,,,,,,,,,,,,,,,,,,,,,,,,52.43618643,-2.58460000,437.7,,,,,,,,,,,,,,,,,,,,,,,,,,,,Mini 4 Pro,SYN6PPS8V3AE5EBC3,CAMTSC9LZW7MWSFCW,RCSXABFT7BSPJQMRD,BATZSZPBFBU78G5ZD,,,,,,,,Mini 4 Pro,SYN6PPS8V3AE5EBC3,,,,DJI Fly,,1.13.5,5B0F0CD6-9472-513B-8A0D-37D7D3B992E8,,,,,,,,,,
1773942453,1m 33.0s,93.0,52.43735555,-2.58415745,98.4,98.4,30.0,278.4,437.7,0.000,8.500,0.000,,0.000,,-0.000,,0.00,0.00,13.0,13.0,,P-GPS,,,18,4,TRUE,,Mini 4 Pro,,,,,,FALSE,TRUE,,,,,,,,,,,,,,,,,,,,,,,,,,,,,,,,,,,,,,,,,,,,,,,,82.1,,,,8.073,,,,,,,4.568,,,,,,,,,,,,,,,,,,,,,,,,,,,,,,,,52.43618643,-2.58460000,437.7,,,,,,,,,,,,,,,,,,,,,,,,,,,,Mini 4 Pro,SYN6PPS8V3AE5EBC3,CAMTSC9LZW7MWSFCW,RCSXABFT7BSPJQMRD,BATZSZPBFBU78G5ZD,,,,,,,,Mini 4 Pro,SYN6PPS8V3AE5EBC3,,,,DJI Fly,,1.13.5,5B0F0CD6-9472-513B-8A0D-37D7D3B992E8,,,,,,,,,,
1773942454,1m 34.0s,94.0,52.43735555,-2.58415745,98.4,98.4,30.0,278.4,437.7,0.000,8.500,0.000,,0.000,,-0.000,,0.00,0.00,13.0,13.0,,P-GPS,,,18,4,TRUE,,Mini 4 Pro,,,,,,FALSE,TRUE,,,,,,,,,,,,,,,,,,,,,,,,,,,,,,,,,,,,,,,,,,,,,,,,82.1,,,,8.072,,,,,,,4.568,,,,,,,,,,,,,,,,,,,,,,,,,,,,,,,,52.43618643,-2.58460000,437.7,,,,,,,,,,,,,,,,,,,,,,,,,,,,Mini 4 Pro,SYN6PPS8V3AE5EBC3,CAMTSC9LZW7MWSFCW,RCSXABFT7BSPJQMRD,BATZSZPBFBU78G5ZD,,,,,,,,Mini 4 Pro,SYN6PPS8V3AE5EBC3,,,,DJI Fly,,1.13.5,5B0F0CD6-9472-513B-8A0D-37D7D3B992E8,,,,,,,,,,
1773942455,1m 35.0s,95.0,52.43735555,-2.58415745,98.4,98.4,30.0,278.4,437.7,0.000,8.500,0.000,,0.000,,-0.000,,0.00,0.00,13.0,13.0,,P-GPS,,,18,4,TRUE,,Mini 4 Pro,,,,,,FALSE,TRUE,,,,,,,,,,,,,,,,,,,,,,,,,,,,,,,,,,,,,,,,,,,,,,,,82.0,,,,8.071,,,,,,,4.568,,,,,,,,,,,,,,,,,,,,,,,,,,,,,,,,52.43618643,-2.58460000,437.7,,,,,,,,,,,,,,,,,,,,,,,,,,,,Mini 4 Pro,SYN6PPS8V3AE5EBC3,CAMTSC9LZW7MWSFCW,RCSXABFT7BSPJQMRD,BATZSZPBFBU78G5ZD,,,,,,,,Mini 4 Pro,SYN6PPS8V3AE5EBC3,,,,DJI Fly,,1.13.5,5B0F0CD6-9472-513B-8A0D-37D7D3B992E8,,,,,,,,,,
1773942456,1m 36.0s,96.0,52.43735555,-2.58415745,98.4,98.4,30.0,278.4,437.7,0.000,8.500,0.000,,0.000,,-0.000,,0.00,0.00,13.0,13.0,,P-GPS,,,18,4,TRUE,,Mini 4 Pro,,,,,,FALSE,TRUE,,,,,,,,,,,,,,,,,,,,,,,,,,,,,,,,,,,,,,,,,,,,,,,,82.0,,,,8.071,,,,,,,4.568,,,,,,,,,,,,,,,,,,,,,,,,,,,,,,,,52.43618643,-2.58460000,437.7,,,,,,,,,,,,,,,,,,,,,,,,,,,,Mini 4 Pro,SYN6PPS8V3AE5EBC3,CAMTSC9LZW7MWSFCW,RCSXABFT7BSPJQMRD,BATZSZPBFBU78G5ZD,,,,,,,,Mini 4 Pro,SYN6PPS8V3AE5EBC3,,,,DJI Fly,,1.13.5,5B0F0CD6-9472-513B-8A0D-37D7D3B992E8,,,,,,,,,,
1773942457,1m 37.0s,97.0,52.43735555,-2.58415745,98.4,98.4,30.0,278.4,437.7,0.000,8.500,0.000,,0.000,,-0.000,,0.00,0.00,13.0,13.0,,P-GPS,,,18,4,TRUE,,Mini 4 Pro,,,,,,FALSE,TRUE,,,,,,,,,,,,,,,,,,,,,,,,,,,,,,,,,,,,,,,,,,,,,,,,81.9,,,,8.070,,,,,,,4.568,,,,,,,,,,,,,,,,,,,,,,,,,,,,,,,,52.43618643,-2.58460000,437.7,,,,,,,,,,,,,,,,,,,,,,,,,,,,Mini 4 Pro,SYN6PPS8V3AE5EBC3,CAMTSC9LZW7MWSFCW,RCSXABFT7BSPJQMRD,BATZSZPBFBU78G5ZD,,,,,,,,Mini 4 Pro,SYN6PPS8V3AE5EBC3,,,,DJI Fly,,1.13.5,5B0F0CD6-9472-513B-8A0D-37D7D3B992E8,,,,,,,,,,
1773942458,1m 38.0s,98.0,52.43735555,-2.58415745,98.4,98.4,30.0,278.4,437.7,0.000,8.500,0.000,,0.000,,-0.000,,0.00,0.00,13.0,13.0,,P-GPS,,,18,4,TRUE,,Mini 4 Pro,,,,,,FALSE,TRUE,,,,,,,,,,,,,,,,,,,,,,,,,,,,,,,,,,,,,,,,,,,,,,,,81.9,,,,8.069,,,,,,,4.568,,,,,,,,,,,,,,,,,,,,,,,,,,,,,,,,52.43618643,-2.58460000,437.7,,,,,,,,,,,,,,,,,,,,,,,,,,,,Mini 4 Pro,SYN6PPS8V3AE5EBC3,CAMTSC9LZW7MWSFCW,RCSXABFT7BSPJQMRD,BATZSZPBFBU78G5ZD,,,,,,,,Mini 4 Pro,SYN6PPS8V3AE5EBC3,,,,DJI Fly,,1.13.5,5B0F0CD6-9472-513B-8A0D-37D7D3B992E8,,,,,,,,,,
1773942459,1m 39.0s,99.0,52.43735555,-2.58415745,98.4,98.4,30.0,278.4,437.7,0.000,8.500,0.000,,0.000,,-0.000,,0.00,0.00,13.0,13.0,,P-GPS,,,18,4,TRUE,,Mini 4 Pro,,,,,,FALSE,TRUE,,,,,,,,,,,,,,,,,,,,,,,,,,,,,,,,,,,,,,,,,,,,,,,,81.9,,,,8.069,,,,,,,4.568,,,,,,,,,,,,,,,,,,,,,,,,,,,,,,,,52.43618643,-2.58460000,437.7,,,,,,,,,,,,,,,,,,,,,,,,,,,,Mini 4 Pro,SYN6PPS8V3AE5EBC3,CAMTSC9LZW7MWSFCW,RCSXABFT7BSPJQMRD,BATZSZPBFBU78G5ZD,,,,,,,,Mini 4 Pro,SYN6PPS8V3AE5EBC3,,,,DJI Fly,,1.13.5,5B0F0CD6-9472-513B-8A0D-37D7D3B992E8,,,,,,,,,,
1773942460,1m 40.0s,100.0,52.43735555,-2.58415745,98.4,98.4,30.0,278.4,437.7,0.000,8.500,0.000,,0.000,,-0.000,,0.00,0.00,13.0,13.0,,P-GPS,,,18,4,TRUE,,Mini 4 Pro,,,,,,FALSE,TRUE,,,,,,,,,,,,,,,,,,,,,,,,,,,,,,,,,,,,,,,,,,,,,,,,81.8,,,,8.068,,,,,,,4.568,,,,,,,,,,,,,,,,,,,,,,,,,,,,,,,,52.43618643,-2.58460000,437.7,,,,,,,,,,,,,,,,,,,,,,,,,,,,Mini 4 Pro,SYN6PPS8V3AE5EBC3,CAMTSC9LZW7MWSFCW,RCSXABFT7BSPJQMRD,BATZSZPBFBU78G5ZD,,,,,,,,Mini 4 Pro,SYN6PPS8V3AE5EBC3,,,,DJI Fly,,1.13.5,5B0F0CD6-9472-513B-8A0D-37D7D3B992E8,,,,,,,,,,
1773942462,1m 42.0s,102.0,52.43735555,-2.58415745,98.4,98.4,30.0,278.4,437.7,0.000,8.500,0.000,,0.000,,-0.000,,0.00,0.00,13.0,13.0,,P-GPS,,,18,4,TRUE,,Mini 4 Pro,,,,,,FALSE,TRUE,,,,,,,,,,,,,,,,,,,,,,,,,,,,,,,,,,,,,,,,,,,,,,,,81.7,,,,8.067,,,,,,,4.568,,,,,,,,,,,,,,,,,,,,,,,,,,,,,,,,52.43618643,-2.58460000,437.7,,,,,,,,,,,,,,,,,,,,,,,,,,,,Mini 4 Pro,SYN6PPS8V3AE5EBC3,CAMTSC9LZW7MWSFCW,RCSXABFT7BSPJQMRD,BATZSZPBFBU78G5ZD,,,,,,,,Mini 4 Pro,SYN6PPS8V3AE5EBC3,,,,DJI Fly,,1.13.5,5B0F0CD6-9472-513B-8A0D-37D7D3B992E8,,,,,,,,,,
1773942463,1m 43.0s,103.0,52.43733161,-2.58413127,92.5,98.4,30.0,272.5,448.2,7.158,8.500,-5.956,,3.971,,4.026,,-6.08,25.00,146.3,146.3,,P-GPS,,,18,4,TRUE,,Mini 4 Pro,,,,,,FALSE,TRUE,,,,,,,,,,,,,,,,,,,,,,,,,,,,,,,,,,,,,,,,,,,,,,,,81.7,,,,8.066,,,,,,,6.328,,,,,,,,,,,,,,,,,,,,,,,,,,,,,,,,52.43618643,-2.58460000,430.6,,,,,,,,,,,,,,,,,,,,,,,,,,,,Mini 4 Pro,SYN6PPS8V3AE5EBC3,CAMTSC9LZW7MWSFCW,RCSXABFT7BSPJQMRD,BATZSZPBFBU78G5ZD,,,,,,,,Mini 4 Pro,SYN6PPS8V3AE5EBC3,,,,DJI Fly,,1.13.5,5B0F0CD6-9472-513B-8A0D-37D7D3B992E8,,,,,,,,,,
1773942464,1m 44.0s,104.0,52.43730766,-2.58410508,86.6,98.4,30.0,266.6,458.7,7.158,8.500,-5.956,,3.971,,4.026,,-6.08,0.00,146.3,146.3,,P-GPS,,,18,4,TRUE,,Mini 4 Pro,,,,,,FALSE,TRUE,,,,,,,,,,,,,,,,,,,,,,,,,,,,,,,,,,,,,,,,,,,,,,,,81.6,,,,8.066,,,,,,,6.328,,,,,,,,,,,,,,,,,,,,,,,,,,,,,,,,52.43618643,-2.58460000,423.6,,,,,,,,,,,,,,,,,,,,,,,,,,,,Mini 4 Pro,SYN6PPS8V3AE5EBC3,CAMTSC9LZW7MWSFCW,RCSXABFT7BSPJQMRD,BATZSZPBFBU78G5ZD,,,,,,,,Mini 4 Pro,SYN6PPS8V3AE5EBC3,,,,DJI Fly,,1.13.5,5B0F0CD6-9472-513B-8A0D-37D7D3B992E8,,,,,,,,,,
1773942465,1m 45.0s,105.0,52.43728372,-2.58407890,85.3,98.4,30.0,265.3,469.2,7.158,8.500,-5.956,,3.971,,0.895,,-0.48,0.00,146.3,146.3,,P-GPS,,,18,4,TRUE,,Mini 4 Pro,,,,,,FALSE,TRUE,,,,,,,,,,,,,,,,,,,,,,,,,,,,,,,,,,,,,,,,,,,,,,,,81.6,,,,8.065,,,,,,,6.328,,,,,,,,,,,,,,,,,,,,,,,,,,,,,,,,52.43618643,-2.58460000,416.7,,,,,,,,,,,,,,,,,,,,,,,,,,,,Mini 4 Pro,SYN6PPS8V3AE5EBC3,CAMTSC9LZW7MWSFCW,RCSXABFT7BSPJQMRD,BATZSZPBFBU78G5ZD,,,,,,,,Mini 4 Pro,SYN6PPS8V3AE5EBC3,,,,DJI Fly,,1.13.5,5B0F0CD6-9472-513B-8A0D-37D7D3B992E8,,,,,,,,,,
1773942466,1m 46.0s,106.0,52.43725977,-2.58405271,85.3,98.4,30.0,265.3,479.7,7.158,8.500,-5.956,,3.971,,-0.000,,1.12,0.00,146.3,146.3,,P-GPS,,,18,4,TRUE,,Mini 4 Pro,,,,,,FALSE,TRUE,,,,,,,,,,,,,,,,,,,,,,,,,,,,,,,,,,,,,,,,,,,,,,,,81.6,,,,8.064,,,,,,,6.328,,,,,,,,,,,,,,,,,,,,,,,,,,,,,,,,52.43618643,-2.58460000,410.0,,,,,,,,,,,,,,,,,,,,,,,,,,,,Mini 4 Pro,SYN6PPS8V3AE5EBC3,CAMTSC9LZW7MWSFCW,RCSXABFT7BSPJQMRD,BATZSZPBFBU78G5ZD,,,,,,,,Mini 4 Pro,SYN6PPS8V3AE5EBC3,,,,DJI Fly,,1.13.5,5B0F0CD6-9472-513B-8A0D-37D7D3B992E8,,,,,,,,,,
1773942467,1m 47.0s,107.0,52.43723583,-2.58402653,85.3,98.4,30.0,265.3,490.2,7.158,8.500,-5.956,,3.971,,-0.000,,1.12,0.00,146.3,146.3,,P-GPS,,,18,4,TRUE,,Mini 4 Pro,,,,,,FALSE,TRUE,,,,,,,,,,,,,,,,,,,,,,,,,,,,,,,,,,,,,,,,,,,,,,,,81.5,,,,8.064,,,,,,,6.328,,,,,,,,,,,,,,,,,,,,,,,,,,,,,,,,52.43618643,-2.58460000,403.5,,,,,,,,,,,,,,,,,,,,,,,,,,,,Mini 4 Pro,SYN6PPS8V3AE5EBC3,CAMTSC9LZW7MWSFCW,RCSXABFT7BSPJQMRD,BATZSZPBFBU78G5ZD,,,,,,,,Mini 4 Pro,SYN6PPS8V3AE5EBC3,,,,DJI Fly,,1.13.5,5B0F0CD6-9472-513B-8A0D-37D7D3B992E8,,,,,,,,,,
1773942468,1m 48.0s,108.0,52.43721188,-2.58400035,85.3,98.4,30.0,265.3,500.7,7.158,8.500,-5.956,,3.971,,-0.000,,1.12,0.00,146.3,146.3,,P-GPS,,,18,4,TRUE,,Mini 4 Pro,,,,,,FALSE,TRUE,,,,,,,,,,,,,,,,,,,,,,,,,,,,,,,,,,,,,,,,,,,,,,,,81.5,,,,8.063,,,,,,,6.328,,,,,,,,,,,,,,,,,,,,,,,,,,,,,,,,52.43618643,-2.58460000,397.2,,,,,,,,,,,,,,,,,,,,,,,,,,,,Mini 4 Pro,SYN6PPS8V3AE5EBC3,CAMTSC9LZW7MWSFCW,RCSXABFT7BSPJQMRD,BATZSZPBFBU78G5ZD,,,,,,,,Mini 4 Pro,SYN6PPS8V3AE5EBC3,,,,DJI Fly,,1.13.5,5B0F0CD6-9472-513B-8A0D-37D7D3B992E8,,,,,,,,,,
1773942469,1m 49.0s,109.0,52.43718794,-2.58397416,85.3,98.4,30.0,265.3,511.2,7.158,8.500,-5.956,,3.971,,-0.000,,1.12,0.00,146.3,146.3,,P-GPS,,,18,4,TRUE,,Mini 4 Pro,,,,,,FALSE,TRUE,,,,,,,,,,,,,,,,,,,,,,,,,,,,,,,,,,,,,,,,,,,,,,,,81.4,,,,8.062,,,,,,,6.328,,,,,,,,,,,,,,,,,,,,,,,,,,,,,,,,52.43618643,-2.58460000,391.0,,,,,,,,,,,,,,,,,,,,,,,,,,,,Mini 4 Pro,SYN6PPS8V3AE5EBC3,CAMTSC9LZW7MWSFCW,RCSXABFT7BSPJQMRD,BATZSZPBFBU78G5ZD,,,,,,,,Mini 4 Pro,SYN6PPS8V3AE5EBC3,,,,DJI Fly,,1.13.5,5B0F0CD6-9472-513B-8A0D-37D7D3B992E8,,,,,,,,,,
1773942471,1m 51.0s,111.0,52.43714005,-2.58392179,85.3,98.4,30.0,265.3,532.2,7.158,8.500,-5.956,,3.971,,-0.000,,1.12,0.00,146.3,146.3,,P-GPS,,,18,4,TRUE,,Mini 4 Pro,,,,,,FALSE,TRUE,,,,,,,,,,,,,,,,,,,,,,,,,,,,,,,,,,,,,,,,,,,,,,,,81.4,,,,8.061,,,,,,,6.328,,,,,,,,,,,,,,,,,,,,,,,,,,,,,,,,52.43618643,-2.58460000,379.2,,,,,,,,,,,,,,,,,,,,,,,,,,,,Mini 4 Pro,SYN6PPS8V3AE5EBC3,CAMTSC9LZW7MWSFCW,RCSXABFT7BSPJQMRD,BATZSZPBFBU78G5ZD,,,,,,,,Mini 4 Pro,SYN6PPS8V3AE5EBC3,,,,DJI Fly,,1.13.5,5B0F0CD6-9472-513B-8A0D-37D7D3B992E8,,,,,,,,,,
1773942472,1m 52.0s,112.0,52.43711610,-2.58389561,85.3,98.4,30.0,265.3,542.7,7.158,8.500,-5.956,,3.971,,-0.000,,1.12,0.00,146.3,146.3,,P-GPS,,,18,4,TRUE,,Mini 4 Pro,,,,,,FALSE,TRUE,,,,,,,,,,,,,,,,,,,,,,,,,,,,,,,,,,,,,,,,,,,,,,,,81.3,,,,8.060,,,,,,,6.328,,,,,,,,,,,,,,,,,,,,,,,,,,,,,,,,52.43618643,-2.58460000,373.6,,,,,,,,,,,,,,,,,,,,,,,,,,,,Mini 4 Pro,SYN6PPS8V3AE5EBC3,CAMTSC9LZW7MWSFCW,RCSXABFT7BSPJQMRD,BATZSZPBFBU78G5ZD,,,,,,,,Mini 4 Pro,SYN6PPS8V3AE5EBC3,,,,DJI Fly,,1.13.5,5B0F0CD6-9472-513B-8A0D-37D7D3B992E8,,,,,,,,,,
1773942474,1m 54.0s,114.0,52.43706821,-2.58384324,85.3,98.4,30.0,265.3,563.7,7.158,8.500,-5.956,,3.971,,-0.000,,1.12,0.00,146.3,146.3,,P-GPS,,,18,4,TRUE,,Mini 4 Pro,,,,,,FALSE,TRUE,,,,,,,,,,,,,,,,,,,,,,,,,,,,,,,,,,,,,,,,,,,,,,,,81.2,,,,8.059,,,,,,,6.328,,,,,,,,,,,,,,,,,,,,,,,,,,,,,,,,52.43618643,-2.58460000,363.1,,,,,,,,,,,,,,,,,,,,,,,,,,,,Mini 4 Pro,SYN6PPS8V3AE5EBC3,CAMTSC9LZW7MWSFCW,RCSXABFT7BSPJQMRD,BATZSZPBFBU78G5ZD,,,,,,,,Mini 4 Pro,SYN6PPS8V3AE5EBC3,,,,DJI Fly,,1.13.5,5B0F0CD6-9472-513B-8A0D-37D7D3B992E8,,,,,,,,,,
1773942475,1m 55.0s,115.0,52.43704427,-2.58381705,85.3,98.4,30.0,265.3,574.2,7.158,8.500,-5.956,,3.971,,-0.000,,1.12,0.00,146.3,146.3,,P-GPS,,,18,4,TRUE,,Mini 4 Pro,,,,,,FALSE,TRUE,,,,,,,,,,,,,,,,,,,,,,,,,,,,,,,,,,,,,,,,,,,,,,,,81.2,,,,8.058,,,,,,,6.328,,,,,,,,,,,,,,,,,,,,,,,,,,,,,,,,52.43618643,-2.58460000,358.1,,,,,,,,,,,,,,,,,,,,,,,,,,,,Mini 4 Pro,SYN6PPS8V3AE5EBC3,CAMTSC9LZW7MWSFCW,RCSXABFT7BSPJQMRD,BATZSZPBFBU78G5ZD,,,,,,,,Mini 4 Pro,SYN6PPS8V3AE5EBC3,,,,DJI Fly,,1.13.5,5B0F0CD6-9472-513B-8A0D-37D7D3B992E8,,,,,,,,,,
1773942476,1m 56.0s,116.0,52.43702032,-2.58379087,85.3,98.4,30.0,265.3,584.7,7.158,8.500,-5.956,,3.971,,-0.000,,1.12,0.00,146.3,146.3,,P-GPS,,,18,4,TRUE,,Mini 4 Pro,,,,,,FALSE,TRUE,,,,,,,,,,,,,,,,,,,,,,,,,,,,,,,,,,,,,,,,,,,,,,,,81.1,,,,8.058,,,,,,,6.328,,,,,,,,,,,,,,,,,,,,,,,,,,,,,,,,52.43618643,-2.58460000,353.5,,,,,,,,,,,,,,,,,,,,,,,,,,,,Mini 4 Pro,SYN6PPS8V3AE5EBC3,CAMTSC9LZW7MWSFCW,RCSXABFT7BSPJQMRD,BATZSZPBFBU78G5ZD,,,,,,,,Mini 4 Pro,SYN6PPS8V3AE5EBC3,,,,DJI Fly,,1.13.5,5B0F0CD6-9472-513B-8A0D-37D7D3B992E8,,,,,,,,,,
1773942479,1m 59.0s,119.0,52.43694849,-2.58371231,85.3,98.4,30.0,265.3,616.2,7.158,8.500,-5.956,,3.971,,-0.000,,1.12,0.00,146.3,146.3,,P-GPS,,,18,4,TRUE,,Mini 4 Pro,,,,,,FALSE,TRUE,,,,,,,,,,,,,,,,,,,,,,,,,,,,,,,,,,,,,,,,,,,,,,,,81.0,,,,8.056,,,,,,,6.328,,,,,,,,,,,,,,,,,,,,,,,,,,,,,,,,52.43618643,-2.58460000,341.0,,,,,,,,,,,,,,,,,,,,,,,,,,,,Mini 4 Pro,SYN6PPS8V3AE5EBC3,CAMTSC9LZW7MWSFCW,RCSXABFT7BSPJQMRD,BATZSZPBFBU78G5ZD,,,,,,,,Mini 4 Pro,SYN6PPS8V3AE5EBC3,,,,DJI Fly,,1.13.5,5B0F0CD6-9472-513B-8A0D-37D7D3B992E8,,,,,,,,,,
1773942480,2m 0.0s,120.0,52.43692454,-2.58368613,85.3,98.4,30.0,265.3,626.7,7.158,8.500,-5.956,,3.971,,-0.000,,1.12,0.00,146.3,146.3,,P-GPS,,,18,4,TRUE,,Mini 4 Pro,,,,,,FALSE,TRUE,,,,,,,,,,,,,,,,,,,,,,,,,,,,,,,,,,,,,,,,,,,,,,,,81.0,,,,8.055,,,,,,,6.328,,,,,,,,,,,,,,,,,,,,,,,,,,,,,,,,52.43618643,-2.58460000,337.4,,,,,,,,,,,,,,,,,,,,,,,,,,,,Mini 4 Pro,SYN6PPS8V3AE5EBC3,CAMTSC9LZW7MWSFCW,RCSXABFT7BSPJQMRD,BATZSZPBFBU78G5ZD,,,,,,,,Mini 4 Pro,SYN6PPS8V3AE5EBC3,,,,DJI Fly,,1.13.5,5B0F0CD6-9472-513B-8A0D-37D7D3B992E8,,,,,,,,,,
1773942482,2m 2.0s,122.0,52.43687665,-2.58363376,85.3,98.4,30.0,265.3,647.7,7.158,8.500,-5.956,,3.971,,-0.000,,1.12,0.00,146.3,146.3,,P-GPS,,,18,4,TRUE,,Mini 4 Pro,,,,,,FALSE,TRUE,,,,,,,,,,,,,,,,,,,,,,,,,,,,,,,,,,,,,,,,,,,,,,,,80.9,,,,8.054,,,,,,,6.328,,,,,,,,,,,,,,,,,,,,,,,,,,,,,,,,52.43618643,-2.58460000,331.0,,,,,,,,,,,,,,,,,,,,,,,,,,,,Mini 4 Pro,SYN6PPS8V3AE5EBC3,CAMTSC9LZW7MWSFCW,RCSXABFT7BSPJQMRD,BATZSZPBFBU78G5ZD,,,,,,,,Mini 4 Pro,SYN6PPS8V3AE5EBC3,,,,DJI Fly,,1.13.5,5B0F0CD6-9472-513B-8A0D-37D7D3B992E8,,,,,,,,,,
1773942483,2m 3.0s,123.0,52.43685271,-2.58360758,85.3,98.4,30.0,265.3,658.2,7.158,8.500,-5.956,,3.971,,-0.000,,1.12,0.00,146.3,146.3,,P-GPS,,,18,4,TRUE,,Mini 4 Pro,,,,,,FALSE,TRUE,,,,,,,,,,,,,,,,,,,,,,,,,,,,,,,,,,,,,,,,,,,,,,,,80.9,,,,8.053,,,,,,,6.328,,,,,,,,,,,,,,,,,,,,,,,,,,,,,,,,52.43618643,-2.58460000,328.3,,,,,,,,,,,,,,,,,,,,,,,,,,,,Mini 4 Pro,SYN6PPS8V3AE5EBC3,CAMTSC9LZW7MWSFCW,RCSXABFT7BSPJQMRD,BATZSZPBFBU78G5ZD,,,,,,,,Mini 4 Pro,SYN6PPS8V3AE5EBC3,,,,DJI Fly,,1.13.5,5B0F0CD6-9472-513B-8A0D-37D7D3B992E8,,,,,,,,,,
1773942484,2m 4.0s,124.0,52.43682876,-2.58358139,85.3,98.4,30.0,265.3,668.7,7.158,8.500,-5.956,,3.971,,-0.000,,1.12,0.00,146.3,146.3,,P-GPS,,,18,4,TRUE,,Mini 4 Pro,,,,,,FALSE,TRUE,,,,,,,,,,,,,,,,,,,,,,,,,,,,,,,,,,,,,,,,,,,,,,,,80.8,,,,8.053,,,,,,,6.328,,,,,,,,,,,,,,,,,,,,,,,,,,,,,,,,52.43618643,-2.58460000,325.9,,,,,,,,,,,,,,,,,,,,,,,,,,,,Mini 4 Pro,SYN6PPS8V3AE5EBC3,CAMTSC9LZW7MWSFCW,RCSXABFT7BSPJQMRD,BATZSZPBFBU78G5ZD,,,,,,,,Mini 4 Pro,SYN6PPS8V3AE5EBC3,,,,DJI Fly,,1.13.5,5B0F0CD6-9472-513B-8A0D-37D7D3B992E8,,,,,,,,,,
1773942485,2m 5.0s,125.0,52.43680482,-2.58355521,85.3,98.4,30.0,265.3,679.2,7.158,8.500,-5.956,,3.971,,-0.000,,1.12,0.00,146.3,146.3,,P-GPS,,,18,4,TRUE,,Mini 4 Pro,,,,,,FALSE,TRUE,,,,,,,,,,,,,,,,,,,,,,,,,,,,,,,,,,,,,,,,,,,,,,,,80.8,,,,8.052,,,,,,,6.328,,,,,,,,,,,,,,,,,,,,,,,,,,,,,,,,52.43618643,-2.58460000,323.9,,,,,,,,,,,,,,,,,,,,,,,,,,,,Mini 4 Pro,SYN6PPS8V3AE5EBC3,CAMTSC9LZW7MWSFCW,RCSXABFT7BSPJQMRD,BATZSZPBFBU78G5ZD,,,,,,,,Mini 4 Pro,SYN6PPS8V3AE5EBC3,,,,DJI Fly,,1.13.5,5B0F0CD6-9472-513B-8A0D-37D7D3B992E8,,,,,,,,,,
1773942486,2m 6.0s,126.0,52.43678087,-2.58352902,85.3,98.4,30.0,265.3,689.7,7.158,8.500,-5.956,,3.971,,-0.000,,1.12,0.00,146.3,146.3,,P-GPS,,,18,4,TRUE,,Mini 4 Pro,,,,,,FALSE,TRUE,,,,,,,,,,,,,,,,,,,,,,,,,,,,,,,,,,,,,,,,,,,,,,,,80.7,,,,8.051,,,,,,,6.328,,,,,,,,,,,,,,,,,,,,,,,,,,,,,,,,52.43618643,-2.58460000,322.1,,,,,,,,,,,,,,,,,,,,,,,,,,,,Mini 4 Pro,SYN6PPS8V3AE5EBC3,CAMTSC9LZW7MWSFCW,RCSXABFT7BSPJQMRD,BATZSZPBFBU78G5ZD,,,,,,,,Mini 4 Pro,SYN6PPS8V3AE5EBC3,,,,DJI Fly,,1.13.5,5B0F0CD6-9472-513B-8A0D-37D7D3B992E8,,,,,,,,,,
1773942487,2m 7.0s,127.0,52.43675693,-2.58350284,85.3,98.4,30.0,265.3,700.2,7.158,8.500,-5.956,,3.971,,-0.000,,1.12,0.00,146.3,146.3,,P-GPS,,,18,4,TRUE,,Mini 4 Pro,,,,,,FALSE,TRUE,,,,,,,,,,,,,,,,,,,,,,,,,,,,,,,,,,,,,,,,,,,,,,,,80.7,,,,8.051,,,,,,,6.328,,,,,,,,,,,,,,,,,,,,,,,,,,,,,,,,52.43618643,-2.58460000,320.7,,,,,,,,,,,,,,,,,,,,,,,,,,,,Mini 4 Pro,SYN6PPS8V3AE5EBC3,CAMTSC9LZW7MWSFCW,RCSXABFT7BSPJQMRD,BATZSZPBFBU78G5ZD,,,,,,,,Mini 4 Pro,SYN6PPS8V3AE5EBC3,,,,DJI Fly,,1.13.5,5B0F0CD6-9472-513B-8A0D-37D7D3B992E8,,,,,,,,,,
1773942488,2m 8.0s,128.0,52.43673298,-2.58347665,85.3,98.4,30.0,265.3,710.7,7.158,8.500,-5.956,,3.971,,-0.000,,1.12,0.00,146.3,146.3,,P-GPS,,,18,4,TRUE,,Mini 4 Pro,,,,,,FALSE,TRUE,,,,,,,,,,,,,,,,,,,,,,,,,,,,,,,,,,,,,,,,,,,,,,,,80.6,,,,8.050,,,,,,,6.328,,,,,,,,,,,,,,,,,,,,,,,,,,,,,,,,52.43618643,-2.58460000,319.6,,,,,,,,,,,,,,,,,,,,,,,,,,,,Mini 4 Pro,SYN6PPS8V3AE5EBC3,CAMTSC9LZW7MWSFCW,RCSXABFT7BSPJQMRD,BATZSZPBFBU78G5ZD,,,,,,,,Mini 4 Pro,SYN6PPS8V3AE5EBC3,,,,DJI Fly,,1.13.5,5B0F0CD6-9472-513B-8A0D-37D7D3B992E8,,,,,,,,,,
1773942489,2m 9.0s,129.0,52.43670904,-2.58345047,85.3,98.4,30.0,265.3,721.2,7.158,8.500,-5.956,,3.971,,-0.000,,1.12,0.00,146.3,146.3,,P-GPS,,,18,4,TRUE,,Mini 4 Pro,,,,,,FALSE,TRUE,,,,,,,,,,,,,,,,,,,,,,,,,,,,,,,,,,,,,,,,,,,,,,,,80.6,,,,8.049,,,,,,,6.328,,,,,,,,,,,,,,,,,,,,,,,,,,,,,,,,52.43618643,-2.58460000,318.9,,,,,,,,,,,,,,,,,,,,,,,,,,,,Mini 4 Pro,SYN6PPS8V3AE5EBC3,CAMTSC9LZW7MWSFCW,RCSXABFT7BSPJQMRD,BATZSZPBFBU78G5ZD,,,,,,,,Mini 4 Pro,SYN6PPS8V3AE5EBC3,,,,DJI Fly,,1.13.5,5B0F0CD6-9472-513B-8A0D-37D7D3B992E8,,,,,,,,,,
1773942490,2m 10.0s,130.0,52.43668509,-2.58342428,85.3,98.4,30.0,265.3,731.7,7.158,8.500,-5.956,,3.971,,-0.000,,1.12,0.00,146.3,146.3,,P-GPS,,,18,4,TRUE,,Mini 4 Pro,,,,,,FALSE,TRUE,,,,,,,,,,,,,,,,,,,,,,,,,,,,,,,,,,,,,,,,,,,,,,,,80.6,,,,8.049,,,,,,,6.328,,,,,,,,,,,,,,,,,,,,,,,,,,,,,,,,52.43618643,-2.58460000,318.5,,,,,,,,,,,,,,,,,,,,,,,,,,,,Mini 4 Pro,SYN6PPS8V3AE5EBC3,CAMTSC9LZW7MWSFCW,RCSXABFT7BSPJQMRD,BATZSZPBFBU78G5ZD,,,,,,,,Mini 4 Pro,SYN6PPS8V3AE5EBC3,,,,DJI Fly,,1.13.5,5B0F0CD6-9472-513B-8A0D-37D7D3B992E8,,,,,,,,,,
1773942491,2m 11.0s,131.0,52.43666115,-2.58339810,85.3,98.4,30.0,265.3,742.2,7.158,8.500,-5.956,,3.971,,-0.000,,1.12,0.00,146.3,146.3,,P-GPS,,,18,4,TRUE,,Mini 4 Pro,,,,,,FALSE,TRUE,,,,,,,,,,,,,,,,,,,,,,,,,,,,,,,,,,,,,,,,,,,,,,,,80.5,,,,8.048,,,,,,,6.328,,,,,,,,,,,,,,,,,,,,,,,,,,,,,,,,52.43618643,-2.58460000,318.5,,,,,,,,,,,,,,,,,,,,,,,,,,,,Mini 4 Pro,SYN6PPS8V3AE5EBC3,CAMTSC9LZW7MWSFCW,RCSXABFT7BSPJQMRD,BATZSZPBFBU78G5ZD,,,,,,,,Mini 4 Pro,SYN6PPS8V3AE5EBC3,,,,DJI Fly,,1.13.5,5B0F0CD6-9472-513B-8A0D-37D7D3B992E8,,,,,,,,,,
1773942492,2m 12.0s,132.0,52.43663720,-2.58337191,85.3,98.4,30.0,265.3,752.7,7.158,8.500,-5.956,,3.971,,-0.000,,1.12,0.00,146.3,146.3,,P-GPS,,,18,4,TRUE,,Mini 4 Pro,,,,,,FALSE,TRUE,,,,,,,,,,,,,,,,,,,,,,,,,,,,,,,,,,,,,,,,,,,,,,,,80.5,,,,8.047,,,,,,,6.328,,,,,,,,,,,,,,,,,,,,,,,,,,,,,,,,52.43618643,-2.58460000,318.8,,,,,,,,,,,,,,,,,,,,,,,,,,,,Mini 4 Pro,SYN6PPS8V3AE5EBC3,CAMTSC9LZW7MWSFCW,RCSXABFT7BSPJQMRD,BATZSZPBFBU78G5ZD,,,,,,,,Mini 4 Pro,SYN6PPS8V3AE5EBC3,,,,DJI Fly,,1.13.5,5B0F0CD6-9472-513B-8A0D-37D7D3B992E8,,,,,,,,,,
1773942493,2m 13.0s,133.0,52.43661326,-2.58334573,85.3,98.4,30.0,265.3,763.2,7.158,8.500,-5.956,,3.971,,-0.000,,1.12,0.00,146.3,146.3,,P-GPS,,,18,4,TRUE,,Mini 4 Pro,,,,,,FALSE,TRUE,,,,,,,,,,,,,,,,,,,,,,,,,,,,,,,,,,,,,,,,,,,,,,,,80.4,,,,8.047,,,,,,,6.328,,,,,,,,,,,,,,,,,,,,,,,,,,,,,,,,52.43618643,-2.58460000,319.5,,,,,,,,,,,,,,,,,,,,,,,,,,,,Mini 4 Pro,SYN6PPS8V3AE5EBC3,CAMTSC9LZW7MWSFCW,RCSXABFT7BSPJQMRD,BATZSZPBFBU78G5ZD,,,,,,,,Mini 4 Pro,SYN6PPS8V3AE5EBC3,,,,DJI Fly,,1.13.5,5B0F0CD6-9472-513B-8A0D-37D7D3B992E8,,,,,,,,,,
1773942494,2m 14.0s,134.0,52.43658931,-2.58331954,85.3,98.4,30.0,265.3,773.7,7.158,8.500,-5.956,,3.971,,-0.000,,1.12,0.00,146.3,146.3,,P-GPS,,,18,4,TRUE,,Mini 4 Pro,,,,,,FALSE,TRUE,,,,,,,,,,,,,,,,,,,,,,,,,,,,,,,,,,,,,,,,,,,,,,,,80.4,,,,8.046,,,,,,,6.328,,,,,,,,,,,,,,,,,,,,,,,,,,,,,,,,52.43618643,-2.58460000,320.5,,,,,,,,,,,,,,,,,,,,,,,,,,,,Mini 4 Pro,SYN6PPS8V3AE5EBC3,CAMTSC9LZW7MWSFCW,RCSXABFT7BSPJQMRD,BATZSZPBFBU78G5ZD,,,,,,,,Mini 4 Pro,SYN6PPS8V3AE5EBC3,,,,DJI Fly,,1.13.5,5B0F0CD6-9472-513B-8A0D-37D7D3B992E8,,,,,,,,,,
1773942495,2m 15.0s,135.0,52.43656537,-2.58329336,85.3,98.4,30.0,265.3,784.2,7.158,8.500,-5.956,,3.971,,-0.000,,1.12,0.00,146.3,146.3,,P-GPS,,,18,4,TRUE,,Mini 4 Pro,,,,,,FALSE,TRUE,,,,,,,,,,,,,,,,,,,,,,,,,,,,,,,,,,,,,,,,,,,,,,,,80.3,,,,8.045,,,,,,,6.328,,,,,,,,,,,,,,,,,,,,,,,,,,,,,,,,52.43618643,-2.58460000,321.8,,,,,,,,,,,,,,,,,,,,,,,,,,,,Mini 4 Pro,SYN6PPS8V3AE5EBC3,CAMTSC9LZW7MWSFCW,RCSXABFT7BSPJQMRD,BATZSZPBFBU78G5ZD,,,,,,,,Mini 4 Pro,SYN6PPS8V3AE5EBC3,,,,DJI Fly,,1.13.5,5B0F0CD6-9472-513B-8A0D-37D7D3B992E8,,,,,,,,,,
1773942496,2m 16.0s,136.0,52.43654142,-2.58326718,85.3,98.4,30.0,265.3,794.7,7.158,8.500,-5.956,,3.971,,-0.000,,1.12,0.00,146.3,146.3,,P-GPS,,,18,4,TRUE,,Mini 4 Pro,,,,,,FALSE,TRUE,,,,,,,,,,,,,,,,,,,,,,,,,,,,,,,,,,,,,,,,,,,,,,,,80.3,,,,8.045,,,,,,,6.328,,,,,,,,,,,,,,,,,,,,,,,,,,,,,,,,52.43618643,-2.58460000,323.5,,,,,,,,,,,,,,,,,,,,,,,,,,,,Mini 4 Pro,SYN6PPS8V3AE5EBC3,CAMTSC9LZW7MWSFCW,RCSXABFT7BSPJQMRD,BATZSZPBFBU78G5ZD,,,,,,,,Mini 4 Pro,SYN6PPS8V3AE5EBC3,,,,DJI Fly,,1.13.5,5B0F0CD6-9472-513B-8A0D-37D7D3B992E8,,,,,,,,,,
1773942497,2m 17.0s,137.0,52.43651748,-2.58324099,85.3,98.4,30.0,265.3,805.2,7.158,8.500,-5.956,,3.971,,-0.000,,1.12,0.00,146.3,146.3,,P-GPS,,,18,4,TRUE,,Mini 4 Pro,,,,,,FALSE,TRUE,,,,,,,,,,,,,,,,,,,,,,,,,,,,,,,,,,,,,,,,,,,,,,,,80.3,,,,8.044,,,,,,,6.328,,,,,,,,,,,,,,,,,,,,,,,,,,,,,,,,52.43618643,-2.58460000,325.5,,,,,,,,,,,,,,,,,,,,,,,,,,,,Mini 4 Pro,SYN6PPS8V3AE5EBC3,CAMTSC9LZW7MWSFCW,RCSXABFT7BSPJQMRD,BATZSZPBFBU78G5ZD,,,,,,,,Mini 4 Pro,SYN6PPS8V3AE5EBC3,,,,DJI Fly,,1.13.5,5B0F0CD6-9472-513B-8A0D-37D7D3B992E8,,,,,,,,,,
1773942498,2m 18.0s,138.0,52.43649353,-2.58321481,85.3,98.4,30.0,265.3,815.7,7.158,8.500,-5.956,,3.971,,-0.000,,1.12,0.00,146.3,146.3,,P-GPS,,,18,4,TRUE,,Mini 4 Pro,,,,,,FALSE,TRUE,,,,,,,,,,,,,,,,,,,,,,,,,,,,,,,,,,,,,,,,,,,,,,,,80.2,,,,8.043,,,,,,,6.328,,,,,,,,,,,,,,,,,,,,,,,,,,,,,,,,52.43618643,-2.58460000,327.8,,,,,,,,,,,,,,,,,,,,,,,,,,,,Mini 4 Pro,SYN6PPS8V3AE5EBC3,CAMTSC9LZW7MWSFCW,RCSXABFT7BSPJQMRD,BATZSZPBFBU78G5ZD,,,,,,,,Mini 4 Pro,SYN6PPS8V3AE5EBC3,,,,DJI Fly,,1.13.5,5B0F0CD6-9472-513B-8A0D-37D7D3B992E8,,,,,,,,,,
1773942499,2m 19.0s,139.0,52.43646959,-2.58318862,85.3,98.4,30.0,265.3,826.2,7.158,8.500,-5.956,,3.971,,-0.000,,1.12,0.00,146.3,146.3,,P-GPS,,,18,4,TRUE,,Mini 4 Pro,,,,,,FALSE,TRUE,,,,,,,,,,,,,,,,,,,,,,,,,,,,,,,,,,,,,,,,,,,,,,,,80.2,,,,8.043,,,,,,,6.328,,,,,,,,,,,,,,,,,,,,,,,,,,,,,,,,52.43618643,-2.58460000,330.5,,,,,,,,,,,,,,,,,,,,,,,,,,,,Mini 4 Pro,SYN6PPS8V3AE5EBC3,CAMTSC9LZW7MWSFCW,RCSXABFT7BSPJQMRD,BATZSZPBFBU78G5ZD,,,,,,,,Mini 4 Pro,SYN6PPS8V3AE5EBC3,,,,DJI Fly,,1.13.5,5B0F0CD6-9472-513B-8A0D-37D7D3B992E8,,,,,,,,,,
1773942500,2m 20.0s,140.0,52.43644564,-2.58316244,85.3,98.4,30.0,265.3,836.7,7.158,8.500,-5.956,,3.971,,-0.000,,1.12,-0.00,146.3,146.3,,P-GPS,,,18,4,TRUE,,Mini 4 Pro,,,,,,FALSE,TRUE,,,,,,,,,,,,,,,,,,,,,,,,,,,,,,,,,,,,,,,,,,,,,,,,80.1,,,,8.042,,,,,,,6.328,,,,,,,,,,,,,,,,,,,,,,,,,,,,,,,,52.43618643,-2.58460000,333.4,,,,,,,,,,,,,,,,,,,,,,,,,,,,Mini 4 Pro,SYN6PPS8V3AE5EBC3,CAMTSC9LZW7MWSFCW,RCSXABFT7BSPJQMRD,BATZSZPBFBU78G5ZD,,,,,,,,Mini 4 Pro,SYN6PPS8V3AE5EBC3,,,,DJI Fly,,1.13.5,5B0F0CD6-9472-513B-8A0D-37D7D3B992E8,,,,,,,,,,
1773942501,2m 21.0s,141.0,52.43642170,-2.58313625,85.3,98.4,30.0,265.3,847.2,7.158,8.500,-5.956,,3.971,,-0.000,,1.12,-0.00,146.3,146.3,,P-GPS,,,18,4,TRUE,,Mini 4 Pro,,,,,,FALSE,TRUE,,,,,,,,,,,,,,,,,,,,,,,,,,,,,,,,,,,,,,,,,,,,,,,,80.1,,,,8.042,,,,,,,6.328,,,,,,,,,,,,,,,,,,,,,,,,,,,,,,,,52.43618643,-2.58460000,336.7,,,,,,,,,,,,,,,,,,,,,,,,,,,,Mini 4 Pro,SYN6PPS8V3AE5EBC3,CAMTSC9LZW7MWSFCW,RCSXABFT7BSPJQMRD,BATZSZPBFBU78G5ZD,,,,,,,,Mini 4 Pro,SYN6PPS8V3AE5EBC3,,,,DJI Fly,,1.13.5,5B0F0CD6-9472-513B-8A0D-37D7D3B992E8,,,,,,,,,,
1773942503,2m 23.0s,143.0,52.43641126,-2.58312484,85.3,98.4,30.0,265.3,851.7,0.000,8.500,0.000,,0.000,,-0.000,,0.00,0.00,146.3,146.3,,P-GPS,,,18,4,TRUE,,Mini 4 Pro,,,,,,FALSE,TRUE,,,,,,,,,,,,,,,,,,,,,,,,,,,,,,,,,,,,,,,,,,,,,,,,80.0,,,,8.040,,,,,,,4.568,,,,,,,,,,,,,,,,,,,,,,,,,,,,,,,,52.43618643,-2.58460000,338.2,,,,,,,,,,,,,,,,,,,,,,,,,,,,Mini 4 Pro,SYN6PPS8V3AE5EBC3,CAMTSC9LZW7MWSFCW,RCSXABFT7BSPJQMRD,BATZSZPBFBU78G5ZD,,,,,,,,Mini 4 Pro,SYN6PPS8V3AE5EBC3,,,,DJI Fly,,1.13.5,5B0F0CD6-9472-513B-8A0D-37D7D3B992E8,,,,,,,,,,
1773942504,2m 24.0s,144.0,52.43641126,-2.58312484,85.3,98.4,30.0,265.3,851.7,0.000,8.500,0.000,,0.000,,-0.000,,0.00,0.00,146.3,146.3,,P-GPS,,,18,4,TRUE,,Mini 4 Pro,,,,,,FALSE,TRUE,,,,,,,,,,,,,,,,,,,,,,,,,,,,,,,,,,,,,,,,,,,,,,,,80.0,,,,8.040,,,,,,,4.568,,,,,,,,,,,,,,,,,,,,,,,,,,,,,,,,52.43618643,-2.58460000,338.2,,,,,,,,,,,,,,,,,,,,,,,,,,,,Mini 4 Pro,SYN6PPS8V3AE5EBC3,CAMTSC9LZW7MWSFCW,RCSXABFT7BSPJQMRD,BATZSZPBFBU78G5ZD,,,,,,,,Mini 4 Pro,SYN6PPS8V3AE5EBC3,,,,DJI Fly,,1.13.5,5B0F0CD6-9472-513B-8A0D-37D7D3B992E8,,,,,,,,,,
1773942505,2m 25.0s,145.0,52.43641126,-2.58312484,85.3,98.4,30.0,265.3,851.7,0.000,8.500,0.000,,0.000,,-0.000,,0.00,0.00,146.3,146.3,,P-GPS,,,18,4,TRUE,,Mini 4 Pro,,,,,,FALSE,TRUE,,,,,,,,,,,,,,,,,,,,,,,,,,,,,,,,,,,,,,,,,,,,,,,,79.9,,,,8.039,,,,,,,4.568,,,,,,,,,,,,,,,,,,,,,,,,,,,,,,,,52.43618643,-2.58460000,338.2,,,,,,,,,,,,,,,,,,,,,,,,,,,,Mini 4 Pro,SYN6PPS8V3AE5EBC3,CAMTSC9LZW7MWSFCW,RCSXABFT7BSPJQMRD,BATZSZPBFBU78G5ZD,,,,,,,,Mini 4 Pro,SYN6PPS8V3AE5EBC3,,,,DJI Fly,,1.13.5,5B0F0CD6-9472-513B-8A0D-37D7D3B992E8,,,,,,,,,,
1773942506,2m 26.0s,146.0,52.43641126,-2.58312484,85.3,98.4,30.0,265.3,851.7,0.000,8.500,0.000,,0.000,,-0.000,,0.00,0.00,146.3,146.3,,P-GPS,,,18,4,TRUE,,Mini 4 Pro,,,,,,FALSE,TRUE,,,,,,,,,,,,,,,,,,,,,,,,,,,,,,,,,,,,,,,,,,,,,,,,79.9,,,,8.038,,,,,,,4.568,,,,,,,,,,,,,,,,,,,,,,,,,,,,,,,,52.43618643,-2.58460000,338.2,,,,,,,,,,,,,,,,,,,,,,,,,,,,Mini 4 Pro,SYN6PPS8V3AE5EBC3,CAMTSC9LZW7MWSFCW,RCSXABFT7BSPJQMRD,BATZSZPBFBU78G5ZD,,,,,,,,Mini 4 Pro,SYN6PPS8V3AE5EBC3,,,,DJI Fly,,1.13.5,5B0F0CD6-9472-513B-8A0D-37D7D3B992E8,,,,,,,,,,
1773942507,2m 27.0s,147.0,52.43641126,-2.58312484,85.3,98.4,30.0,265.3,851.7,0.000,8.500,0.000,,0.000,,-0.000,,0.00,0.00,146.3,146.3,,P-GPS,,,18,4,TRUE,,Mini 4 Pro,,,,,,FALSE,TRUE,,,,,,,,,,,,,,,,,,,,,,,,,,,,,,,,,,,,,,,,,,,,,,,,79.8,,,,8.038,,,,,,,4.568,,,,,,,,,,,,,,,,,,,,,,,,,,,,,,,,52.43618643,-2.58460000,338.2,,,,,,,,,,,,,,,,,,,,,,,,,,,,Mini 4 Pro,SYN6PPS8V3AE5EBC3,CAMTSC9LZW7MWSFCW,RCSXABFT7BSPJQMRD,BATZSZPBFBU78G5ZD,,,,,,,,Mini 4 Pro,SYN6PPS8V3AE5EBC3,,,,DJI Fly,,1.13.5,5B0F0CD6-9472-513B-8A0D-37D7D3B992E8,,,,,,,,,,
1773942508,2m 28.0s,148.0,52.43641126,-2.58312484,85.3,98.4,30.0,265.3,851.7,0.000,8.500,0.000,,0.000,,-0.000,,0.00,0.00,146.3,146.3,,P-GPS,,,18,4,TRUE,,Mini 4 Pro,,,,,,FALSE,TRUE,,,,,,,,,,,,,,,,,,,,,,,,,,,,,,,,,,,,,,,,,,,,,,,,79.8,,,,8.037,,,,,,,4.568,,,,,,,,,,,,,,,,,,,,,,,,,,,,,,,,52.43618643,-2.58460000,338.2,,,,,,,,,,,,,,,,,,,,,,,,,,,,Mini 4 Pro,SYN6PPS8V3AE5EBC3,CAMTSC9LZW7MWSFCW,RCSXABFT7BSPJQMRD,BATZSZPBFBU78G5ZD,,,,,,,,Mini 4 Pro,SYN6PPS8V3AE5EBC3,,,,DJI Fly,,1.13.5,5B0F0CD6-9472-513B-8A0D-37D7D3B992E8,,,,,,,,,,
1773942509,2m 29.0s,149.0,52.43641126,-2.58312484,85.3,98.4,30.0,265.3,851.7,0.000,8.500,0.000,,0.000,,-0.000,,0.00,0.00,146.3,146.3,,P-GPS,,,18,4,TRUE,,Mini 4 Pro,,,,,,FALSE,TRUE,,,,,,,,,,,,,,,,,,,,,,,,,,,,,,,,,,,,,,,,,,,,,,,,79.8,,,,8.036,,,,,,,4.568,,,,,,,,,,,,,,,,,,,,,,,,,,,,,,,,52.43618643,-2.58460000,338.2,,,,,,,,,,,,,,,,,,,,,,,,,,,,Mini 4 Pro,SYN6PPS8V3AE5EBC3,CAMTSC9LZW7MWSFCW,RCSXABFT7BSPJQMRD,BATZSZPBFBU78G5ZD,,,,,,,,Mini 4 Pro,SYN6PPS8V3AE5EBC3,,,,DJI Fly,,1.13.5,5B0F0CD6-9472-513B-8A0D-37D7D3B992E8,,,,,,,,,,
1773942510,2m 30.0s,150.0,52.43641126,-2.58312484,85.3,98.4,30.0,265.3,851.7,0.000,8.500,0.000,,0.000,,-0.000,,0.00,0.00,146.3,146.3,,P-GPS,,,18,4,TRUE,,Mini 4 Pro,,,,,,FALSE,TRUE,,,,,,,,,,,,,,,,,,,,,,,,,,,,,,,,,,,,,,,,,,,,,,,,79.7,,,,8.036,,,,,,,4.568,,,,,,,,,,,,,,,,,,,,,,,,,,,,,,,,52.43618643,-2.58460000,338.2,,,,,,,,,,,,,,,,,,,,,,,,,,,,Mini 4 Pro,SYN6PPS8V3AE5EBC3,CAMTSC9LZW7MWSFCW,RCSXABFT7BSPJQMRD,BATZSZPBFBU78G5ZD,,,,,,,,Mini 4 Pro,SYN6PPS8V3AE5EBC3,,,,DJI Fly,,1.13.5,5B0F0CD6-9472-513B-8A0D-37D7D3B992E8,,,,,,,,,,
1773942511,2m 31.0s,151.0,52.43641126,-2.58312484,85.3,98.4,30.0,265.3,851.7,0.000,8.500,0.000,,0.000,,-0.000,,0.00,0.00,146.3,146.3,,P-GPS,,,18,4,TRUE,,Mini 4 Pro,,,,,,FALSE,TRUE,,,,,,,,,,,,,,,,,,,,,,,,,,,,,,,,,,,,,,,,,,,,,,,,79.7,,,,8.035,,,,,,,4.568,,,,,,,,,,,,,,,,,,,,,,,,,,,,,,,,52.43618643,-2.58460000,338.2,,,,,,,,,,,,,,,,,,,,,,,,,,,,Mini 4 Pro,SYN6PPS8V3AE5EBC3,CAMTSC9LZW7MWSFCW,RCSXABFT7BSPJQMRD,BATZSZPBFBU78G5ZD,,,,,,,,Mini 4 Pro,SYN6PPS8V3AE5EBC3,,,,DJI Fly,,1.13.5,5B0F0CD6-9472-513B-8A0D-37D7D3B992E8,,,,,,,,,,
1773942513,2m 33.0s,153.0,52.43640385,-2.58317350,85.3,98.4,30.0,265.3,862.9,7.606,8.500,-1.845,,-7.378,,-0.000,,1.19,25.00,256.0,256.0,,SMART_RTH,,,18,4,TRUE,,Mini 4 Pro,,,,,,FALSE,TRUE,,,,,,,,,,,,,,,,,,,,,,,,,,,,,,,,,,,,,,,,,,,,,,,,79.6,,,,8.034,,,,,,,6.438,,,,,,,,,,,,,,,,,,,,,,,,,,,,,,,,52.43618643,-2.58460000,327.0,,,,,,,,,,,,,,,,,,,,,,,,,,,,Mini 4 Pro,SYN6PPS8V3AE5EBC3,CAMTSC9LZW7MWSFCW,RCSXABFT7BSPJQMRD,BATZSZPBFBU78G5ZD,,,,,,,,Mini 4 Pro,SYN6PPS8V3AE5EBC3,,,,DJI Fly,,1.13.5,5B0F0CD6-9472-513B-8A0D-37D7D3B992E8,,,,,,,,,,
1773942514,2m 34.0s,154.0,52.43639643,-2.58322216,85.3,98.4,30.0,265.3,874.1,7.606,8.500,-1.845,,-7.378,,-0.000,,1.19,0.00,256.0,256.0,,SMART_RTH,,,18,4,TRUE,,Mini 4 Pro,,,,,,FALSE,TRUE,,,,,,,,,,,,,,,,,,,,,,,,,,,,,,,,,,,,,,,,,,,,,,,,79.6,,,,8.033,,,,,,,6.438,,,,,,,,,,,,,,,,,,,,,,,,,,,,,,,,52.43618643,-2.58460000,315.9,,,,,,,,,,,,,,,,,,,,,,,,,,,,Mini 4 Pro,SYN6PPS8V3AE5EBC3,CAMTSC9LZW7MWSFCW,RCSXABFT7BSPJQMRD,BATZSZPBFBU78G5ZD,,,,,,,,Mini 4 Pro,SYN6PPS8V3AE5EBC3,,,,DJI Fly,,1.13.5,5B0F0CD6-9472-513B-8A0D-37D7D3B992E8,,,,,,,,,,
1773942516,2m 36.0s,156.0,52.43638160,-2.58331947,85.3,98.4,30.0,265.3,896.4,7.606,8.500,-1.845,,-7.378,,-0.000,,1.19,0.00,256.0,256.0,,SMART_RTH,,,18,4,TRUE,,Mini 4 Pro,,,,,,FALSE,TRUE,,,,,,,,,,,,,,,,,,,,,,,,,,,,,,,,,,,,,,,,,,,,,,,,79.5,,,,8.032,,,,,,,6.438,,,,,,,,,,,,,,,,,,,,,,,,,,,,,,,,52.43618643,-2.58460000,293.6,,,,,,,,,,,,,,,,,,,,,,,,,,,,Mini 4 Pro,SYN6PPS8V3AE5EBC3,CAMTSC9LZW7MWSFCW,RCSXABFT7BSPJQMRD,BATZSZPBFBU78G5ZD,,,,,,,,Mini 4 Pro,SYN6PPS8V3AE5EBC3,,,,DJI Fly,,1.13.5,5B0F0CD6-9472-513B-8A0D-37D7D3B992E8,,,,,,,,,,
1773942517,2m 37.0s,157.0,52.43637418,-2.58336813,85.3,98.4,30.0,265.3,907.5,7.606,8.500,-1.845,,-7.378,,-0.000,,1.19,0.00,256.0,256.0,,SMART_RTH,,,18,4,TRUE,,Mini 4 Pro,,,,,,FALSE,TRUE,,,,,,,,,,,,,,,,,,,,,,,,,,,,,,,,,,,,,,,,,,,,,,,,79.4,,,,8.031,,,,,,,6.438,,,,,,,,,,,,,,,,,,,,,,,,,,,,,,,,52.43618643,-2.58460000,282.4,,,,,,,,,,,,,,,,,,,,,,,,,,,,Mini 4 Pro,SYN6PPS8V3AE5EBC3,CAMTSC9LZW7MWSFCW,RCSXABFT7BSPJQMRD,BATZSZPBFBU78G5ZD,,,,,,,,Mini 4 Pro,SYN6PPS8V3AE5EBC3,,,,DJI Fly,,1.13.5,5B0F0CD6-9472-513B-8A0D-37D7D3B992E8,,,,,,,,,,
1773942518,2m 38.0s,158.0,52.43636677,-2.58341679,85.3,98.4,30.0,265.3,918.7,7.606,8.500,-1.845,,-7.378,,-0.000,,1.19,0.00,256.0,256.0,,SMART_RTH,,,18,4,TRUE,,Mini 4 Pro,,,,,,FALSE,TRUE,,,,,,,,,,,,,,,,,,,,,,,,,,,,,,,,,,,,,,,,,,,,,,,,79.4,,,,8.030,,,,,,,6.438,,,,,,,,,,,,,,,,,,,,,,,,,,,,,,,,52.43618643,-2.58460000,271.3,,,,,,,,,,,,,,,,,,,,,,,,,,,,Mini 4 Pro,SYN6PPS8V3AE5EBC3,CAMTSC9LZW7MWSFCW,RCSXABFT7BSPJQMRD,BATZSZPBFBU78G5ZD,,,,,,,,Mini 4 Pro,SYN6PPS8V3AE5EBC3,,,,DJI Fly,,1.13.5,5B0F0CD6-9472-513B-8A0D-37D7D3B992E8,,,,,,,,,,
1773942520,2m 40.0s,160.0,52.43635193,-2.58351411,85.3,98.4,30.0,265.3,941.0,7.606,8.500,-1.845,,-7.378,,-0.000,,1.19,0.00,256.0,256.0,,SMART_RTH,,,18,4,TRUE,,Mini 4 Pro,,,,,,FALSE,TRUE,,,,,,,,,,,,,,,,,,,,,,,,,,,,,,,,,,,,,,,,,,,,,,,,79.3,,,,8.029,,,,,,,6.438,,,,,,,,,,,,,,,,,,,,,,,,,,,,,,,,52.43618643,-2.58460000,248.9,,,,,,,,,,,,,,,,,,,,,,,,,,,,Mini 4 Pro,SYN6PPS8V3AE5EBC3,CAMTSC9LZW7MWSFCW,RCSXABFT7BSPJQMRD,BATZSZPBFBU78G5ZD,,,,,,,,Mini 4 Pro,SYN6PPS8V3AE5EBC3,,,,DJI Fly,,1.13.5,5B0F0CD6-9472-513B-8A0D-37D7D3B992E8,,,,,,,,,,
1773942521,2m 41.0s,161.0,52.43634452,-2.58356276,85.3,98.4,30.0,265.3,952.1,7.606,8.500,-1.845,,-7.378,,-0.000,,1.19,0.00,256.0,256.0,,SMART_RTH,,,18,4,TRUE,,Mini 4 Pro,,,,,,FALSE,TRUE,,,,,,,,,,,,,,,,,,,,,,,,,,,,,,,,,,,,,,,,,,,,,,,,79.3,,,,8.029,,,,,,,6.438,,,,,,,,,,,,,,,,,,,,,,,,,,,,,,,,52.43618643,-2.58460000,237.8,,,,,,,,,,,,,,,,,,,,,,,,,,,,Mini 4 Pro,SYN6PPS8V3AE5EBC3,CAMTSC9LZW7MWSFCW,RCSXABFT7BSPJQMRD,BATZSZPBFBU78G5ZD,,,,,,,,Mini 4 Pro,SYN6PPS8V3AE5EBC3,,,,DJI Fly,,1.13.5,5B0F0CD6-9472-513B-8A0D-37D7D3B992E8,,,,,,,,,,
1773942522,2m 42.0s,162.0,52.43633710,-2.58361142,85.3,98.4,30.0,265.3,963.3,7.606,8.500,-1.845,,-7.378,,-0.000,,1.19,0.00,256.0,256.0,,SMART_RTH,,,18,4,TRUE,,Mini 4 Pro,,,,,,FALSE,TRUE,,,,,,,,,,,,,,,,,,,,,,,,,,,,,,,,,,,,,,,,,,,,,,,,79.2,,,,8.028,,,,,,,6.438,,,,,,,,,,,,,,,,,,,,,,,,,,,,,,,,52.43618643,-2.58460000,226.6,,,,,,,,,,,,,,,,,,,,,,,,,,,,Mini 4 Pro,SYN6PPS8V3AE5EBC3,CAMTSC9LZW7MWSFCW,RCSXABFT7BSPJQMRD,BATZSZPBFBU78G5ZD,,,,,,,,Mini 4 Pro,SYN6PPS8V3AE5EBC3,,,,DJI Fly,,1.13.5,5B0F0CD6-9472-513B-8A0D-37D7D3B992E8,,,,,,,,,,
1773942523,2m 43.0s,163.0,52.43632969,-2.58366008,85.3,98.4,30.0,265.3,974.4,7.606,8.500,-1.845,,-7.378,,-0.000,,1.19,0.00,256.0,256.0,,SMART_RTH,,,18,4,TRUE,,Mini 4 Pro,,,,,,FALSE,TRUE,,,,,,,,,,,,,,,,,,,,,,,,,,,,,,,,,,,,,,,,,,,,,,,,79.2,,,,8.027,,,,,,,6.438,,,,,,,,,,,,,,,,,,,,,,,,,,,,,,,,52.43618643,-2.58460000,215.5,,,,,,,,,,,,,,,,,,,,,,,,,,,,Mini 4 Pro,SYN6PPS8V3AE5EBC3,CAMTSC9LZW7MWSFCW,RCSXABFT7BSPJQMRD,BATZSZPBFBU78G5ZD,,,,,,,,Mini 4 Pro,SYN6PPS8V3AE5EBC3,,,,DJI Fly,,1.13.5,5B0F0CD6-9472-513B-8A0D-37D7D3B992E8,,,,,,,,,,
1773942524,2m 44.0s,164.0,52.43632227,-2.58370874,85.3,98.4,30.0,265.3,985.6,7.606,8.500,-1.845,,-7.378,,-0.000,,1.19,0.00,256.0,256.0,,SMART_RTH,,,18,4,TRUE,,Mini 4 Pro,,,,,,FALSE,TRUE,,,,,,,,,,,,,,,,,,,,,,,,,,,,,,,,,,,,,,,,,,,,,,,,79.1,,,,8.027,,,,,,,6.438,,,,,,,,,,,,,,,,,,,,,,,,,,,,,,,,52.43618643,-2.58460000,204.3,,,,,,,,,,,,,,,,,,,,,,,,,,,,Mini 4 Pro,SYN6PPS8V3AE5EBC3,CAMTSC9LZW7MWSFCW,RCSXABFT7BSPJQMRD,BATZSZPBFBU78G5ZD,,,,,,,,Mini 4 Pro,SYN6PPS8V3AE5EBC3,,,,DJI Fly,,1.13.5,5B0F0CD6-9472-513B-8A0D-37D7D3B992E8,,,,,,,,,,
1773942525,2m 45.0s,165.0,52.43631485,-2.58375739,85.3,98.4,30.0,265.3,996.8,7.606,8.500,-1.845,,-7.378,,-0.000,,1.19,0.00,256.0,256.0,,SMART_RTH,,,18,4,TRUE,,Mini 4 Pro,,,,,,FALSE,TRUE,,,,,,,,,,,,,,,,,,,,,,,,,,,,,,,,,,,,,,,,,,,,,,,,79.1,,,,8.026,,,,,,,6.438,,,,,,,,,,,,,,,,,,,,,,,,,,,,,,,,52.43618643,-2.58460000,193.2,,,,,,,,,,,,,,,,,,,,,,,,,,,,Mini 4 Pro,SYN6PPS8V3AE5EBC3,CAMTSC9LZW7MWSFCW,RCSXABFT7BSPJQMRD,BATZSZPBFBU78G5ZD,,,,,,,,Mini 4 Pro,SYN6PPS8V3AE5EBC3,,,,DJI Fly,,1.13.5,5B0F0CD6-9472-513B-8A0D-37D7D3B992E8,,,,,,,,,,
1773942526,2m 46.0s,166.0,52.43630744,-2.58380605,85.3,98.4,30.0,265.3,1007.9,7.606,8.500,-1.845,,-7.378,,-0.000,,1.19,0.00,256.0,256.0,,SMART_RTH,,,18,4,TRUE,,Mini 4 Pro,,,,,,FALSE,TRUE,,,,,,,,,,,,,,,,,,,,,,,,,,,,,,,,,,,,,,,,,,,,,,,,79.1,,,,8.025,,,,,,,6.438,,,,,,,,,,,,,,,,,,,,,,,,,,,,,,,,52.43618643,-2.58460000,182.0,,,,,,,,,,,,,,,,,,,,,,,,,,,,Mini 4 Pro,SYN6PPS8V3AE5EBC3,CAMTSC9LZW7MWSFCW,RCSXABFT7BSPJQMRD,BATZSZPBFBU78G5ZD,,,,,,,,Mini 4 Pro,SYN6PPS8V3AE5EBC3,,,,DJI Fly,,1.13.5,5B0F0CD6-9472-513B-8A0D-37D7D3B992E8,,,,,,,,,,
1773942527,2m 47.0s,167.0,52.43630002,-2.58385471,85.3,98.4,30.0,265.3,1019.1,7.606,8.500,-1.845,,-7.378,,-0.000,,1.19,0.00,256.0,256.0,,SMART_RTH,,,18,4,TRUE,,Mini 4 Pro,,,,,,FALSE,TRUE,,,,,,,,,,,,,,,,,,,,,,,,,,,,,,,,,,,,,,,,,,,,,,,,79.0,,,,8.025,,,,,,,6.438,,,,,,,,,,,,,,,,,,,,,,,,,,,,,,,,52.43618643,-2.58460000,170.9,,,,,,,,,,,,,,,,,,,,,,,,,,,,Mini 4 Pro,SYN6PPS8V3AE5EBC3,CAMTSC9LZW7MWSFCW,RCSXABFT7BSPJQMRD,BATZSZPBFBU78G5ZD,,,,,,,,Mini 4 Pro,SYN6PPS8V3AE5EBC3,,,,DJI Fly,,1.13.5,5B0F0CD6-9472-513B-8A0D-37D7D3B992E8,,,,,,,,,,
1773942528,2m 48.0s,168.0,52.43629261,-2.58390337,85.3,98.4,30.0,265.3,1030.2,7.606,8.500,-1.845,,-7.378,,-0.000,,1.19,0.00,256.0,256.0,,SMART_RTH,,,18,4,TRUE,,Mini 4 Pro,,,,,,FALSE,TRUE,,,,,,,,,,,,,,,,,,,,,,,,,,,,,,,,,,,,,,,,,,,,,,,,79.0,,,,8.024,,,,,,,6.438,,,,,,,,,,,,,,,,,,,,,,,,,,,,,,,,52.43618643,-2.58460000,159.7,,,,,,,,,,,,,,,,,,,,,,,,,,,,Mini 4 Pro,SYN6PPS8V3AE5EBC3,CAMTSC9LZW7MWSFCW,RCSXABFT7BSPJQMRD,BATZSZPBFBU78G5ZD,,,,,,,,Mini 4 Pro,SYN6PPS8V3AE5EBC3,,,,DJI Fly,,1.13.5,5B0F0CD6-9472-513B-8A0D-37D7D3B992E8,,,,,,,,,,
1773942529,2m 49.0s,169.0,52.43628519,-2.58395203,85.3,98.4,30.0,265.3,1041.4,7.606,8.500,-1.845,,-7.378,,-0.000,,1.19,0.00,256.0,256.0,,SMART_RTH,,,18,4,TRUE,,Mini 4 Pro,,,,,,FALSE,TRUE,,,,,,,,,,,,,,,,,,,,,,,,,,,,,,,,,,,,,,,,,,,,,,,,78.9,,,,8.023,,,,,,,6.438,,,,,,,,,,,,,,,,,,,,,,,,,,,,,,,,52.43618643,-2.58460000,148.5,,,,,,,,,,,,,,,,,,,,,,,,,,,,Mini 4 Pro,SYN6PPS8V3AE5EBC3,CAMTSC9LZW7MWSFCW,RCSXABFT7BSPJQMRD,BATZSZPBFBU78G5ZD,,,,,,,,Mini 4 Pro,SYN6PPS8V3AE5EBC3,,,,DJI Fly,,1.13.5,5B0F0CD6-9472-513B-8A0D-37D7D3B992E8,,,,,,,,,,
1773942530,2m 50.0s,170.0,52.43627777,-2.58400068,85.3,98.4,30.0,265.3,1052.5,7.606,8.500,-1.845,,-7.378,,-0.000,,1.19,0.00,256.0,256.0,,SMART_RTH,,,18,4,TRUE,,Mini 4 Pro,,,,,,FALSE,TRUE,,,,,,,,,,,,,,,,,,,,,,,,,,,,,,,,,,,,,,,,,,,,,,,,78.9,,,,8.023,,,,,,,6.438,,,,,,,,,,,,,,,,,,,,,,,,,,,,,,,,52.43618643,-2.58460000,137.4,,,,,,,,,,,,,,,,,,,,,,,,,,,,Mini 4 Pro,SYN6PPS8V3AE5EBC3,CAMTSC9LZW7MWSFCW,RCSXABFT7BSPJQMRD,BATZSZPBFBU78G5ZD,,,,,,,,Mini 4 Pro,SYN6PPS8V3AE5EBC3,,,,DJI Fly,,1.13.5,5B0F0CD6-9472-513B-8A0D-37D7D3B992E8,,,,,,,,,,
1773942531,2m 51.0s,171.0,52.43627036,-2.58404934,85.3,98.4,30.0,265.3,1063.7,7.606,8.500,-1.845,,-7.378,,-0.000,,1.19,0.00,256.0,256.0,,SMART_RTH,,,18,4,TRUE,,Mini 4 Pro,,,,,,FALSE,TRUE,,,,,,,,,,,,,,,,,,,,,,,,,,,,,,,,,,,,,,,,,,,,,,,,78.8,,,,8.022,,,,,,,6.438,,,,,,,,,,,,,,,,,,,,,,,,,,,,,,,,52.43618643,-2.58460000,126.2,,,,,,,,,,,,,,,,,,,,,,,,,,,,Mini 4 Pro,SYN6PPS8V3AE5EBC3,CAMTSC9LZW7MWSFCW,RCSXABFT7BSPJQMRD,BATZSZPBFBU78G5ZD,,,,,,,,Mini 4 Pro,SYN6PPS8V3AE5EBC3,,,,DJI Fly,,1.13.5,5B0F0CD6-9472-513B-8A0D-37D7D3B992E8,,,,,,,,,,
1773942532,2m 52.0s,172.0,52.43626294,-2.58409800,85.3,98.4,30.0,265.3,1074.8,7.606,8.500,-1.845,,-7.378,,-0.000,,1.19,0.00,256.0,256.0,,SMART_RTH,,,18,4,TRUE,,Mini 4 Pro,,,,,,FALSE,TRUE,,,,,,,,,,,,,,,,,,,,,,,,,,,,,,,,,,,,,,,,,,,,,,,,78.8,,,,8.021,,,,,,,6.438,,,,,,,,,,,,,,,,,,,,,,,,,,,,,,,,52.43618643,-2.58460000,115.1,,,,,,,,,,,,,,,,,,,,,,,,,,,,Mini 4 Pro,SYN6PPS8V3AE5EBC3,CAMTSC9LZW7MWSFCW,RCSXABFT7BSPJQMRD,BATZSZPBFBU78G5ZD,,,,,,,,Mini 4 Pro,SYN6PPS8V3AE5EBC3,,,,DJI Fly,,1.13.5,5B0F0CD6-9472-513B-8A0D-37D7D3B992E8,,,,,,,,,,
1773942533,2m 53.0s,173.0,52.43625553,-2.58414666,85.3,98.4,30.0,265.3,1086.0,7.606,8.500,-1.845,,-7.378,,-0.000,,1.19,0.00,256.0,256.0,,SMART_RTH,,,18,4,TRUE,,Mini 4 Pro,,,,,,FALSE,TRUE,,,,,,,,,,,,,,,,,,,,,,,,,,,,,,,,,,,,,,,,,,,,,,,,78.8,,,,8.021,,,,,,,6.438,,,,,,,,,,,,,,,,,,,,,,,,,,,,,,,,52.43618643,-2.58460000,103.9,,,,,,,,,,,,,,,,,,,,,,,,,,,,Mini 4 Pro,SYN6PPS8V3AE5EBC3,CAMTSC9LZW7MWSFCW,RCSXABFT7BSPJQMRD,BATZSZPBFBU78G5ZD,,,,,,,,Mini 4 Pro,SYN6PPS8V3AE5EBC3,,,,DJI Fly,,1.13.5,5B0F0CD6-9472-513B-8A0D-37D7D3B992E8,,,,,,,,,,
1773942535,2m 55.0s,175.0,52.43624069,-2.58424397,85.3,98.4,30.0,265.3,1108.3,7.606,8.500,-1.845,,-7.378,,-0.000,,1.19,0.00,256.0,256.0,,SMART_RTH,,,18,4,TRUE,,Mini 4 Pro,,,,,,FALSE,TRUE,,,,,,,,,,,,,,,,,,,,,,,,,,,,,,,,,,,,,,,,,,,,,,,,78.7,,,,8.019,,,,,,,6.438,,,,,,,,,,,,,,,,,,,,,,,,,,,,,,,,52.43618643,-2.58460000,81.6,,,,,,,,,,,,,,,,,,,,,,,,,,,,Mini 4 Pro,SYN6PPS8V3AE5EBC3,CAMTSC9LZW7MWSFCW,RCSXABFT7BSPJQMRD,BATZSZPBFBU78G5ZD,,,,,,,,Mini 4 Pro,SYN6PPS8V3AE5EBC3,,,,DJI Fly,,1.13.5,5B0F0CD6-9472-513B-8A0D-37D7D3B992E8,,,,,,,,,,
1773942536,2m 56.0s,176.0,52.43623328,-2.58429263,85.3,98.4,30.0,265.3,1119.5,7.606,8.500,-1.845,,-7.378,,-0.000,,1.19,0.00,256.0,256.0,,SMART_RTH,,,18,4,TRUE,,Mini 4 Pro,,,,,,FALSE,TRUE,,,,,,,,,,,,,,,,,,,,,,,,,,,,,,,,,,,,,,,,,,,,,,,,78.6,,,,8.019,,,,,,,6.438,,,,,,,,,,,,,,,,,,,,,,,,,,,,,,,,52.43618643,-2.58460000,70.5,,,,,,,,,,,,,,,,,,,,,,,,,,,,Mini 4 Pro,SYN6PPS8V3AE5EBC3,CAMTSC9LZW7MWSFCW,RCSXABFT7BSPJQMRD,BATZSZPBFBU78G5ZD,,,,,,,,Mini 4 Pro,SYN6PPS8V3AE5EBC3,,,,DJI Fly,,1.13.5,5B0F0CD6-9472-513B-8A0D-37D7D3B992E8,,,,,,,,,,
1773942537,2m 57.0s,177.0,52.43622586,-2.58434129,85.3,98.4,30.0,265.3,1130.6,7.606,8.500,-1.845,,-7.378,,-0.000,,1.19,0.00,256.0,256.0,,SMART_RTH,,,18,4,TRUE,,Mini 4 Pro,,,,,,FALSE,TRUE,,,,,,,,,,,,,,,,,,,,,,,,,,,,,,,,,,,,,,,,,,,,,,,,78.6,,,,8.018,,,,,,,6.438,,,,,,,,,,,,,,,,,,,,,,,,,,,,,,,,52.43618643,-2.58460000,59.3,,,,,,,,,,,,,,,,,,,,,,,,,,,,Mini 4 Pro,SYN6PPS8V3AE5EBC3,CAMTSC9LZW7MWSFCW,RCSXABFT7BSPJQMRD,BATZSZPBFBU78G5ZD,,,,,,,,Mini 4 Pro,SYN6PPS8V3AE5EBC3,,,,DJI Fly,,1.13.5,5B0F0CD6-9472-513B-8A0D-37D7D3B992E8,,,,,,,,,,
1773942539,2m 59.0s,179.0,52.43621103,-2.58443860,85.3,98.4,30.0,265.3,1152.9,7.606,8.500,-1.845,,-7.378,,-0.000,,1.19,0.00,256.0,256.0,,SMART_RTH,,,18,4,TRUE,,Mini 4 Pro,,,,,,FALSE,TRUE,,,,,,,,,,,,,,,,,,,,,,,,,,,,,,,,,,,,,,,,,,,,,,,,78.5,,,,8.017,,,,,,,6.438,,,,,,,,,,,,,,,,,,,,,,,,,,,,,,,,52.43618643,-2.58460000,37.0,,,,,,,,,,,,,,,,,,,,,,,,,,,,Mini 4 Pro,SYN6PPS8V3AE5EBC3,CAMTSC9LZW7MWSFCW,RCSXABFT7BSPJQMRD,BATZSZPBFBU78G5ZD,,,,,,,,Mini 4 Pro,SYN6PPS8V3AE5EBC3,,,,DJI Fly,,1.13.5,5B0F0CD6-9472-513B-8A0D-37D7D3B992E8,,,,,,,,,,
1773942540,3m 0.0s,180.0,52.43620361,-2.58448726,85.3,98.4,30.0,265.3,1164.1,7.606,8.500,-1.845,,-7.378,,-0.000,,1.19,0.00,256.0,256.0,,SMART_RTH,,,18,4,TRUE,,Mini 4 Pro,,,,,,FALSE,TRUE,,,,,,,,,,,,,,,,,,,,,,,,,,,,,,,,,,,,,,,,,,,,,,,,78.5,,,,8.016,,,,,,,6.438,,,,,,,,,,,,,,,,,,,,,,,,,,,,,,,,52.43618643,-2.58460000,25.8,,,,,,,,,,,,,,,,,,,,,,,,,,,,Mini 4 Pro,SYN6PPS8V3AE5EBC3,CAMTSC9LZW7MWSFCW,RCSXABFT7BSPJQMRD,BATZSZPBFBU78G5ZD,,,,,,,,Mini 4 Pro,SYN6PPS8V3AE5EBC3,,,,DJI Fly,,1.13.5,5B0F0CD6-9472-513B-8A0D-37D7D3B992E8,,,,,,,,,,
1773942541,3m 1.0s,181.0,52.43619620,-2.58453592,85.3,98.4,30.0,265.3,1175.2,7.606,8.500,-1.845,,-7.378,,-0.000,,1.19,0.00,256.0,256.0,,SMART_RTH,,,18,4,TRUE,,Mini 4 Pro,,,,,,FALSE,TRUE,,,,,,,,,,,,,,,,,,,,,,,,,,,,,,,,,,,,,,,,,,,,,,,,78.4,,,,8.016,,,,,,,6.438,,,,,,,,,,,,,,,,,,,,,,,,,,,,,,,,52.43618643,-2.58460000,14.7,,,,,,,,,,,,,,,,,,,,,,,,,,,,Mini 4 Pro,SYN6PPS8V3AE5EBC3,CAMTSC9LZW7MWSFCW,RCSXABFT7BSPJQMRD,BATZSZPBFBU78G5ZD,,,,,,,,Mini 4 Pro,SYN6PPS8V3AE5EBC3,,,,DJI Fly,,1.13.5,5B0F0CD6-9472-513B-8A0D-37D7D3B992E8,,,,,,,,,,
1773942542,3m 2.0s,182.0,52.43618878,-2.58458458,85.3,98.4,30.0,265.3,1186.4,7.606,8.500,-1.845,,-7.378,,-0.000,,1.19,0.00,256.0,256.0,,SMART_RTH,,,18,4,TRUE,,Mini 4 Pro,,,,,,FALSE,TRUE,,,,,,,,,,,,,,,,,,,,,,,,,,,,,,,,,,,,,,,,,,,,,,,,78.4,,,,8.015,,,,,,,6.438,,,,,,,,,,,,,,,,,,,,,,,,,,,,,,,,52.43618643,-2.58460000,3.5,,,,,,,,,,,,,,,,,,,,,,,,,,,,Mini 4 Pro,SYN6PPS8V3AE5EBC3,CAMTSC9LZW7MWSFCW,RCSXABFT7BSPJQMRD,BATZSZPBFBU78G5ZD,,,,,,,,Mini 4 Pro,SYN6PPS8V3AE5EBC3,,,,DJI Fly,,1.13.5,5B0F0CD6-9472-513B-8A0D-37D7D3B992E8,,,,,,,,,,
1773942543,3m 3.0s,183.0,52.43618643,-2.58460000,85.3,98.4,30.0,265.3,1189.9,2.411,8.500,-0.585,,-2.339,,-0.000,,0.38,0.00,256.0,256.0,,SMART_RTH,,,18,4,TRUE,,Mini 4 Pro,,,,,,FALSE,TRUE,,,,,,,,,,,,,,,,,,,,,,,,,,,,,,,,,,,,,,,,,,,,,,,,78.3,,,,8.014,,,,,,,5.161,,,,,,,,,,,,,,,,,,,,,,,,,,,,,,,,52.43618643,-2.58460000,0.0,,,,,,,,,,,,,,,,,,,,,,,,,,,,Mini 4 Pro,SYN6PPS8V3AE5EBC3,CAMTSC9LZW7MWSFCW,RCSXABFT7BSPJQMRD,BATZSZPBFBU78G5ZD,,,,,,,,Mini 4 Pro,SYN6PPS8V3AE5EBC3,,,,DJI Fly,,1.13.5,5B0F0CD6-9472-513B-8A0D-37D7D3B992E8,,,,,,,,,,
1773942544,3m 4.0s,184.0,52.43618643,-2.58460000,85.3,98.4,30.0,265.3,1189.9,0.000,8.500,0.000,,0.000,,-0.000,,0.00,0.00,256.0,256.0,,SMART_RTH,,,18,4,TRUE,,Mini 4 Pro,,,,,,FALSE,TRUE,,,,,,,,,,,,,,,,,,,,,,,,,,,,,,,,,,,,,,,,,,,,,,,,78.3,,,,8.014,,,,,,,4.568,,,,,,,,,,,,,,,,,,,,,,,,,,,,,,,,52.43618643,-2.58460000,0.0,,,,,,,,,,,,,,,,,,,,,,,,,,,,Mini 4 Pro,SYN6PPS8V3AE5EBC3,CAMTSC9LZW7MWSFCW,RCSXABFT7BSPJQMRD,BATZSZPBFBU78G5ZD,,,,,,,,Mini 4 Pro,SYN6PPS8V3AE5EBC3,,,,DJI Fly,,1.13.5,5B0F0CD6-9472-513B-8A0D-37D7D3B992E8,,,,,,,,,,
1773942545,3m 5.0s,185.0,52.43618643,-2.58460000,85.3,98.4,30.0,265.3,1189.9,0.000,8.500,0.000,,0.000,,-0.000,,0.00,0.00,256.0,256.0,,SMART_RTH,,,18,4,TRUE,,Mini 4 Pro,,,,,,FALSE,TRUE,,,,,,,,,,,,,,,,,,,,,,,,,,,,,,,,,,,,,,,,,,,,,,,,78.3,,,,8.013,,,,,,,4.568,,,,,,,,,,,,,,,,,,,,,,,,,,,,,,,,52.43618643,-2.58460000,0.0,,,,,,,,,,,,,,,,,,,,,,,,,,,,Mini 4 Pro,SYN6PPS8V3AE5EBC3,CAMTSC9LZW7MWSFCW,RCSXABFT7BSPJQMRD,BATZSZPBFBU78G5ZD,,,,,,,,Mini 4 Pro,SYN6PPS8V3AE5EBC3,,,,DJI Fly,,1.13.5,5B0F0CD6-9472-513B-8A0D-37D7D3B992E8,,,,,,,,,,
1773942546,3m 6.0s,186.0,52.43618643,-2.58460000,85.3,98.4,30.0,265.3,1189.9,0.000,8.500,0.000,,0.000,,-0.000,,0.00,0.00,256.0,256.0,,SMART_RTH,,,18,4,TRUE,,Mini 4 Pro,,,,,,FALSE,TRUE,,,,,,,,,,,,,,,,,,,,,,,,,,,,,,,,,,,,,,,,,,,,,,,,78.2,,,,8.012,,,,,,,4.568,,,,,,,,,,,,,,,,,,,,,,,,,,,,,,,,52.43618643,-2.58460000,0.0,,,,,,,,,,,,,,,,,,,,,,,,,,,,Mini 4 Pro,SYN6PPS8V3AE5EBC3,CAMTSC9LZW7MWSFCW,RCSXABFT7BSPJQMRD,BATZSZPBFBU78G5ZD,,,,,,,,Mini 4 Pro,SYN6PPS8V3AE5EBC3,,,,DJI Fly,,1.13.5,5B0F0CD6-9472-513B-8A0D-37D7D3B992E8,,,,,,,,,,
1773942547,3m 7.0s,187.0,52.43618643,-2.58460000,85.3,98.4,30.0,265.3,1189.9,0.000,8.500,0.000,,0.000,,-0.000,,0.00,0.00,256.0,256.0,,SMART_RTH,,,18,4,TRUE,,Mini 4 Pro,,,,,,FALSE,TRUE,,,,,,,,,,,,,,,,,,,,,,,,,,,,,,,,,,,,,,,,,,,,,,,,78.2,,,,8.012,,,,,,,4.568,,,,,,,,,,,,,,,,,,,,,,,,,,,,,,,,52.43618643,-2.58460000,0.0,,,,,,,,,,,,,,,,,,,,,,,,,,,,Mini 4 Pro,SYN6PPS8V3AE5EBC3,CAMTSC9LZW7MWSFCW,RCSXABFT7BSPJQMRD,BATZSZPBFBU78G5ZD,,,,,,,,Mini 4 Pro,SYN6PPS8V3AE5EBC3,,,,DJI Fly,,1.13.5,5B0F0CD6-9472-513B-8A0D-37D7D3B992E8,,,,,,,,,,
1773942548,3m 8.0s,188.0,52.43618643,-2.58460000,85.3,98.4,30.0,265.3,1189.9,0.000,8.500,0.000,,0.000,,-0.000,,0.00,0.00,256.0,256.0,,SMART_RTH,,,18,4,TRUE,,Mini 4 Pro,,,,,,FALSE,TRUE,,,,,,,,,,,,,,,,,,,,,,,,,,,,,,,,,,,,,,,,,,,,,,,,78.1,,,,8.011,,,,,,,4.568,,,,,,,,,,,,,,,,,,,,,,,,,,,,,,,,52.43618643,-2.58460000,0.0,,,,,,,,,,,,,,,,,,,,,,,,,,,,Mini 4 Pro,SYN6PPS8V3AE5EBC3,CAMTSC9LZW7MWSFCW,RCSXABFT7BSPJQMRD,BATZSZPBFBU78G5ZD,,,,,,,,Mini 4 Pro,SYN6PPS8V3AE5EBC3,,,,DJI Fly,,1.13.5,5B0F0CD6-9472-513B-8A0D-37D7D3B992E8,,,,,,,,,,
1773942549,3m 9.0s,189.0,52.43618643,-2.58460000,85.3,98.4,30.0,265.3,1189.9,0.000,8.500,0.000,,0.000,,-0.000,,0.00,0.00,256.0,256.0,,SMART_RTH,,,18,4,TRUE,,Mini 4 Pro,,,,,,FALSE,TRUE,,,,,,,,,,,,,,,,,,,,,,,,,,,,,,,,,,,,,,,,,,,,,,,,78.1,,,,8.010,,,,,,,4.568,,,,,,,,,,,,,,,,,,,,,,,,,,,,,,,,52.43618643,-2.58460000,0.0,,,,,,,,,,,,,,,,,,,,,,,,,,,,Mini 4 Pro,SYN6PPS8V3AE5EBC3,CAMTSC9LZW7MWSFCW,RCSXABFT7BSPJQMRD,BATZSZPBFBU78G5ZD,,,,,,,,Mini 4 Pro,SYN6PPS8V3AE5EBC3,,,,DJI Fly,,1.13.5,5B0F0CD6-9472-513B-8A0D-37D7D3B992E8,,,,,,,,,,
1773942550,3m 10.0s,190.0,52.43618643,-2.58460000,85.3,98.4,30.0,265.3,1189.9,0.000,8.500,0.000,,0.000,,-0.000,,0.00,0.00,256.0,256.0,,SMART_RTH,,,18,4,TRUE,,Mini 4 Pro,,,,,,FALSE,TRUE,,,,,,,,,,,,,,,,,,,,,,,,,,,,,,,,,,,,,,,,,,,,,,,,78.0,,,,8.010,,,,,,,4.568,,,,,,,,,,,,,,,,,,,,,,,,,,,,,,,,52.43618643,-2.58460000,0.0,,,,,,,,,,,,,,,,,,,,,,,,,,,,Mini 4 Pro,SYN6PPS8V3AE5EBC3,CAMTSC9LZW7MWSFCW,RCSXABFT7BSPJQMRD,BATZSZPBFBU78G5ZD,,,,,,,,Mini 4 Pro,SYN6PPS8V3AE5EBC3,,,,DJI Fly,,1.13.5,5B0F0CD6-9472-513B-8A0D-37D7D3B992E8,,,,,,,,,,
1773942551,3m 11.0s,191.0,52.43618643,-2.58460000,85.3,98.4,30.0,265.3,1189.9,0.000,8.500,0.000,,0.000,,-0.000,,0.00,0.00,256.0,256.0,,SMART_RTH,,,18,4,TRUE,,Mini 4 Pro,,,,,,FALSE,TRUE,,,,,,,,,,,,,,,,,,,,,,,,,,,,,,,,,,,,,,,,,,,,,,,,78.0,,,,8.009,,,,,,,4.568,,,,,,,,,,,,,,,,,,,,,,,,,,,,,,,,52.43618643,-2.58460000,0.0,,,,,,,,,,,,,,,,,,,,,,,,,,,,Mini 4 Pro,SYN6PPS8V3AE5EBC3,CAMTSC9LZW7MWSFCW,RCSXABFT7BSPJQMRD,BATZSZPBFBU78G5ZD,,,,,,,,Mini 4 Pro,SYN6PPS8V3AE5EBC3,,,,DJI Fly,,1.13.5,5B0F0CD6-9472-513B-8A0D-37D7D3B992E8,,,,,,,,,,
1773942552,3m 12.0s,192.0,52.43618643,-2.58460000,85.3,98.4,30.0,265.3,1189.9,0.000,8.500,0.000,,0.000,,-0.000,,0.00,0.00,256.0,256.0,,SMART_RTH,,,18,4,TRUE,,Mini 4 Pro,,,,,,FALSE,TRUE,,,,,,,,,,,,,,,,,,,,,,,,,,,,,,,,,,,,,,,,,,,,,,,,78.0,,,,8.008,,,,,,,4.568,,,,,,,,,,,,,,,,,,,,,,,,,,,,,,,,52.43618643,-2.58460000,0.0,,,,,,,,,,,,,,,,,,,,,,,,,,,,Mini 4 Pro,SYN6PPS8V3AE5EBC3,CAMTSC9LZW7MWSFCW,RCSXABFT7BSPJQMRD,BATZSZPBFBU78G5ZD,,,,,,,,Mini 4 Pro,SYN6PPS8V3AE5EBC3,,,,DJI Fly,,1.13.5,5B0F0CD6-9472-513B-8A0D-37D7D3B992E8,,,,,,,,,,
1773942553,3m 13.0s,193.0,52.43618643,-2.58460000,80.1,98.4,30.0,260.1,1189.9,0.000,8.500,0.000,,0.000,,3.579,,-6.40,0.00,256.0,256.0,,LANDING,,,18,4,TRUE,,Mini 4 Pro,,,,,,FALSE,TRUE,,,,,,,,,,,,,,,,,,,,,,,,,,,,,,,,,,,,,,,,,,,,,,,,77.9,,,,8.008,,,,,,,4.568,,,,,,,,,,,,,,,,,,,,,,,,,,,,,,,,52.43618643,-2.58460000,0.0,,,,,,,,,,,,,,,,,,,,,,,,,,,,Mini 4 Pro,SYN6PPS8V3AE5EBC3,CAMTSC9LZW7MWSFCW,RCSXABFT7BSPJQMRD,BATZSZPBFBU78G5ZD,,,,,,,,Mini 4 Pro,SYN6PPS8V3AE5EBC3,,,,DJI Fly,,1.13.5,5B0F0CD6-9472-513B-8A0D-37D7D3B992E8,,,,,,,,,,
1773942554,3m 14.0s,194.0,52.43618643,-2.58460000,74.8,98.4,30.0,254.8,1189.9,0.000,8.500,0.000,,0.000,,3.579,,-6.40,0.00,256.0,256.0,,LANDING,,,18,4,TRUE,,Mini 4 Pro,,,,,,FALSE,TRUE,,,,,,,,,,,,,,,,,,,,,,,,,,,,,,,,,,,,,,,,,,,,,,,,77.9,,,,8.007,,,,,,,4.568,,,,,,,,,,,,,,,,,,,,,,,,,,,,,,,,52.43618643,-2.58460000,0.0,,,,,,,,,,,,,,,,,,,,,,,,,,,,Mini 4 Pro,SYN6PPS8V3AE5EBC3,CAMTSC9LZW7MWSFCW,RCSXABFT7BSPJQMRD,BATZSZPBFBU78G5ZD,,,,,,,,Mini 4 Pro,SYN6PPS8V3AE5EBC3,,,,DJI Fly,,1.13.5,5B0F0CD6-9472-513B-8A0D-37D7D3B992E8,,,,,,,,,,
1773942555,3m 15.0s,195.0,52.43618643,-2.58460000,69.6,98.4,30.0,249.6,1189.9,0.000,8.500,0.000,,0.000,,3.579,,-6.40,0.00,256.0,256.0,,LANDING,,,18,4,TRUE,,Mini 4 Pro,,,,,,FALSE,TRUE,,,,,,,,,,,,,,,,,,,,,,,,,,,,,,,,,,,,,,,,,,,,,,,,77.8,,,,8.006,,,,,,,4.568,,,,,,,,,,,,,,,,,,,,,,,,,,,,,,,,52.43618643,-2.58460000,0.0,,,,,,,,,,,,,,,,,,,,,,,,,,,,Mini 4 Pro,SYN6PPS8V3AE5EBC3,CAMTSC9LZW7MWSFCW,RCSXABFT7BSPJQMRD,BATZSZPBFBU78G5ZD,,,,,,,,Mini 4 Pro,SYN6PPS8V3AE5EBC3,,,,DJI Fly,,1.13.5,5B0F0CD6-9472-513B-8A0D-37D7D3B992E8,,,,,,,,,,
1773942557,3m 17.0s,197.0,52.43618643,-2.58460000,59.1,98.4,30.0,239.1,1189.9,0.000,8.500,0.000,,0.000,,3.579,,-6.40,0.00,256.0,256.0,,LANDING,,,18,4,TRUE,,Mini 4 Pro,,,,,,FALSE,TRUE,,,,,,,,,,,,,,,,,,,,,,,,,,,,,,,,,,,,,,,,,,,,,,,,77.8,,,,8.005,,,,,,,4.568,,,,,,,,,,,,,,,,,,,,,,,,,,,,,,,,52.43618643,-2.58460000,0.0,,,,,,,,,,,,,,,,,,,,,,,,,,,,Mini 4 Pro,SYN6PPS8V3AE5EBC3,CAMTSC9LZW7MWSFCW,RCSXABFT7BSPJQMRD,BATZSZPBFBU78G5ZD,,,,,,,,Mini 4 Pro,SYN6PPS8V3AE5EBC3,,,,DJI Fly,,1.13.5,5B0F0CD6-9472-513B-8A0D-37D7D3B992E8,,,,,,,,,,
1773942558,3m 18.0s,198.0,52.43618643,-2.58460000,53.8,98.4,30.0,233.8,1189.9,0.000,8.500,0.000,,0.000,,3.579,,-6.40,0.00,256.0,256.0,,LANDING,,,18,4,TRUE,,Mini 4 Pro,,,,,,FALSE,TRUE,,,,,,,,,,,,,,,,,,,,,,,,,,,,,,,,,,,,,,,,,,,,,,,,77.7,,,,8.005,,,,,,,4.568,,,,,,,,,,,,,,,,,,,,,,,,,,,,,,,,52.43618643,-2.58460000,0.0,,,,,,,,,,,,,,,,,,,,,,,,,,,,Mini 4 Pro,SYN6PPS8V3AE5EBC3,CAMTSC9LZW7MWSFCW,RCSXABFT7BSPJQMRD,BATZSZPBFBU78G5ZD,,,,,,,,Mini 4 Pro,SYN6PPS8V3AE5EBC3,,,,DJI Fly,,1.13.5,5B0F0CD6-9472-513B-8A0D-37D7D3B992E8,,,,,,,,,,
1773942559,3m 19.0s,199.0,52.43618643,-2.58460000,48.6,98.4,30.0,228.6,1189.9,0.000,8.500,0.000,,0.000,,3.579,,-6.40,0.00,256.0,256.0,,LANDING,,,18,4,TRUE,,Mini 4 Pro,,,,,,FALSE,TRUE,,,,,,,,,,,,,,,,,,,,,,,,,,,,,,,,,,,,,,,,,,,,,,,,77.7,,,,8.004,,,,,,,4.568,,,,,,,,,,,,,,,,,,,,,,,,,,,,,,,,52.43618643,-2.58460000,0.0,,,,,,,,,,,,,,,,,,,,,,,,,,,,Mini 4 Pro,SYN6PPS8V3AE5EBC3,CAMTSC9LZW7MWSFCW,RCSXABFT7BSPJQMRD,BATZSZPBFBU78G5ZD,,,,,,,,Mini 4 Pro,SYN6PPS8V3AE5EBC3,,,,DJI Fly,,1.13.5,5B0F0CD6-9472-513B-8A0D-37D7D3B992E8,,,,,,,,,,
1773942560,3m 20.0s,200.0,52.43618643,-2.58460000,43.3,98.4,30.0,223.3,1189.9,0.000,8.500,0.000,,0.000,,3.579,,-6.40,0.00,256.0,256.0,,LANDING,,,18,4,TRUE,,Mini 4 Pro,,,,,,FALSE,TRUE,,,,,,,,,,,,,,,,,,,,,,,,,,,,,,,,,,,,,,,,,,,,,,,,77.6,,,,8.003,,,,,,,4.568,,,,,,,,,,,,,,,,,,,,,,,,,,,,,,,,52.43618643,-2.58460000,0.0,,,,,,,,,,,,,,,,,,,,,,,,,,,,Mini 4 Pro,SYN6PPS8V3AE5EBC3,CAMTSC9LZW7MWSFCW,RCSXABFT7BSPJQMRD,BATZSZPBFBU78G5ZD,,,,,,,,Mini 4 Pro,SYN6PPS8V3AE5EBC3,,,,DJI Fly,,1.13.5,5B0F0CD6-9472-513B-8A0D-37D7D3B992E8,,,,,,,,,,
1773942561,3m 21.0s,201.0,52.43618643,-2.58460000,38.1,98.4,30.0,218.1,1189.9,0.000,8.500,0.000,,0.000,,3.579,,-6.40,0.00,256.0,256.0,,LANDING,,,18,4,TRUE,,Mini 4 Pro,,,,,,FALSE,TRUE,,,,,,,,,,,,,,,,,,,,,,,,,,,,,,,,,,,,,,,,,,,,,,,,77.6,,,,8.003,,,,,,,4.568,,,,,,,,,,,,,,,,,,,,,,,,,,,,,,,,52.43618643,-2.58460000,0.0,,,,,,,,,,,,,,,,,,,,,,,,,,,,Mini 4 Pro,SYN6PPS8V3AE5EBC3,CAMTSC9LZW7MWSFCW,RCSXABFT7BSPJQMRD,BATZSZPBFBU78G5ZD,,,,,,,,Mini 4 Pro,SYN6PPS8V3AE5EBC3,,,,DJI Fly,,1.13.5,5B0F0CD6-9472-513B-8A0D-37D7D3B992E8,,,,,,,,,,
1773942562,3m 22.0s,202.0,52.43618643,-2.58460000,32.8,98.4,30.0,212.8,1189.9,0.000,8.500,0.000,,0.000,,3.579,,-6.40,0.00,256.0,256.0,,LANDING,,,18,4,TRUE,,Mini 4 Pro,,,,,,FALSE,TRUE,,,,,,,,,,,,,,,,,,,,,,,,,,,,,,,,,,,,,,,,,,,,,,,,77.5,,,,8.002,,,,,,,4.568,,,,,,,,,,,,,,,,,,,,,,,,,,,,,,,,52.43618643,-2.58460000,0.0,,,,,,,,,,,,,,,,,,,,,,,,,,,,Mini 4 Pro,SYN6PPS8V3AE5EBC3,CAMTSC9LZW7MWSFCW,RCSXABFT7BSPJQMRD,BATZSZPBFBU78G5ZD,,,,,,,,Mini 4 Pro,SYN6PPS8V3AE5EBC3,,,,DJI Fly,,1.13.5,5B0F0CD6-9472-513B-8A0D-37D7D3B992E8,,,,,,,,,,
1773942563,3m 23.0s,203.0,52.43618643,-2.58460000,27.6,98.4,27.6,207.6,1189.9,0.000,8.500,0.000,,0.000,,3.579,,-6.40,0.00,256.0,256.0,,LANDING,,,18,4,TRUE,,Mini 4 Pro,,,,,,FALSE,TRUE,,,,,,,,,,,,,,,,,,,,,,,,,,,,,,,,,,,,,,,,,,,,,,,,77.5,,,,8.001,,,,,,,4.568,,,,,,,,,,,,,,,,,,,,,,,,,,,,,,,,52.43618643,-2.58460000,0.0,,,,,,,,,,,,,,,,,,,,,,,,,,,,Mini 4 Pro,SYN6PPS8V3AE5EBC3,CAMTSC9LZW7MWSFCW,RCSXABFT7BSPJQMRD,BATZSZPBFBU78G5ZD,,,,,,,,Mini 4 Pro,SYN6PPS8V3AE5EBC3,,,,DJI Fly,,1.13.5,5B0F0CD6-9472-513B-8A0D-37D7D3B992E8,,,,,,,,,,
1773942564,3m 24.0s,204.0,52.43618643,-2.58460000,22.3,98.4,22.3,202.3,1189.9,0.000,8.500,0.000,,0.000,,3.579,,-6.40,0.00,256.0,256.0,,LANDING,,,18,4,TRUE,,Mini 4 Pro,,,,,,FALSE,TRUE,,,,,,,,,,,,,,,,,,,,,,,,,,,,,,,,,,,,,,,,,,,,,,,,77.5,,,,8.001,,,,,,,4.568,,,,,,,,,,,,,,,,,,,,,,,,,,,,,,,,52.43618643,-2.58460000,0.0,,,,,,,,,,,,,,,,,,,,,,,,,,,,Mini 4 Pro,SYN6PPS8V3AE5EBC3,CAMTSC9LZW7MWSFCW,RCSXABFT7BSPJQMRD,BATZSZPBFBU78G5ZD,,,,,,,,Mini 4 Pro,SYN6PPS8V3AE5EBC3,,,,DJI Fly,,1.13.5,5B0F0CD6-9472-513B-8A0D-37D7D3B992E8,,,,,,,,,,
1773942565,3m 25.0s,205.0,52.43618643,-2.58460000,17.1,98.4,17.1,197.1,1189.9,0.000,8.500,0.000,,0.000,,3.579,,-6.40,0.00,256.0,256.0,,LANDING,,,18,4,TRUE,,Mini 4 Pro,,,,,,FALSE,TRUE,,,,,,,,,,,,,,,,,,,,,,,,,,,,,,,,,,,,,,,,,,,,,,,,77.4,,,,8.000,,,,,,,4.568,,,,,,,,,,,,,,,,,,,,,,,,,,,,,,,,52.43618643,-2.58460000,0.0,,,,,,,,,,,,,,,,,,,,,,,,,,,,Mini 4 Pro,SYN6PPS8V3AE5EBC3,CAMTSC9LZW7MWSFCW,RCSXABFT7BSPJQMRD,BATZSZPBFBU78G5ZD,,,,,,,,Mini 4 Pro,SYN6PPS8V3AE5EBC3,,,,DJI Fly,,1.13.5,5B0F0CD6-9472-513B-8A0D-37D7D3B992E8,,,,,,,,,,
1773942566,3m 26.0s,206.0,52.43618643,-2.58460000,11.8,98.4,11.8,191.8,1189.9,0.000,8.500,0.000,,0.000,,3.579,,-6.40,0.00,256.0,256.0,,LANDING,,,18,4,TRUE,,Mini 4 Pro,,,,,,FALSE,TRUE,,,,,,,,,,,,,,,,,,,,,,,,,,,,,,,,,,,,,,,,,,,,,,,,77.4,,,,7.999,,,,,,,4.568,,,,,,,,,,,,,,,,,,,,,,,,,,,,,,,,52.43618643,-2.58460000,0.0,,,,,,,,,,,,,,,,,,,,,,,,,,,,Mini 4 Pro,SYN6PPS8V3AE5EBC3,CAMTSC9LZW7MWSFCW,RCSXABFT7BSPJQMRD,BATZSZPBFBU78G5ZD,,,,,,,,Mini 4 Pro,SYN6PPS8V3AE5EBC3,,,,DJI Fly,,1.13.5,5B0F0CD6-9472-513B-8A0D-37D7D3B992E8,,,,,,,,,,
1773942567,3m 27.0s,207.0,52.43618643,-2.58460000,6.6,98.4,6.6,186.6,1189.9,0.000,8.500,0.000,,0.000,,3.579,,-6.40,0.00,256.0,256.0,,LANDING,,,18,4,TRUE,,Mini 4 Pro,,,,,,FALSE,TRUE,,,,,,,,,,,,,,,,,,,,,,,,,,,,,,,,,,,,,,,,,,,,,,,,77.3,,,,7.999,,,,,,,4.568,,,,,,,,,,,,,,,,,,,,,,,,,,,,,,,,52.43618643,-2.58460000,0.0,,,,,,,,,,,,,,,,,,,,,,,,,,,,Mini 4 Pro,SYN6PPS8V3AE5EBC3,CAMTSC9LZW7MWSFCW,RCSXABFT7BSPJQMRD,BATZSZPBFBU78G5ZD,,,,,,,,Mini 4 Pro,SYN6PPS8V3AE5EBC3,,,,DJI Fly,,1.13.5,5B0F0CD6-9472-513B-8A0D-37D7D3B992E8,,,,,,,,,,
1773942568,3m 28.0s,208.0,52.43618643,-2.58460000,1.3,98.4,1.3,181.3,1189.9,0.000,8.500,0.000,,0.000,,3.579,,-6.40,0.00,256.0,256.0,,LANDING,,,18,4,TRUE,,Mini 4 Pro,,,,,,FALSE,TRUE,,,,,,,,,,,,,,,,,,,,,,,,,,,,,,,,,,,,,,,,,,,,,,,,77.3,,,,7.998,,,,,,,4.568,,,,,,,,,,,,,,,,,,,,,,,,,,,,,,,,52.43618643,-2.58460000,0.0,,,,,,,,,,,,,,,,,,,,,,,,,,,,Mini 4 Pro,SYN6PPS8V3AE5EBC3,CAMTSC9LZW7MWSFCW,RCSXABFT7BSPJQMRD,BATZSZPBFBU78G5ZD,,,,,,,,Mini 4 Pro,SYN6PPS8V3AE5EBC3,,,,DJI Fly,,1.13.5,5B0F0CD6-9472-513B-8A0D-37D7D3B992E8,,,,,,,,,,
1773942569,3m 29.0s,209.0,52.43618643,-2.58460000,0.0,98.4,0.0,180.0,1189.9,0.000,8.500,0.000,,0.000,,-0.000,,0.20,0.10,256.0,256.0,,LAND,,,18,4,TRUE,,Mini 4 Pro,,,,,,TRUE,TRUE,,,,,,,,,,,,,,,,,,,,,,,,,,,,,,,,,,,,,,,,,,,,,,,,77.3,,,,7.997,,,,,,,4.568,,,,,,,,,,,,,,,,,,,,,,,,,,,,,,,,52.43618643,-2.58460000,0.0,,,,,,,,,,,,,,,,,,,,,,,,,,,,Mini 4 Pro,SYN6PPS8V3AE5EBC3,CAMTSC9LZW7MWSFCW,RCSXABFT7BSPJQMRD,BATZSZPBFBU78G5ZD,,,,,,,,Mini 4 Pro,SYN6PPS8V3AE5EBC3,,,,DJI Fly,,1.13.5,5B0F0CD6-9472-513B-8A0D-37D7D3B992E8,,,,,,,,,,
1773942570,3m 30.0s,210.0,52.43618643,-2.58460000,0.0,98.4,0.0,180.0,1189.9,0.000,8.500,0.000,,0.000,,-0.000,,0.20,0.10,256.0,256.0,,LAND,,,18,4,TRUE,,Mini 4 Pro,,,,,,TRUE,TRUE,,,,,,,,,,,,,,,,,,,,,,,,,,,,,,,,,,,,,,,,,,,,,,,,77.2,,,,7.997,,,,,,,4.568,,,,,,,,,,,,,,,,,,,,,,,,,,,,,,,,52.43618643,-2.58460000,0.0,,,,,,,,,,,,,,,,,,,,,,,,,,,,Mini 4 Pro,SYN6PPS8V3AE5EBC3,CAMTSC9LZW7MWSFCW,RCSXABFT7BSPJQMRD,BATZSZPBFBU78G5ZD,,,,,,,,Mini 4 Pro,SYN6PPS8V3AE5EBC3,,,,DJI Fly,,1.13.5,5B0F0CD6-9472-513B-8A0D-37D7D3B992E8,,,,,,,,,,
1773942571,3m 31.0s,211.0,52.43618643,-2.58460000,0.0,98.4,0.0,180.0,1189.9,0.000,8.500,0.000,,0.000,,-0.000,,0.20,0.10,256.0,256.0,,LAND,,,18,4,TRUE,,Mini 4 Pro,,,,,,TRUE,TRUE,,,,,,,,,,,,,,,,,,,,,,,,,,,,,,,,,,,,,,,,,,,,,,,,77.2,,,,7.996,,,,,,,4.568,,,,,,,,,,,,,,,,,,,,,,,,,,,,,,,,52.43618643,-2.58460000,0.0,,,,,,,,,,,,,,,,,,,,,,,,,,,,Mini 4 Pro,SYN6PPS8V3AE5EBC3,CAMTSC9LZW7MWSFCW,RCSXABFT7BSPJQMRD,BATZSZPBFBU78G5ZD,,,,,,,,Mini 4 Pro,SYN6PPS8V3AE5EBC3,,,,DJI Fly,,1.13.5,5B0F0CD6-9472-513B-8A0D-37D7D3B992E8,,,,,,,,,,
1773942572,3m 32.0s,212.0,52.43618643,-2.58460000,0.0,98.4,0.0,180.0,1189.9,0.000,8.500,0.000,,0.000,,-0.000,,0.20,0.10,256.0,256.0,,LAND,,,18,4,TRUE,,Mini 4 Pro,,,,,,TRUE,TRUE,,,,,,,,,,,,,,,,,,,,,,,,,,,,,,,,,,,,,,,,,,,,,,,,77.1,,,,7.995,,,,,,,4.568,,,,,,,,,,,,,,,,,,,,,,,,,,,,,,,,52.43618643,-2.58460000,0.0,,,,,,,,,,,,,,,,,,,,,,,,,,,,Mini 4 Pro,SYN6PPS8V3AE5EBC3,CAMTSC9LZW7MWSFCW,RCSXABFT7BSPJQMRD,BATZSZPBFBU78G5ZD,,,,,,,,Mini 4 Pro,SYN6PPS8V3AE5EBC3,,,,DJI Fly,,1.13.5,5B0F0CD6-9472-513B-8A0D-37D7D3B992E8,,,,,,,,,,
1773942573,3m 33.0s,213.0,52.43618643,-2.58460000,0.0,98.4,0.0,180.0,1189.9,0.000,8.500,0.000,,0.000,,-0.000,,0.20,0.10,256.0,256.0,,LAND,,,18,4,TRUE,,Mini 4 Pro,,,,,,TRUE,TRUE,,,,,,,,,,,,,,,,,,,,,,,,,,,,,,,,,,,,,,,,,,,,,,,,77.1,,,,7.995,,,,,,,4.568,,,,,,,,,,,,,,,,,,,,,,,,,,,,,,,,52.43618643,-2.58460000,0.0,,,,,,,,,,,,,,,,,,,,,,,,,,,,Mini 4 Pro,SYN6PPS8V3AE5EBC3,CAMTSC9LZW7MWSFCW,RCSXABFT7BSPJQMRD,BATZSZPBFBU78G5ZD,,,,,,,,Mini 4 Pro,SYN6PPS8V3AE5EBC3,,,,DJI Fly,,1.13.5,5B0F0CD6-9472-513B-8A0D-37D7D3B992E8,,,,,,,,,,
1773942574,3m 34.0s,214.0,52.43618643,-2.58460000,0.0,98.4,0.0,180.0,1189.9,0.000,8.500,0.000,,0.000,,-0.000,,0.20,0.10,256.0,256.0,,LAND,,,18,4,TRUE,,Mini 4 Pro,,,,,,TRUE,TRUE,,,,,,,,,,,,,,,,,,,,,,,,,,,,,,,,,,,,,,,,,,,,,,,,77.0,,,,7.994,,,,,,,4.568,,,,,,,,,,,,,,,,,,,,,,,,,,,,,,,,52.43618643,-2.58460000,0.0,,,,,,,,,,,,,,,,,,,,,,,,,,,,Mini 4 Pro,SYN6PPS8V3AE5EBC3,CAMTSC9LZW7MWSFCW,RCSXABFT7BSPJQMRD,BATZSZPBFBU78G5ZD,,,,,,,,Mini 4 Pro,SYN6PPS8V3AE5EBC3,,,,DJI Fly,,1.13.5,5B0F0CD6-9472-513B-8A0D-37D7D3B992E8,,,,,,,,,,
