t_sec,north,east,up
0.000000000000000000e+00,-2.010273694992065430e+00,-1.722452044486999512e+00,-2.578086853027343750e+00
2.030500000000000083e-01,-2.011320352554321289e+00,-1.721041440963745117e+00,-2.580734252929687500e+00
3.000050000000000217e-01,-2.010652303695678711e+00,-1.720808386802673340e+00,-2.581474304199218750e+00
4.061069999999999958e-01,-2.009408235549926758e+00,-1.721198916435241699e+00,-2.582023620605468750e+00
5.027509999999999479e-01,-2.010241031646728516e+00,-1.721018552780151367e+00,-2.583244323730468750e+00
5.997430000000000261e-01,-2.011792659759521484e+00,-1.721992731094360352e+00,-2.584075927734375000e+00
7.062279999999999669e-01,-2.013145923614501953e+00,-1.723426222801208496e+00,-2.584838867187500000e+00
8.029490000000000238e-01,-2.013534545898437500e+00,-1.724898934364318848e+00,-2.585983276367187500e+00
9.087979999999999947e-01,-2.012440919876098633e+00,-1.726894497871398926e+00,-2.587120056152343750e+00
1.005419999999999980e+00,-2.012440919876098633e+00,-1.727386832237243652e+00,-2.588081359863281250e+00
1.102154000000000078e+00,-2.013446569442749023e+00,-1.728835821151733398e+00,-2.589691162109375000e+00
1.198876999999999970e+00,-2.014384984970092773e+00,-1.731222033500671387e+00,-2.591522216796875000e+00
1.305180999999999925e+00,-2.014771461486816406e+00,-1.734533667564392090e+00,-2.593696594238281250e+00
1.401818000000000008e+00,-2.016029596328735352e+00,-1.738761186599731445e+00,-2.595306396484375000e+00
1.498478999999999894e+00,-2.015848398208618164e+00,-1.743489384651184082e+00,-2.598045349121093750e+00
1.604958000000000107e+00,-2.016286373138427734e+00,-1.748057961463928223e+00,-2.600875854492187500e+00
1.701618999999999993e+00,-2.016350269317626953e+00,-1.752306461334228516e+00,-2.602844238281250000e+00
1.807898999999999923e+00,-2.015542745590209961e+00,-1.757501006126403809e+00,-2.604606628417968750e+00
1.904557999999999973e+00,-2.015611886978149414e+00,-1.761601328849792480e+00,-2.606834411621093750e+00
2.001193999999999917e+00,-2.014902830123901367e+00,-1.765379190444946289e+00,-2.609390258789062500e+00
2.107641999999999793e+00,-2.015501976013183594e+00,-1.769445538520812988e+00,-2.612251281738281250e+00
2.204349999999999810e+00,-2.015604734420776367e+00,-1.772235155105590820e+00,-2.614334106445312500e+00
2.301022999999999818e+00,-2.014747381210327148e+00,-1.773769736289978027e+00,-2.615615844726562500e+00
2.407452000000000147e+00,-2.014453887939453125e+00,-1.773999333381652832e+00,-2.616432189941406250e+00
2.504221999999999948e+00,-2.013850450515747070e+00,-1.773334026336669922e+00,-2.617538452148437500e+00
2.600957999999999881e+00,-2.013236284255981445e+00,-1.771602630615234375e+00,-2.618362426757812500e+00
2.707143999999999995e+00,-2.013109683990478516e+00,-1.769540548324584961e+00,-2.618888854980468750e+00
2.804000999999999966e+00,-2.012607574462890625e+00,-1.768058061599731445e+00,-2.619865417480468750e+00
2.900386999999999826e+00,-2.012270689010620117e+00,-1.768010735511779785e+00,-2.620468139648437500e+00
3.006778999999999868e+00,-2.010494232177734375e+00,-1.770701050758361816e+00,-2.618598937988281250e+00
3.103502000000000205e+00,-2.008461236953735352e+00,-1.772940993309020996e+00,-2.615226745605468750e+00
3.200099999999999945e+00,-2.008141756057739258e+00,-1.772517681121826172e+00,-2.610054016113281250e+00
3.306490000000000151e+00,-2.011737585067749023e+00,-1.768688082695007324e+00,-2.605163574218750000e+00
3.403134999999999799e+00,-2.017985582351684570e+00,-1.764270186424255371e+00,-2.605041503906250000e+00
3.509644000000000208e+00,-2.027410984039306641e+00,-1.760332107543945312e+00,-2.607292175292968750e+00
3.606291000000000135e+00,-2.033942937850952148e+00,-1.761158466339111328e+00,-2.609962463378906250e+00
3.702906000000000031e+00,-2.034141302108764648e+00,-1.767253637313842773e+00,-2.615364074707031250e+00
3.799809000000000214e+00,-2.028122663497924805e+00,-1.774600744247436523e+00,-2.624137878417968750e+00
3.905857000000000134e+00,-2.016367197036743164e+00,-1.783839344978332520e+00,-2.632141113281250000e+00
4.002551999999999666e+00,-2.003908634185791016e+00,-1.794847130775451660e+00,-2.634803771972656250e+00
4.099267000000000216e+00,-1.993002891540527344e+00,-1.801714301109313965e+00,-2.645118713378906250e+00
4.206070999999999671e+00,-1.987040877342224121e+00,-1.800708293914794922e+00,-2.657333374023437500e+00
4.302527999999999686e+00,-1.985902428627014160e+00,-1.793738722801208496e+00,-2.675506591796875000e+00
4.408730000000000260e+00,-1.988202810287475586e+00,-1.783021569252014160e+00,-2.695098876953125000e+00
4.505310999999999844e+00,-1.990374565124511719e+00,-1.775100946426391602e+00,-2.705612182617187500e+00
4.601960000000000051e+00,-1.993842124938964844e+00,-1.769681930541992188e+00,-2.709754943847656250e+00
4.698624999999999829e+00,-1.997436165809631348e+00,-1.768576264381408691e+00,-2.708839416503906250e+00
4.805087000000000330e+00,-2.001713752746582031e+00,-1.768880248069763184e+00,-2.705093383789062500e+00
4.902027000000000356e+00,-2.006023645401000977e+00,-1.768420457839965820e+00,-2.702384948730468750e+00
4.998356000000000243e+00,-2.010189771652221680e+00,-1.765250444412231445e+00,-2.702201843261718750e+00
5.104675000000000296e+00,-2.014350175857543945e+00,-1.760797739028930664e+00,-2.704338073730468750e+00
5.201354000000000255e+00,-2.016806602478027344e+00,-1.759342551231384277e+00,-2.707366943359375000e+00
5.307739999999999903e+00,-2.017984867095947266e+00,-1.760903716087341309e+00,-2.710746765136718750e+00
5.404513999999999818e+00,-2.019410133361816406e+00,-1.762928009033203125e+00,-2.711982727050781250e+00
5.501094000000000150e+00,-2.020258188247680664e+00,-1.767907023429870605e+00,-2.712585449218750000e+00
5.607554000000000372e+00,-2.020179748535156250e+00,-1.772799849510192871e+00,-2.713546752929687500e+00
5.704209999999999781e+00,-2.020758390426635742e+00,-1.775318861007690430e+00,-2.714843750000000000e+00
5.801302999999999876e+00,-2.023900747299194336e+00,-1.772214531898498535e+00,-2.716697692871093750e+00
5.897518999999999956e+00,-2.031711578369140625e+00,-1.759561538696289062e+00,-2.717102050781250000e+00
6.003987000000000407e+00,-2.045685291290283203e+00,-1.728296756744384766e+00,-2.716476440429687500e+00
6.100608000000000253e+00,-2.063244104385375977e+00,-1.678911805152893066e+00,-2.722602844238281250e+00
6.206888000000000183e+00,-2.086828231811523438e+00,-1.602910995483398438e+00,-2.732192993164062500e+00
6.303634999999999877e+00,-2.108450412750244141e+00,-1.525474548339843750e+00,-2.735321044921875000e+00
6.400303000000000075e+00,-2.124057292938232422e+00,-1.452870607376098633e+00,-2.733764648437500000e+00
6.506712000000000273e+00,-2.138933897018432617e+00,-1.368378639221191406e+00,-2.728942871093750000e+00
6.603330999999999840e+00,-2.150670051574707031e+00,-1.283838868141174316e+00,-2.726745605468750000e+00
6.699943000000000204e+00,-2.160260915756225586e+00,-1.184256672859191895e+00,-2.731643676757812500e+00
6.806347999999999843e+00,-2.167151451110839844e+00,-1.055100440979003906e+00,-2.746459960937500000e+00
6.903057000000000443e+00,-2.176182746887207031e+00,-9.238909482955932617e-01,-2.753402709960937500e+00
7.009365999999999985e+00,-2.189462661743164062e+00,-7.605344653129577637e-01,-2.770835876464843750e+00
7.106018999999999863e+00,-2.206290960311889648e+00,-5.892450809478759766e-01,-2.777862548828125000e+00
7.203014999999999723e+00,-2.229832172393798828e+00,-3.992966115474700928e-01,-2.765975952148437500e+00
7.299408999999999814e+00,-2.256296157836914062e+00,-2.000669836997985840e-01,-2.774154663085937500e+00
7.405763999999999569e+00,-2.285895586013793945e+00,4.481896013021469116e-02,-2.789466857910156250e+00
7.502399999999999736e+00,-2.318682909011840820e+00,2.868485152721405029e-01,-2.789810180664062500e+00
7.599140000000000228e+00,-2.362346410751342773e+00,5.608447790145874023e-01,-2.773490905761718750e+00
7.706113000000000213e+00,-2.423756837844848633e+00,8.822713494300842285e-01,-2.794715881347656250e+00
7.802906000000000120e+00,-2.484897136688232422e+00,1.188135504722595215e+00,-2.802238464355468750e+00
7.908794000000000324e+00,-2.550817489624023438e+00,1.545550465583801270e+00,-2.778442382812500000e+00
8.005250999999999451e+00,-2.597408533096313477e+00,1.897436261177062988e+00,-2.777778625488281250e+00
8.101877999999999247e+00,-2.646846771240234375e+00,2.278861284255981445e+00,-2.755386352539062500e+00
8.198470000000000368e+00,-2.712806463241577148e+00,2.670724868774414062e+00,-2.709663391113281250e+00
8.304900999999999200e+00,-2.799647092819213867e+00,3.115848779678344727e+00,-2.715942382812500000e+00
8.401655999999999125e+00,-2.861644744873046875e+00,3.541196346282958984e+00,-2.706413269042968750e+00
8.498208999999999236e+00,-2.899684667587280273e+00,3.973075866699218750e+00,-2.698165893554687500e+00
8.604582999999999871e+00,-2.945863485336303711e+00,4.473606109619140625e+00,-2.690879821777343750e+00
8.701225000000000875e+00,-3.006556510925292969e+00,4.940403461456298828e+00,-2.685523986816406250e+00
8.807607000000000852e+00,-3.069951057434082031e+00,5.459630489349365234e+00,-2.684471130371093750e+00
8.904339999999999478e+00,-3.111585140228271484e+00,5.947345256805419922e+00,-2.661010742187500000e+00
9.001011999999999347e+00,-3.139533042907714844e+00,6.435138702392578125e+00,-2.648651123046875000e+00
9.107426000000000244e+00,-3.185699701309204102e+00,6.984834671020507812e+00,-2.617080688476562500e+00
9.203988000000000724e+00,-3.236192464828491211e+00,7.498182773590087891e+00,-2.602592468261718750e+00
9.300724000000000657e+00,-3.266880273818969727e+00,8.024007797241210938e+00,-2.579696655273437500e+00
9.407163999999999859e+00,-3.288937807083129883e+00,8.611842155456542969e+00,-2.565452575683593750e+00
9.503811999999999927e+00,-3.306329488754272461e+00,9.159950256347656250e+00,-2.556068420410156250e+00
9.600491999999999138e+00,-3.344053506851196289e+00,9.719392776489257812e+00,-2.568313598632812500e+00
9.706753000000000853e+00,-3.395357370376586914e+00,1.034005641937255859e+01,-2.554115295410156250e+00
9.803725000000000023e+00,-3.427474975585937500e+00,1.090145397186279297e+01,-2.503593444824218750e+00
9.900114000000000303e+00,-3.438324689865112305e+00,1.149374771118164062e+01,-2.425949096679687500e+00
1.000689900000000065e+01,-3.468925714492797852e+00,1.220731925964355469e+01,-2.257476806640625000e+00
1.010331599999999952e+01,-3.523169994354248047e+00,1.289602088928222656e+01,-2.104827880859375000e+00
1.019991500000000073e+01,-3.585116386413574219e+00,1.360053634643554688e+01,-1.953300476074218750e+00
1.030622299999999925e+01,-3.666056156158447266e+00,1.438885307312011719e+01,-1.768394470214843750e+00
1.040308800000000033e+01,-3.747646570205688477e+00,1.509996032714843750e+01,-1.606887817382812500e+00
1.050933799999999962e+01,-3.836819648742675781e+00,1.588366699218750000e+01,-1.451843261718750000e+00
1.060590299999999964e+01,-3.923502206802368164e+00,1.661351394653320312e+01,-1.333839416503906250e+00
1.070258899999999969e+01,-4.015272617340087891e+00,1.736831283569335938e+01,-1.244606018066406250e+00
1.079951800000000084e+01,-4.110811233520507812e+00,1.815290069580078125e+01,-1.193168640136718750e+00
1.090569400000000044e+01,-4.220251560211181641e+00,1.906011009216308594e+01,-1.188415527343750000e+00
1.100233700000000070e+01,-4.322109699249267578e+00,1.992388725280761719e+01,-1.234489440917968750e+00
1.109908599999999979e+01,-4.430264949798583984e+00,2.083023262023925781e+01,-1.327743530273437500e+00
1.120540899999999951e+01,-4.555078506469726562e+00,2.187473297119140625e+01,-1.488845825195312500e+00
1.130294600000000038e+01,-4.673176765441894531e+00,2.286575317382812500e+01,-1.679847717285156250e+00
1.140877300000000005e+01,-4.807409763336181641e+00,2.400290870666503906e+01,-1.912414550781250000e+00
1.150505800000000001e+01,-4.931887626647949219e+00,2.507969665527343750e+01,-2.117286682128906250e+00
1.160167000000000037e+01,-5.057952404022216797e+00,2.618878555297851562e+01,-2.299034118652343750e+00
1.169842799999999983e+01,-5.186629295349121094e+00,2.732210540771484375e+01,-2.440010070800781250e+00
1.180577300000000029e+01,-5.332258701324462891e+00,2.858205032348632812e+01,-2.533981323242187500e+00
1.190147499999999958e+01,-5.469501018524169922e+00,2.972222518920898438e+01,-2.562507629394531250e+00
1.199810899999999947e+01,-5.617074012756347656e+00,3.085293388366699219e+01,-2.539131164550781250e+00
1.210446100000000058e+01,-5.791432380676269531e+00,3.207323074340820312e+01,-2.443656921386718750e+00
1.220111900000000027e+01,-5.960621833801269531e+00,3.315916824340820312e+01,-2.295562744140625000e+00
1.230782600000000038e+01,-6.155691623687744141e+00,3.433444595336914062e+01,-2.082855224609375000e+00
1.240418900000000058e+01,-6.336361408233642578e+00,3.539785766601562500e+01,-1.863204956054687500e+00
1.250087699999999913e+01,-6.518688678741455078e+00,3.646600723266601562e+01,-1.638496398925781250e+00
1.260727600000000059e+01,-6.723421573638916016e+00,3.765544128417968750e+01,-1.402641296386718750e+00
1.270396099999999961e+01,-6.910711288452148438e+00,3.875490570068359375e+01,-1.211868286132812500e+00
1.280084500000000070e+01,-7.099816322326660156e+00,3.986921310424804688e+01,-1.037780761718750000e+00
1.290694799999999987e+01,-7.311825752258300781e+00,4.110261917114257812e+01,-8.410186767578125000e-01
1.300357400000000041e+01,-7.507745742797851562e+00,4.222210311889648438e+01,-6.318588256835937500e-01
1.310032900000000033e+01,-7.713023185729980469e+00,4.333048248291015625e+01,-3.715591430664062500e-01
1.320681100000000008e+01,-7.956174850463867188e+00,4.452622222900390625e+01,-1.559448242187500000e-02
1.330333700000000086e+01,-8.193830490112304688e+00,4.559186935424804688e+01,3.541107177734375000e-01
1.340000099999999961e+01,-8.445611000061035156e+00,4.665077209472656250e+01,7.280044555664062500e-01
1.350644899999999993e+01,-8.739804267883300781e+00,4.782266998291015625e+01,1.098854064941406250e+00
1.360308599999999934e+01,-9.018675804138183594e+00,4.890303802490234375e+01,1.374549865722656250e+00
1.369973000000000063e+01,-9.307678222656250000e+00,5.000083541870117188e+01,1.597930908203125000e+00
1.380605599999999988e+01,-9.636003494262695312e+00,5.122521972656250000e+01,1.790763854980468750e+00
1.390279699999999963e+01,-9.945181846618652344e+00,5.235552215576171875e+01,1.918052673339843750e+00
1.400919299999999978e+01,-1.030013847351074219e+01,5.361738204956054688e+01,2.011116027832031250e+00
1.410584300000000013e+01,-1.064124679565429688e+01,5.478521728515625000e+01,2.071899414062500000e+00
1.420239699999999949e+01,-1.100534725189208984e+01,5.596303176879882812e+01,2.141159057617187500e+00
1.429929199999999945e+01,-1.139860248565673828e+01,5.714881515502929688e+01,2.234420776367187500e+00
1.440549700000000044e+01,-1.186108493804931641e+01,5.845294952392578125e+01,2.368659973144531250e+00
1.450212199999999996e+01,-1.229932117462158203e+01,5.964283370971679688e+01,2.502479553222656250e+00
1.459955599999999976e+01,-1.275704288482666016e+01,6.082906723022460938e+01,2.664909362792968750e+00
1.470521100000000025e+01,-1.329327869415283203e+01,6.211611938476562500e+01,2.909637451171875000e+00
1.480263000000000062e+01,-1.381002044677734375e+01,6.327722930908203125e+01,3.171615600585937500e+00
1.490857600000000005e+01,-1.440095520019531250e+01,6.454268646240234375e+01,3.469177246093750000e+00
1.500505800000000001e+01,-1.496479225158691406e+01,6.569456481933593750e+01,3.731964111328125000e+00
1.510183400000000020e+01,-1.554495906829833984e+01,6.685388946533203125e+01,3.973876953125000000e+00
1.519818500000000050e+01,-1.614614868164062500e+01,6.802293395996093750e+01,4.205085754394531250e+00
1.530461900000000064e+01,-1.684257698059082031e+01,6.931435394287109375e+01,4.476577758789062500e+00
1.540126500000000043e+01,-1.751419830322265625e+01,7.049254608154296875e+01,4.755569458007812500e+00
1.550783099999999948e+01,-1.829035186767578125e+01,7.179884338378906250e+01,5.076858520507812500e+00
1.560429099999999991e+01,-1.901530647277832031e+01,7.299018096923828125e+01,5.357543945312500000e+00
1.570099599999999995e+01,-1.975321578979492188e+01,7.419296264648437500e+01,5.602378845214843750e+00
1.580749800000000072e+01,-2.058570480346679688e+01,7.552963256835937500e+01,5.844329833984375000e+00
1.590406300000000073e+01,-2.136717987060546875e+01,7.674057769775390625e+01,6.073539733886718750e+00
1.600076999999999927e+01,-2.218895912170410156e+01,7.794330596923828125e+01,6.323600769042968750e+00
1.610711500000000029e+01,-2.314245796203613281e+01,7.925543975830078125e+01,6.611465454101562500e+00
1.620380300000000062e+01,-2.405929756164550781e+01,8.043999481201171875e+01,6.869697570800781250e+00
1.630040599999999884e+01,-2.501488494873046875e+01,8.162203216552734375e+01,7.092681884765625000e+00
1.640681500000000170e+01,-2.609982109069824219e+01,8.292504119873046875e+01,7.277061462402343750e+00
1.650355100000000164e+01,-2.710872459411621094e+01,8.411886596679687500e+01,7.379699707031250000e+00
1.660033900000000173e+01,-2.815900039672851562e+01,8.530425262451171875e+01,7.450195312500000000e+00
1.670661600000000035e+01,-2.939207839965820312e+01,8.656450653076171875e+01,7.540054321289062500e+00
1.680346199999999968e+01,-3.060492134094238281e+01,8.765046691894531250e+01,7.647827148437500000e+00
1.690013000000000076e+01,-3.190270805358886719e+01,8.866629028320312500e+01,7.769607543945312500e+00
1.700622200000000106e+01,-3.342112350463867188e+01,8.970915985107421875e+01,7.904510498046875000e+00
1.710299399999999892e+01,-3.486566162109375000e+01,9.060011291503906250e+01,8.017791748046875000e+00
1.719961199999999835e+01,-3.636204910278320312e+01,9.143362426757812500e+01,8.123802185058593750e+00
1.730598099999999917e+01,-3.806604766845703125e+01,9.227719879150390625e+01,8.244659423828125000e+00
1.740278100000000094e+01,-3.965790557861328125e+01,9.296494293212890625e+01,8.370559692382812500e+00
1.750900400000000090e+01,-4.145032119750976562e+01,9.362408447265625000e+01,8.534996032714843750e+00
1.760568800000000067e+01,-4.310296630859375000e+01,9.412546539306640625e+01,8.709228515625000000e+00
1.770233100000000093e+01,-4.477177047729492188e+01,9.453369903564453125e+01,8.903038024902343750e+00
1.779936899999999866e+01,-4.645861816406250000e+01,9.484113311767578125e+01,9.116912841796875000e+00
1.790535699999999864e+01,-4.832213211059570312e+01,9.504820251464843750e+01,9.385124206542968750e+00
1.800207800000000091e+01,-5.003057479858398438e+01,9.513496398925781250e+01,9.636726379394531250e+00
1.809861199999999926e+01,-5.174674987792968750e+01,9.514127349853515625e+01,9.869438171386718750e+00
1.820510600000000068e+01,-5.364819717407226562e+01,9.506187438964843750e+01,1.009745788574218750e+01
1.830229699999999937e+01,-5.538013839721679688e+01,9.492246246337890625e+01,1.026937103271484375e+01
1.840858800000000173e+01,-5.729345321655273438e+01,9.470149993896484375e+01,1.041392517089843750e+01
1.850506100000000131e+01,-5.902858352661132812e+01,9.442619323730468750e+01,1.051045989990234375e+01
1.860147299999999859e+01,-6.075762176513671875e+01,9.407352447509765625e+01,1.059287261962890625e+01
1.869806000000000168e+01,-6.247389221191406250e+01,9.363958740234375000e+01,1.066999816894531250e+01
1.880442700000000045e+01,-6.433564758300781250e+01,9.305833435058593750e+01,1.076286315917968750e+01
1.890114399999999861e+01,-6.598390960693359375e+01,9.241415405273437500e+01,1.087506103515625000e+01
1.900763200000000097e+01,-6.774217987060546875e+01,9.158284759521484375e+01,1.103504943847656250e+01
1.910419299999999865e+01,-6.929014587402343750e+01,9.073471069335937500e+01,1.120893096923828125e+01
1.920121599999999873e+01,-7.080378723144531250e+01,8.980622863769531250e+01,1.140404510498046875e+01
1.930726800000000054e+01,-7.243198394775390625e+01,8.870129394531250000e+01,1.163680267333984375e+01
1.940388099999999838e+01,-7.388677978515625000e+01,8.763458251953125000e+01,1.184477996826171875e+01
1.950049200000000127e+01,-7.534085083007812500e+01,8.652595520019531250e+01,1.202539825439453125e+01
1.960702699999999865e+01,-7.695376586914062500e+01,8.527304077148437500e+01,1.216368103027343750e+01
1.970389799999999880e+01,-7.843717956542968750e+01,8.411101531982421875e+01,1.222358703613281250e+01
1.980048599999999936e+01,-7.992470550537109375e+01,8.291860961914062500e+01,1.223451232910156250e+01
1.990671899999999894e+01,-8.155424499511718750e+01,8.156835937500000000e+01,1.221360778808593750e+01
2.000346899999999906e+01,-8.302040863037109375e+01,8.029165649414062500e+01,1.217489624023437500e+01
2.010011300000000034e+01,-8.447224426269531250e+01,7.898261260986328125e+01,1.209225463867187500e+01
2.020656200000000169e+01,-8.604725646972656250e+01,7.750067901611328125e+01,1.196102905273437500e+01
2.030298600000000064e+01,-8.741312408447265625e+01,7.609379577636718750e+01,1.185717773437500000e+01
2.039968599999999910e+01,-8.866212463378906250e+01,7.461843872070312500e+01,1.181675720214843750e+01
2.050602900000000162e+01,-8.985729980468750000e+01,7.292979431152343750e+01,1.185092163085937500e+01
2.060286899999999832e+01,-9.076982879638671875e+01,7.135073852539062500e+01,1.193628692626953125e+01
2.069941599999999937e+01,-9.151320648193359375e+01,6.974172973632812500e+01,1.205178070068359375e+01
2.080582499999999868e+01,-9.215713500976562500e+01,6.794427490234375000e+01,1.218281555175781250e+01
2.090251699999999957e+01,-9.261862182617187500e+01,6.630036926269531250e+01,1.227638244628906250e+01
2.100879899999999978e+01,-9.304615020751953125e+01,6.448526763916015625e+01,1.231875610351562500e+01
2.110555000000000092e+01,-9.338093566894531250e+01,6.282643890380859375e+01,1.229840087890625000e+01
2.120220000000000127e+01,-9.363587188720703125e+01,6.116782760620117188e+01,1.224359130859375000e+01
2.129886499999999927e+01,-9.377033996582031250e+01,5.953113937377929688e+01,1.217451477050781250e+01
2.140523400000000009e+01,-9.377091217041015625e+01,5.777266311645507812e+01,1.207887268066406250e+01
2.150230200000000025e+01,-9.365040588378906250e+01,5.623864746093750000e+01,1.197862243652343750e+01
2.159854800000000097e+01,-9.341777801513671875e+01,5.476745605468750000e+01,1.185847473144531250e+01
2.170498699999999914e+01,-9.305418395996093750e+01,5.322377395629882812e+01,1.170064544677734375e+01
2.180246999999999957e+01,-9.263520812988281250e+01,5.189191055297851562e+01,1.153189086914062500e+01
2.190844600000000142e+01,-9.208393859863281250e+01,5.052710342407226562e+01,1.132868957519531250e+01
2.200525599999999926e+01,-9.149324035644531250e+01,4.941226959228515625e+01,1.113951873779296875e+01
2.210147200000000112e+01,-9.083799743652343750e+01,4.839045715332031250e+01,1.094816589355468750e+01
2.219802500000000123e+01,-9.013111114501953125e+01,4.745111846923828125e+01,1.074606323242187500e+01
2.230430700000000144e+01,-8.931510162353515625e+01,4.648893737792968750e+01,1.050180053710937500e+01
2.240104699999999838e+01,-8.854280853271484375e+01,4.565266418457031250e+01,1.025851440429687500e+01
2.250758799999999837e+01,-8.764376068115234375e+01,4.478659057617187500e+01,9.988533020019531250e+00
2.260404199999999975e+01,-8.678565979003906250e+01,4.405794906616210938e+01,9.778701782226562500e+00
2.270073299999999961e+01,-8.589574432373046875e+01,4.336909484863281250e+01,9.614830017089843750e+00
2.280708600000000175e+01,-8.488877105712890625e+01,4.262588119506835938e+01,9.462562561035156250e+00
2.290391199999999827e+01,-8.395596313476562500e+01,4.193319320678710938e+01,9.306373596191406250e+00
2.300049999999999883e+01,-8.300998687744140625e+01,4.120619201660156250e+01,9.102088928222656250e+00
2.310679899999999876e+01,-8.194892120361328125e+01,4.036557388305664062e+01,8.833412170410156250e+00
2.320356299999999905e+01,-8.095126342773437500e+01,3.957414627075195312e+01,8.588195800781250000e+00
2.330012800000000084e+01,-7.991966247558593750e+01,3.876769256591796875e+01,8.371932983398437500e+00
2.340666500000000028e+01,-7.874412536621093750e+01,3.786930847167968750e+01,8.182922363281250000e+00
2.350323500000000010e+01,-7.763753509521484375e+01,3.704561233520507812e+01,8.067550659179687500e+00
2.359988799999999998e+01,-7.650497436523437500e+01,3.623548507690429688e+01,8.013542175292968750e+00
2.370633000000000123e+01,-7.523555755615234375e+01,3.537448120117187500e+01,8.041809082031250000e+00
2.380363900000000044e+01,-7.406902313232421875e+01,3.463874053955078125e+01,8.171218872070312500e+00
2.389951599999999843e+01,-7.289756774902343750e+01,3.396440887451171875e+01,8.402030944824218750e+00
2.400596799999999931e+01,-7.160507965087890625e+01,3.330228042602539062e+01,8.733573913574218750e+00
2.410259399999999985e+01,-7.042389678955078125e+01,3.278120422363281250e+01,9.078155517578125000e+00
2.419928799999999924e+01,-6.923505401611328125e+01,3.234806823730468750e+01,9.463813781738281250e+00
2.430605100000000007e+01,-6.791811370849609375e+01,3.198019599914550781e+01,9.916900634765625000e+00
2.440232599999999863e+01,-6.671745300292968750e+01,3.174520683288574219e+01,1.034471130371093750e+01
2.450872800000000140e+01,-6.540153503417968750e+01,3.160884857177734375e+01,1.083673858642578125e+01
2.460535199999999989e+01,-6.421262359619140625e+01,3.159120941162109375e+01,1.129485321044921875e+01
2.470217200000000091e+01,-6.303688812255859375e+01,3.168195915222167969e+01,1.175981140136718750e+01
2.479926299999999983e+01,-6.188216400146484375e+01,3.188613128662109375e+01,1.223218536376953125e+01
2.490510499999999894e+01,-6.064866256713867188e+01,3.222868728637695312e+01,1.274479675292968750e+01
2.500178700000000021e+01,-5.956037521362304688e+01,3.263999176025390625e+01,1.319389343261718750e+01
2.510813299999999870e+01,-5.842035293579101562e+01,3.320288085937500000e+01,1.368074035644531250e+01
2.520486800000000116e+01,-5.744864273071289062e+01,3.382022857666015625e+01,1.412397766113281250e+01
2.530149600000000021e+01,-5.654874420166015625e+01,3.453704452514648438e+01,1.457066345214843750e+01
2.540814500000000109e+01,-5.562757873535156250e+01,3.539890289306640625e+01,1.504377746582031250e+01
2.550485199999999963e+01,-5.477699661254882812e+01,3.617298889160156250e+01,1.539895629882812500e+01
2.560133899999999940e+01,-5.392376327514648438e+01,3.693725204467773438e+01,1.569337463378906250e+01
2.569791700000000034e+01,-5.311799621582031250e+01,3.772459030151367188e+01,1.597308349609375000e+01
2.580415599999999898e+01,-5.232956695556640625e+01,3.864467239379882812e+01,1.629425048828125000e+01
2.590096399999999832e+01,-5.173176574707031250e+01,3.953923416137695312e+01,1.661453247070312500e+01
2.600724299999999900e+01,-5.118360900878906250e+01,4.056896972656250000e+01,1.697991943359375000e+01
2.610393699999999839e+01,-5.076543807983398438e+01,4.153333663940429688e+01,1.729852294921875000e+01
2.620067099999999982e+01,-5.042093276977539062e+01,4.252175140380859375e+01,1.760607910156250000e+01
2.630699699999999908e+01,-5.012912750244140625e+01,4.363569641113281250e+01,1.793528747558593750e+01
2.640380599999999944e+01,-4.995147323608398438e+01,4.467512893676757812e+01,1.822236633300781250e+01
2.650035600000000002e+01,-4.988475036621093750e+01,4.574887466430664062e+01,1.851055908203125000e+01
2.660710999999999871e+01,-4.993258285522460938e+01,4.695486068725585938e+01,1.882827758789062500e+01
2.670338399999999979e+01,-5.005542373657226562e+01,4.806811141967773438e+01,1.909509277343750000e+01
2.680028499999999880e+01,-5.022343444824218750e+01,4.919770431518554688e+01,1.931632995605468750e+01
2.690633700000000061e+01,-5.043623733520507812e+01,5.045668792724609375e+01,1.948779296875000000e+01
2.700301999999999936e+01,-5.065885162353515625e+01,5.161384963989257812e+01,1.958285522460937500e+01
2.709981300000000104e+01,-5.092700958251953125e+01,5.278281402587890625e+01,1.963615417480468750e+01
2.720620100000000008e+01,-5.130257034301757812e+01,5.407293319702148438e+01,1.966879272460937500e+01
2.730288499999999985e+01,-5.173545455932617188e+01,5.524444198608398438e+01,1.968591308593750000e+01
2.739943900000000099e+01,-5.226896286010742188e+01,5.640946578979492188e+01,1.969812011718750000e+01
2.750581999999999994e+01,-5.297629928588867188e+01,5.767474746704101562e+01,1.970225524902343750e+01
2.760247299999999981e+01,-5.372397613525390625e+01,5.880967712402343750e+01,1.968951416015625000e+01
2.769919799999999910e+01,-5.457681655883789062e+01,5.992113494873046875e+01,1.965899658203125000e+01
2.780571099999999873e+01,-5.563652038574218750e+01,6.109809494018554688e+01,1.960728454589843750e+01
2.790219400000000149e+01,-5.672274017333984375e+01,6.211242294311523438e+01,1.954985046386718750e+01
2.800868099999999927e+01,-5.806831741333007812e+01,6.313578033447265625e+01,1.947775268554687500e+01
2.810522299999999873e+01,-5.943045043945312500e+01,6.396116256713867188e+01,1.941006469726562500e+01
2.820197999999999894e+01,-6.091629791259765625e+01,6.466339111328125000e+01,1.933753967285156250e+01
2.829849700000000112e+01,-6.251289367675781250e+01,6.523366546630859375e+01,1.926020812988281250e+01
2.840488699999999866e+01,-6.437198638916015625e+01,6.571276092529296875e+01,1.917013549804687500e+01
2.850163699999999878e+01,-6.613100433349609375e+01,6.601489257812500000e+01,1.907846069335937500e+01
2.860799400000000148e+01,-6.812660980224609375e+01,6.621152496337890625e+01,1.895910644531250000e+01
2.870472600000000085e+01,-6.996985626220703125e+01,6.629602050781250000e+01,1.882510375976562500e+01
2.880159899999999951e+01,-7.183512878417968750e+01,6.631319427490234375e+01,1.865646362304687500e+01
2.890766299999999944e+01,-7.391189575195312500e+01,6.625668334960937500e+01,1.843795776367187500e+01
2.900472099999999998e+01,-7.581137084960937500e+01,6.613354492187500000e+01,1.822090148925781250e+01
2.910146100000000047e+01,-7.772638702392578125e+01,6.593739318847656250e+01,1.799209594726562500e+01
2.919788300000000092e+01,-7.965104675292968750e+01,6.567388153076171875e+01,1.775622558593750000e+01
2.930410900000000041e+01,-8.177784729003906250e+01,6.529356384277343750e+01,1.750634765625000000e+01
2.940083699999999922e+01,-8.371534729003906250e+01,6.486235809326171875e+01,1.729316711425781250e+01
2.950716099999999997e+01,-8.584204101562500000e+01,6.429717254638671875e+01,1.706942749023437500e+01
2.960389299999999935e+01,-8.776787567138671875e+01,6.370468139648437500e+01,1.687170410156250000e+01
2.970045299999999955e+01,-8.968092346191406250e+01,6.303860092163085938e+01,1.667929077148437500e+01
2.980688400000000016e+01,-9.175918579101562500e+01,6.220182037353515625e+01,1.650140380859375000e+01
2.990361800000000159e+01,-9.360190582275390625e+01,6.133174514770507812e+01,1.640472412109375000e+01
3.000023099999999943e+01,-9.538801574707031250e+01,6.036921691894531250e+01,1.637457275390625000e+01
3.010655900000000074e+01,-9.728810119628906250e+01,5.922296142578125000e+01,1.641679382324218750e+01
3.020322000000000173e+01,-9.896322631835937500e+01,5.811872863769531250e+01,1.650651550292968750e+01
3.030005099999999985e+01,-1.005979614257812500e+02,5.698014068603515625e+01,1.662287902832031250e+01
3.040625000000000000e+01,-1.023571090698242188e+02,5.570040893554687500e+01,1.676792907714843750e+01
3.050306199999999990e+01,-1.039323730468750000e+02,5.451789855957031250e+01,1.691648864746093750e+01
3.059964599999999990e+01,-1.054776535034179688e+02,5.331973266601562500e+01,1.708174133300781250e+01
3.070609500000000125e+01,-1.071495742797851562e+02,5.199010848999023438e+01,1.728767395019531250e+01
3.080294400000000010e+01,-1.086471939086914062e+02,5.077358245849609375e+01,1.750018310546875000e+01
3.089931199999999833e+01,-1.101155700683593750e+02,4.955782318115234375e+01,1.773410034179687500e+01
3.100570099999999840e+01,-1.117022094726562500e+02,4.821965789794921875e+01,1.802702331542968750e+01
3.110225600000000057e+01,-1.131071777343750000e+02,4.699998855590820312e+01,1.833633422851562500e+01
3.119938700000000154e+01,-1.144663085937500000e+02,4.577500534057617188e+01,1.870252990722656250e+01
3.130538100000000057e+01,-1.158949890136718750e+02,4.442127227783203125e+01,1.918409729003906250e+01
3.140201300000000018e+01,-1.171475830078125000e+02,4.318664932250976562e+01,1.966746520996093750e+01
3.150844899999999882e+01,-1.184903869628906250e+02,4.182320022583007812e+01,2.023191833496093750e+01
3.160518700000000081e+01,-1.196867828369140625e+02,4.057608795166015625e+01,2.075326538085937500e+01
3.170178100000000043e+01,-1.208792190551757812e+02,3.932028198242187500e+01,2.124400329589843750e+01
3.179859799999999836e+01,-1.220775299072265625e+02,3.805187988281250000e+01,2.168090820312500000e+01
3.190481000000000122e+01,-1.233983154296875000e+02,3.663788986206054688e+01,2.210346984863281250e+01
3.200143299999999869e+01,-1.246042251586914062e+02,3.532914733886718750e+01,2.243406677246093750e+01
3.210783800000000099e+01,-1.259355545043945312e+02,3.386043167114257812e+01,2.273399353027343750e+01
3.220450499999999749e+01,-1.271488265991210938e+02,3.250131225585937500e+01,2.295016479492187500e+01
3.230114100000000121e+01,-1.283655395507812500e+02,3.112037658691406250e+01,2.311129760742187500e+01
3.240764899999999926e+01,-1.297017517089843750e+02,2.957355499267578125e+01,2.323193359375000000e+01
3.250460400000000050e+01,-1.309091491699218750e+02,2.814177513122558594e+01,2.330084228515625000e+01
3.260140599999999722e+01,-1.321024017333984375e+02,2.668291854858398438e+01,2.333940124511718750e+01
3.269773200000000202e+01,-1.332784881591796875e+02,2.519355964660644531e+01,2.335328674316406250e+01
3.280447999999999809e+01,-1.345384826660156250e+02,2.351768302917480469e+01,2.336058044433593750e+01
3.290059500000000270e+01,-1.356496429443359375e+02,2.196455192565917969e+01,2.336074829101562500e+01
3.300701000000000107e+01,-1.368381958007812500e+02,2.022075271606445312e+01,2.335014343261718750e+01
3.310371599999999859e+01,-1.378939361572265625e+02,1.860381317138671875e+01,2.331120300292968750e+01
3.320032900000000353e+01,-1.389307250976562500e+02,1.695668792724609375e+01,2.324240112304687500e+01
3.330684200000000317e+01,-1.400375061035156250e+02,1.510999488830566406e+01,2.314944458007812500e+01
3.340335499999999769e+01,-1.410039520263671875e+02,1.340272808074951172e+01,2.305461120605468750e+01
3.350034200000000340e+01,-1.419164886474609375e+02,1.166506099700927734e+01,2.297341918945312500e+01
3.360647699999999816e+01,-1.428519439697265625e+02,9.724967956542968750e+00,2.290879821777343750e+01
3.370297999999999661e+01,-1.436335296630859375e+02,7.936164379119873047e+00,2.288224792480468750e+01
3.379996700000000232e+01,-1.443323516845703125e+02,6.123847961425781250e+00,2.290264892578125000e+01
3.390615400000000079e+01,-1.450032958984375000e+02,4.109603404998779297e+00,2.296969604492187500e+01
3.400315799999999911e+01,-1.455193481445312500e+02,2.263700246810913086e+00,2.305500793457031250e+01
3.409953500000000304e+01,-1.459649200439453125e+02,4.101574122905731201e-01,2.314241027832031250e+01
3.420581399999999661e+01,-1.463784790039062500e+02,-1.637142419815063477e+00,2.322967529296875000e+01
3.430256800000000084e+01,-1.466751708984375000e+02,-3.503760337829589844e+00,2.330801391601562500e+01
3.439929800000000171e+01,-1.468773651123046875e+02,-5.364490509033203125e+00,2.339892578125000000e+01
3.450599400000000117e+01,-1.470114440917968750e+02,-7.412182807922363281e+00,2.349446105957031250e+01
3.460212700000000297e+01,-1.470640258789062500e+02,-9.273212432861328125e+00,2.356407165527343750e+01
3.470864900000000119e+01,-1.470521392822265625e+02,-1.132100772857666016e+01,2.361357116699218750e+01
3.480544799999999839e+01,-1.469784698486328125e+02,-1.318063831329345703e+01,2.363545227050781250e+01
3.490198199999999673e+01,-1.468544921875000000e+02,-1.503465557098388672e+01,2.362670898437500000e+01
3.500835500000000167e+01,-1.466483154296875000e+02,-1.707110595703125000e+01,2.358865356445312500e+01
3.510498199999999969e+01,-1.463657226562500000e+02,-1.889900207519531250e+01,2.356336975097656250e+01
3.520162299999999789e+01,-1.459814758300781250e+02,-2.068493080139160156e+01,2.356675720214843750e+01
3.529853800000000064e+01,-1.455071563720703125e+02,-2.243170928955078125e+01,2.359294128417968750e+01
3.540469000000000221e+01,-1.448754730224609375e+02,-2.428987312316894531e+01,2.366036987304687500e+01
3.550123700000000326e+01,-1.442111816406250000e+02,-2.592776298522949219e+01,2.375289916992187500e+01
3.560776400000000308e+01,-1.433950042724609375e+02,-2.767926025390625000e+01,2.387136840820312500e+01
3.570431399999999655e+01,-1.425860748291015625e+02,-2.921555709838867188e+01,2.399264526367187500e+01
3.580159199999999942e+01,-1.417228546142578125e+02,-3.070100975036621094e+01,2.412518310546875000e+01
3.590750200000000092e+01,-1.407099914550781250e+02,-3.226869201660156250e+01,2.428857421875000000e+01
3.600415000000000276e+01,-1.397353515625000000e+02,-3.362217712402343750e+01,2.446479797363281250e+01
3.610114599999999996e+01,-1.386998748779296875e+02,-3.488647842407226562e+01,2.469125366210937500e+01
3.619780500000000245e+01,-1.376081085205078125e+02,-3.606016921997070312e+01,2.496542358398437500e+01
3.630454499999999740e+01,-1.363638763427734375e+02,-3.727181243896484375e+01,2.529029846191406250e+01
3.640054899999999805e+01,-1.352046508789062500e+02,-3.832633972167968750e+01,2.558413696289062500e+01
3.650687599999999833e+01,-1.339058532714843750e+02,-3.943403244018554688e+01,2.590322875976562500e+01
3.660353200000000129e+01,-1.327037811279296875e+02,-4.039344406127929688e+01,2.619854736328125000e+01
3.670018900000000173e+01,-1.315005950927734375e+02,-4.132175064086914062e+01,2.646603393554687500e+01
3.680717299999999881e+01,-1.301792297363281250e+02,-4.234817123413085938e+01,2.669177246093750000e+01
3.690316200000000180e+01,-1.289912567138671875e+02,-4.327452468872070312e+01,2.682164001464843750e+01
3.699991599999999892e+01,-1.277979583740234375e+02,-4.419199752807617188e+01,2.691319274902343750e+01
3.710629899999999992e+01,-1.264908065795898438e+02,-4.516351699829101562e+01,2.699847412109375000e+01
3.720290099999999711e+01,-1.253006439208984375e+02,-4.599872589111328125e+01,2.709481811523437500e+01
3.730937999999999732e+01,-1.240055694580078125e+02,-4.686104965209960938e+01,2.725952148437500000e+01
3.740594300000000061e+01,-1.228415222167968750e+02,-4.759365844726562500e+01,2.748599243164062500e+01
3.750269800000000231e+01,-1.217025604248046875e+02,-4.828797912597656250e+01,2.780697631835937500e+01
3.759931900000000127e+01,-1.205995483398437500e+02,-4.896113204956054688e+01,2.819599914550781250e+01
3.770578900000000289e+01,-1.194218444824218750e+02,-4.970237731933593750e+01,2.866360473632812500e+01
3.780269299999999788e+01,-1.183747100830078125e+02,-5.039129638671875000e+01,2.910617065429687500e+01
3.789916000000000196e+01,-1.173547592163085938e+02,-5.109632873535156250e+01,2.955520629882812500e+01
3.800546599999999842e+01,-1.162553100585937500e+02,-5.189095687866210938e+01,3.007955932617187500e+01
3.810211699999999979e+01,-1.152815170288085938e+02,-5.262165832519531250e+01,3.060325622558593750e+01
3.820847599999999744e+01,-1.142441711425781250e+02,-5.342953872680664062e+01,3.122999572753906250e+01
3.830500599999999878e+01,-1.133202438354492188e+02,-5.416823577880859375e+01,3.183078002929687500e+01
3.840176799999999702e+01,-1.124065780639648438e+02,-5.491153335571289062e+01,3.242857360839843750e+01
3.850811300000000159e+01,-1.114064331054687500e+02,-5.573464965820312500e+01,3.306364440917968750e+01
3.860478799999999922e+01,-1.104960250854492188e+02,-5.648505783081054688e+01,3.361912536621093750e+01
3.870151800000000009e+01,-1.095874786376953125e+02,-5.723115158081054688e+01,3.416825866699218750e+01
3.879840800000000200e+01,-1.086851577758789062e+02,-5.796959304809570312e+01,3.472413635253906250e+01
3.890447999999999951e+01,-1.076861114501953125e+02,-5.877380371093750000e+01,3.530195617675781250e+01
3.900121299999999991e+01,-1.067578582763671875e+02,-5.950339889526367188e+01,3.575914001464843750e+01
3.910791600000000301e+01,-1.057071380615234375e+02,-6.030123901367187500e+01,3.616224670410156250e+01
3.920418599999999998e+01,-1.047270584106445312e+02,-6.102448272705078125e+01,3.644660949707031250e+01
3.930091900000000038e+01,-1.037269744873046875e+02,-6.174737548828125000e+01,3.666839599609375000e+01
3.940731699999999904e+01,-1.026031417846679688e+02,-6.254362487792968750e+01,3.684431457519531250e+01
3.950399199999999666e+01,-1.015616226196289062e+02,-6.327124023437500000e+01,3.694461059570312500e+01
3.960091400000000306e+01,-1.005042724609375000e+02,-6.400328826904296875e+01,3.701548767089843750e+01
3.969762599999999964e+01,-9.942977905273437500e+01,-6.474266815185546875e+01,3.707341003417968750e+01
3.980447800000000314e+01,-9.823259735107421875e+01,-6.556276702880859375e+01,3.712963867187500000e+01
3.991001599999999883e+01,-9.701902770996093750e+01,-6.639331817626953125e+01,3.717578125000000000e+01
4.000682100000000219e+01,-9.589900207519531250e+01,-6.716250610351562500e+01,3.721557617187500000e+01
4.010338699999999790e+01,-9.476802825927734375e+01,-6.794570922851562500e+01,3.726922607421875000e+01
4.020009399999999999e+01,-9.362438964843750000e+01,-6.874629211425781250e+01,3.734944152832031250e+01
4.030638299999999674e+01,-9.235568237304687500e+01,-6.964553070068359375e+01,3.748156738281250000e+01
4.040305599999999941e+01,-9.119025421142578125e+01,-7.048033905029296875e+01,3.764004516601562500e+01
4.049975500000000039e+01,-9.001651000976562500e+01,-7.133118438720703125e+01,3.782524108886718750e+01
4.060615899999999812e+01,-8.871474456787109375e+01,-7.228170013427734375e+01,3.803109741210937500e+01
4.070276299999999736e+01,-8.752156829833984375e+01,-7.315633392333984375e+01,3.821784973144531250e+01
4.080915600000000154e+01,-8.619542694091796875e+01,-7.412715148925781250e+01,3.845428466796875000e+01
4.090580700000000292e+01,-8.498487091064453125e+01,-7.501091003417968750e+01,3.869682312011718750e+01
4.100247499999999690e+01,-8.376955413818359375e+01,-7.589434814453125000e+01,3.894261169433593750e+01
4.109918199999999899e+01,-8.254549407958984375e+01,-7.678307342529296875e+01,3.915354919433593750e+01
4.120548399999999845e+01,-8.119092559814453125e+01,-7.776665496826171875e+01,3.932775878906250000e+01
4.130216899999999924e+01,-7.995204162597656250e+01,-7.866904449462890625e+01,3.944129943847656250e+01
4.139920999999999651e+01,-7.870800781250000000e+01,-7.958131408691406250e+01,3.952064514160156250e+01
4.150537899999999780e+01,-7.734033203125000000e+01,-8.059362792968750000e+01,3.959124755859375000e+01
4.160195600000000127e+01,-7.609870910644531250e+01,-8.152554321289062500e+01,3.967805480957031250e+01
4.170822100000000177e+01,-7.473679351806640625e+01,-8.256367492675781250e+01,3.980447387695312500e+01
4.180517900000000253e+01,-7.350299835205078125e+01,-8.352082061767578125e+01,3.994747924804687500e+01
4.190168100000000351e+01,-7.227801513671875000e+01,-8.449172973632812500e+01,4.011088562011718750e+01
4.200796400000000119e+01,-7.094298553466796875e+01,-8.557652282714843750e+01,4.031669616699218750e+01
4.210468500000000347e+01,-6.973865509033203125e+01,-8.657972717285156250e+01,4.054458618164062500e+01
4.220128199999999907e+01,-6.854495239257812500e+01,-8.759352874755859375e+01,4.080279541015625000e+01
4.229836399999999941e+01,-6.735585784912109375e+01,-8.861270904541015625e+01,4.103715515136718750e+01
4.240441700000000225e+01,-6.603411865234375000e+01,-8.974414825439453125e+01,4.122518920898437500e+01
4.250100799999999879e+01,-6.483190155029296875e+01,-9.077826690673828125e+01,4.135102844238281250e+01
4.260739300000000185e+01,-6.350871658325195312e+01,-9.192234802246093750e+01,4.146701049804687500e+01
4.270399100000000203e+01,-6.230870819091796875e+01,-9.297136688232421875e+01,4.158819580078125000e+01
4.280092899999999645e+01,-6.111294937133789062e+01,-9.402958679199218750e+01,4.173463439941406250e+01
4.290707299999999691e+01,-5.980458831787109375e+01,-9.520478057861328125e+01,4.192750549316406250e+01
4.300384799999999785e+01,-5.862100601196289062e+01,-9.627931213378906250e+01,4.213006591796875000e+01
4.310045600000000121e+01,-5.743603515625000000e+01,-9.736720275878906250e+01,4.233192443847656250e+01
4.319775500000000079e+01,-5.624740219116210938e+01,-9.846521759033203125e+01,4.250323486328125000e+01
4.330392299999999750e+01,-5.494448471069335938e+01,-9.968126678466796875e+01,4.264918518066406250e+01
4.340982300000000293e+01,-5.363729095458984375e+01,-1.009086990356445312e+02,4.276667785644531250e+01
4.350657300000000305e+01,-5.245723342895507812e+01,-1.020319290161132812e+02,4.288905334472656250e+01
4.360320000000000107e+01,-5.128320312500000000e+01,-1.031701736450195312e+02,4.304724121093750000e+01
4.370010299999999859e+01,-5.012312698364257812e+01,-1.043210144042968750e+02,4.325320434570312500e+01
4.380621099999999757e+01,-4.885567092895507812e+01,-1.056026229858398438e+02,4.348258972167968750e+01
4.390292500000000331e+01,-4.770602416992187500e+01,-1.067791442871093750e+02,4.368244934082031250e+01
4.399960699999999747e+01,-4.657417297363281250e+01,-1.079690628051757812e+02,4.393641662597656250e+01
4.410598000000000241e+01,-4.535252380371093750e+01,-1.092881927490234375e+02,4.429586791992187500e+01
4.420293000000000205e+01,-4.425835418701171875e+01,-1.104966430664062500e+02,4.465466308593750000e+01
4.430897699999999872e+01,-4.307147979736328125e+01,-1.118305587768554688e+02,4.504382324218750000e+01
4.440564299999999776e+01,-4.200329589843750000e+01,-1.130487136840820312e+02,4.535214233398437500e+01
4.450227100000000036e+01,-4.094123077392578125e+01,-1.142764892578125000e+02,4.567430114746093750e+01
4.459920600000000235e+01,-3.989895629882812500e+01,-1.155066528320312500e+02,4.605484008789062500e+01
4.470530399999999815e+01,-3.877394485473632812e+01,-1.168590698242187500e+02,4.653852844238281250e+01
4.480241199999999679e+01,-3.775444793701171875e+01,-1.180834884643554688e+02,4.692947387695312500e+01
4.489867799999999676e+01,-3.673134994506835938e+01,-1.193079452514648438e+02,4.726072692871093750e+01
4.500515800000000155e+01,-3.562767028808593750e+01,-1.206359252929687500e+02,4.762730407714843750e+01
4.510187599999999719e+01,-3.464208602905273438e+01,-1.218321838378906250e+02,4.799998474121093750e+01
4.520808600000000155e+01,-3.360736846923828125e+01,-1.231264724731445312e+02,4.843446350097656250e+01
4.530484500000000025e+01,-3.268624114990234375e+01,-1.242985534667968750e+02,4.882704162597656250e+01
4.540140399999999943e+01,-3.181997108459472656e+01,-1.254701690673828125e+02,4.921960449218750000e+01
4.550782199999999733e+01,-3.092168045043945312e+01,-1.267647171020507812e+02,4.967218017578125000e+01
4.560451400000000177e+01,-3.017066764831542969e+01,-1.279500885009765625e+02,5.011845397949218750e+01
4.570113099999999662e+01,-2.947514533996582031e+01,-1.291524200439453125e+02,5.058604431152343750e+01
4.579810200000000009e+01,-2.883205223083496094e+01,-1.303645019531250000e+02,5.105987548828125000e+01
4.590421800000000019e+01,-2.818500709533691406e+01,-1.317134857177734375e+02,5.157269287109375000e+01
4.600118299999999749e+01,-2.763544082641601562e+01,-1.329503631591796875e+02,5.201699829101562500e+01
4.610718700000000325e+01,-2.705916786193847656e+01,-1.343239135742187500e+02,5.245314025878906250e+01
4.620394699999999943e+01,-2.655829238891601562e+01,-1.355843811035156250e+02,5.280325317382812500e+01
4.630066099999999807e+01,-2.607520675659179688e+01,-1.368597259521484375e+02,5.311210632324218750e+01
4.640694200000000080e+01,-2.557425689697265625e+01,-1.382832641601562500e+02,5.341088867187500000e+01
4.650402400000000114e+01,-2.514600181579589844e+01,-1.396056823730468750e+02,5.366261291503906250e+01
4.660025600000000168e+01,-2.475296401977539062e+01,-1.409572601318359375e+02,5.389372253417968750e+01
4.670704099999999670e+01,-2.436348342895507812e+01,-1.424887390136718750e+02,5.412982177734375000e+01
4.680423600000000306e+01,-2.405525016784667969e+01,-1.439200439453125000e+02,5.432887268066406250e+01
4.690998799999999846e+01,-2.377556228637695312e+01,-1.455430603027343750e+02,5.454080200195312500e+01
4.700670900000000074e+01,-2.357918739318847656e+01,-1.470609588623046875e+02,5.472831726074218750e+01
4.710299100000000294e+01,-2.344117736816406250e+01,-1.486218719482421875e+02,5.491687011718750000e+01
4.719973499999999689e+01,-2.336816596984863281e+01,-1.502238922119140625e+02,5.511524963378906250e+01
4.730605099999999652e+01,-2.337534141540527344e+01,-1.520257720947265625e+02,5.535891723632812500e+01
4.740281300000000186e+01,-2.346986389160156250e+01,-1.536946716308593750e+02,5.561204528808593750e+01
4.749947300000000183e+01,-2.365515327453613281e+01,-1.553848266601562500e+02,5.589781188964843750e+01
4.760583700000000107e+01,-2.395241165161132812e+01,-1.572622528076171875e+02,5.623715209960937500e+01
4.770251700000000028e+01,-2.429126930236816406e+01,-1.589820709228515625e+02,5.654914855957031250e+01
4.780879900000000049e+01,-2.472253990173339844e+01,-1.608879852294921875e+02,5.687532043457031250e+01
4.790548100000000176e+01,-2.516133689880371094e+01,-1.626325988769531250e+02,5.714996337890625000e+01
4.800221400000000216e+01,-2.563966941833496094e+01,-1.643922119140625000e+02,5.739747619628906250e+01
4.809882199999999841e+01,-2.615757751464843750e+01,-1.661701354980468750e+02,5.761407470703125000e+01
4.820513499999999851e+01,-2.677039527893066406e+01,-1.681447296142578125e+02,5.781158447265625000e+01
4.830257999999999896e+01,-2.736017799377441406e+01,-1.699547882080078125e+02,5.794296264648437500e+01
4.839852900000000346e+01,-2.798072052001953125e+01,-1.717805786132812500e+02,5.802688598632812500e+01
4.850492299999999801e+01,-2.870809745788574219e+01,-1.738051452636718750e+02,5.807983398437500000e+01
4.860158700000000209e+01,-2.943428421020507812e+01,-1.756607971191406250e+02,5.811572265625000000e+01
4.870793400000000162e+01,-3.032640266418457031e+01,-1.777093200683593750e+02,5.817121887207031250e+01
4.880512900000000087e+01,-3.122591781616210938e+01,-1.795719146728515625e+02,5.824261474609375000e+01
4.890120900000000148e+01,-3.220484161376953125e+01,-1.814290313720703125e+02,5.832766723632812500e+01
4.900763299999999845e+01,-3.336682891845703125e+01,-1.834602813720703125e+02,5.843283081054687500e+01
4.910432699999999784e+01,-3.449667358398437500e+01,-1.852962646484375000e+02,5.853575134277343750e+01
4.920101799999999770e+01,-3.569510650634765625e+01,-1.871157073974609375e+02,5.865121459960937500e+01
4.929770500000000055e+01,-3.696448898315429688e+01,-1.889125518798828125e+02,5.878347778320312500e+01
4.940401200000000159e+01,-3.844798660278320312e+01,-1.908594665527343750e+02,5.895030212402343750e+01
4.950076800000000077e+01,-3.988047409057617188e+01,-1.925847015380859375e+02,5.913468933105468750e+01
4.960697900000000260e+01,-4.154391479492187500e+01,-1.944308776855468750e+02,5.935925292968750000e+01
4.970397100000000279e+01,-4.312584304809570312e+01,-1.960747985839843750e+02,5.955795288085937500e+01
4.980058700000000016e+01,-4.476006698608398438e+01,-1.976881256103515625e+02,5.973390197753906250e+01
4.990674599999999828e+01,-4.661484527587890625e+01,-1.994194183349609375e+02,5.990092468261718750e+01
5.000341800000000347e+01,-4.834810638427734375e+01,-2.009449615478515625e+02,6.003060913085937500e+01
5.010007800000000344e+01,-5.012874984741210938e+01,-2.024268035888671875e+02,6.013589477539062500e+01
5.020651999999999759e+01,-5.214648818969726562e+01,-2.040044555664062500e+02,6.023577880859375000e+01
5.030351900000000143e+01,-5.403108596801757812e+01,-2.053839569091796875e+02,6.031802368164062500e+01
5.040984100000000012e+01,-5.615618133544921875e+01,-2.068364868164062500e+02,6.039836120605468750e+01
5.050633599999999745e+01,-5.813927841186523438e+01,-2.080822448730468750e+02,6.047528076171875000e+01
5.060289399999999915e+01,-6.017558670043945312e+01,-2.092533569335937500e+02,6.055180358886718750e+01
5.069947799999999916e+01,-6.225856399536132812e+01,-2.103531036376953125e+02,6.061749267578125000e+01
5.080583099999999774e+01,-6.460364532470703125e+01,-2.114886016845703125e+02,6.066995239257812500e+01
5.090255799999999908e+01,-6.677894592285156250e+01,-2.124531250000000000e+02,6.069732666015625000e+01
5.099919899999999728e+01,-6.899347686767578125e+01,-2.133551788330078125e+02,6.070100402832031250e+01
5.110600800000000277e+01,-7.147663116455078125e+01,-2.142680664062500000e+02,6.068470764160156250e+01
5.120235900000000129e+01,-7.377679443359375000e+01,-2.150192260742187500e+02,6.065495300292968750e+01
5.130868600000000157e+01,-7.634416961669921875e+01,-2.157469635009765625e+02,6.061532592773437500e+01
5.140539700000000067e+01,-7.871247100830078125e+01,-2.163061676025390625e+02,6.058610534667968750e+01
5.150192299999999790e+01,-8.109968566894531250e+01,-2.167553100585937500e+02,6.056936645507812500e+01
5.159861999999999682e+01,-8.350016021728515625e+01,-2.170937805175781250e+02,6.056854248046875000e+01
5.170494699999999710e+01,-8.614440917968750000e+01,-2.173423156738281250e+02,6.059373474121093750e+01
5.180189899999999881e+01,-8.854582977294921875e+01,-2.174666442871093750e+02,6.063729858398437500e+01
5.189832700000000187e+01,-9.093001556396484375e+01,-2.175017089843750000e+02,6.069258117675781250e+01
5.200468200000000252e+01,-9.353416442871093750e+01,-2.174525299072265625e+02,6.076504516601562500e+01
5.210145500000000141e+01,-9.588676452636718750e+01,-2.173279266357421875e+02,6.083815002441406250e+01
5.220781600000000111e+01,-9.844668579101562500e+01,-2.170922546386718750e+02,6.093888854980468750e+01
5.230451500000000209e+01,-1.007442932128906250e+02,-2.167859191894531250e+02,6.105369567871093750e+01
5.240106800000000220e+01,-1.030089416503906250e+02,-2.164012756347656250e+02,6.118809509277343750e+01
5.250756499999999960e+01,-1.054665145874023438e+02,-2.159068908691406250e+02,6.134828186035156250e+01
5.260414899999999960e+01,-1.076744079589843750e+02,-2.154030761718750000e+02,6.149375915527343750e+01
5.270091099999999784e+01,-1.098603286743164062e+02,-2.148576049804687500e+02,6.162210083007812500e+01
5.280720999999999776e+01,-1.122420120239257812e+02,-2.142134857177734375e+02,6.173483276367187500e+01
5.290388800000000202e+01,-1.143726043701171875e+02,-2.135769805908203125e+02,6.184011840820312500e+01
5.300047099999999745e+01,-1.164711227416992188e+02,-2.128915557861328125e+02,6.194784545898437500e+01
5.310688499999999834e+01,-1.187392272949218750e+02,-2.120759429931640625e+02,6.206454467773437500e+01
5.320352799999999860e+01,-1.207551803588867188e+02,-2.112752532958984375e+02,6.217442321777343750e+01
5.330020799999999781e+01,-1.227266311645507812e+02,-2.104139099121093750e+02,6.228543090820312500e+01
5.340692200000000156e+01,-1.248348541259765625e+02,-2.094004516601562500e+02,6.241328430175781250e+01
5.350324299999999766e+01,-1.266861495971679688e+02,-2.084198150634765625e+02,6.253538513183593750e+01
5.360010700000000128e+01,-1.284840087890625000e+02,-2.073848419189453125e+02,6.266589355468750000e+01
5.370629600000000181e+01,-1.303885650634765625e+02,-2.061910705566406250e+02,6.281916809082031250e+01
5.380386699999999678e+01,-1.320578002929687500e+02,-2.050586700439453125e+02,6.296047973632812500e+01
5.391004199999999713e+01,-1.338182830810546875e+02,-2.037700347900390625e+02,6.312872314453125000e+01
5.400628799999999785e+01,-1.353390960693359375e+02,-2.025537872314453125e+02,6.329774475097656250e+01
5.410267100000000084e+01,-1.367822265625000000e+02,-2.013015594482421875e+02,6.348306274414062500e+01
5.419927899999999710e+01,-1.381495056152343750e+02,-2.000157775878906250e+02,6.367671203613281250e+01
5.430576599999999843e+01,-1.395619506835937500e+02,-1.985677947998046875e+02,6.390153503417968750e+01
5.440237199999999973e+01,-1.407520141601562500e+02,-1.972272491455078125e+02,6.412106323242187500e+01
5.449914400000000114e+01,-1.418503112792968750e+02,-1.958676757812500000e+02,6.435827636718750000e+01
5.460542300000000182e+01,-1.429532318115234375e+02,-1.943557128906250000e+02,6.463208007812500000e+01
5.470210300000000103e+01,-1.438650970458984375e+02,-1.929683532714843750e+02,6.488111877441406250e+01
5.480870500000000334e+01,-1.447723999023437500e+02,-1.914341278076171875e+02,6.514540100097656250e+01
5.490510799999999847e+01,-1.455125579833984375e+02,-1.900375671386718750e+02,6.537686157226562500e+01
5.500171699999999930e+01,-1.461614074707031250e+02,-1.886454315185546875e+02,6.559727478027343750e+01
5.509852099999999808e+01,-1.467138977050781250e+02,-1.872608947753906250e+02,6.581477355957031250e+01
5.520483200000000323e+01,-1.472023925781250000e+02,-1.857591705322265625e+02,6.605308532714843750e+01
5.530150900000000291e+01,-1.475429229736328125e+02,-1.844200134277343750e+02,6.626124572753906250e+01
5.539808299999999974e+01,-1.477948608398437500e+02,-1.831070861816406250e+02,6.645001220703125000e+01
5.550456400000000201e+01,-1.479799041748046875e+02,-1.816941986083984375e+02,6.662992858886718750e+01
5.560125599999999935e+01,-1.480614013671875000e+02,-1.804454650878906250e+02,6.677490234375000000e+01
5.570767200000000230e+01,-1.480402984619140625e+02,-1.791328277587890625e+02,6.693365478515625000e+01
5.580449200000000332e+01,-1.479200286865234375e+02,-1.780083160400390625e+02,6.708482360839843750e+01
5.590082000000000306e+01,-1.477054901123046875e+02,-1.769611358642578125e+02,6.724945068359375000e+01
5.600723399999999685e+01,-1.473709564208984375e+02,-1.759021606445312500e+02,6.744841003417968750e+01
5.610392000000000223e+01,-1.469828948974609375e+02,-1.750288848876953125e+02,6.764195251464843750e+01
5.620106899999999683e+01,-1.465255432128906250e+02,-1.742364807128906250e+02,6.784388732910156250e+01
5.630699299999999852e+01,-1.459602661132812500e+02,-1.734474029541015625e+02,6.806214904785156250e+01
5.640383200000000130e+01,-1.454000396728515625e+02,-1.728027191162109375e+02,6.824888610839843750e+01
5.650030799999999687e+01,-1.448061676025390625e+02,-1.722224884033203125e+02,6.841944885253906250e+01
5.660672100000000029e+01,-1.441111907958984375e+02,-1.716639862060546875e+02,6.858926391601562500e+01
5.670363199999999892e+01,-1.434429321289062500e+02,-1.712421875000000000e+02,6.873580932617187500e+01
5.680024099999999976e+01,-1.427422790527343750e+02,-1.709130554199218750e+02,6.887695312500000000e+01
5.690635600000000238e+01,-1.419423828125000000e+02,-1.706763763427734375e+02,6.903674316406250000e+01
5.700300800000000123e+01,-1.411946716308593750e+02,-1.705817413330078125e+02,6.918553161621093750e+01
5.709985400000000055e+01,-1.404346160888671875e+02,-1.706062316894531250e+02,6.933718872070312500e+01
5.720614900000000347e+01,-1.395941619873046875e+02,-1.707764739990234375e+02,6.950962829589843750e+01
5.730282100000000156e+01,-1.388340301513671875e+02,-1.710590820312500000e+02,6.967359924316406250e+01
5.740916399999999697e+01,-1.380170135498046875e+02,-1.715041503906250000e+02,6.986309814453125000e+01
5.750618300000000005e+01,-1.372937011718750000e+02,-1.720152740478515625e+02,7.003524780273437500e+01
5.760269399999999962e+01,-1.365955810546875000e+02,-1.726216278076171875e+02,7.020492553710937500e+01
5.769908699999999868e+01,-1.359276123046875000e+02,-1.733165435791015625e+02,7.037263488769531250e+01
5.780582199999999915e+01,-1.352402801513671875e+02,-1.741845855712890625e+02,7.056086730957031250e+01
5.790223799999999699e+01,-1.346688232421875000e+02,-1.750631103515625000e+02,7.073995971679687500e+01
5.799922200000000316e+01,-1.341449584960937500e+02,-1.760192565917968750e+02,7.092436218261718750e+01
5.810521700000000322e+01,-1.336311340332031250e+02,-1.771461486816406250e+02,7.112594604492187500e+01
5.820201099999999883e+01,-1.332208404541015625e+02,-1.782345123291015625e+02,7.130694580078125000e+01
5.830832300000000146e+01,-1.328313293457031250e+02,-1.794913330078125000e+02,7.150340270996093750e+01
5.840489699999999829e+01,-1.325334014892578125e+02,-1.806808166503906250e+02,7.167747497558593750e+01
5.850193199999999649e+01,-1.322849731445312500e+02,-1.819145355224609375e+02,7.184466552734375000e+01
5.859820700000000215e+01,-1.320817413330078125e+02,-1.831856994628906250e+02,7.200097656250000000e+01
5.870459999999999923e+01,-1.319021453857421875e+02,-1.846214599609375000e+02,7.215385437011718750e+01
5.880153500000000122e+01,-1.317691040039062500e+02,-1.859596405029296875e+02,7.226866149902343750e+01
5.890764699999999721e+01,-1.316471252441406250e+02,-1.874506835937500000e+02,7.236201477050781250e+01
5.900447599999999682e+01,-1.315470886230468750e+02,-1.888243408203125000e+02,7.240740966796875000e+01
5.910102700000000198e+01,-1.314514770507812500e+02,-1.902132263183593750e+02,7.240663146972656250e+01
5.920752300000000190e+01,-1.313540191650390625e+02,-1.917636718750000000e+02,7.236369323730468750e+01
5.930410899999999685e+01,-1.312789001464843750e+02,-1.931960449218750000e+02,7.229760742187500000e+01
5.940079399999999765e+01,-1.312190704345703125e+02,-1.946561584472656250e+02,7.221292114257812500e+01
5.950733400000000017e+01,-1.311755218505859375e+02,-1.962877044677734375e+02,7.211506652832031250e+01
5.960380700000000331e+01,-1.311598510742187500e+02,-1.978036346435546875e+02,7.202633666992187500e+01
5.970036499999999791e+01,-1.311688690185546875e+02,-1.993493499755859375e+02,7.194056701660156250e+01
5.980703299999999700e+01,-1.312071380615234375e+02,-2.010829467773437500e+02,7.185041809082031250e+01
5.990356299999999834e+01,-1.312689361572265625e+02,-2.026847991943359375e+02,7.178240966796875000e+01
6.000014099999999928e+01,-1.313598022460937500e+02,-2.043157806396484375e+02,7.173359680175781250e+01
6.010648900000000339e+01,-1.314970703125000000e+02,-2.061430053710937500e+02,7.170333862304687500e+01
6.020319400000000343e+01,-1.316532745361328125e+02,-2.078307952880859375e+02,7.169184875488281250e+01
6.029983699999999658e+01,-1.318344726562500000e+02,-2.095362396240234375e+02,7.168533325195312500e+01
6.040622900000000328e+01,-1.320617370605468750e+02,-2.114314727783203125e+02,7.167291259765625000e+01
6.050289399999999773e+01,-1.322899169921875000e+02,-2.131660003662109375e+02,7.165773010253906250e+01
6.059955099999999817e+01,-1.325490112304687500e+02,-2.149132995605468750e+02,7.165681457519531250e+01
6.070583400000000296e+01,-1.328689117431640625e+02,-2.168441314697265625e+02,7.169416809082031250e+01
6.080404599999999959e+01,-1.331908874511718750e+02,-2.186059875488281250e+02,7.176303100585937500e+01
6.090895600000000343e+01,-1.335700531005859375e+02,-2.205388793945312500e+02,7.186457824707031250e+01
6.100600000000000023e+01,-1.339275817871093750e+02,-2.222997436523437500e+02,7.194412231445312500e+01
6.110268800000000056e+01,-1.342988891601562500e+02,-2.240674285888671875e+02,7.199066162109375000e+01
6.119894800000000146e+01,-1.346826629638671875e+02,-2.258395080566406250e+02,7.201075744628906250e+01
6.130566000000000315e+01,-1.351195068359375000e+02,-2.277968597412109375e+02,7.201754760742187500e+01
6.140192299999999648e+01,-1.355279693603515625e+02,-2.295804901123046875e+02,7.201876831054687500e+01
6.149870399999999648e+01,-1.359416503906250000e+02,-2.313728027343750000e+02,7.200788879394531250e+01
6.160493999999999915e+01,-1.364014129638671875e+02,-2.333541870117187500e+02,7.196990966796875000e+01
6.170172099999999915e+01,-1.368217773437500000e+02,-2.351705627441406250e+02,7.189433288574218750e+01
6.180857999999999919e+01,-1.372852478027343750e+02,-2.371791381835937500e+02,7.175805664062500000e+01
6.190473699999999724e+01,-1.377061309814453125e+02,-2.390162506103515625e+02,7.159864807128906250e+01
6.200143899999999775e+01,-1.381257171630859375e+02,-2.408592376708984375e+02,7.142118835449218750e+01
6.209799999999999898e+01,-1.385503540039062500e+02,-2.427136383056640625e+02,7.124212646484375000e+01
6.220452499999999674e+01,-1.390257720947265625e+02,-2.447658996582031250e+02,7.106813049316406250e+01
6.230118800000000334e+01,-1.394682006835937500e+02,-2.466405792236328125e+02,7.094277954101562500e+01
6.240755099999999800e+01,-1.399675140380859375e+02,-2.487155609130859375e+02,7.084190368652343750e+01
6.250418400000000219e+01,-1.404311981201171875e+02,-2.506083221435546875e+02,7.078686523437500000e+01
6.260074199999999678e+01,-1.409028778076171875e+02,-2.525086517333984375e+02,7.074578857421875000e+01
6.270743199999999717e+01,-1.414258117675781250e+02,-2.546074981689453125e+02,7.068064880371093750e+01
6.280420500000000317e+01,-1.419023437500000000e+02,-2.565233764648437500e+02,7.059680175781250000e+01
6.290055199999999758e+01,-1.423771667480468750e+02,-2.584394226074218750e+02,7.049420166015625000e+01
6.300687200000000132e+01,-1.428964691162109375e+02,-2.605579528808593750e+02,7.036360168457031250e+01
6.310356800000000277e+01,-1.433657684326171875e+02,-2.624880065917968750e+02,7.023844909667968750e+01
6.320024000000000086e+01,-1.438299102783203125e+02,-2.644217529296875000e+02,7.012399291992187500e+01
6.330651699999999948e+01,-1.443285064697265625e+02,-2.665458068847656250e+02,7.001939392089843750e+01
6.340336899999999787e+01,-1.447693939208984375e+02,-2.684770507812500000e+02,6.993377685546875000e+01
6.350000599999999906e+01,-1.451920318603515625e+02,-2.704006347656250000e+02,6.985482788085937500e+01
6.360624899999999826e+01,-1.456299438476562500e+02,-2.725053405761718750e+02,6.981604003906250000e+01
6.370293099999999953e+01,-1.459984741210937500e+02,-2.744040527343750000e+02,6.984834289550781250e+01
6.379993199999999831e+01,-1.463309326171875000e+02,-2.762844238281250000e+02,6.995106506347656250e+01
6.390599799999999675e+01,-1.466504211425781250e+02,-2.783265991210937500e+02,7.011083984375000000e+01
6.400265199999999766e+01,-1.469112701416015625e+02,-2.801695861816406250e+02,7.022741699218750000e+01
6.409931400000000679e+01,-1.471540985107421875e+02,-2.820135803222656250e+02,7.028492736816406250e+01
6.420566499999999621e+01,-1.473972778320312500e+02,-2.840368957519531250e+02,7.030886840820312500e+01
6.430229799999999329e+01,-1.475898437500000000e+02,-2.858678588867187500e+02,7.033090209960937500e+01
6.440875900000000343e+01,-1.477626800537109375e+02,-2.878646850585937500e+02,7.039320373535156250e+01
6.450587299999999402e+01,-1.478858795166015625e+02,-2.896678161621093750e+02,7.047175598144531250e+01
6.460223499999999319e+01,-1.479893798828125000e+02,-2.914674682617187500e+02,7.053179931640625000e+01
6.469900599999999713e+01,-1.480823059082031250e+02,-2.932729797363281250e+02,7.054653930664062500e+01
6.480559599999999421e+01,-1.481659240722656250e+02,-2.952586059570312500e+02,7.052923583984375000e+01
6.490169299999999453e+01,-1.482057495117187500e+02,-2.970485839843750000e+02,7.055078125000000000e+01
6.500818099999999333e+01,-1.482023162841796875e+02,-2.989938049316406250e+02,7.064579772949218750e+01
6.510482600000000275e+01,-1.481490936279296875e+02,-3.007339477539062500e+02,7.079173278808593750e+01
6.520149499999999421e+01,-1.480547943115234375e+02,-3.024465637207031250e+02,7.095806884765625000e+01
6.530782899999999813e+01,-1.479162750244140625e+02,-3.043092651367187500e+02,7.112400817871093750e+01
6.540452700000000164e+01,-1.477608184814453125e+02,-3.059851684570312500e+02,7.124737548828125000e+01
6.550112900000000593e+01,-1.475706939697265625e+02,-3.076319580078125000e+02,7.136935424804687500e+01
6.559778300000000684e+01,-1.473384399414062500e+02,-3.092478637695312500e+02,7.149995422363281250e+01
6.570420400000000427e+01,-1.470357818603515625e+02,-3.109818420410156250e+02,7.165789794921875000e+01
6.580106800000000078e+01,-1.467033538818359375e+02,-3.125091247558593750e+02,7.183068847656250000e+01
6.590725500000000636e+01,-1.462716369628906250e+02,-3.141141967773437500e+02,7.206831359863281250e+01
6.600387399999999616e+01,-1.458114929199218750e+02,-3.154965515136718750e+02,7.231599426269531250e+01
6.610077900000000284e+01,-1.452955932617187500e+02,-3.168102722167968750e+02,7.257746887207031250e+01
6.620698600000000056e+01,-1.446694488525390625e+02,-3.181661071777343750e+02,7.288325500488281250e+01
6.630378199999999822e+01,-1.440491790771484375e+02,-3.193137817382812500e+02,7.317324829101562500e+01
6.640048000000000172e+01,-1.433843841552734375e+02,-3.203741149902343750e+02,7.347891235351562500e+01
6.650662400000000218e+01,-1.425983734130859375e+02,-3.214293212890625000e+02,7.384025573730468750e+01
6.660340600000000677e+01,-1.418358917236328125e+02,-3.222715148925781250e+02,7.420738220214843750e+01
6.669992299999999830e+01,-1.410242004394531250e+02,-3.229759826660156250e+02,7.463314819335937500e+01
6.680635800000000302e+01,-1.400773315429687500e+02,-3.235876464843750000e+02,7.515267944335937500e+01
6.690302300000000457e+01,-1.391824035644531250e+02,-3.240102539062500000e+02,7.563943481445312500e+01
6.699973799999999358e+01,-1.382738647460937500e+02,-3.243472595214843750e+02,7.609796142578125000e+01
6.710605700000000695e+01,-1.372653350830078125e+02,-3.246807861328125000e+02,7.652926635742187500e+01
6.720271099999999365e+01,-1.363443298339843750e+02,-3.249509277343750000e+02,7.685913085937500000e+01
6.729941300000000126e+01,-1.354176788330078125e+02,-3.251600341796875000e+02,7.715763854980468750e+01
6.740575900000000331e+01,-1.343872375488281250e+02,-3.252705993652343750e+02,7.748062133789062500e+01
6.750231300000000090e+01,-1.334571380615234375e+02,-3.252135009765625000e+02,7.778837585449218750e+01
6.759904699999999877e+01,-1.325353851318359375e+02,-3.249944763183593750e+02,7.811172485351562500e+01
6.770542000000000371e+01,-1.315488891601562500e+02,-3.245707702636718750e+02,7.847773742675781250e+01
6.780237099999999373e+01,-1.306830902099609375e+02,-3.240262451171875000e+02,7.880914306640625000e+01
6.790847899999999981e+01,-1.297891235351562500e+02,-3.232619018554687500e+02,7.916189575195312500e+01
6.800523400000000152e+01,-1.290486297607421875e+02,-3.224160156250000000e+02,7.947673034667968750e+01
6.810215599999999370e+01,-1.283831634521484375e+02,-3.214315795898437500e+02,7.977896118164062500e+01
6.819912899999999922e+01,-1.278144454956054688e+02,-3.203206787109375000e+02,8.006848144531250000e+01
6.830526700000000062e+01,-1.273142471313476562e+02,-3.189624023437500000e+02,8.037713623046875000e+01
6.840147699999999986e+01,-1.269705047607421875e+02,-3.176399230957031250e+02,8.064053344726562500e+01
6.850785399999999470e+01,-1.267429504394531250e+02,-3.161018066406250000e+02,8.091665649414062500e+01
6.860452899999999943e+01,-1.266832962036132812e+02,-3.146397705078125000e+02,8.116462707519531250e+01
6.870149100000000431e+01,-1.267704162597656250e+02,-3.131390075683593750e+02,8.141261291503906250e+01
6.880777899999999647e+01,-1.270479736328125000e+02,-3.114740295410156250e+02,8.169616699218750000e+01
6.890440099999999291e+01,-1.274976577758789062e+02,-3.099700317382812500e+02,8.198829650878906250e+01
6.900089400000000239e+01,-1.281321105957031250e+02,-3.084834899902343750e+02,8.231980895996093750e+01
6.909776599999999291e+01,-1.289278106689453125e+02,-3.070356750488281250e+02,8.269374084472656250e+01
6.920429300000000694e+01,-1.299458465576171875e+02,-3.054994506835937500e+02,8.313291931152343750e+01
6.930056899999999587e+01,-1.309553527832031250e+02,-3.041435546875000000e+02,8.355023193359375000e+01
6.940703700000000254e+01,-1.321012420654296875e+02,-3.026968688964843750e+02,8.399769592285156250e+01
6.950373100000000193e+01,-1.331296997070312500e+02,-3.014130859375000000e+02,8.436352539062500000e+01
6.960046800000000644e+01,-1.341374969482421875e+02,-3.001416931152343750e+02,8.467909240722656250e+01
6.970673399999999731e+01,-1.352212524414062500e+02,-2.987511291503906250e+02,8.497120666503906250e+01
6.980374299999999721e+01,-1.361735534667968750e+02,-2.974856872558593750e+02,8.516247558593750000e+01
6.990012099999999862e+01,-1.370832824707031250e+02,-2.962228393554687500e+02,8.525382995605468750e+01
7.000649199999999439e+01,-1.380203704833984375e+02,-2.948327636718750000e+02,8.519381713867187500e+01
7.010314900000000193e+01,-1.388195648193359375e+02,-2.935726623535156250e+02,8.497721862792968750e+01
7.019974799999999959e+01,-1.395795745849609375e+02,-2.923133544921875000e+02,8.461924743652343750e+01
7.030617700000000525e+01,-1.404018859863281250e+02,-2.909141845703125000e+02,8.412832641601562500e+01
7.040277500000000543e+01,-1.411573944091796875e+02,-2.896255187988281250e+02,8.363623046875000000e+01
7.049987099999999884e+01,-1.419237823486328125e+02,-2.883198242187500000e+02,8.309413146972656250e+01
7.060581999999999425e+01,-1.427834472656250000e+02,-2.868643188476562500e+02,8.243069458007812500e+01
7.070250400000000468e+01,-1.435897369384765625e+02,-2.855279541015625000e+02,8.177439880371093750e+01
7.079936800000000119e+01,-1.444481048583984375e+02,-2.841748657226562500e+02,8.111288452148437500e+01
7.090557200000000648e+01,-1.455065917968750000e+02,-2.826792297363281250e+02,8.048289489746093750e+01
7.100245700000000681e+01,-1.466106872558593750e+02,-2.813381652832031250e+02,8.003034973144531250e+01
7.110864399999999819e+01,-1.479911041259765625e+02,-2.799187011718750000e+02,7.965748596191406250e+01
7.120535900000000140e+01,-1.493908843994140625e+02,-2.787034606933593750e+02,7.939710998535156250e+01
7.130189300000000685e+01,-1.509217071533203125e+02,-2.775679321289062500e+02,7.917832946777343750e+01
7.140826500000000010e+01,-1.527470245361328125e+02,-2.764218139648437500e+02,7.895440673828125000e+01
7.150511400000000606e+01,-1.545381317138671875e+02,-2.754886779785156250e+02,7.875354003906250000e+01
7.160154500000000155e+01,-1.564428558349609375e+02,-2.746740417480468750e+02,7.854623413085937500e+01
7.169830699999999979e+01,-1.584509887695312500e+02,-2.739873046875000000e+02,7.832868957519531250e+01
7.180490600000000256e+01,-1.607532348632812500e+02,-2.733841857910156250e+02,7.807386779785156250e+01
7.190148700000000304e+01,-1.629288330078125000e+02,-2.729975280761718750e+02,7.783963012695312500e+01
7.200790000000000646e+01,-1.653865509033203125e+02,-2.727509460449218750e+02,7.757516479492187500e+01
7.210432799999999531e+01,-1.676598815917968750e+02,-2.727008056640625000e+02,7.733430480957031250e+01
7.220100600000000668e+01,-1.699518127441406250e+02,-2.728183288574218750e+02,7.709580993652343750e+01
7.230731900000000678e+01,-1.724655609130859375e+02,-2.731433105468750000e+02,7.683625793457031250e+01
7.240416299999999694e+01,-1.747271881103515625e+02,-2.736087036132812500e+02,7.659663391113281250e+01
7.250060799999999972e+01,-1.769377441406250000e+02,-2.742240295410156250e+02,7.635621643066406250e+01
7.259744399999999587e+01,-1.790938110351562500e+02,-2.749660339355468750e+02,7.611437988281250000e+01
7.270374700000000701e+01,-1.814074554443359375e+02,-2.759108276367187500e+02,7.583834838867187500e+01
7.280123799999999790e+01,-1.834614410400390625e+02,-2.768515625000000000e+02,7.557456970214843750e+01
7.290680899999999554e+01,-1.856626586914062500e+02,-2.779430541992187500e+02,7.526995849609375000e+01
7.300346100000000149e+01,-1.876161346435546875e+02,-2.789925537109375000e+02,7.498388671875000000e+01
7.310008799999999951e+01,-1.895064086914062500e+02,-2.801034240722656250e+02,7.470907592773437500e+01
7.320642200000000344e+01,-1.915074157714843750e+02,-2.813790283203125000e+02,7.442919921875000000e+01
7.330345099999999547e+01,-1.932564849853515625e+02,-2.825776062011718750e+02,7.420520019531250000e+01
7.339979800000000409e+01,-1.949357604980468750e+02,-2.837993774414062500e+02,7.403079223632812500e+01
7.350616599999999323e+01,-1.967151641845703125e+02,-2.851316528320312500e+02,7.391072082519531250e+01
7.360288799999999299e+01,-1.983009796142578125e+02,-2.863192443847656250e+02,7.385862731933593750e+01
7.370910100000000398e+01,-2.000450744628906250e+02,-2.875956115722656250e+02,7.384445190429687500e+01
7.380640699999999299e+01,-2.016601715087890625e+02,-2.887341613769531250e+02,7.383740234375000000e+01
7.390254099999999937e+01,-2.033187103271484375e+02,-2.898526306152343750e+02,7.381077575683593750e+01
7.399923200000000634e+01,-2.050391387939453125e+02,-2.909598083496093750e+02,7.372758483886718750e+01
7.410557300000000680e+01,-2.069738769531250000e+02,-2.921869506835937500e+02,7.354019165039062500e+01
7.420220999999999378e+01,-2.087607574462890625e+02,-2.933149414062500000e+02,7.326664733886718750e+01
7.429900499999999397e+01,-2.105750427246093750e+02,-2.944585266113281250e+02,7.289260864257812500e+01
7.440529100000000540e+01,-2.126058197021484375e+02,-2.957363891601562500e+02,7.241931152343750000e+01
7.450197300000000666e+01,-2.144933929443359375e+02,-2.969133300781250000e+02,7.198855590820312500e+01
7.460833300000000179e+01,-2.166101074218750000e+02,-2.982208862304687500e+02,7.155181884765625000e+01
7.470513699999999346e+01,-2.185648345947265625e+02,-2.994178161621093750e+02,7.120199584960937500e+01
7.480190199999999834e+01,-2.205355377197265625e+02,-3.006223449707031250e+02,7.090159606933593750e+01
7.490806700000000262e+01,-2.227131500244140625e+02,-3.019508972167968750e+02,7.063362121582031250e+01
7.500463899999999740e+01,-2.246960144042968750e+02,-3.031625976562500000e+02,7.045008850097656250e+01
7.510133399999999426e+01,-2.266732788085937500e+02,-3.043894653320312500e+02,7.031697082519531250e+01
7.519799399999999423e+01,-2.286381225585937500e+02,-3.056372985839843750e+02,7.022529602050781250e+01
7.530472199999999816e+01,-2.307797698974609375e+02,-3.070384521484375000e+02,7.016212463378906250e+01
7.540133299999999394e+01,-2.327091217041015625e+02,-3.083421936035156250e+02,7.012432861328125000e+01
7.550752599999999859e+01,-2.348057556152343750e+02,-3.098047485351562500e+02,7.010142517089843750e+01
7.560415999999999315e+01,-2.366938934326171875e+02,-3.111604309082031250e+02,7.008351135253906250e+01
7.570077499999999304e+01,-2.385720214843750000e+02,-3.125399780273437500e+02,7.004725646972656250e+01
7.579766700000000412e+01,-2.404384460449218750e+02,-3.139402160644531250e+02,6.998966979980468750e+01
7.590381399999999701e+01,-2.424789886474609375e+02,-3.155100097656250000e+02,6.991842651367187500e+01
7.600057200000000535e+01,-2.443207550048828125e+02,-3.169655456542968750e+02,6.986349487304687500e+01
7.609736599999999385e+01,-2.461427001953125000e+02,-3.184458923339843750e+02,6.982617187500000000e+01
7.620347200000000498e+01,-2.481328582763671875e+02,-3.201035156250000000e+02,6.979348754882812500e+01
7.630017200000000344e+01,-2.499345397949218750e+02,-3.216363220214843750e+02,6.976087951660156250e+01
7.640646999999999878e+01,-2.519106903076171875e+02,-3.233433227539062500e+02,6.970765686035156250e+01
7.650307800000000213e+01,-2.537102203369140625e+02,-3.249134216308593750e+02,6.964691162109375000e+01
7.659988199999999381e+01,-2.555110778808593750e+02,-3.265036621093750000e+02,6.958779907226562500e+01
7.670622099999999932e+01,-2.574853515625000000e+02,-3.282785949707031250e+02,6.954473876953125000e+01
7.680322499999999764e+01,-2.592689514160156250e+02,-3.299167175292968750e+02,6.952966308593750000e+01
7.689958599999999933e+01,-2.610390014648437500e+02,-3.315741882324218750e+02,6.952909851074218750e+01
7.700608200000000636e+01,-2.629735717773437500e+02,-3.334241027832031250e+02,6.954617309570312500e+01
7.710263600000000395e+01,-2.647106323242187500e+02,-3.351255798339843750e+02,6.958621215820312500e+01
7.720898200000000600e+01,-2.666009826660156250e+02,-3.370217895507812500e+02,6.965219116210937500e+01
7.730564099999999428e+01,-2.682956848144531250e+02,-3.387625122070312500e+02,6.973165893554687500e+01
7.740224000000000615e+01,-2.699635314941406250e+02,-3.405157775878906250e+02,6.984970092773437500e+01
7.749892099999999573e+01,-2.715980834960937500e+02,-3.422827148437500000e+02,7.002124023437500000e+01
7.760531299999999533e+01,-2.733519897460937500e+02,-3.442388000488281250e+02,7.026455688476562500e+01
7.770211100000000215e+01,-2.749051208496093750e+02,-3.460267944335937500e+02,7.052746582031250000e+01
7.779884300000000508e+01,-2.764215698242187500e+02,-3.478227233886718750e+02,7.081631469726562500e+01
7.790500799999999515e+01,-2.780518493652343750e+02,-3.498044738769531250e+02,7.114393615722656250e+01
7.800165599999999699e+01,-2.795052490234375000e+02,-3.516140747070312500e+02,7.144639587402343750e+01
7.810808199999999601e+01,-2.810785217285156250e+02,-3.536165771484375000e+02,7.176364135742187500e+01
7.820472499999999627e+01,-2.824869995117187500e+02,-3.554491577148437500e+02,7.202761840820312500e+01
7.830134999999999934e+01,-2.838660888671875000e+02,-3.572937316894531250e+02,7.228538513183593750e+01
7.840818400000000565e+01,-2.853416137695312500e+02,-3.593435058593750000e+02,7.258418273925781250e+01
7.850435400000000641e+01,-2.866470336914062500e+02,-3.612251281738281250e+02,7.284400939941406250e+01
7.860115199999999902e+01,-2.879299011230468750e+02,-3.631227416992187500e+02,7.307609558105468750e+01
7.869772000000000389e+01,-2.891905822753906250e+02,-3.650350341796875000e+02,7.327153015136718750e+01
7.880516400000000488e+01,-2.905480651855468750e+02,-3.671564941406250000e+02,7.344833374023437500e+01
7.890108999999999639e+01,-2.917522277832031250e+02,-3.691017761230468750e+02,7.358380126953125000e+01
7.900740700000000061e+01,-2.930389099121093750e+02,-3.712617797851562500e+02,7.370808410644531250e+01
7.910385700000000497e+01,-2.941657714843750000e+02,-3.732448730468750000e+02,7.381437683105468750e+01
7.920044900000000609e+01,-2.952582092285156250e+02,-3.752406616210937500e+02,7.390441894531250000e+01
7.930685400000000129e+01,-2.964190063476562500e+02,-3.774529113769531250e+02,7.398999023437500000e+01
7.940364599999999484e+01,-2.974107971191406250e+02,-3.794749450683593750e+02,7.409107971191406250e+01
7.950019199999999842e+01,-2.983305358886718750e+02,-3.815140380859375000e+02,7.422857666015625000e+01
7.960658800000000213e+01,-2.992514953613281250e+02,-3.837691345214843750e+02,7.442102050781250000e+01
7.970317699999999661e+01,-3.000140686035156250e+02,-3.858309936523437500e+02,7.461383056640625000e+01
7.980971200000000465e+01,-3.007857971191406250e+02,-3.881081237792968750e+02,7.482736206054687500e+01
7.990622100000000216e+01,-3.014425354003906250e+02,-3.901820678710937500e+02,7.500079345703125000e+01
8.000293200000000127e+01,-3.020674438476562500e+02,-3.922663574218750000e+02,7.513760375976562500e+01
8.009952199999999323e+01,-3.026423034667968750e+02,-3.943500366210937500e+02,7.526176452636718750e+01
8.020590699999999629e+01,-3.031876831054687500e+02,-3.966344604492187500e+02,7.541804504394531250e+01
8.030262100000000203e+01,-3.035877380371093750e+02,-3.986905517578125000e+02,7.559132385253906250e+01
8.039934300000000178e+01,-3.038773498535156250e+02,-4.007151184082031250e+02,7.580474853515625000e+01
8.050563699999999301e+01,-3.040757751464843750e+02,-4.029010009765625000e+02,7.606822204589843750e+01
8.060242999999999824e+01,-3.041658935546875000e+02,-4.048618469238281250e+02,7.630447387695312500e+01
8.070920099999999309e+01,-3.041876220703125000e+02,-4.069917602539062500e+02,7.653599548339843750e+01
8.080567899999999781e+01,-3.041438903808593750e+02,-4.089049682617187500e+02,7.671543884277343750e+01
8.090206999999999482e+01,-3.040322265625000000e+02,-4.107911682128906250e+02,7.686897277832031250e+01
8.099858899999999551e+01,-3.038390502929687500e+02,-4.126339416503906250e+02,7.701362609863281250e+01
8.110505399999999554e+01,-3.035054321289062500e+02,-4.145939941406250000e+02,7.719099426269531250e+01
8.120199499999999659e+01,-3.030862121582031250e+02,-4.162985229492187500e+02,7.737873840332031250e+01
8.129865800000000320e+01,-3.025704345703125000e+02,-4.179325256347656250e+02,7.758317565917968750e+01
8.140478799999999637e+01,-3.019022521972656250e+02,-4.196413879394531250e+02,7.782087707519531250e+01
8.150135000000000218e+01,-3.011988525390625000e+02,-4.211153564453125000e+02,7.804089355468750000e+01
8.160789400000000171e+01,-3.003342590332031250e+02,-4.226557312011718750e+02,7.826850891113281250e+01
8.170474699999999757e+01,-2.994831542968750000e+02,-4.239875183105468750e+02,7.844804382324218750e+01
8.180139800000000605e+01,-2.985704956054687500e+02,-4.252479553222656250e+02,7.860169982910156250e+01
8.190748899999999821e+01,-2.974965820312500000e+02,-4.265376892089843750e+02,7.873602294921875000e+01
8.200410399999999811e+01,-2.964672851562500000e+02,-4.276079101562500000e+02,7.882424926757812500e+01
8.210088799999999765e+01,-2.953812561035156250e+02,-4.285542297363281250e+02,7.888745117187500000e+01
8.220715400000000272e+01,-2.941325378417968750e+02,-4.293959960937500000e+02,7.894699096679687500e+01
8.230383799999999894e+01,-2.929689331054687500e+02,-4.299510498046875000e+02,7.899656677246093750e+01
8.240077599999999336e+01,-2.917992553710937500e+02,-4.303085632324218750e+02,7.902500915527343750e+01
8.250725400000000320e+01,-2.905284118652343750e+02,-4.305017700195312500e+02,7.901754760742187500e+01
8.260386099999999487e+01,-2.894000244140625000e+02,-4.305089111328125000e+02,7.896960449218750000e+01
8.270019100000000378e+01,-2.883175659179687500e+02,-4.303513488769531250e+02,7.888566589355468750e+01
8.280671700000000612e+01,-2.872013854980468750e+02,-4.299908752441406250e+02,7.875224304199218750e+01
8.290321000000000140e+01,-2.862806701660156250e+02,-4.294980468750000000e+02,7.858596801757812500e+01
8.300038000000000693e+01,-2.854631652832031250e+02,-4.288601379394531250e+02,7.837550354003906250e+01
8.310622499999999491e+01,-2.846986083984375000e+02,-4.280216369628906250e+02,7.810827636718750000e+01
8.320293999999999812e+01,-2.841358032226562500e+02,-4.271447448730468750e+02,7.783595275878906250e+01
8.330943700000000263e+01,-2.836763305664062500e+02,-4.260706787109375000e+02,7.752905273437500000e+01
8.340599400000000685e+01,-2.834095764160156250e+02,-4.250164794921875000e+02,7.727081298828125000e+01
8.350301000000000329e+01,-2.832942504882812500e+02,-4.239176025390625000e+02,7.704368591308593750e+01
8.359929900000000202e+01,-2.833283081054687500e+02,-4.227866210937500000e+02,7.686203002929687500e+01
8.370582699999999932e+01,-2.835083923339843750e+02,-4.215345764160156250e+02,7.673530578613281250e+01
8.380251599999999712e+01,-2.837710571289062500e+02,-4.204100646972656250e+02,7.668814086914062500e+01
8.389897499999999297e+01,-2.840998840332031250e+02,-4.193001403808593750e+02,7.669520568847656250e+01
8.400565400000000693e+01,-2.844923400878906250e+02,-4.180961914062500000e+02,7.676100158691406250e+01
8.410211300000000278e+01,-2.848486938476562500e+02,-4.170220336914062500e+02,7.686857604980468750e+01
8.420867200000000707e+01,-2.852328796386718750e+02,-4.158723449707031250e+02,7.706480407714843750e+01
8.430513799999999947e+01,-2.855570068359375000e+02,-4.148584899902343750e+02,7.731675720214843750e+01
8.440161000000000513e+01,-2.858330078125000000e+02,-4.138770141601562500e+02,7.762014770507812500e+01
8.449835400000000618e+01,-2.860481567382812500e+02,-4.129216003417968750e+02,7.795176696777343750e+01
8.460476599999999792e+01,-2.862115173339843750e+02,-4.118899230957031250e+02,7.833932495117187500e+01
8.470137800000000539e+01,-2.862835083007812500e+02,-4.109686279296875000e+02,7.870312500000000000e+01
8.479840799999999490e+01,-2.862845153808593750e+02,-4.100617980957031250e+02,7.907096862792968750e+01
8.490460799999999608e+01,-2.862068481445312500e+02,-4.090706787109375000e+02,7.946009826660156250e+01
8.500115300000000218e+01,-2.860708312988281250e+02,-4.081738891601562500e+02,7.978306579589843750e+01
8.510751700000000142e+01,-2.858657531738281250e+02,-4.071829223632812500e+02,8.008779907226562500e+01
8.520420599999999922e+01,-2.856378479003906250e+02,-4.062753906250000000e+02,8.031637573242187500e+01
8.530081599999999753e+01,-2.853780822753906250e+02,-4.053601684570312500e+02,8.049624633789062500e+01
8.540717499999999518e+01,-2.850596923828125000e+02,-4.043399963378906250e+02,8.063336181640625000e+01
8.550391999999999371e+01,-2.847406311035156250e+02,-4.034013671875000000e+02,8.070637512207031250e+01
8.560053899999999771e+01,-2.844040832519531250e+02,-4.024533691406250000e+02,8.072744750976562500e+01
8.570689500000000294e+01,-2.840258483886718750e+02,-4.013951416015625000e+02,8.067576599121093750e+01
8.580474800000000357e+01,-2.836789245605468750e+02,-4.004167480468750000e+02,8.055419921875000000e+01
8.590030099999999891e+01,-2.833165588378906250e+02,-3.994308471679687500e+02,8.038766479492187500e+01
8.600700799999999902e+01,-2.828917846679687500e+02,-3.983388671875000000e+02,8.019453430175781250e+01
8.610356500000000324e+01,-2.824793395996093750e+02,-3.973383789062500000e+02,8.002786254882812500e+01
8.620006899999999916e+01,-2.820415954589843750e+02,-3.963315429687500000e+02,7.988024902343750000e+01
8.630662100000000692e+01,-2.815298156738281250e+02,-3.952142639160156250e+02,7.974914550781250000e+01
8.640288400000000024e+01,-2.810388793945312500e+02,-3.941917114257812500e+02,7.965849304199218750e+01
8.649968300000000454e+01,-2.805159301757812500e+02,-3.931601257324218750e+02,7.960473632812500000e+01
8.660600599999999361e+01,-2.799064331054687500e+02,-3.920134887695312500e+02,7.960618591308593750e+01
8.670270399999999711e+01,-2.793285827636718750e+02,-3.909611206054687500e+02,7.966719055175781250e+01
8.680964299999999412e+01,-2.786678771972656250e+02,-3.897900695800781250e+02,7.977769470214843750e+01
8.690569600000000605e+01,-2.780497436523437500e+02,-3.887245788574218750e+02,7.990151977539062500e+01
8.700235499999999433e+01,-2.774157104492187500e+02,-3.876558227539062500e+02,8.003256225585937500e+01
8.709891700000000014e+01,-2.767704772949218750e+02,-3.865903625488281250e+02,8.016630554199218750e+01
8.720551199999999881e+01,-2.760538330078125000e+02,-3.854265441894531250e+02,8.031721496582031250e+01
8.730213999999999430e+01,-2.753959960937500000e+02,-3.843768310546875000e+02,8.045056152343750000e+01
8.739879700000000184e+01,-2.747351989746093750e+02,-3.833398132324218750e+02,8.059999084472656250e+01
8.750502000000000180e+01,-2.740088500976562500e+02,-3.822135009765625000e+02,8.083766174316406250e+01
8.760185099999999636e+01,-2.733565673828125000e+02,-3.812056884765625000e+02,8.116633605957031250e+01
8.770831699999999387e+01,-2.726459045410156250e+02,-3.801168212890625000e+02,8.162442016601562500e+01
8.780483800000000372e+01,-2.720050964355468750e+02,-3.791434936523437500e+02,8.203497314453125000e+01
8.790157000000000664e+01,-2.713551025390625000e+02,-3.781687927246093750e+02,8.235992431640625000e+01
8.799810100000000546e+01,-2.707078247070312500e+02,-3.771937255859375000e+02,8.259956359863281250e+01
8.810448599999999431e+01,-2.699967041015625000e+02,-3.761261596679687500e+02,8.282844543457031250e+01
8.820113899999999774e+01,-2.693609924316406250e+02,-3.751810607910156250e+02,8.310949707031250000e+01
8.830750199999999950e+01,-2.686781616210937500e+02,-3.741778259277343750e+02,8.354592895507812500e+01
8.840422700000000589e+01,-2.680711059570312500e+02,-3.732991333007812500e+02,8.403486633300781250e+01
8.850078399999999590e+01,-2.674805297851562500e+02,-3.724374084472656250e+02,8.456201171875000000e+01
8.860767199999999377e+01,-2.668502197265625000e+02,-3.715009765625000000e+02,8.517083740234375000e+01
8.870393099999999720e+01,-2.662969360351562500e+02,-3.706653442382812500e+02,8.577288818359375000e+01
8.880085400000000107e+01,-2.657625122070312500e+02,-3.698416137695312500e+02,8.641404724121093750e+01
8.890697900000000686e+01,-2.651935729980468750e+02,-3.689449157714843750e+02,8.712068176269531250e+01
8.900352100000000632e+01,-2.646870117187500000e+02,-3.681365966796875000e+02,8.774613952636718750e+01
8.910030000000000427e+01,-2.641857299804687500e+02,-3.673295288085937500e+02,8.834432983398437500e+01
8.920659200000000055e+01,-2.636364440917968750e+02,-3.664478149414062500e+02,8.896101379394531250e+01
8.930342000000000269e+01,-2.631333618164062500e+02,-3.656505126953125000e+02,8.947549438476562500e+01
8.939996399999999710e+01,-2.626215820312500000e+02,-3.648538513183593750e+02,8.993267822265625000e+01
8.950627199999999561e+01,-2.620480651855468750e+02,-3.639705505371093750e+02,9.034208679199218750e+01
8.960324199999999450e+01,-2.615119628906250000e+02,-3.631567077636718750e+02,9.059927368164062500e+01
8.970008099999999729e+01,-2.609645690917968750e+02,-3.623339843750000000e+02,9.071690368652343750e+01
8.980610299999999313e+01,-2.603541870117187500e+02,-3.614229431152343750e+02,9.068173217773437500e+01
8.990260200000000168e+01,-2.597957763671875000e+02,-3.605914001464843750e+02,9.051194763183593750e+01
8.999944000000000699e+01,-2.592343444824218750e+02,-3.597568054199218750e+02,9.020687866210937500e+01
9.010569900000000132e+01,-2.586227416992187500e+02,-3.588478088378906250e+02,8.970710754394531250e+01
9.020242100000000107e+01,-2.580623168945312500e+02,-3.580220642089843750e+02,8.913563537597656250e+01
9.030875799999999742e+01,-2.574085083007812500e+02,-3.570994873046875000e+02,8.846719360351562500e+01
9.040534800000000359e+01,-2.567619018554687500e+02,-3.562431640625000000e+02,8.786026000976562500e+01
9.050198600000000226e+01,-2.560582275390625000e+02,-3.553630065917968750e+02,8.727830505371093750e+01
9.059875300000000209e+01,-2.553117523193359375e+02,-3.544728393554687500e+02,8.669322204589843750e+01
9.070510500000000320e+01,-2.544308929443359375e+02,-3.534817504882812500e+02,8.607090759277343750e+01
9.080206200000000649e+01,-2.535915527343750000e+02,-3.525732421875000000e+02,8.553947448730468750e+01
9.090820899999999938e+01,-2.526185607910156250e+02,-3.515641784667968750e+02,8.499465942382812500e+01
9.100479699999999639e+01,-2.517269897460937500e+02,-3.506666870117187500e+02,8.448295593261718750e+01
9.110145199999999477e+01,-2.508169250488281250e+02,-3.497929077148437500e+02,8.398616027832031250e+01
9.120781499999999653e+01,-2.497720489501953125e+02,-3.488711242675781250e+02,8.354214477539062500e+01
9.130446899999999744e+01,-2.487730255126953125e+02,-3.481039123535156250e+02,8.328334045410156250e+01
9.140155300000000693e+01,-2.477119750976562500e+02,-3.474454345703125000e+02,8.318559265136718750e+01
9.149786000000000286e+01,-2.465898742675781250e+02,-3.469617919921875000e+02,8.323445129394531250e+01
9.160420899999999733e+01,-2.453297119140625000e+02,-3.466465148925781250e+02,8.337702941894531250e+01
9.170077499999999304e+01,-2.441899108886718750e+02,-3.465473632812500000e+02,8.353726196289062500e+01
9.180716599999999517e+01,-2.429369506835937500e+02,-3.466166687011718750e+02,8.369876098632812500e+01
9.190386599999999362e+01,-2.418084106445312500e+02,-3.468353271484375000e+02,8.379367065429687500e+01
9.200048800000000426e+01,-2.407069396972656250e+02,-3.472050781250000000e+02,8.383160400390625000e+01
9.210695200000000682e+01,-2.395253295898437500e+02,-3.477668457031250000e+02,8.380072021484375000e+01
9.220356400000000008e+01,-2.384951934814453125e+02,-3.484047241210937500e+02,8.368914794921875000e+01
9.230021600000000603e+01,-2.375080718994140625e+02,-3.491683959960937500e+02,8.349220275878906250e+01
9.240664800000000412e+01,-2.364993286132812500e+02,-3.501858520507812500e+02,8.319950866699218750e+01
9.250326400000000149e+01,-2.356713256835937500e+02,-3.512952270507812500e+02,8.286196899414062500e+01
9.259994399999999359e+01,-2.349490661621093750e+02,-3.525869750976562500e+02,8.247389221191406250e+01
9.270631299999999442e+01,-2.343057708740234375e+02,-3.542344360351562500e+02,8.200640869140625000e+01
9.280312899999999843e+01,-2.338772735595703125e+02,-3.558998107910156250e+02,8.155082702636718750e+01
9.289972000000000207e+01,-2.335923919677734375e+02,-3.576771850585937500e+02,8.105886840820312500e+01
9.300604500000000030e+01,-2.334019317626953125e+02,-3.597027587890625000e+02,8.044642639160156250e+01
9.310264700000000460e+01,-2.332852630615234375e+02,-3.615569763183593750e+02,7.981387329101562500e+01
9.320002800000000320e+01,-2.332194366455078125e+02,-3.634213256835937500e+02,7.910963439941406250e+01
9.330603800000000092e+01,-2.332220611572265625e+02,-3.654939880371093750e+02,7.827705383300781250e+01
9.340249099999999771e+01,-2.333084106445312500e+02,-3.674242553710937500e+02,7.748822021484375000e+01
9.350870799999999861e+01,-2.335226287841796875e+02,-3.695950012207031250e+02,7.658680725097656250e+01
9.360537100000000521e+01,-2.338156585693359375e+02,-3.716157226562500000e+02,7.575610351562500000e+01
9.370234100000000410e+01,-2.341914520263671875e+02,-3.736698303222656250e+02,7.491441345214843750e+01
9.380853299999999706e+01,-2.347103729248046875e+02,-3.759695434570312500e+02,7.399662780761718750e+01
9.390503800000000467e+01,-2.352680816650390625e+02,-3.780941467285156250e+02,7.319573974609375000e+01
9.400172000000000594e+01,-2.359396209716796875e+02,-3.802290039062500000e+02,7.244667053222656250e+01
9.409852300000000014e+01,-2.367242279052734375e+02,-3.823999633789062500e+02,7.177609252929687500e+01
9.420516000000000645e+01,-2.376825408935546875e+02,-3.847908630371093750e+02,7.113168334960937500e+01
9.430141999999999314e+01,-2.386628875732421875e+02,-3.869494934082031250e+02,7.067289733886718750e+01
9.440789999999999793e+01,-2.398441925048828125e+02,-3.893233032226562500e+02,7.034803771972656250e+01
9.450448599999999999e+01,-2.409736328125000000e+02,-3.914484252929687500e+02,7.019862365722656250e+01
9.460124600000000328e+01,-2.421406097412109375e+02,-3.935224914550781250e+02,7.015159606933593750e+01
9.470747699999999725e+01,-2.434480133056640625e+02,-3.957748107910156250e+02,7.022611999511718750e+01
9.480440299999999354e+01,-2.446399688720703125e+02,-3.977905578613281250e+02,7.036753845214843750e+01
9.490083400000000324e+01,-2.458176422119140625e+02,-3.997744140625000000e+02,7.056619262695312500e+01
9.499749300000000574e+01,-2.469750061035156250e+02,-4.017496337890625000e+02,7.078894042968750000e+01
9.510406100000000151e+01,-2.482208251953125000e+02,-4.039152526855468750e+02,7.103639221191406250e+01
9.520046000000000674e+01,-2.493236999511718750e+02,-4.059005126953125000e+02,7.125781250000000000e+01
9.530688999999999567e+01,-2.505017395019531250e+02,-4.080910034179687500e+02,7.150123596191406250e+01
9.540357400000000609e+01,-2.515400390625000000e+02,-4.100967407226562500e+02,7.171989440917968750e+01
9.550017200000000628e+01,-2.525514221191406250e+02,-4.121173706054687500e+02,7.191459655761718750e+01
9.560655599999999765e+01,-2.536446380615234375e+02,-4.143684997558593750e+02,7.209588623046875000e+01
9.570324800000000209e+01,-2.546185455322265625e+02,-4.164334106445312500e+02,7.224272155761718750e+01
9.580031800000000430e+01,-2.555838317871093750e+02,-4.185200195312500000e+02,7.237327575683593750e+01
9.590623800000000188e+01,-2.566339721679687500e+02,-4.208312377929687500e+02,7.248171997070312500e+01
9.600322900000000459e+01,-2.575856323242187500e+02,-4.229542541503906250e+02,7.254571533203125000e+01
9.609957799999999395e+01,-2.585361022949218750e+02,-4.250902099609375000e+02,7.259346008300781250e+01
9.620589800000000480e+01,-2.595743408203125000e+02,-4.274546508789062500e+02,7.266836547851562500e+01
9.630256199999999467e+01,-2.605078735351562500e+02,-4.296182861328125000e+02,7.277951049804687500e+01
9.639924100000000351e+01,-2.614299011230468750e+02,-4.317956542968750000e+02,7.293441772460937500e+01
9.650587899999999308e+01,-2.624256591796875000e+02,-4.341984863281250000e+02,7.314392089843750000e+01
9.660229900000000214e+01,-2.633130187988281250e+02,-4.363948669433593750e+02,7.336944580078125000e+01
9.669900400000000218e+01,-2.641854553222656250e+02,-4.385968017578125000e+02,7.360913085937500000e+01
9.680572399999999789e+01,-2.651303710937500000e+02,-4.410301208496093750e+02,7.386524963378906250e+01
9.690247599999999295e+01,-2.659721679687500000e+02,-4.432398681640625000e+02,7.410220336914062500e+01
9.700881800000000510e+01,-2.668799133300781250e+02,-4.456756286621093750e+02,7.436575317382812500e+01
9.710505999999999460e+01,-2.676865234375000000e+02,-4.478867797851562500e+02,7.462890625000000000e+01
9.720165199999999572e+01,-2.684754028320312500e+02,-4.500942993164062500e+02,7.491757202148437500e+01
9.730807299999999316e+01,-2.693036804199218750e+02,-4.525240173339843750e+02,7.530580139160156250e+01
9.740485700000000691e+01,-2.700120239257812500e+02,-4.547217102050781250e+02,7.573547363281250000e+01
9.750143799999999317e+01,-2.706668701171875000e+02,-4.569159240722656250e+02,7.622471618652343750e+01
9.759800500000000056e+01,-2.712690124511718750e+02,-4.590951232910156250e+02,7.675381469726562500e+01
9.770440200000000175e+01,-2.718941345214843750e+02,-4.614832458496093750e+02,7.732746887207031250e+01
9.780133200000000215e+01,-2.724436340332031250e+02,-4.636617126464843750e+02,7.780189514160156250e+01
9.790759599999999807e+01,-2.730268554687500000e+02,-4.660442810058593750e+02,7.827496337890625000e+01
9.800411599999999623e+01,-2.735198974609375000e+02,-4.682062683105468750e+02,7.870246887207031250e+01
9.810078699999999685e+01,-2.739674377441406250e+02,-4.703544616699218750e+02,7.915052795410156250e+01
9.820709800000000200e+01,-2.744214477539062500e+02,-4.727027282714843750e+02,7.964016723632812500e+01
9.830389700000000630e+01,-2.748117370605468750e+02,-4.748368530273437500e+02,8.005964660644531250e+01
9.840053399999999328e+01,-2.751768493652343750e+02,-4.769598999023437500e+02,8.046031188964843750e+01
9.849718000000000018e+01,-2.755239562988281250e+02,-4.790796813964843750e+02,8.084494018554687500e+01
9.860358300000000042e+01,-2.758759155273437500e+02,-4.814009094238281250e+02,8.125863647460937500e+01
9.870025499999999852e+01,-2.761710510253906250e+02,-4.835032958984375000e+02,8.162364196777343750e+01
9.880716800000000433e+01,-2.764705810546875000e+02,-4.858059082031250000e+02,8.201049804687500000e+01
9.890309200000000089e+01,-2.767172546386718750e+02,-4.878848266601562500e+02,8.235437011718750000e+01
9.899996500000000310e+01,-2.769412231445312500e+02,-4.899565124511718750e+02,8.269595336914062500e+01
9.910620900000000688e+01,-2.771555480957031250e+02,-4.922169799804687500e+02,8.306726074218750000e+01
9.920297999999999661e+01,-2.773193969726562500e+02,-4.942604675292968750e+02,8.340682983398437500e+01
9.929995200000000466e+01,-2.774483642578125000e+02,-4.962887268066406250e+02,8.375450134277343750e+01
9.940598300000000620e+01,-2.775606994628906250e+02,-4.985086059570312500e+02,8.412016296386718750e+01
9.950265400000000682e+01,-2.776397705078125000e+02,-5.005194702148437500e+02,8.442103576660156250e+01
9.960901499999999942e+01,-2.777064208984375000e+02,-5.027199401855468750e+02,8.471655273437500000e+01
9.970570100000000480e+01,-2.777474975585937500e+02,-5.047135620117187500e+02,8.496629333496093750e+01
9.980280899999999633e+01,-2.777670898437500000e+02,-5.066918029785156250e+02,8.520748901367187500e+01
9.989895400000000336e+01,-2.777673339843750000e+02,-5.086604614257812500e+02,8.543865966796875000e+01
1.000052469999999971e+02,-2.777451782226562500e+02,-5.108107299804687500e+02,8.569630432128906250e+01
1.001019479999999930e+02,-2.777013244628906250e+02,-5.127521972656250000e+02,8.595455932617187500e+01
1.001986320000000035e+02,-2.776348571777343750e+02,-5.146801757812500000e+02,8.622943115234375000e+01
1.003049960000000027e+02,-2.775428466796875000e+02,-5.167849731445312500e+02,8.652362060546875000e+01
1.004020780000000030e+02,-2.774462585449218750e+02,-5.186852416992187500e+02,8.678100585937500000e+01
1.005085019999999929e+02,-2.773212890625000000e+02,-5.207540893554687500e+02,8.707147216796875000e+01
1.006047300000000035e+02,-2.771914367675781250e+02,-5.226158447265625000e+02,8.735182189941406250e+01
1.007013570000000016e+02,-2.770509033203125000e+02,-5.244636840820312500e+02,8.764730834960937500e+01
1.008077020000000061e+02,-2.768934020996093750e+02,-5.264816894531250000e+02,8.796806335449218750e+01
1.009044679999999943e+02,-2.767561340332031250e+02,-5.283131713867187500e+02,8.821467590332031250e+01
1.010009880000000067e+02,-2.766296386718750000e+02,-5.301504516601562500e+02,8.838233947753906250e+01
1.010981150000000071e+02,-2.765120544433593750e+02,-5.319909667968750000e+02,8.843220520019531250e+01
1.012041509999999960e+02,-2.763937377929687500e+02,-5.340244750976562500e+02,8.837658691406250000e+01
1.013007730000000066e+02,-2.763017272949218750e+02,-5.358715820312500000e+02,8.833139038085937500e+01
1.014071720000000028e+02,-2.762154541015625000e+02,-5.379034423828125000e+02,8.830827331542968750e+01
1.015038009999999957e+02,-2.761477050781250000e+02,-5.397439575195312500e+02,8.835856628417968750e+01
1.016007390000000044e+02,-2.760858459472656250e+02,-5.415722045898437500e+02,8.846537780761718750e+01
1.017067870000000056e+02,-2.760146179199218750e+02,-5.435763549804687500e+02,8.861326599121093750e+01
1.018037960000000055e+02,-2.759440917968750000e+02,-5.453921508789062500e+02,8.873620605468750000e+01
1.019001669999999962e+02,-2.758736877441406250e+02,-5.472017822265625000e+02,8.884748840332031250e+01
1.020064729999999997e+02,-2.757939147949218750e+02,-5.491891479492187500e+02,8.895327758789062500e+01
1.021031409999999937e+02,-2.757200012207031250e+02,-5.509954223632812500e+02,8.905580139160156250e+01
1.022095800000000025e+02,-2.756361083984375000e+02,-5.529732666015625000e+02,8.917698669433593750e+01
1.023062809999999985e+02,-2.755548400878906250e+02,-5.547635498046875000e+02,8.929994201660156250e+01
1.024028119999999973e+02,-2.754674987792968750e+02,-5.565491943359375000e+02,8.941072082519531250e+01
1.024995490000000018e+02,-2.753715820312500000e+02,-5.583322753906250000e+02,8.949862670898437500e+01
1.026059139999999985e+02,-2.752586669921875000e+02,-5.602929687500000000e+02,8.954843139648437500e+01
1.027025639999999953e+02,-2.751473083496093750e+02,-5.620778808593750000e+02,8.954643249511718750e+01
1.027995039999999989e+02,-2.750245666503906250e+02,-5.638593139648437500e+02,8.951219177246093750e+01
1.029056410000000028e+02,-2.748730163574218750e+02,-5.658113403320312500e+02,8.946124267578125000e+01
1.030021739999999966e+02,-2.747103271484375000e+02,-5.675759887695312500e+02,8.943295288085937500e+01
1.031086360000000042e+02,-2.744927978515625000e+02,-5.694926757812500000e+02,8.943812561035156250e+01
1.032053109999999947e+02,-2.742551269531250000e+02,-5.712140502929687500e+02,8.945588684082031250e+01
1.033019460000000009e+02,-2.739833679199218750e+02,-5.729151000976562500e+02,8.946238708496093750e+01
1.033985509999999977e+02,-2.736825256347656250e+02,-5.746004638671875000e+02,8.943154907226562500e+01
1.035048859999999991e+02,-2.733225402832031250e+02,-5.764440307617187500e+02,8.934214782714843750e+01
1.036015710000000070e+02,-2.729655151367187500e+02,-5.781049194335937500e+02,8.921611022949218750e+01
1.036982560000000007e+02,-2.725735473632812500e+02,-5.797469482421875000e+02,8.905436706542968750e+01
1.038049510000000026e+02,-2.720972595214843750e+02,-5.815294799804687500e+02,8.884077453613281250e+01
1.039021039999999942e+02,-2.716212768554687500e+02,-5.831188354492187500e+02,8.862278747558593750e+01
1.040080459999999931e+02,-2.710441894531250000e+02,-5.848391723632812500e+02,8.835345458984375000e+01
1.041047559999999947e+02,-2.704743347167968750e+02,-5.863779296875000000e+02,8.807284545898437500e+01
1.042012220000000013e+02,-2.698627929687500000e+02,-5.878907470703125000e+02,8.775692749023437500e+01
1.043074239999999975e+02,-2.691413879394531250e+02,-5.895258178710937500e+02,8.737017822265625000e+01
1.044043049999999937e+02,-2.684405517578125000e+02,-5.909787597656250000e+02,8.699040222167968750e+01
1.045006939999999958e+02,-2.676949462890625000e+02,-5.923958740234375000e+02,8.658531188964843750e+01
1.046070830000000029e+02,-2.668228454589843750e+02,-5.939123535156250000e+02,8.610998535156250000e+01
1.047037090000000035e+02,-2.659856872558593750e+02,-5.952565917968750000e+02,8.564219665527343750e+01
1.048006519999999995e+02,-2.651033325195312500e+02,-5.965670166015625000e+02,8.514218139648437500e+01
1.049067589999999939e+02,-2.640833129882812500e+02,-5.979572753906250000e+02,8.456402587890625000e+01
1.050033629999999931e+02,-2.631173095703125000e+02,-5.991839599609375000e+02,8.399565124511718750e+01
1.051001190000000065e+02,-2.621219787597656250e+02,-6.003848266601562500e+02,8.337086486816406250e+01
1.052064100000000053e+02,-2.610127868652343750e+02,-6.016869506835937500e+02,8.260247802734375000e+01
1.053031720000000035e+02,-2.599787902832031250e+02,-6.028466186523437500e+02,8.184486389160156250e+01
1.053997549999999990e+02,-2.589077453613281250e+02,-6.039653930664062500e+02,8.105857849121093750e+01
1.055060359999999946e+02,-2.576791687011718750e+02,-6.051388549804687500e+02,8.016825866699218750e+01
1.056028390000000030e+02,-2.565150146484375000e+02,-6.061524658203125000e+02,7.933450317382812500e+01
1.057092729999999960e+02,-2.551833190917968750e+02,-6.072019653320312500e+02,7.839852905273437500e+01
1.058058759999999978e+02,-2.539239654541015625e+02,-6.080937500000000000e+02,7.753430175781250000e+01
1.059024990000000059e+02,-2.526170349121093750e+02,-6.089204101562500000e+02,7.666767883300781250e+01
1.059991480000000053e+02,-2.512585601806640625e+02,-6.096611938476562500e+02,7.581996154785156250e+01
1.061054649999999953e+02,-2.497047119140625000e+02,-6.103713378906250000e+02,7.492663574218750000e+01
1.062025110000000012e+02,-2.482412719726562500e+02,-6.108967895507812500e+02,7.416931152343750000e+01
1.062988890000000026e+02,-2.467388458251953125e+02,-6.112964477539062500e+02,7.347561645507812500e+01
1.064051240000000007e+02,-2.450538482666015625e+02,-6.116033935546875000e+02,7.277102661132812500e+01
1.065018780000000049e+02,-2.435153961181640625e+02,-6.117291259765625000e+02,7.219277954101562500e+01
1.066082389999999975e+02,-2.418339996337890625e+02,-6.117182006835937500e+02,7.163175964355468750e+01
1.067052630000000022e+02,-2.403150482177734375e+02,-6.116170654296875000e+02,7.111843872070312500e+01
1.068017349999999936e+02,-2.388297119140625000e+02,-6.114057617187500000e+02,7.061180114746093750e+01
1.068981959999999987e+02,-2.373808441162109375e+02,-6.111325073242187500e+02,7.013932800292968750e+01
1.070045329999999950e+02,-2.358356628417968750e+02,-6.107282714843750000e+02,6.960522460937500000e+01
1.071011979999999966e+02,-2.344787750244140625e+02,-6.103309326171875000e+02,6.907170104980468750e+01
1.072077040000000068e+02,-2.330575103759765625e+02,-6.098572387695312500e+02,6.847985839843750000e+01
1.073043100000000010e+02,-2.318496551513671875e+02,-6.092789306640625000e+02,6.797721862792968750e+01
1.074009960000000063e+02,-2.306775207519531250e+02,-6.086691284179687500e+02,6.746794128417968750e+01
1.075072899999999976e+02,-2.294885253906250000e+02,-6.079780883789062500e+02,6.684812927246093750e+01
1.076045230000000004e+02,-2.285376739501953125e+02,-6.073541259765625000e+02,6.630218505859375000e+01
1.077009209999999939e+02,-2.277102355957031250e+02,-6.066644287109375000e+02,6.580848693847656250e+01
1.078070759999999950e+02,-2.269128417968750000e+02,-6.058130493164062500e+02,6.525860595703125000e+01
1.079036020000000065e+02,-2.262908325195312500e+02,-6.050200805664062500e+02,6.477870178222656250e+01
1.080003710000000012e+02,-2.257862243652343750e+02,-6.041802978515625000e+02,6.431439208984375000e+01
1.081067859999999996e+02,-2.252789001464843750e+02,-6.032164916992187500e+02,6.384005737304687500e+01
1.082033260000000041e+02,-2.248650970458984375e+02,-6.023174438476562500e+02,6.346705627441406250e+01
1.083001589999999936e+02,-2.244989776611328125e+02,-6.013905639648437500e+02,6.317823791503906250e+01
1.084063280000000020e+02,-2.241387329101562500e+02,-6.003896484375000000e+02,6.297698974609375000e+01
1.085031209999999930e+02,-2.238339691162109375e+02,-5.995193481445312500e+02,6.293083190917968750e+01
1.085996800000000064e+02,-2.235177764892578125e+02,-5.987175903320312500e+02,6.299761962890625000e+01
1.087061199999999985e+02,-2.231544036865234375e+02,-5.979430541992187500e+02,6.316339111328125000e+01
1.088029480000000007e+02,-2.227933807373046875e+02,-5.973499145507812500e+02,6.337649536132812500e+01
1.088993190000000055e+02,-2.223719329833984375e+02,-5.968690185546875000e+02,6.361848449707031250e+01
1.090060500000000019e+02,-2.218343963623046875e+02,-5.964566040039062500e+02,6.387953186035156250e+01
1.091024390000000039e+02,-2.212905731201171875e+02,-5.961614379882812500e+02,6.407591247558593750e+01
1.092088600000000014e+02,-2.206394805908203125e+02,-5.958952026367187500e+02,6.421330261230468750e+01
1.093055499999999967e+02,-2.200083770751953125e+02,-5.956867675781250000e+02,6.425309753417968750e+01
1.094021680000000032e+02,-2.193498535156250000e+02,-5.955095825195312500e+02,6.420989990234375000e+01
1.094988570000000010e+02,-2.186588287353515625e+02,-5.953734130859375000e+02,6.408821105957031250e+01
1.096051080000000013e+02,-2.178625030517578125e+02,-5.952753906250000000e+02,6.387457275390625000e+01
1.097017869999999959e+02,-2.171085205078125000e+02,-5.952361450195312500e+02,6.361567687988281250e+01
1.098081549999999993e+02,-2.162508392333984375e+02,-5.952431640625000000e+02,6.325630187988281250e+01
1.099048200000000008e+02,-2.154455566406250000e+02,-5.952958374023437500e+02,6.286271667480468750e+01
1.100014220000000051e+02,-2.146169281005859375e+02,-5.953995971679687500e+02,6.240734863281250000e+01
1.101078140000000047e+02,-2.136753234863281250e+02,-5.955880126953125000e+02,6.184378051757812500e+01
1.102044649999999990e+02,-2.127936859130859375e+02,-5.958298339843750000e+02,6.127920532226562500e+01
1.103012130000000042e+02,-2.118900909423828125e+02,-5.961405639648437500e+02,6.065997314453125000e+01
1.103979070000000036e+02,-2.109694366455078125e+02,-5.965264282226562500e+02,5.998518371582031250e+01
1.105041980000000024e+02,-2.099406127929687500e+02,-5.970446166992187500e+02,5.917785644531250000e+01
1.106009480000000025e+02,-2.089931793212890625e+02,-5.976086425781250000e+02,5.839109802246093750e+01
1.107071880000000021e+02,-2.079479217529296875e+02,-5.983422851562500000e+02,5.747763061523437500e+01
1.108055130000000048e+02,-2.070007476806640625e+02,-5.991265869140625000e+02,5.661402893066406250e+01
1.109005149999999986e+02,-2.060636596679687500e+02,-6.000382080078125000e+02,5.572265625000000000e+01
1.110069340000000011e+02,-2.050635070800781250e+02,-6.012033691406250000e+02,5.471919250488281250e+01
1.111035439999999994e+02,-2.041900482177734375e+02,-6.023986206054687500e+02,5.378491210937500000e+01
1.112005929999999978e+02,-2.033602752685546875e+02,-6.037128906250000000e+02,5.282495117187500000e+01
1.113072740000000067e+02,-2.025186004638671875e+02,-6.053170166015625000e+02,5.176080322265625000e+01
1.114034390000000059e+02,-2.018365631103515625e+02,-6.069340820312500000e+02,5.081237792968750000e+01
1.115095649999999949e+02,-2.011821746826171875e+02,-6.088626098632812500e+02,4.978871154785156250e+01
1.116062680000000000e+02,-2.006862182617187500e+02,-6.107470703125000000e+02,4.887762451171875000e+01
1.117029509999999988e+02,-2.002802734375000000e+02,-6.127319946289062500e+02,4.799050903320312500e+01
1.118002280000000042e+02,-1.999520416259765625e+02,-6.147948608398437500e+02,4.711482238769531250e+01
1.119059629999999999e+02,-1.996866149902343750e+02,-6.171356201171875000e+02,4.616567993164062500e+01
1.120026620000000008e+02,-1.995218048095703125e+02,-6.193231811523437500e+02,4.530622863769531250e+01
1.120993100000000027e+02,-1.994267578125000000e+02,-6.215632934570312500e+02,4.445191955566406250e+01
1.122056149999999946e+02,-1.994161834716796875e+02,-6.240836791992187500e+02,4.352929687500000000e+01
1.123028630000000021e+02,-1.994755249023437500e+02,-6.264147949218750000e+02,4.268281555175781250e+01
1.124087169999999958e+02,-1.996213989257812500e+02,-6.290123901367187500e+02,4.175299072265625000e+01
1.125054530000000028e+02,-1.998403930664062500e+02,-6.314085083007812500e+02,4.092533874511718750e+01
1.126019699999999943e+02,-2.001466674804687500e+02,-6.338411865234375000e+02,4.012261962890625000e+01
1.127085979999999950e+02,-2.005951080322265625e+02,-6.365513916015625000e+02,3.927502441406250000e+01
1.128052639999999940e+02,-2.010922241210937500e+02,-6.390413208007812500e+02,3.852059936523437500e+01
1.129016689999999983e+02,-2.016683959960937500e+02,-6.415399780273437500e+02,3.778323364257812500e+01
1.129984720000000067e+02,-2.023351135253906250e+02,-6.440509643554687500e+02,3.706871032714843750e+01
1.131047899999999942e+02,-2.031701507568359375e+02,-6.468339843750000000e+02,3.628973388671875000e+01
1.132014779999999945e+02,-2.040361938476562500e+02,-6.493753051757812500e+02,3.561070251464843750e+01
1.133077100000000002e+02,-2.051087951660156250e+02,-6.521691284179687500e+02,3.488554382324218750e+01
1.134044319999999999e+02,-2.061773834228515625e+02,-6.547025146484375000e+02,3.422705078125000000e+01
1.135010759999999976e+02,-2.073248291015625000e+02,-6.572222290039062500e+02,3.355963134765625000e+01
1.136073999999999984e+02,-2.086809997558593750e+02,-6.599535522460937500e+02,3.281694030761718750e+01
1.137041810000000055e+02,-2.099907073974609375e+02,-6.624067993164062500e+02,3.213555908203125000e+01
1.138011230000000040e+02,-2.113716888427734375e+02,-6.648073120117187500e+02,3.145999145507812500e+01
1.138974620000000044e+02,-2.128260955810546875e+02,-6.671389160156250000e+02,3.080221557617187500e+01
1.140038830000000019e+02,-2.145369873046875000e+02,-6.696325683593750000e+02,3.014170837402343750e+01
1.141007510000000025e+02,-2.162204437255859375e+02,-6.718305053710937500e+02,2.959184265136718750e+01
1.142068610000000035e+02,-2.181718597412109375e+02,-6.741572875976562500e+02,2.905737304687500000e+01
1.143035129999999953e+02,-2.200135650634765625e+02,-6.761541137695312500e+02,2.864176940917968750e+01
1.144001619999999946e+02,-2.219115447998046875e+02,-6.780098266601562500e+02,2.830989074707031250e+01
1.145064579999999950e+02,-2.240646209716796875e+02,-6.798872680664062500e+02,2.804740905761718750e+01
1.146034089999999992e+02,-2.260707244873046875e+02,-6.814232788085937500e+02,2.787431335449218750e+01
1.146998750000000058e+02,-2.280772094726562500e+02,-6.827975463867187500e+02,2.776573181152343750e+01
1.148068209999999993e+02,-2.302843322753906250e+02,-6.841212768554687500e+02,2.769149780273437500e+01
1.149032200000000046e+02,-2.322801818847656250e+02,-6.851714477539062500e+02,2.764843750000000000e+01
1.150093909999999937e+02,-2.344625854492187500e+02,-6.861853637695312500e+02,2.761735534667968750e+01
1.151059860000000015e+02,-2.364309539794921875e+02,-6.869869384765625000e+02,2.757403564453125000e+01
1.152025390000000016e+02,-2.383977508544921875e+02,-6.877019653320312500e+02,2.751228332519531250e+01
1.152995039999999989e+02,-2.403710937500000000e+02,-6.883516845703125000e+02,2.741783142089843750e+01
1.154054500000000019e+02,-2.425438995361328125e+02,-6.889970092773437500e+02,2.726416015625000000e+01
1.155024010000000061e+02,-2.445360107421875000e+02,-6.895445556640625000e+02,2.707717895507812500e+01
1.155989799999999974e+02,-2.465436859130859375e+02,-6.900520019531250000e+02,2.684696960449218750e+01
1.157052570000000031e+02,-2.487765960693359375e+02,-6.905625610351562500e+02,2.655084228515625000e+01
1.158021410000000060e+02,-2.508186340332031250e+02,-6.909737548828125000e+02,2.625625610351562500e+01
1.159082800000000049e+02,-2.530804138183593750e+02,-6.913764038085937500e+02,2.589703369140625000e+01
1.160049309999999991e+02,-2.551533813476562500e+02,-6.916893310546875000e+02,2.553982543945312500e+01
1.161016460000000023e+02,-2.572366333007812500e+02,-6.919439086914062500e+02,2.515954589843750000e+01
1.162080330000000004e+02,-2.595332031250000000e+02,-6.921390991210937500e+02,2.473190307617187500e+01
1.163046300000000031e+02,-2.616216735839843750e+02,-6.922232055664062500e+02,2.434721374511718750e+01
1.164016539999999935e+02,-2.636957702636718750e+02,-6.922037353515625000e+02,2.397225952148437500e+01
1.164979500000000030e+02,-2.657500915527343750e+02,-6.920708007812500000e+02,2.360841369628906250e+01
1.166044140000000056e+02,-2.679641113281250000e+02,-6.917879028320312500e+02,2.322668457031250000e+01
1.167009639999999990e+02,-2.699218750000000000e+02,-6.913991088867187500e+02,2.289653015136718750e+01
1.168073179999999951e+02,-2.719869384765625000e+02,-6.908236694335937500e+02,2.255679321289062500e+01
1.169043190000000010e+02,-2.737618408203125000e+02,-6.901694946289062500e+02,2.226582336425781250e+01
1.170006649999999979e+02,-2.754158935546875000e+02,-6.893922729492187500e+02,2.198666381835937500e+01
1.171070030000000060e+02,-2.770820007324218750e+02,-6.884097290039062500e+02,2.168705749511718750e+01
1.172036870000000022e+02,-2.784424743652343750e+02,-6.874165649414062500e+02,2.141766357421875000e+01
1.173004580000000061e+02,-2.796494140625000000e+02,-6.863470458984375000e+02,2.114532470703125000e+01
1.174070380000000000e+02,-2.807828369140625000e+02,-6.850994873046875000e+02,2.083415222167968750e+01
1.175032939999999968e+02,-2.816334228515625000e+02,-6.839191894531250000e+02,2.053282165527343750e+01
1.176098680000000058e+02,-2.823855285644531250e+02,-6.825927734375000000e+02,2.017247009277343750e+01
1.177063469999999938e+02,-2.828967285156250000e+02,-6.813838500976562500e+02,1.981245422363281250e+01
1.178034650000000028e+02,-2.832406616210937500e+02,-6.801802978515625000e+02,1.942468261718750000e+01
1.178997279999999961e+02,-2.834187622070312500e+02,-6.790068359375000000e+02,1.900859069824218750e+01
1.180060710000000057e+02,-2.834122314453125000e+02,-6.777666015625000000e+02,1.851057434082031250e+01
1.181026980000000037e+02,-2.832461547851562500e+02,-6.766926879882812500e+02,1.801942443847656250e+01
1.181993269999999967e+02,-2.829455261230468750e+02,-6.756818237304687500e+02,1.748461914062500000e+01
1.183058609999999931e+02,-2.824607543945312500e+02,-6.746533203125000000e+02,1.683947753906250000e+01
1.184027779999999979e+02,-2.818982543945312500e+02,-6.738013916015625000e+02,1.620007324218750000e+01
1.185091079999999977e+02,-2.811486206054687500e+02,-6.729804077148437500e+02,1.543733215332031250e+01
1.186057289999999966e+02,-2.803491210937500000e+02,-6.723450317382812500e+02,1.469174194335937500e+01
1.187021900000000016e+02,-2.794433898925781250e+02,-6.718323364257812500e+02,1.389793395996093750e+01
1.187989929999999958e+02,-2.784404296875000000e+02,-6.714577026367187500e+02,1.305738830566406250e+01
1.189051110000000051e+02,-2.772380371093750000e+02,-6.712216186523437500e+02,1.207701110839843750e+01
1.190018309999999957e+02,-2.760720214843750000e+02,-6.711759033203125000e+02,1.113779449462890625e+01
1.190984559999999988e+02,-2.748495178222656250e+02,-6.712966308593750000e+02,1.015300750732421875e+01
1.192047479999999950e+02,-2.734614562988281250e+02,-6.716256103515625000e+02,9.017974853515625000e+00
1.193015249999999980e+02,-2.721759338378906250e+02,-6.721014404296875000e+02,7.938423156738281250e+00
1.194079409999999939e+02,-2.707590026855468750e+02,-6.728211059570312500e+02,6.697242736816406250e+00
1.195045279999999934e+02,-2.694858398437500000e+02,-6.736666259765625000e+02,5.523056030273437500e+00
1.196011400000000009e+02,-2.682436828613281250e+02,-6.746897583007812500e+02,4.306228637695312500e+00
1.197078699999999998e+02,-2.669368286132812500e+02,-6.760310668945312500e+02,2.924499511718750000e+00
1.198044600000000059e+02,-2.658207397460937500e+02,-6.774351196289062500e+02,1.634513854980468750e+00
1.199008419999999973e+02,-2.647872314453125000e+02,-6.789884643554687500e+02,2.967910766601562500e-01
1.200072150000000022e+02,-2.637757568359375000e+02,-6.808894653320312500e+02,-1.211349487304687500e+00
1.201039839999999970e+02,-2.629949340820312500e+02,-6.827893676757812500e+02,-2.615470886230468750e+00
1.202006389999999953e+02,-2.623560180664062500e+02,-6.848377075195312500e+02,-4.051933288574218750e+00
1.203069789999999983e+02,-2.618542175292968750e+02,-6.872592163085937500e+02,-5.649902343750000000e+00
1.204036090000000030e+02,-2.615776367187500000e+02,-6.895654296875000000e+02,-7.142623901367187500e+00
1.205001610000000056e+02,-2.614743652343750000e+02,-6.919664306640625000e+02,-8.673896789550781250e+00
1.206067039999999935e+02,-2.615987243652343750e+02,-6.946758422851562500e+02,-1.037168884277343750e+01
1.207032779999999974e+02,-2.619321289062500000e+02,-6.971816406250000000e+02,-1.193746948242187500e+01
1.208001589999999936e+02,-2.624163208007812500e+02,-6.997172851562500000e+02,-1.351367187500000000e+01
1.209062059999999974e+02,-2.631708984375000000e+02,-7.025050048828125000e+02,-1.529270172119140625e+01
